,brand,model_listing,price,shipping
0,DELL,"Refurbished: DELL Laptop Precision 7510 Core i7 6820HQ (2.70 GHz) 16 GB Memory 480 SSD 15.6"" Windows 10",$559.99,$2.99 Shipping
1,Lenovo,"Refurbished: Lenovo Grade A ThinkPad T450 14.0"" Laptop Intel Core i5 5th Gen 5300U (2.30 GHz) 16 GB DDR3L 500 GB WIFI Windows 10 Home 64 bits (Multi-language) 1 Year Warranty",$446.99,$2.99 Shipping
2,HP,"Refurbished: HP Grade A Elitebook Folio 9480M 14.0"" Laptop Intel Core i5 4th Gen 4310U (2.00 GHz) 16 GB DDR3L 500 GB WIFI Windows 10 Home 64 bits (Multi-language) 1 Year Warranty",$414.99,$2.99 Shipping
3,Lenovo,"Refurbished: Refurbished Lenovo Grade A ThinkPad T440P Laptop, Intel Core I5 4300M 2.6GHz, 8G DDR3L, 500G, WIFI, DVD, 14INCH , Win 10 Pro 64-bit Multi-Language, 1 Year Warranty",$364.99,$2.99 Shipping
4,HP,"Refurbished: HP Laptop 820 G1 Intel Core i5 4300U (1.90 GHz) 8 GB Memory 1000 SSD 14.0"" Windows 10",$428.99,Free Shipping
5,HP,"Refurbished: HP Laptop 820 G2 Core i7 5600U (2.60 GHz) 8 GB Memory 1000 SSD 12.5"" Windows 10",$472.99,$2.99 Shipping
6,DELL,"Refurbished: DELL Laptop E5570 Core i7 6600U (2.60 GHz) 16 GB Memory 1000 SSD 15.6"" Windows 10",$774.99,$2.99 Shipping
7,HP,"Refurbished: Refurbished HP Grade A Zbook 15 G2, Intel Core I7-4810MQ 2.8 GHz, 16GB Memory, 1T SSD, DVDRW, 1G GDDR5 DG, WIFI, Windows 10 Pro 64-bit (Multi-language), 1 Year Warranty",$699.99,$2.99 Shipping
8,Lenovo,"Refurbished: Refurbished Lenovo Grade A ThinkPad T440P Laptop, Intel Core I5 4300M 2.6GHz, 8G DDR3L, 1T SSD, WIFI, DVD, 14INCH , Win 10 Home 64-bit Multi-Language, 1 Year Warranty",$480.99,$2.99 Shipping
9,DELL,"Refurbished: DELL Laptop E6540 Core i7 4600M (2.90 GHz) 16 GB Memory 1000 SSD 14.0"" Windows 10",$599.99,$2.99 Shipping
10,Lenovo,"Refurbished: Refurbished Lenovo Grade A ThinkPad T440P Laptop, Intel Core I5 4300M 2.6GHz, 8G DDR3L, 1T, WIFI, DVD, 14INCH , Win 10 Pro 64-bit Multi-Language, 1 Year Warranty",$398.99,$2.99 Shipping
11,HP,"Refurbished: HP Laptop ZBook 15 Core i7 4600M (2.90 GHz) 16 GB Memory 256 SSD 14.0"" Windows 10",$445.99,$2.99 Shipping
12,DELL,"Refurbished: Refurbished: Dell Grade A Latitude E7440, Intel Core I7-4600U 2.1GHz, 8G DDR3L, 512G SSD, 14"" Screen, Win 10 Home 64-bit, 1 Year Warranty",$462.99,$2.99 Shipping
13,DELL,"Refurbished: Refurbished: Dell Grade A Latitude E7450, Intel Core I7-5600U 2.6GHz, 8G DDR3L, 1T SSD,  14"" Screen, Win 10 Home 64-bit, 1 Year Warranty",$572.99,$2.99 Shipping
14,HP,"Refurbished: Refurbished: HP Grade A EliteBook 8460P, Intel Core I5-2520M 2.5GHz, 8G DDR3, 1T, DVD, 14"" Screen, Win 10 Home 64-bit, 1 Year Warranty",$317.99,$2.99 Shipping
15,Lenovo,"Refurbished: Refurbished Lenovo Grade A ThinkPad T440P Laptop, Intel Core I5 4300M 2.6GHz, 8G DDR3L, 500G, WIFI, DVD, 14INCH , Win 10 Home 64-bit Multi-Language, 1 Year Warranty",$351.99,$2.99 Shipping
16,HP,"Refurbished: Refurbished HP Grade A Elitebook 745G2 14"" Laptop, AMD A8 Pro-7150B 1.9 GHz, 8GB Memory, 480G SSD, WIFI, Windows 10 Home 64-bit (Multi-language), 1 Year Warranty",$374.99,$2.99 Shipping
17,Lenovo,"Refurbished: Refurbished Lenovo Grade A ThinkPad T440P Laptop, Intel Core I5 4300M 2.6GHz, 4G DDR3L, 1T, WIFI, DVD, 14INCH , Win 10 Home 64-bit Multi-Language, 1 Year Warranty",$362.99,$2.99 Shipping
18,HP,"Refurbished: HP Laptop EliteBook 840 G1 Intel Core i5 4th Gen 4300U (1.90 GHz) 16 GB Memory 240 GB SSD Intel® HD Graphics 4400 14.0"" Windows 10 Home 64-Bit",$389.99,$2.99 Shipping
19,HP,"Refurbished: HP Grade A Probook 640G2 14.0"" Laptop Intel Core i5 6th Gen 6300U (2.40 GHz) 8 GB DDR4 1 TB SSD DVD WIFI Windows 10 Home 64 bits (Multi-language) 1 Year Warranty",$528.99,$2.99 Shipping
20,HP,"Refurbished: Refurbished HP Grade A Elitebook Folio 9480M 14"" Laptop, Intel Core I7-4600U 2.1 GHz, 8GB Memory, 1T SSD, WIFI, Windows 10 Pro 64-bit (Multi-language), 1 Year Warranty",$547.99,$2.99 Shipping
21,HP,"Refurbished: HP Grade A Elitebook Folio 9480M 14.0"" Laptop Intel Core i5 4th Gen 4310U (2.00 GHz) 16 GB DDR3L 256 GB SSD WIFI Windows 10 Home 64 bits (Multi-language) 1 Year Warranty",$454.99,$2.99 Shipping
22,DELL,"Refurbished: DELL Laptop E7470 Core i7 6600U (2.60 GHz) 16 GB Memory 512 SSD 14.0"" Windows 10",$644.99,$2.99 Shipping
23,DELL,"Refurbished: DELL Grade A Laptop E5440 Intel Core i5 4th Gen 4200U (1.60 GHz) 8 GB Memory 480 GB SSD 14.0"" Windows 10 Pro 64-Bit",$360.99,$2.99 Shipping
24,Lenovo,"Refurbished: Refurbished Lenovo Grade A ThinkPad T440P Laptop, Intel Core I5 4300M 2.6GHz, 4G DDR3L, 1T, WIFI, DVD, 14INCH , Win 10 Pro 64-bit Multi-Language, 1 Year Warranty",$375.99,$2.99 Shipping
25,HP,"Refurbished: HP Laptop 840 G1 Intel Core i5 4th Gen 4300U (1.90 GHz) 16 GB Memory 500 GB HDD Intel HD Graphics 4400 14.0"" Windows 10 Pro 64-Bit",$346.99,$2.99 Shipping
26,Lenovo,"Refurbished: Refurbished Lenovo Grade A ThinkPad T450 Laptop, Intel Core I5 5300U 2.3GHz, 8G DDR3L, 120G SSD, WIFI, 14INCH , Win 10 Pro 64-bit Multi-Language, 1 Year Warranty",$418.99,$2.99 Shipping
27,DELL,"Refurbished: DELL Grade B Laptop E5570 Intel Core i5 6th Gen 6200U (2.30 GHz) 16 GB Memory 480 GB SSD 15.6"" Windows 10 Pro",$522.99,$2.99 Shipping
28,DELL,"Refurbished: DELL Laptop E7440 Intel Core i7 4th Gen 4600U (2.10 GHz) 8 GB Memory 256 GB SSD 14.0"" Windows 10 Pro 64-Bit",$391.99,$2.99 Shipping
29,Apple,"Refurbished: Apple Laptop MacBook MMGL2LL/A CRB Intel Core M3 1.10 GHz 8 GB Memory 256 GB SSD 12.0""",$829.99,$2.99 Shipping
30,Apple,"Refurbished: Apple C Grade Laptop (2016 Model) MacBook MLH72LL/A-C Intel Core M5 1.20 GHz 8 GB Memory 512 GB SSD 12.0"" Mac OS X v10.11 El Capitan",$799.99,$2.99 Shipping
31,DELL,"Refurbished: DELL Grade B Laptop 3470 Intel Core i5 6th Gen 6200U (2.30 GHz) 8 GB Memory 500 GB HDD 14.0"" Windows 10 Pro 64-Bit",$488.99,$2.99 Shipping
32,DELL,"Refurbished: DELL Grade A Laptop E7470 Intel Core i5 6th Gen 6200U (2.30 GHz) 16 GB Memory 1 TB SSD 14.0"" Windows 10 Pro",$519.99,$2.99 Shipping
33,Lenovo,"Refurbished: Lenovo ThinkPad T430 14.0"" Laptop - Intel Core i5 3320M 3rd Gen 2.6 GHz 8GB 128GB SSD DVD-RW Windows 10 Home 64-Bit - Webcam",$298.99,$2.99 Shipping
34,Lenovo,"Refurbished: Refurbished Lenovo Grade A ThinkPad T440P Laptop, Intel Core I5 4300M 2.6GHz, 4G DDR3L, 240G SSD, WIFI, DVD, 14INCH , Win 10 Home 64-bit Multi-Language, 1 Year Warranty",$360.99,$2.99 Shipping
35,Lenovo,"Refurbished: Lenovo Grade B Laptop X260 Intel Core i5 6th Gen 6300U (2.40 GHz) 8 GB Memory 480 GB SSD 12.5"" Windows 10 Pro",$379.99,$2.99 Shipping
