,brand,model_listing,price,shipping
0,Microsoft,"Microsoft Laptop Surface Laptop 2 LQQ-00038 Intel Core i7 8th Gen 8650U (1.90 GHz) 8 GB Memory 256 GB SSD Intel UHD Graphics 620 13.5"" Touchscreen Windows 10 Home 64-Bit - Cobalt Blue","$1,599.00",$2.99 Shipping
1,Lenovo,"Lenovo Legion Y540-15IRH 81SX000FUS 15.6"" Gaming Notebook - 1920 x 1080 - Core i7 i7-9750H - 16 GB RAM - 1 TB SSD","$1,466.99",$2.99 Shipping
2,Lenovo,"Lenovo ThinkPad P53 Mobile Workstation 20QN001QUS - Intel Six Core i7-9750H, 16GB RAM, 512GB PCIe NVMe SSD, 15.6"" HDR 400 FHD IPS 500nits Display, NVIDIA Quadro T2000 4GB Graphics, Windows 10 Pro","$2,299.99",$2.99 Shipping
3,HP,"HP EliteBook 850 G6 13.3"" Notebook - 1920 x 1080 - Core i7 i7-8665U - 16 GB RAM - 512 GB SSD - Windows 10 Pro 64-bit - Intel UHD Graphics 620 - In-plane Switching (IPS) Technology, Sure View - En","$1,979.99",$2.99 Shipping
4,Lenovo,"Lenovo ThinkPad E14"" Full HD Laptop i5-10210U 8GB 256GB SSD Windows 10 Pro",$999.99,$2.99 Shipping
5,Acer America,"Acer TravelMate X5 X514-51T TMX514-51T-72KH 14"" Touchscreen Notebook - 1920 x 1080 - Core i7 i7-8565U - 16 GB RAM - 512 GB SSD","$1,374.99",$2.99 Shipping
6,Lenovo,"Lenovo ThinkPad T495s 20QJ001KUS 14"" Notebook - 1920 x 1080 - Ryzen 7 3700U - 16 GB RAM - 512 GB SSD - Black - Windows 10 Pro 64-bit - AMD Radeon RX Vega 10 Graphics - In-plane Switching (IPS) Te","$1,760.99",$2.99 Shipping
7,Lenovo,"Lenovo ThinkPad P1 Gen 2 15.6"" FHD Laptop i7-9750H 16GB 256GB SSD W10P","$2,278.99",$2.99 Shipping
8,Lenovo,Lenovo ThinkPad X395 20NL0009US 13.3 Touchscreen Laptop Ryzen 5P3500U 256GB SSD,"$1,299.99",$2.99 Shipping
9,DELL,"Dell Precision 7000 7740 17.3"" Mobile Workstation - 1920 x 1080 - Core i7 i7-9850H - 16 GB RAM - 512 GB SSD","$2,553.99",$8.69 Shipping
10,HP,"HP Laptop 15-db0047nr AMD A9-Series A9-9425 (3.10 GHz) 4 GB Memory 1 TB HDD AMD Radeon R5 Series 15.6"" Windows 10 Home",$499.99,$2.99 Shipping
11,HP,"HP 7KK20UT EliteBook 850 G6 15.6"" FHD Laptop i7-8665U 16GB 512GB SSD W10P","$2,199.99",$2.99 Shipping
12,HP,"HP Stream 14-inch Laptop, AMD Dual-Core A4-9120E, 4GB RAM, 64GB eMMC Storage, Windows 10 S (14-ds0090nr, Blue)",$309.99,$2.99 Shipping
13,Lenovo,"Lenovo IdeaPad S340-15API 81NC009FUS 15.6"" Notebook - 1366 x 768 - Ryzen 7 3700U - 8 GB RAM - 256 GB SSD - Abyss Blue",$717.99,$8.92 Shipping
14,Lenovo,"Lenovo ThinkPad T490s 20NX002HUS 14"" Touchscreen LCD Notebook - Intel Core i7 (8th Gen) i7-8565U 1.80 GHz - 16 GB - 512 GB SSD - Windows 10 Pro 64-bit - 1920 x 1080 - In-plane Switching (IPS) Techn...","$2,049.99",$2.99 Shipping
15,Acer America,"Acer Aspire 3 A315-32-C3KK 15.6"" LCD Notebook - Intel Celeron N4100 Quad-core (4 Core) 1.10 GHz - 4 GB DDR4 SDRAM - 1 TB HDD - Windows 10 Home 64-bit - 1920 x 1080 - ComfyView - Oxidant Red",$349.99,$2.99 Shipping
16,Acer America,"Acer TravelMate P6 P614-51TG TMP614-51TG-792V 14"" Touchscreen Notebook - 1920 x 1080 - Core i7 i7-8565U - 16 GB RAM - 512 GB SSD - Black","$1,398.99",$2.99 Shipping
17,Acer America,"Acer TravelMate P6 P614-51 TMP614-51-7294 14"" Notebook - 1920 x 1080 - Core i7 i7-8565U - 16 GB RAM - 512 GB SSD - Black","$1,409.99",Free Shipping
18,Toshiba,Toshiba PT274U-021008 Portege X30-D1352 - Core I5 7300U / 2.6 Ghz - Win 10 Pro - 8 Gb Ram - 256 Gb Ssd - 13.3 Inch Touchscreen 1920 X 1080 (Full Hd) - Hd Graphics 620 - Wi-Fi - Onyx Blue,"$1,497.99",Free Shipping
19,HP,"HP Stream 14-inch Laptop, AMD Dual-Core A4-9120E, 4GB RAM, 64GB eMMC Storage, Windows 10 S(14-ds0160nr, Pink)",$309.99,$2.99 Shipping
20,AOpen,"AOPEN Chromebook Commercial Tab, a Commercial Grade Chrome Tablet",$456.99,$8.18 Shipping
21,Acer America,"Acer TravelMate B1 B118-M TMB118-M-C8J5 11.6"" LCD Notebook - Intel Celeron N4100 Quad-core (4 Core) 1.10 GHz - 4 GB DDR4 SDRAM - 128 GB SSD - Windows 10 Pro Education 64-bit - 1366 x 768 - ComfyView",$384.99,$2.99 Shipping
22,Lenovo,"Lenovo 14"" Laptop i7-8565U 8GB 256GB SSD Windows 10 Pro","$1,765.99",Free Shipping
23,HP,"HP 7KJ86UT EliteBook 830 G6 13.3"" FHD Laptop i5-8365U 8GB 256GB SSD W10P","$1,599.99",$2.99 Shipping
24,Acer America,"Acer R752TN-C2J5 11.6"" Touchscreen LCD 2 in 1 Chromebook - Intel Celeron N4000 Dual-core (2 Core) 1.10 GHz - 4 GB LPDDR4 - 32 GB Flash Memory - Chrome OS - 1366 x 768 - In-plane Switching (IPS) Tec...",$362.99,$3.99 Shipping
25,Lenovo,"Lenovo ThinkPad T490 20N20025US 14"" Notebook - 2560 x 1440 - Core i7 i7-8565U - 16 GB RAM - 1 TB SSD - Glossy Black","$2,241.99",$2.99 Shipping
26,Acer America,"Acer TravelMate Spin B1 B118-G2-R TMB118-G2-R-C9RJ 11.6"" Touchscreen LCD 2 in 1 Notebook - Intel Celeron N4100 Quad-core (4 Core) 1.10 GHz - 4 GB DDR4 SDRAM - 128 GB SSD - Windows 10 Pro Education ...",$511.99,$2.99 Shipping
27,Acer America,"Acer Spin 5 SP513-53N-57RE 13.3"" Touchscreen 2 in 1 Notebook - 1920 x 1080 - Core i5 i5-8265U - 8 GB RAM - 256 GB SSD - Steel Gray",$853.99,$2.99 Shipping
28,Lenovo,"Lenovo ThinkPad X1 Carbon 7th Gen 20QD0004US 14"" Ultrabook - 2560 x 1440 - Core i7 i7-8665U - 16 GB RAM - 256 GB SSD","$2,118.99",$2.99 Shipping
29,HP,"HP ZBook 14u G6 14"" Touchscreen Mobile Workstation - 1920 x 1080 - Core i5 i5-8365U - 16 GB RAM - 512 GB SSD - Windows 10 Pro 64-bit - AMD Radeon Pro WX 3200 with 4 GB - In-plane Switching (IPS)","$1,699.99",$2.99 Shipping
30,HP,"HP Mobile Thin Client Notebook Mt44 4JA74UA#ABA AMD Ryzen 3 1st Gen 2300U (2.00 GHz) 8 GB Memory 128 GB SSD AMD Radeon Vega 6 14.0"" Windows 10 IoT Enterprise",$349.99,Free Shipping
31,MSI,"MSI Laptop Creator 15M A10SE-421 Intel Core i7 10th Gen 10750H (2.60 GHz) 16 GB Memory 1 TB SSD NVIDIA GeForce RTX 2060 15.6"" Windows 10 Pro 64-bit","$1,499.00",$2.99 Shipping
32,Lenovo,"Lenovo ThinkPad P1 Gen 2 20QT0010US 15.6"" Mobile Workstation - 3840 x 2160 - Core i7 i7-9750H - 16 GB RAM - 256 GB SSD - Midnight Black","$2,287.99",$8.69 Shipping
33,Lenovo,"Lenovo ThinkPad P53 20QN001CUS 15.6"" Touchscreen Mobile Workstation - 1920 x 1080 - Xeon E-2276M - 32 GB RAM - 1 TB SSD - Midnight Black","$4,999.00",$2.99 Shipping
34,GIGABYTE,"GIGABYTE AERO 17 HDR YB-8US4450SP, 17.3"" 4K/UHD Gaming Laptop, Intel Core i7-10875H, RTX 2080 Super Max-Q, 32 GB Memory, 1 TB SSD","$3,699.00",Free Shipping
35,GIGABYTE,"GIGABYTE AERO 17 XB-7US1130SH, 17.3"" Gaming Laptop, Intel Core i7-10750H, RTX 2070 Super Max-Q, 16 GB Memory, 512 GB SSD","$2,199.00",Free Shipping
