,item_number,general_category,product_category,page_number,brand,model_specifications,current_promotions,price,shipping,product_links,image_link
0,1TS-0016-00NS1,Computer Systems,Laptops / Notebooks,11,MSI,"MSI ALPHA 15 A3DD-003 Gaming and Business Laptop (AMD Ryzen 7 3750H 4-Core, 64GB RAM, 1TB PCIe SSD + 2TB  HDD, 15.6"" Full HD (1920x1080), AMD Radeon RX5500M, Wifi, Bluetooth, Webcam, Win 10 Home)",,2338.80,0.0,https://www.newegg.com/p/1TS-0016-00NS1,//c1.neweggimages.com/ProductImageCompressAll300/A7AB_1_20191104190185842.jpg
1,1TS-0016-00NP7,Computer Systems,Laptops / Notebooks,11,MSI,"MSI ALPHA 15 A3DD-003 Gaming and Business Laptop (AMD Ryzen 7 3750H 4-Core, 64GB RAM, 512GB PCIe SSD + 1TB  HDD, 15.6"" Full HD (1920x1080), AMD Radeon RX5500M, Wifi, Bluetooth, Webcam, Win 10 Home)",,1930.80,0.0,https://www.newegg.com/p/1TS-0016-00NP7,//c1.neweggimages.com/ProductImageCompressAll300/A7AB_1_20191104190185842.jpg
2,1TS-0016-00NN6,Computer Systems,Laptops / Notebooks,11,MSI,"MSI ALPHA 15 A3DD-003 Gaming and Business Laptop (AMD Ryzen 7 3750H 4-Core, 32GB RAM, 1TB PCIe SSD + 2TB  HDD, 15.6"" Full HD (1920x1080), AMD Radeon RX5500M, Wifi, Bluetooth, Webcam, Win 10 Pro)",,2278.80,0.0,https://www.newegg.com/p/1TS-0016-00NN6,//c1.neweggimages.com/ProductImageCompressAll300/A7AB_1_20191104190185842.jpg
3,1TS-0016-00NP3,Computer Systems,Laptops / Notebooks,11,MSI,"MSI ALPHA 15 A3DD-003 Gaming and Business Laptop (AMD Ryzen 7 3750H 4-Core, 64GB RAM, 2TB PCIe SSD + 2TB  HDD, 15.6"" Full HD (1920x1080), AMD Radeon RX5500M, Wifi, Bluetooth, Webcam, Win 10 Pro)",,2758.80,0.0,https://www.newegg.com/p/1TS-0016-00NP3,//c1.neweggimages.com/ProductImageCompressAll300/A7AB_1_20191104190185842.jpg
4,1TS-0016-00NN5,Computer Systems,Laptops / Notebooks,11,MSI,"MSI ALPHA 15 A3DD-003 Gaming and Business Laptop (AMD Ryzen 7 3750H 4-Core, 32GB RAM, 2TB PCIe SSD, 15.6"" Full HD (1920x1080), AMD Radeon RX5500M, Wifi, Bluetooth, Webcam, 3xUSB 3.2, Win 10 Home)",,2218.80,0.0,https://www.newegg.com/p/1TS-0016-00NN5,//c1.neweggimages.com/ProductImageCompressAll300/A7AB_1_20191104190185842.jpg
5,1TS-0016-00NM4,Computer Systems,Laptops / Notebooks,11,MSI,"MSI ALPHA 15 A3DD-003 Gaming and Business Laptop (AMD Ryzen 7 3750H 4-Core, 16GB RAM, 512GB PCIe SSD + 1TB  HDD, 15.6"" Full HD (1920x1080), AMD Radeon RX5500M, Wifi, Bluetooth, Webcam, Win 10 Pro)",,1630.80,0.0,https://www.newegg.com/p/1TS-0016-00NM4,//c1.neweggimages.com/ProductImageCompressAll300/A7AB_1_20191104190185842.jpg
6,1TS-0016-00NS8,Computer Systems,Laptops / Notebooks,11,MSI,"MSI ALPHA 15 A3DD-003 Gaming and Business Laptop (AMD Ryzen 7 3750H 4-Core, 32GB RAM, 2TB PCIe SSD + 2TB  HDD, 15.6"" Full HD (1920x1080), AMD Radeon RX5500M, Wifi, Bluetooth, Webcam, Win 10 Home)",,2338.80,0.0,https://www.newegg.com/p/1TS-0016-00NS8,//c1.neweggimages.com/ProductImageCompressAll300/A7AB_1_20191104190185842.jpg
7,1TS-0016-00NM5,Computer Systems,Laptops / Notebooks,11,MSI,"MSI ALPHA 15 A3DD-003 Gaming and Business Laptop (AMD Ryzen 7 3750H 4-Core, 32GB RAM, 512GB PCIe SSD + 1TB  HDD, 15.6"" Full HD (1920x1080), AMD Radeon RX5500M, Wifi, Bluetooth, Webcam, Win 10 Pro)",,1870.80,0.0,https://www.newegg.com/p/1TS-0016-00NM5,//c1.neweggimages.com/ProductImageCompressAll300/A7AB_1_20191104190185842.jpg
8,1TS-0016-00NR1,Computer Systems,Laptops / Notebooks,11,MSI,"MSI ALPHA 15 A3DD-003 Gaming and Business Laptop (AMD Ryzen 7 3750H 4-Core, 64GB RAM, 512GB PCIe SSD + 2TB  HDD, 15.6"" Full HD (1920x1080), AMD Radeon RX5500M, Wifi, Bluetooth, Webcam, Win 10 Home)",,1978.80,0.0,https://www.newegg.com/p/1TS-0016-00NR1,//c1.neweggimages.com/ProductImageCompressAll300/A7AB_1_20191104190185842.jpg
9,1TS-0016-00NR5,Computer Systems,Laptops / Notebooks,11,MSI,"MSI ALPHA 15 A3DD-003 Gaming and Business Laptop (AMD Ryzen 7 3750H 4-Core, 32GB RAM, 1TB PCIe SSD + 1TB  HDD, 15.6"" Full HD (1920x1080), AMD Radeon RX5500M, Wifi, Bluetooth, Webcam, Win 10 Home)",,2050.80,0.0,https://www.newegg.com/p/1TS-0016-00NR5,//c1.neweggimages.com/ProductImageCompressAll300/A7AB_1_20191104190185842.jpg
10,1TS-0016-00NS0,Computer Systems,Laptops / Notebooks,11,MSI,"MSI ALPHA 15 A3DD-003 Gaming and Business Laptop (AMD Ryzen 7 3750H 4-Core, 16GB RAM, 1TB PCIe SSD + 2TB  HDD, 15.6"" Full HD (1920x1080), AMD Radeon RX5500M, Wifi, Bluetooth, Webcam, Win 10 Home)",,1858.80,0.0,https://www.newegg.com/p/1TS-0016-00NS0,//c1.neweggimages.com/ProductImageCompressAll300/A7AB_1_20191104190185842.jpg
11,1TS-0016-00NM6,Computer Systems,Laptops / Notebooks,11,MSI,"MSI ALPHA 15 A3DD-003 Gaming and Business Laptop (AMD Ryzen 7 3750H 4-Core, 32GB RAM, 512GB PCIe SSD + 2TB  HDD, 15.6"" Full HD (1920x1080), AMD Radeon RX5500M, Wifi, Bluetooth, Webcam, Win 10 Pro)",,1918.80,0.0,https://www.newegg.com/p/1TS-0016-00NM6,//c1.neweggimages.com/ProductImageCompressAll300/A7AB_1_20191104190185842.jpg
12,1TS-0016-00NR7,Computer Systems,Laptops / Notebooks,11,MSI,"MSI ALPHA 15 A3DD-003 Gaming and Business Laptop (AMD Ryzen 7 3750H 4-Core, 16GB RAM, 1TB PCIe SSD + 1TB  HDD, 15.6"" Full HD (1920x1080), AMD Radeon RX5500M, Wifi, Bluetooth, Webcam, Win 10 Home)",,1810.80,0.0,https://www.newegg.com/p/1TS-0016-00NR7,//c1.neweggimages.com/ProductImageCompressAll300/A7AB_1_20191104190185842.jpg
13,1TS-0016-00NN4,Computer Systems,Laptops / Notebooks,11,MSI,"MSI ALPHA 15 A3DD-003 Gaming and Business Laptop (AMD Ryzen 7 3750H 4-Core, 16GB RAM, 1TB PCIe SSD + 2TB  HDD, 15.6"" Full HD (1920x1080), AMD Radeon RX5500M, Wifi, Bluetooth, Webcam, Win 10 Pro)",,2038.80,0.0,https://www.newegg.com/p/1TS-0016-00NN4,//c1.neweggimages.com/ProductImageCompressAll300/A7AB_1_20191104190185842.jpg
14,1TS-0016-00NS9,Computer Systems,Laptops / Notebooks,11,MSI,"MSI ALPHA 15 A3DD-003 Gaming and Business Laptop (AMD Ryzen 7 3750H 4-Core, 64GB RAM, 2TB PCIe SSD + 2TB  HDD, 15.6"" Full HD (1920x1080), AMD Radeon RX5500M, Wifi, Bluetooth, Webcam, Win 10 Home)",,2578.80,0.0,https://www.newegg.com/p/1TS-0016-00NS9,//c1.neweggimages.com/ProductImageCompressAll300/A7AB_1_20191104190185842.jpg
15,1TS-0016-00NP2,Computer Systems,Laptops / Notebooks,11,MSI,"MSI ALPHA 15 A3DD-003 Gaming and Business Laptop (AMD Ryzen 7 3750H 4-Core, 64GB RAM, 2TB PCIe SSD, 15.6"" Full HD (1920x1080), AMD Radeon RX5500M, Wifi, Bluetooth, Webcam, 3xUSB 3.2, Win 10 Home)",,2458.80,0.0,https://www.newegg.com/p/1TS-0016-00NP2,//c1.neweggimages.com/ProductImageCompressAll300/A7AB_1_20191104190185842.jpg
16,1TS-0016-00NR8,Computer Systems,Laptops / Notebooks,11,MSI,"MSI ALPHA 15 A3DD-003 Gaming and Business Laptop (AMD Ryzen 7 3750H 4-Core, 32GB RAM, 2TB PCIe SSD, 15.6"" Full HD (1920x1080), AMD Radeon RX5500M, Wifi, Bluetooth, Webcam, 3xUSB 3.2, Win 10 Pro)",,2398.80,0.0,https://www.newegg.com/p/1TS-0016-00NR8,//c1.neweggimages.com/ProductImageCompressAll300/A7AB_1_20191104190185842.jpg
17,1TS-0016-00NN9,Computer Systems,Laptops / Notebooks,11,MSI,"MSI ALPHA 15 A3DD-003 Gaming and Business Laptop (AMD Ryzen 7 3750H 4-Core, 32GB RAM, 2TB PCIe SSD + 1TB  HDD, 15.6"" Full HD (1920x1080), AMD Radeon RX5500M, Wifi, Bluetooth, Webcam, Win 10 Pro)",,2470.80,0.0,https://www.newegg.com/p/1TS-0016-00NN9,//c1.neweggimages.com/ProductImageCompressAll300/A7AB_1_20191104190185842.jpg
18,1TS-0016-00NR0,Computer Systems,Laptops / Notebooks,11,MSI,"MSI ALPHA 15 A3DD-003 Gaming and Business Laptop (AMD Ryzen 7 3750H 4-Core, 16GB RAM, 2TB PCIe SSD, 15.6"" Full HD (1920x1080), AMD Radeon RX5500M, Wifi, Bluetooth, Webcam, 3xUSB 3.2, Win 10 Pro)",,2158.80,0.0,https://www.newegg.com/p/1TS-0016-00NR0,//c1.neweggimages.com/ProductImageCompressAll300/A7AB_1_20191104190185842.jpg
19,1TS-0016-00NP9,Computer Systems,Laptops / Notebooks,11,MSI,"MSI ALPHA 15 A3DD-003 Gaming and Business Laptop (AMD Ryzen 7 3750H 4-Core, 16GB RAM, 512GB PCIe SSD + 1TB  HDD, 15.6"" Full HD (1920x1080), AMD Radeon RX5500M, Wifi, Bluetooth, Webcam, Win 10 Home)",,1450.80,0.0,https://www.newegg.com/p/1TS-0016-00NP9,//c1.neweggimages.com/ProductImageCompressAll300/A7AB_1_20191104190185842.jpg
20,1TS-000D-05XU3,Computer Systems,Laptops / Notebooks,11,HP,"HP Envy X360 2 in 1 Convertible 15.6"" Customized Laptop AMD Quad-Core Ryzen 5 3500U 24GB RAM 512GB SSD FHD Edge-to-Edge IPS Touch Display Upto 10 Hours Battery Life Windows 10 Black Only 0.7"" Thin",,1059.91,0.0,https://www.newegg.com/p/1TS-000D-05XU3,//c1.neweggimages.com/ProductImageCompressAll300/AJZD_1_201909111671037504.jpg
21,1TS-0016-00NP1,Computer Systems,Laptops / Notebooks,11,MSI,"MSI ALPHA 15 A3DD-003 Gaming and Business Laptop (AMD Ryzen 7 3750H 4-Core, 16GB RAM, 2TB PCIe SSD + 1TB  HDD, 15.6"" Full HD (1920x1080), AMD Radeon RX5500M, Wifi, Bluetooth, Webcam, Win 10 Pro)",Free Expedited Shipping,2230.80,0.0,https://www.newegg.com/p/1TS-0016-00NP1,//c1.neweggimages.com/ProductImageCompressAll300/A7AB_1_20191104190185842.jpg
22,1TS-0016-00NN7,Computer Systems,Laptops / Notebooks,11,MSI,"MSI ALPHA 15 A3DD-003 Gaming and Business Laptop (AMD Ryzen 7 3750H 4-Core, 64GB RAM, 1TB PCIe SSD + 2TB  HDD, 15.6"" Full HD (1920x1080), AMD Radeon RX5500M, Wifi, Bluetooth, Webcam, Win 10 Pro)",Free Expedited Shipping,2518.80,0.0,https://www.newegg.com/p/1TS-0016-00NN7,//c1.neweggimages.com/ProductImageCompressAll300/A7AB_1_20191104190185842.jpg
23,1TS-0016-00NR6,Computer Systems,Laptops / Notebooks,11,MSI,"MSI ALPHA 15 A3DD-003 Gaming and Business Laptop (AMD Ryzen 7 3750H 4-Core, 64GB RAM, 1TB PCIe SSD + 1TB  HDD, 15.6"" Full HD (1920x1080), AMD Radeon RX5500M, Wifi, Bluetooth, Webcam, Win 10 Home)",Free Expedited Shipping,2290.80,0.0,https://www.newegg.com/p/1TS-0016-00NR6,//c1.neweggimages.com/ProductImageCompressAll300/A7AB_1_20191104190185842.jpg
24,1TS-0016-00NS2,Computer Systems,Laptops / Notebooks,11,MSI,"MSI ALPHA 15 A3DD-003 Gaming and Business Laptop (AMD Ryzen 7 3750H 4-Core, 64GB RAM, 1TB PCIe SSD, 15.6"" Full HD (1920x1080), AMD Radeon RX5500M, Wifi, Bluetooth, Webcam, 3xUSB 3.2, Win 10 Pro)",Free Expedited Shipping,2398.80,0.0,https://www.newegg.com/p/1TS-0016-00NS2,//c1.neweggimages.com/ProductImageCompressAll300/A7AB_1_20191104190185842.jpg
25,1TS-0016-00NR4,Computer Systems,Laptops / Notebooks,11,MSI,"MSI ALPHA 15 A3DD-003 Gaming and Business Laptop (AMD Ryzen 7 3750H 4-Core, 32GB RAM, 1TB PCIe SSD, 15.6"" Full HD (1920x1080), AMD Radeon RX5500M, Wifi, Bluetooth, Webcam, 3xUSB 3.2, Win 10 Pro)",Free Expedited Shipping,2158.80,0.0,https://www.newegg.com/p/1TS-0016-00NR4,//c1.neweggimages.com/ProductImageCompressAll300/A7AB_1_20191104190185842.jpg
26,1TS-0016-00NR9,Computer Systems,Laptops / Notebooks,11,MSI,"MSI ALPHA 15 A3DD-003 Gaming and Business Laptop (AMD Ryzen 7 3750H 4-Core, 32GB RAM, 1TB PCIe SSD + 2TB  HDD, 15.6"" Full HD (1920x1080), AMD Radeon RX5500M, Wifi, Bluetooth, Webcam, Win 10 Home)",Free Expedited Shipping,2098.80,0.0,https://www.newegg.com/p/1TS-0016-00NR9,//c1.neweggimages.com/ProductImageCompressAll300/A7AB_1_20191104190185842.jpg
27,1TS-0016-00NP8,Computer Systems,Laptops / Notebooks,11,MSI,"MSI ALPHA 15 A3DD-003 Gaming and Business Laptop (AMD Ryzen 7 3750H 4-Core, 32GB RAM, 512GB PCIe SSD + 1TB  HDD, 15.6"" Full HD (1920x1080), AMD Radeon RX5500M, Wifi, Bluetooth, Webcam, Win 10 Home)",Free Expedited Shipping,1690.80,0.0,https://www.newegg.com/p/1TS-0016-00NP8,//c1.neweggimages.com/ProductImageCompressAll300/A7AB_1_20191104190185842.jpg
28,1TS-0016-00NS6,Computer Systems,Laptops / Notebooks,11,MSI,"MSI ALPHA 15 A3DD-003 Gaming and Business Laptop (AMD Ryzen 7 3750H 4-Core, 64GB RAM, 2TB PCIe SSD, 15.6"" Full HD (1920x1080), AMD Radeon RX5500M, Wifi, Bluetooth, Webcam, 3xUSB 3.2, Win 10 Pro)",Free Expedited Shipping,2638.80,0.0,https://www.newegg.com/p/1TS-0016-00NS6,//c1.neweggimages.com/ProductImageCompressAll300/A7AB_1_20191104190185842.jpg
29,1TS-0016-00NS7,Computer Systems,Laptops / Notebooks,11,MSI,"MSI ALPHA 15 A3DD-003 Gaming and Business Laptop (AMD Ryzen 7 3750H 4-Core, 16GB RAM, 2TB PCIe SSD + 2TB  HDD, 15.6"" Full HD (1920x1080), AMD Radeon RX5500M, Wifi, Bluetooth, Webcam, Win 10 Home)",Free Expedited Shipping,2098.80,0.0,https://www.newegg.com/p/1TS-0016-00NS7,//c1.neweggimages.com/ProductImageCompressAll300/A7AB_1_20191104190185842.jpg
30,1TS-0016-00N98,Computer Systems,Laptops / Notebooks,11,MSI,"MSI ALPHA 15 A3DD-003 Gaming and Business Laptop (AMD Ryzen 7 3750H 4-Core, 8GB RAM, 512GB SSD, 15.6"" Full HD (1920x1080), AMD Radeon RX5500M, Wifi, Bluetooth, Webcam, 3xUSB 3.2, 1xHDMI, Win 10 Home)",,1041.00,0.0,https://www.newegg.com/p/1TS-0016-00N98,//c1.neweggimages.com/ProductImageCompressAll300/A7AB_1_20191104190185842.jpg
31,1TS-0016-00NN3,Computer Systems,Laptops / Notebooks,11,MSI,"MSI ALPHA 15 A3DD-003 Gaming and Business Laptop (AMD Ryzen 7 3750H 4-Core, 32GB RAM, 1TB PCIe SSD, 15.6"" Full HD (1920x1080), AMD Radeon RX5500M, Wifi, Bluetooth, Webcam, 3xUSB 3.2, Win 10 Home)",Free Expedited Shipping,1978.80,0.0,https://www.newegg.com/p/1TS-0016-00NN3,//c1.neweggimages.com/ProductImageCompressAll300/A7AB_1_20191104190185842.jpg
32,1TS-0016-00NM9,Computer Systems,Laptops / Notebooks,11,MSI,"MSI ALPHA 15 A3DD-003 Gaming and Business Laptop (AMD Ryzen 7 3750H 4-Core, 16GB RAM, 2TB PCIe SSD, 15.6"" Full HD (1920x1080), AMD Radeon RX5500M, Wifi, Bluetooth, Webcam, 3xUSB 3.2, Win 10 Home)",Free Expedited Shipping,1978.80,0.0,https://www.newegg.com/p/1TS-0016-00NM9,//c1.neweggimages.com/ProductImageCompressAll300/A7AB_1_20191104190185842.jpg
33,1TS-0016-00NP5,Computer Systems,Laptops / Notebooks,11,MSI,"MSI ALPHA 15 A3DD-003 Gaming and Business Laptop (AMD Ryzen 7 3750H 4-Core, 16GB RAM, 2TB PCIe SSD + 2TB  HDD, 15.6"" Full HD (1920x1080), AMD Radeon RX5500M, Wifi, Bluetooth, Webcam, Win 10 Pro)",Free Expedited Shipping,2278.80,0.0,https://www.newegg.com/p/1TS-0016-00NP5,//c1.neweggimages.com/ProductImageCompressAll300/A7AB_1_20191104190185842.jpg
34,1TS-0016-00NR3,Computer Systems,Laptops / Notebooks,11,MSI,"MSI ALPHA 15 A3DD-003 Gaming and Business Laptop (AMD Ryzen 7 3750H 4-Core, 16GB RAM, 512GB PCIe SSD + 2TB  HDD, 15.6"" Full HD (1920x1080), AMD Radeon RX5500M, Wifi, Bluetooth, Webcam, Win 10 Home)",Free Expedited Shipping,1498.80,0.0,https://www.newegg.com/p/1TS-0016-00NR3,//c1.neweggimages.com/ProductImageCompressAll300/A7AB_1_20191104190185842.jpg
35,1TS-0016-00NM8,Computer Systems,Laptops / Notebooks,11,MSI,"MSI ALPHA 15 A3DD-003 Gaming and Business Laptop (AMD Ryzen 7 3750H 4-Core, 16GB RAM, 512GB PCIe SSD + 2TB  HDD, 15.6"" Full HD (1920x1080), AMD Radeon RX5500M, Wifi, Bluetooth, Webcam, Win 10 Pro)",Free Expedited Shipping,1678.80,0.0,https://www.newegg.com/p/1TS-0016-00NM8,//c1.neweggimages.com/ProductImageCompressAll300/A7AB_1_20191104190185842.jpg
