,item_number,general_category,product_category,page_number,brand,model_specifications,current_promotions,price,shipping,product_links,image_link
0,1TS-000D-089G7,Computer Systems,Laptops / Notebooks,6,HP,"HP 17 Notebook, 17.3"" HD+ Display, AMD Ryzen 7 3700U Upto 4.0GHz, 32GB RAM, 512GB NVMe SSD + 1TB HDD, Vega 10, DVDRW, HDMI, Card Reader, Wi-Fi, Bluetooth, Windows 10 Home",Free Expedited Shipping,1329.99,0.0,https://www.newegg.com/black-textured-hp-17/p/1TS-000D-089G7,//c1.neweggimages.com/ProductImageCompressAll300/AEYA_1_202002041122161687.jpg
1,1TS-000A-0A2H2,Computer Systems,Laptops / Notebooks,6,DELL,"Dell Inspiron 17 3785 Laptop, 17.3"" HD Widescreen, AMD Ryzen 5 2500U Quad-Core 2.0 GHz 8GB RAM 256GB SSD + 1TB HDD Radeon Vega 8 Graphics, DVDRW MaxxAudio Pro Audio Webcam Windows 10 Home",,789.00,0.0,https://www.newegg.com/black-dell-inspiron-17-3785-everyday-value/p/1TS-000A-0A2H2,//c1.neweggimages.com/ProductImageCompressAll300/AMRP_1_20200410723496455.jpg
2,1TS-000D-089C2,Computer Systems,Laptops / Notebooks,6,HP,"HP 17 Notebook, 17.3"" HD+ Display, AMD Ryzen 7 3700U Upto 4.0GHz, 16GB RAM, 1TB HDD, Vega 10, DVDRW, HDMI, Card Reader, Wi-Fi, Bluetooth, Windows 10 Home (9SV61UA)",Free Expedited Shipping,1169.99,0.0,https://www.newegg.com/black-textured-hp-17/p/1TS-000D-089C2,//c1.neweggimages.com/ProductImageCompressAll300/AA0S_1_202002041221904891.jpg
3,1TS-000D-09920,Computer Systems,Laptops / Notebooks,6,HP,"HP ProBook 445R G6 Notebook, 14"" FHD Display, AMD Ryzen 5 3500U Upto 3.7GHz, 16GB RAM, 512GB NVMe SSD, Vega 8, HDMI, DisplayPort via USB-C, Card Reader, Wi-Fi, Bluetooth, Windows 10 Pro",Free Expedited Shipping,979.99,0.0,https://www.newegg.com/silver-hp-probook-445r-g6/p/1TS-000D-09920,//c1.neweggimages.com/ProductImageCompressAll300/AA0S_1_20200218853731708.jpg
4,1TS-000X-01ZB1,Computer Systems,Laptops / Notebooks,6,Acer America,"Acer Nitro 5 15.6"" Customized Gaming Laptop | AMD Ryzen 5 2500U Quad-Core | 32GB RAM 128GB SSD 500GB HDD | Full HD IPS | AMD Radeon RX 560X 4GB GDDR5 | Windows 10 Home Black",,959.74,0.0,https://www.newegg.com/p/1TS-000X-01ZB1,//c1.neweggimages.com/ProductImageCompressAll300/AJZD_1_202003231834599772.jpg
5,1TS-000X-01Z04,Computer Systems,Laptops / Notebooks,6,Acer America,"Acer Nitro 5 15.6"" Customized Gaming Laptop | AMD Ryzen 5 2500U Quad-Core | 16GB RAM 512GB SSD | Full HD IPS | AMD Radeon RX 560X 4GB GDDR5 | Windows 10 Home Black",,830.92,0.0,https://www.newegg.com/p/1TS-000X-01Z04,//c1.neweggimages.com/ProductImageCompressAll300/AJZD_1_202003231834599772.jpg
6,1TS-000D-03R63,Computer Systems,Laptops / Notebooks,6,HP,"HP ENVY 2-IN-1 15.6"" TOUCH-SCREEN LAPTOP 15M-CP0011DX- AMD RYZEN 5 - 8GB MEMORY - AMD RADEON RX VEGA 8 - 128GB SOLID STATE DRIVE","Limited time offer, ends 04/30",649.99,0.0,https://www.newegg.com/p/1TS-000D-03R63,//c1.neweggimages.com/NeweggImage/ProductImageCompressAll300/AGHS_131981525847849759YNWqe2kOqp.jpg
7,1TS-000D-087V3,Computer Systems,Laptops / Notebooks,6,HP,"Newest HP 15.6"" HD Touchscreen Premium Business Laptop PC, AMD Ryzen 7 3700U Quad-Core upto 4.0GHz, 16GB RAM, 1024GB SSD, AMD Radeon RX Vega 10 Graphics, 802_11_AC, HDMI, Bluetooth, USB-C, Windows 10",,854.99,0.0,https://www.newegg.com/silver-hp-mainstream/p/1TS-000D-087V3,//c1.neweggimages.com/ProductImageCompressAll300/AK1E_1_202001221664199281.jpg
8,2WC-0001-00240,Computer Systems,Laptops / Notebooks,6,HP,"HP EliteBook 745 G5 14"" Laptop AMD Ryzen 7 2700U 8GB 256GB SSD Windows 10 Pro",,785.99,0.0,https://www.newegg.com/p/2WC-0001-00240,//c1.neweggimages.com/NeweggImage/ProductImageCompressAll300/A24G_1_201806151525630539.jpg
9,1TS-000E-0FAJ5,Computer Systems,Laptops / Notebooks,6,Lenovo,"Lenovo IdeaPad 330s Notebook, 15.6"" HD Display, AMD Ryzen 5 2500U Upto 3.6GHz, 8GB RAM, 256GB NVMe SSD + 1TB HDD, Vega 8, HDMI, Card Reader, Wi-Fi, Bluetooth, Windows 10 Home",Free Expedited Shipping,574.99,0.0,https://www.newegg.com/natural-silver-lenovo-ideapad-330s/p/1TS-000E-0FAJ5,//c1.neweggimages.com/ProductImageCompressAll300/AEYA_1_20191107220347570.jpg
10,1TS-000A-04P27,Computer Systems,Laptops / Notebooks,6,DELL,"Dell Inspiron 5575 15.6"" FHD Notebook, AMD Quad-Core Ryzen 7 2700U Upto 3.8GHz, 32GB RAM, 1TB SSD, Radeon Vega 10, HDMI, Card Reader, LAN, Wi-Fi, Bluetooth, Windows 10 Pro",Free Expedited Shipping,1260.99,0.0,https://www.newegg.com/silver-dell-inspiron-5575-creating-designing/p/1TS-000A-04P27,//c1.neweggimages.com/ProductImageCompressAll300/AA0S_1_201905231282217582.jpg
11,1TS-000E-0FAJ0,Computer Systems,Laptops / Notebooks,6,Lenovo,"Lenovo IdeaPad 330s Notebook, 15.6"" HD Display, AMD Ryzen 5 2500U Upto 3.6GHz, 12GB RAM, 128GB NVMe SSD, Vega 8, HDMI, Card Reader, Wi-Fi, Bluetooth, Windows 10 Home",Free Expedited Shipping,641.99,0.0,https://www.newegg.com/natural-silver-lenovo-ideapad-330s/p/1TS-000E-0FAJ0,//c1.neweggimages.com/ProductImageCompressAll300/AEYA_1_20191107377060051.jpg
12,1TS-000E-0FAH4,Computer Systems,Laptops / Notebooks,6,Lenovo,"Lenovo IdeaPad 330s Notebook, 15.6"" HD Display, AMD Ryzen 5 2500U Upto 3.6GHz, 12GB RAM, 128GB NVMe SSD + 1TB HDD, Vega 8, HDMI, Card Reader, Wi-Fi, Bluetooth, Windows 10 Home",Free Expedited Shipping,680.99,0.0,https://www.newegg.com/natural-silver-lenovo-ideapad-330s/p/1TS-000E-0FAH4,//c1.neweggimages.com/ProductImageCompressAll300/AEYA_1_201911071244216694.jpg
13,1TS-000A-04P72,Computer Systems,Laptops / Notebooks,6,DELL,"Dell Inspiron 5575 15.6"" FHD Notebook, AMD Quad-Core Ryzen 7 2700U Upto 3.8GHz, 8GB RAM, 1TB SSD, Radeon Vega 10, HDMI, Card Reader, LAN, Wi-Fi, Bluetooth, Windows 10 Home",Free Expedited Shipping,1059.49,0.0,https://www.newegg.com/silver-dell-inspiron-5575-creating-designing/p/1TS-000A-04P72,//c1.neweggimages.com/ProductImageCompressAll300/AA0S_1_201905231432136847.jpg
14,1TS-001A-00V05,Computer Systems,Laptops / Notebooks,6,ASUS,"ASUS TUF705 Gaming and Entertainment Laptop (AMD Ryzen 7 3750H 4-Core, 32GB RAM, 1TB  SATA SSD, 17.3"" Full HD (1920x1080), NVIDIA GTX 1660 Ti, Win 10 Pro) with ROG CASE , GT300 Mouse , GM50 Mouse pad",,2447.99,0.0,https://www.newegg.com/p/1TS-001A-00V05,//c1.neweggimages.com/ProductImageCompressAll300/A7AB_1_201908161622343265.jpg
15,1TS-001A-00V19,Computer Systems,Laptops / Notebooks,6,ASUS,"ASUS TUF705 Gaming and Entertainment Laptop (AMD Ryzen 7 3750H 4-Core, 64GB RAM, 1TB  SATA SSD, 17.3"" Full HD (1920x1080), NVIDIA GTX 1660 Ti, Win 10 Pro) with ROG CASE , GT300 Mouse , GM50 Mouse pad",,2687.99,0.0,https://www.newegg.com/p/1TS-001A-00V19,//c1.neweggimages.com/ProductImageCompressAll300/A7AB_1_201908161622343265.jpg
16,1TS-001A-00V07,Computer Systems,Laptops / Notebooks,6,ASUS,"ASUS TUF705 Gaming and Entertainment Laptop (AMD Ryzen 7 3750H 4-Core, 16GB RAM, 4TB  SATA SSD, 17.3"" Full HD (1920x1080), NVIDIA GTX 1660 Ti, Win 10 Home) with ROG CASE , GT300 Mouse , GM50 Mouse pad",,2807.99,0.0,https://www.newegg.com/p/1TS-001A-00V07,//c1.neweggimages.com/ProductImageCompressAll300/A7AB_1_201908161622343265.jpg
17,1TS-001A-00V20,Computer Systems,Laptops / Notebooks,6,ASUS,"ASUS TUF705 Gaming and Entertainment Laptop (AMD Ryzen 7 3750H 4-Core, 64GB RAM, 2TB  SATA SSD, 17.3"" Full HD (1920x1080), NVIDIA GTX 1660 Ti, Win 10 Pro) with ROG CASE , GT300 Mouse , GM50 Mouse pad",,2867.99,0.0,https://www.newegg.com/p/1TS-001A-00V20,//c1.neweggimages.com/ProductImageCompressAll300/A7AB_1_201908161622343265.jpg
18,1TS-001A-00V21,Computer Systems,Laptops / Notebooks,6,ASUS,"ASUS TUF705 Gaming and Entertainment Laptop (AMD Ryzen 7 3750H 4-Core, 64GB RAM, 4TB  SATA SSD, 17.3"" Full HD (1920x1080), NVIDIA GTX 1660 Ti, Win 10 Pro) with ROG CASE , GT300 Mouse , GM50 Mouse pad",,3467.99,0.0,https://www.newegg.com/p/1TS-001A-00V21,//c1.neweggimages.com/ProductImageCompressAll300/A7AB_1_201908161622343265.jpg
19,1TS-001A-00V02,Computer Systems,Laptops / Notebooks,6,ASUS,"ASUS TUF705 Gaming and Entertainment Laptop (AMD Ryzen 7 3750H 4-Core, 64GB RAM, 4TB  SATA SSD, 17.3"" Full HD (1920x1080), NVIDIA GTX 1660 Ti, Win 10 Home) with ROG CASE , GT300 Mouse , GM50 Mouse pad",,3287.99,0.0,https://www.newegg.com/p/1TS-001A-00V02,//c1.neweggimages.com/ProductImageCompressAll300/A7AB_1_201908161622343265.jpg
20,1TS-001A-00V14,Computer Systems,Laptops / Notebooks,6,ASUS,"ASUS TUF705 Gaming and Entertainment Laptop (AMD Ryzen 7 3750H 4-Core, 64GB RAM, 1TB  SATA SSD, 17.3"" Full HD (1920x1080), NVIDIA GTX 1660 Ti, Win 10 Home) with ROG CASE , GT300 Mouse , GM50 Mouse pad",,2507.99,0.0,https://www.newegg.com/p/1TS-001A-00V14,//c1.neweggimages.com/ProductImageCompressAll300/A7AB_1_201908161622343265.jpg
21,1TS-001A-00V16,Computer Systems,Laptops / Notebooks,6,ASUS,"ASUS TUF705 Gaming and Entertainment Laptop (AMD Ryzen 7 3750H 4-Core, 64GB RAM, 512GB  SATA SSD, 17.3"" Full HD (1920x1080), NVIDIA GTX 1660 Ti, ) with ROG CASE , GT300 Mouse , GM50 Mouse pad",,2567.99,0.0,https://www.newegg.com/p/1TS-001A-00V16,//c1.neweggimages.com/ProductImageCompressAll300/A7AB_1_201908161622343265.jpg
22,1TS-001A-00V08,Computer Systems,Laptops / Notebooks,6,ASUS,"ASUS TUF705 Gaming and Entertainment Laptop (AMD Ryzen 7 3750H 4-Core, 16GB RAM, 1TB  SATA SSD, 17.3"" Full HD (1920x1080), NVIDIA GTX 1660 Ti, Win 10 Pro) with ROG CASE , GT300 Mouse , GM50 Mouse pad",,2207.99,0.0,https://www.newegg.com/p/1TS-001A-00V08,//c1.neweggimages.com/ProductImageCompressAll300/A7AB_1_201908161622343265.jpg
23,1TS-001A-00UY6,Computer Systems,Laptops / Notebooks,6,ASUS,"ASUS TUF705 Gaming and Entertainment Laptop (AMD Ryzen 7 3750H 4-Core, 16GB RAM, 512GB  SATA SSD, 17.3"" Full HD (1920x1080), NVIDIA GTX 1660 Ti, ) with ROG CASE , GT300 Mouse , GM50 Mouse pad",,1907.99,0.0,https://www.newegg.com/p/1TS-001A-00UY6,//c1.neweggimages.com/ProductImageCompressAll300/A7AB_1_201908161622343265.jpg
24,1TS-001A-00V10,Computer Systems,Laptops / Notebooks,6,ASUS,"ASUS TUF705 Gaming and Entertainment Laptop (AMD Ryzen 7 3750H 4-Core, 64GB RAM, 512GB  SATA SSD, 17.3"" Full HD (1920x1080), NVIDIA GTX 1660 Ti, ) with ROG CASE , GT300 Mouse , GM50 Mouse pad",,2387.99,0.0,https://www.newegg.com/p/1TS-001A-00V10,//c1.neweggimages.com/ProductImageCompressAll300/A7AB_1_201908161622343265.jpg
25,1TS-001A-00V09,Computer Systems,Laptops / Notebooks,6,ASUS,"ASUS TUF705 Gaming and Entertainment Laptop (AMD Ryzen 7 3750H 4-Core, 32GB RAM, 2TB  SATA SSD, 17.3"" Full HD (1920x1080), NVIDIA GTX 1660 Ti, Win 10 Pro) with ROG CASE , GT300 Mouse , GM50 Mouse pad",,2627.99,0.0,https://www.newegg.com/p/1TS-001A-00V09,//c1.neweggimages.com/ProductImageCompressAll300/A7AB_1_201908161622343265.jpg
26,1TS-001A-00V12,Computer Systems,Laptops / Notebooks,6,ASUS,"ASUS TUF705 Gaming and Entertainment Laptop (AMD Ryzen 7 3750H 4-Core, 32GB RAM, 512GB  SATA SSD, 17.3"" Full HD (1920x1080), NVIDIA GTX 1660 Ti, ) with ROG CASE , GT300 Mouse , GM50 Mouse pad",Free Expedited Shipping,2147.99,0.0,https://www.newegg.com/p/1TS-001A-00V12,//c1.neweggimages.com/ProductImageCompressAll300/A7AB_1_201908161622343265.jpg
27,1TS-001A-00V03,Computer Systems,Laptops / Notebooks,6,ASUS,"ASUS TUF705 Gaming and Entertainment Laptop (AMD Ryzen 7 3750H 4-Core, 16GB RAM, 512GB  SATA SSD, 17.3"" Full HD (1920x1080), NVIDIA GTX 1660 Ti, ) with ROG CASE , GT300 Mouse , GM50 Mouse pad",Free Expedited Shipping,2087.99,0.0,https://www.newegg.com/p/1TS-001A-00V03,//c1.neweggimages.com/ProductImageCompressAll300/A7AB_1_201908161622343265.jpg
28,1TS-001A-00V11,Computer Systems,Laptops / Notebooks,6,ASUS,"ASUS TUF705 Gaming and Entertainment Laptop (AMD Ryzen 7 3750H 4-Core, 32GB RAM, 4TB  SATA SSD, 17.3"" Full HD (1920x1080), NVIDIA GTX 1660 Ti, Win 10 Pro) with ROG CASE , GT300 Mouse , GM50 Mouse pad",Free Expedited Shipping,3227.99,0.0,https://www.newegg.com/p/1TS-001A-00V11,//c1.neweggimages.com/ProductImageCompressAll300/A7AB_1_201908161622343265.jpg
29,1TS-001A-00V00,Computer Systems,Laptops / Notebooks,6,ASUS,"ASUS TUF705 Gaming and Entertainment Laptop (AMD Ryzen 7 3750H 4-Core, 16GB RAM, 1TB  SATA SSD, 17.3"" Full HD (1920x1080), NVIDIA GTX 1660 Ti, Win 10 Home) with ROG CASE , GT300 Mouse , GM50 Mouse pad",Free Expedited Shipping,2027.99,0.0,https://www.newegg.com/p/1TS-001A-00V00,//c1.neweggimages.com/ProductImageCompressAll300/A7AB_1_201908161622343265.jpg
30,1TS-001A-00V06,Computer Systems,Laptops / Notebooks,6,ASUS,"ASUS TUF705 Gaming and Entertainment Laptop (AMD Ryzen 7 3750H 4-Core, 32GB RAM, 4TB  SATA SSD, 17.3"" Full HD (1920x1080), NVIDIA GTX 1660 Ti, Win 10 Home) with ROG CASE , GT300 Mouse , GM50 Mouse pad",Free Expedited Shipping,3047.99,0.0,https://www.newegg.com/p/1TS-001A-00V06,//c1.neweggimages.com/ProductImageCompressAll300/A7AB_1_201908161622343265.jpg
31,1TS-001A-00UZ9,Computer Systems,Laptops / Notebooks,6,ASUS,"ASUS TUF705 Gaming and Entertainment Laptop (AMD Ryzen 7 3750H 4-Core, 32GB RAM, 2TB  SATA SSD, 17.3"" Full HD (1920x1080), NVIDIA GTX 1660 Ti, Win 10 Home) with ROG CASE , GT300 Mouse , GM50 Mouse pad",Free Expedited Shipping,2447.99,0.0,https://www.newegg.com/p/1TS-001A-00UZ9,//c1.neweggimages.com/ProductImageCompressAll300/A7AB_1_201908161622343265.jpg
32,1TS-001A-00V17,Computer Systems,Laptops / Notebooks,6,ASUS,"ASUS TUF705 Gaming and Entertainment Laptop (AMD Ryzen 7 3750H 4-Core, 16GB RAM, 4TB  SATA SSD, 17.3"" Full HD (1920x1080), NVIDIA GTX 1660 Ti, Win 10 Pro) with ROG CASE , GT300 Mouse , GM50 Mouse pad",Free Expedited Shipping,2987.99,0.0,https://www.newegg.com/p/1TS-001A-00V17,//c1.neweggimages.com/ProductImageCompressAll300/A7AB_1_201908161622343265.jpg
33,1TS-001A-00V15,Computer Systems,Laptops / Notebooks,6,ASUS,"ASUS TUF705 Gaming and Entertainment Laptop (AMD Ryzen 7 3750H 4-Core, 32GB RAM, 1TB  SATA SSD, 17.3"" Full HD (1920x1080), NVIDIA GTX 1660 Ti, Win 10 Home) with ROG CASE , GT300 Mouse , GM50 Mouse pad",Free Expedited Shipping,2267.99,0.0,https://www.newegg.com/p/1TS-001A-00V15,//c1.neweggimages.com/ProductImageCompressAll300/A7AB_1_201908161622343265.jpg
34,1TS-001A-00V18,Computer Systems,Laptops / Notebooks,6,ASUS,"ASUS TUF705 Gaming and Entertainment Laptop (AMD Ryzen 7 3750H 4-Core, 64GB RAM, 2TB  SATA SSD, 17.3"" Full HD (1920x1080), NVIDIA GTX 1660 Ti, Win 10 Home) with ROG CASE , GT300 Mouse , GM50 Mouse pad",Free Expedited Shipping,2687.99,0.0,https://www.newegg.com/p/1TS-001A-00V18,//c1.neweggimages.com/ProductImageCompressAll300/A7AB_1_201908161622343265.jpg
35,1TS-001A-00V04,Computer Systems,Laptops / Notebooks,6,ASUS,"ASUS TUF705 Gaming and Entertainment Laptop (AMD Ryzen 7 3750H 4-Core, 16GB RAM, 2TB  SATA SSD, 17.3"" Full HD (1920x1080), NVIDIA GTX 1660 Ti, Win 10 Home) with ROG CASE , GT300 Mouse , GM50 Mouse pad",Free Expedited Shipping,2207.99,0.0,https://www.newegg.com/p/1TS-001A-00V04,//c1.neweggimages.com/ProductImageCompressAll300/A7AB_1_201908161622343265.jpg
