,item_number,general_category,product_category,page_number,brand,model_specifications,current_promotions,price,shipping,product_links,image_link
0,1TS-000A-04P58,Computer Systems,Laptops / Notebooks,3,DELL,"Dell Inspiron 5575 15.6"" FHD Notebook, AMD Quad-Core Ryzen 7 2700U Upto 3.8GHz, 16GB RAM, 2TB SSD, Radeon Vega 10, HDMI, Card Reader, LAN, Wi-Fi, Bluetooth, Windows 10 Home",Free Expedited Shipping,1345.49,0.0,https://www.newegg.com/silver-dell-inspiron-5575-creating-designing/p/1TS-000A-04P58,//c1.neweggimages.com/ProductImageCompressAll300/AA0S_1_201905231432136847.jpg
1,1TS-000A-04P18,Computer Systems,Laptops / Notebooks,3,DELL,"Dell Inspiron 5575 15.6"" FHD Notebook, AMD Quad-Core Ryzen 7 2700U Upto 3.8GHz, 16GB RAM, 1TB NVMe SSD + 1TB HDD, Radeon Vega 10, HDMI, Card Reader, LAN, Wi-Fi, Bluetooth, Windows 10 Pro",Free Expedited Shipping,1260.99,0.0,https://www.newegg.com/silver-dell-inspiron-5575-creating-designing/p/1TS-000A-04P18,//c1.neweggimages.com/ProductImageCompressAll300/AA0S_1_201905231282217582.jpg
2,1TS-000A-04P53,Computer Systems,Laptops / Notebooks,3,DELL,"Dell Inspiron 5575 15.6"" FHD Notebook, AMD Quad-Core Ryzen 7 2700U Upto 3.8GHz, 16GB RAM, 128GB NVMe SSD + 1TB HDD, Radeon Vega 10, HDMI, Card Reader, LAN, Wi-Fi, Bluetooth, Windows 10 Home",Free Expedited Shipping,1000.99,0.0,https://www.newegg.com/silver-dell-inspiron-5575-creating-designing/p/1TS-000A-04P53,//c1.neweggimages.com/ProductImageCompressAll300/AA0S_1_201905231432136847.jpg
3,1TS-000A-04P55,Computer Systems,Laptops / Notebooks,3,DELL,"Dell Inspiron 5575 15.6"" FHD Notebook, AMD Quad-Core Ryzen 7 2700U Upto 3.8GHz, 16GB RAM, 1TB SSD, Radeon Vega 10, HDMI, Card Reader, LAN, Wi-Fi, Bluetooth, Windows 10 Home",Free Expedited Shipping,1117.99,0.0,https://www.newegg.com/silver-dell-inspiron-5575-creating-designing/p/1TS-000A-04P55,//c1.neweggimages.com/ProductImageCompressAll300/AA0S_1_201905231432136847.jpg
4,1TS-001A-00UY7,Computer Systems,Laptops / Notebooks,3,ASUS,"ASUS TUF705 Gaming and Entertainment Laptop (AMD Ryzen 7 3750H 4-Core, 16GB RAM, 512GB SSD, 17.3"" Full HD (1920x1080), NVIDIA GTX 1660 Ti, Win 10 Home) with ROG CASE , GT300 Mouse , GM50 Mouse pad",,1667.99,0.0,https://www.newegg.com/p/1TS-001A-00UY7,//c1.neweggimages.com/ProductImageCompressAll300/A7AB_1_201908161622343265.jpg
5,1TS-001A-00UZ3,Computer Systems,Laptops / Notebooks,3,ASUS,"ASUS TUF705 Gaming and Entertainment Laptop (AMD Ryzen 7 3750H 4-Core, 64GB RAM, 1TB PCIe SSD, 17.3"" Full HD (1920x1080), NVIDIA GTX 1660 Ti, Win 10 Pro) with ROG CASE , GT300 Mouse , GM50 Mouse pad",,2747.99,0.0,https://www.newegg.com/p/1TS-001A-00UZ3,//c1.neweggimages.com/ProductImageCompressAll300/A7AB_1_201908161622343265.jpg
6,1TS-001A-00UY8,Computer Systems,Laptops / Notebooks,3,ASUS,"ASUS TUF705 Gaming and Entertainment Laptop (AMD Ryzen 7 3750H 4-Core, 64GB RAM, 1TB PCIe SSD, 17.3"" Full HD (1920x1080), NVIDIA GTX 1660 Ti, Win 10 Home) with ROG CASE , GT300 Mouse , GM50 Mouse pad",,2567.99,0.0,https://www.newegg.com/p/1TS-001A-00UY8,//c1.neweggimages.com/ProductImageCompressAll300/A7AB_1_201908161622343265.jpg
7,1TS-001A-00UZ4,Computer Systems,Laptops / Notebooks,3,ASUS,"ASUS TUF705 Gaming and Entertainment Laptop (AMD Ryzen 7 3750H 4-Core, 64GB RAM, 512GB PCIe SSD, 17.3"" Full HD (1920x1080), NVIDIA GTX 1660 Ti, ) with ROG CASE , GT300 Mouse , GM50 Mouse pad",Free Expedited Shipping,2207.99,0.0,https://www.newegg.com/p/1TS-001A-00UZ4,//c1.neweggimages.com/ProductImageCompressAll300/A7AB_1_201908161622343265.jpg
8,1TS-001A-00UZ2,Computer Systems,Laptops / Notebooks,3,ASUS,"ASUS TUF705 Gaming and Entertainment Laptop (AMD Ryzen 7 3750H 4-Core, 64GB RAM, 2TB PCIe SSD, 17.3"" Full HD (1920x1080), NVIDIA GTX 1660 Ti, Win 10 Home) with ROG CASE , GT300 Mouse , GM50 Mouse pad",Free Expedited Shipping,2807.99,0.0,https://www.newegg.com/p/1TS-001A-00UZ2,//c1.neweggimages.com/ProductImageCompressAll300/A7AB_1_201908161622343265.jpg
9,1TS-001A-00UZ8,Computer Systems,Laptops / Notebooks,3,ASUS,"ASUS TUF705 Gaming and Entertainment Laptop (AMD Ryzen 7 3750H 4-Core, 16GB RAM, 512GB PCIe SSD + 1TB  HDD , 17.3"" Full HD (1920x1080), ) with ROG CASE , GT300 Mouse , GM50 Mouse pad",,1979.99,0.0,https://www.newegg.com/p/1TS-001A-00UZ8,//c1.neweggimages.com/ProductImageCompressAll300/A7AB_1_201908161622343265.jpg
10,1TS-001A-00UZ1,Computer Systems,Laptops / Notebooks,3,ASUS,"ASUS TUF705 Gaming and Entertainment Laptop (AMD Ryzen 7 3750H 4-Core, 64GB RAM, 512GB PCIe SSD, 17.3"" Full HD (1920x1080), NVIDIA GTX 1660 Ti, Win 10 Pro) with ROG CASE , GT300 Mouse , GM50 Mouse pad",,2387.99,0.0,https://www.newegg.com/p/1TS-001A-00UZ1,//c1.neweggimages.com/ProductImageCompressAll300/A7AB_1_201908161622343265.jpg
11,1TS-001A-00UZ7,Computer Systems,Laptops / Notebooks,3,ASUS,"ASUS TUF705 Gaming and Entertainment Laptop (AMD Ryzen 7 3750H 4-Core, 64GB RAM, 2TB PCIe SSD, 17.3"" Full HD (1920x1080), NVIDIA GTX 1660 Ti, Win 10 Pro) with ROG CASE , GT300 Mouse , GM50 Mouse pad",,2987.99,0.0,https://www.newegg.com/p/1TS-001A-00UZ7,//c1.neweggimages.com/ProductImageCompressAll300/A7AB_1_201908161622343265.jpg
12,1TS-001A-00UZ6,Computer Systems,Laptops / Notebooks,3,ASUS,"ASUS TUF705 Gaming and Entertainment Laptop (AMD Ryzen 7 3750H 4-Core, 16GB RAM, 512GB PCIe SSD + 2TB  HDD , 17.3"" Full HD (1920x1080), ) with ROG CASE , GT300 Mouse , GM50 Mouse pad",Free Expedited Shipping,2027.99,0.0,https://www.newegg.com/p/1TS-001A-00UZ6,//c1.neweggimages.com/ProductImageCompressAll300/A7AB_1_201908161622343265.jpg
13,1TS-000A-04P19,Computer Systems,Laptops / Notebooks,3,DELL,"Dell Inspiron 5575 15.6"" FHD Notebook, AMD Quad-Core Ryzen 7 2700U Upto 3.8GHz, 16GB RAM, 1TB SSD, Radeon Vega 10, HDMI, Card Reader, LAN, Wi-Fi, Bluetooth, Windows 10 Pro",Free Expedited Shipping,1143.99,0.0,https://www.newegg.com/silver-dell-inspiron-5575-creating-designing/p/1TS-000A-04P19,//c1.neweggimages.com/ProductImageCompressAll300/AA0S_1_201905231282217582.jpg
14,1TS-000A-04P20,Computer Systems,Laptops / Notebooks,3,DELL,"Dell Inspiron 5575 15.6"" FHD Notebook, AMD Quad-Core Ryzen 7 2700U Upto 3.8GHz, 16GB RAM, 256GB NVMe SSD + 1TB HDD, Radeon Vega 10, HDMI, Card Reader, LAN, Wi-Fi, Bluetooth, Windows 10 Pro",Free Expedited Shipping,1059.49,0.0,https://www.newegg.com/silver-dell-inspiron-5575-creating-designing/p/1TS-000A-04P20,//c1.neweggimages.com/ProductImageCompressAll300/AA0S_1_201905231282217582.jpg
15,1TS-000A-04P21,Computer Systems,Laptops / Notebooks,3,DELL,"Dell Inspiron 5575 15.6"" FHD Notebook, AMD Quad-Core Ryzen 7 2700U Upto 3.8GHz, 16GB RAM, 256GB SSD, Radeon Vega 10, HDMI, Card Reader, LAN, Wi-Fi, Bluetooth, Windows 10 Pro",Free Expedited Shipping,974.99,0.0,https://www.newegg.com/silver-dell-inspiron-5575-creating-designing/p/1TS-000A-04P21,//c1.neweggimages.com/ProductImageCompressAll300/AA0S_1_201905231282217582.jpg
16,1TS-000D-04M56,Computer Systems,Laptops / Notebooks,3,HP,"HP ENVY x360 - 15z Home and Business Laptop (AMD Ryzen 5 3500U 4-Core, 64GB RAM, 1TB  PCIe SSD, 15.6"" Touch  Full HD (1920x1080), AMD Vega 8, Active Pen, Fingerprint, Wifi, Bluetooth, Win 10 Pro)",,2158.80,0.0,https://www.newegg.com/p/1TS-000D-04M56,//c1.neweggimages.com/ProductImageCompressAll300/V0F3_1_20190612637570189.jpg
17,1TS-000A-04P59,Computer Systems,Laptops / Notebooks,3,DELL,"Dell Inspiron 5575 15.6"" FHD Notebook, AMD Quad-Core Ryzen 7 2700U Upto 3.8GHz, 16GB RAM, 512GB SSD, Radeon Vega 10, HDMI, Card Reader, LAN, Wi-Fi, Bluetooth, Windows 10 Home",Free Expedited Shipping,1000.99,0.0,https://www.newegg.com/silver-dell-inspiron-5575-creating-designing/p/1TS-000A-04P59,//c1.neweggimages.com/ProductImageCompressAll300/AA0S_1_201905231432136847.jpg
18,1TS-000A-04P60,Computer Systems,Laptops / Notebooks,3,DELL,"Dell Inspiron 5575 15.6"" FHD Notebook, AMD Quad-Core Ryzen 7 2700U Upto 3.8GHz, 16GB RAM, 512GB NVMe SSD + 1TB HDD, Radeon Vega 10, HDMI, Card Reader, LAN, Wi-Fi, Bluetooth, Windows 10 Home",Free Expedited Shipping,1104.99,0.0,https://www.newegg.com/silver-dell-inspiron-5575-creating-designing/p/1TS-000A-04P60,//c1.neweggimages.com/ProductImageCompressAll300/AA0S_1_201905231432136847.jpg
19,1TS-000A-04P52,Computer Systems,Laptops / Notebooks,3,DELL,"Dell Inspiron 5575 15.6"" FHD Notebook, AMD Quad-Core Ryzen 7 2700U Upto 3.8GHz, 16GB RAM, 128GB SSD, Radeon Vega 10, HDMI, Card Reader, LAN, Wi-Fi, Bluetooth, Windows 10 Home",Free Expedited Shipping,916.49,0.0,https://www.newegg.com/silver-dell-inspiron-5575-creating-designing/p/1TS-000A-04P52,//c1.neweggimages.com/ProductImageCompressAll300/AA0S_1_201905231432136847.jpg
20,1TS-000D-05HU3,Computer Systems,Laptops / Notebooks,3,HP,"HP ENVY x360 - 15z Home and Business Laptop (AMD Ryzen 7 3700U 4-Core, 16GB RAM, 256GB m.2 SATA SSD, 15.6"" Touch  Full HD (1920x1080), AMD Vega 10, Win 10 Pro) with HP Z5000 Mouse , ME2 Backpack",,1594.80,0.0,https://www.newegg.com/p/1TS-000D-05HU3,//c1.neweggimages.com/ProductImageCompressAll300/V0F3_1_20190827164422094.jpg
21,1TS-000A-04P56,Computer Systems,Laptops / Notebooks,3,DELL,"Dell Inspiron 5575 15.6"" FHD Notebook, AMD Quad-Core Ryzen 7 2700U Upto 3.8GHz, 16GB RAM, 256GB SSD, Radeon Vega 10, HDMI, Card Reader, LAN, Wi-Fi, Bluetooth, Windows 10 Home",Free Expedited Shipping,948.99,0.0,https://www.newegg.com/silver-dell-inspiron-5575-creating-designing/p/1TS-000A-04P56,//c1.neweggimages.com/ProductImageCompressAll300/AA0S_1_201905231432136847.jpg
22,1TS-000D-05HV0,Computer Systems,Laptops / Notebooks,3,HP,"HP ENVY x360 - 15z Home and Business Laptop (AMD Ryzen 7 3700U 4-Core, 16GB RAM, 256GB SSD, 15.6"" Touch  Full HD (1920x1080), AMD Vega 10, Fingerprint, Win 10 Home) with HP Z5000 Mouse , ME2 Backpack",,1174.80,0.0,https://www.newegg.com/p/1TS-000D-05HV0,//c1.neweggimages.com/ProductImageCompressAll300/V0F3_1_20190827164422094.jpg
23,1TS-000A-04P23,Computer Systems,Laptops / Notebooks,3,DELL,"Dell Inspiron 5575 15.6"" FHD Notebook, AMD Quad-Core Ryzen 7 2700U Upto 3.8GHz, 16GB RAM, 512GB NVMe SSD + 1TB HDD, Radeon Vega 10, HDMI, Card Reader, LAN, Wi-Fi, Bluetooth, Windows 10 Pro",Free Expedited Shipping,1130.99,0.0,https://www.newegg.com/silver-dell-inspiron-5575-creating-designing/p/1TS-000A-04P23,//c1.neweggimages.com/ProductImageCompressAll300/AA0S_1_201905231282217582.jpg
24,N82E16834270991,Computer Systems,Laptops / Notebooks,3,HP,"HP Laptop ProBook 455 G6 (6KK35UT#ABA) AMD Ryzen 7 1st Gen 2700U (2.20 GHz) 16 GB Memory 256 GB SSD AMD Radeon Vega 10 15.6"" Windows 10 Pro 64-bit",,1009.70,0.0,https://www.newegg.com/silver-hp-probook-455-g6-mainstream/p/N82E16834270991,//c1.neweggimages.com/ProductImageCompressAll300/A24G_1_20190308869079558.jpg
25,1TS-000A-04P57,Computer Systems,Laptops / Notebooks,3,DELL,"Dell Inspiron 5575 15.6"" FHD Notebook, AMD Quad-Core Ryzen 7 2700U Upto 3.8GHz, 16GB RAM, 256GB NVMe SSD + 1TB HDD, Radeon Vega 10, HDMI, Card Reader, LAN, Wi-Fi, Bluetooth, Windows 10 Home",Free Expedited Shipping,1033.49,0.0,https://www.newegg.com/silver-dell-inspiron-5575-creating-designing/p/1TS-000A-04P57,//c1.neweggimages.com/ProductImageCompressAll300/AA0S_1_201905231432136847.jpg
26,1TS-000D-052N6,Computer Systems,Laptops / Notebooks,3,HP,"HP EliteBook 755 G5 Home and Business Laptop (AMD Ryzen 5 PRO 2500U 4-Core, 16GB RAM, 1TB m.2 SATA SSD, 15.6"" Full HD (1920x1080), AMD Radeon Vega, Fingerprint, Wifi, Bluetooth, Webcam, Win 10 Pro)",,1678.80,0.0,https://www.newegg.com/p/1TS-000D-052N6,//c1.neweggimages.com/ProductImageCompressAll300/A7AB_1_202004081743919372.jpg
27,1TS-001A-00J86,Computer Systems,Laptops / Notebooks,3,ASUS,"ASUS TUF TUF705DU-PB74 Gaming and Entertainment Laptop (AMD Ryzen 7 3750H 4-Core, 16GB RAM, 2TB  PCIe SSD + 1TB  HDD , 17.3"" Full HD (1920x1080), NVIDIA GTX 1660 Ti, Wifi, Bluetooth, Win 10 Home)",,1912.49,0.0,https://www.newegg.com/p/1TS-001A-00J86,//c1.neweggimages.com/ProductImageCompressAll300/V0F3_1_201905191798296115.jpg
28,1TS-001A-00J76,Computer Systems,Laptops / Notebooks,3,ASUS,"ASUS TUF TUF705DU-PB74 Gaming and Entertainment Laptop (AMD Ryzen 7 3750H 4-Core, 64GB RAM, 1TB  PCIe SSD + 1TB  HDD , 17.3"" Full HD (1920x1080), NVIDIA GTX 1660 Ti, Wifi, Bluetooth, Win 10 Home)",,2112.49,0.0,https://www.newegg.com/p/1TS-001A-00J76,//c1.neweggimages.com/ProductImageCompressAll300/V0F3_1_201905191798296115.jpg
29,1TS-001A-00J87,Computer Systems,Laptops / Notebooks,3,ASUS,"ASUS TUF TUF705DU-PB74 Gaming and Entertainment Laptop (AMD Ryzen 7 3750H 4-Core, 16GB RAM, 2TB  PCIe SSD + 2TB  HDD , 17.3"" Full HD (1920x1080), NVIDIA GTX 1660 Ti, Wifi, Bluetooth, Win 10 Home)",,1952.49,0.0,https://www.newegg.com/p/1TS-001A-00J87,//c1.neweggimages.com/ProductImageCompressAll300/V0F3_1_201905191798296115.jpg
30,1TS-001A-00J60,Computer Systems,Laptops / Notebooks,3,ASUS,"ASUS TUF TUF705DU-PB74 Gaming and Entertainment Laptop (AMD Ryzen 7 3750H 4-Core, 16GB RAM, 2TB  PCIe SSD + 1TB  HDD , 17.3"" Full HD (1920x1080), NVIDIA GTX 1660 Ti, Wifi, Bluetooth, Win 10 Pro)",,2062.49,0.0,https://www.newegg.com/p/1TS-001A-00J60,//c1.neweggimages.com/ProductImageCompressAll300/V0F3_1_201905191798296115.jpg
31,1TS-001A-00J73,Computer Systems,Laptops / Notebooks,3,ASUS,"ASUS TUF TUF705DU-PB74 Gaming and Entertainment Laptop (AMD Ryzen 7 3750H 4-Core, 64GB RAM, 2TB  PCIe SSD + 2TB  HDD , 17.3"" Full HD (1920x1080), NVIDIA GTX 1660 Ti, Wifi, Bluetooth, Win 10 Pro)",,2502.49,0.0,https://www.newegg.com/p/1TS-001A-00J73,//c1.neweggimages.com/ProductImageCompressAll300/V0F3_1_201905191798296115.jpg
32,1TS-001A-00J83,Computer Systems,Laptops / Notebooks,3,ASUS,"ASUS TUF TUF705DU-PB74 Gaming and Entertainment Laptop (AMD Ryzen 7 3750H 4-Core, 16GB RAM, 1TB  PCIe SSD + 1TB  HDD , 17.3"" Full HD (1920x1080), NVIDIA GTX 1660 Ti, Wifi, Bluetooth, Win 10 Home)",Free Expedited Shipping,2051.99,0.0,https://www.newegg.com/p/1TS-001A-00J83,//c1.neweggimages.com/ProductImageCompressAll300/V0F3_1_201905191798296115.jpg
33,1TS-001A-00J85,Computer Systems,Laptops / Notebooks,3,ASUS,"ASUS TUF TUF705DU-PB74 Gaming and Entertainment Laptop (AMD Ryzen 7 3750H 4-Core, 16GB RAM, 2TB  PCIe SSD, 17.3"" Full HD (1920x1080), NVIDIA GTX 1660 Ti, Wifi, Bluetooth, Webcam, Win 10 Home)",,2219.99,0.0,https://www.newegg.com/p/1TS-001A-00J85,//c1.neweggimages.com/ProductImageCompressAll300/V0F3_1_201905191798296115.jpg
34,1TS-001A-00J68,Computer Systems,Laptops / Notebooks,3,ASUS,"ASUS TUF TUF705DU-PB74 Gaming and Entertainment Laptop (AMD Ryzen 7 3750H 4-Core, 64GB RAM, 512GB  PCIe SSD + 1TB  HDD , 17.3"" Full HD (1920x1080), NVIDIA GTX 1660 Ti, Wifi, Bluetooth, Win 10 Pro)",Free Expedited Shipping,2351.99,0.0,https://www.newegg.com/p/1TS-001A-00J68,//c1.neweggimages.com/ProductImageCompressAll300/V0F3_1_201905191798296115.jpg
35,1TS-001A-00J74,Computer Systems,Laptops / Notebooks,3,ASUS,"ASUS TUF TUF705DU-PB74 Gaming and Entertainment Laptop (AMD Ryzen 7 3750H 4-Core, 64GB RAM, 512GB  PCIe SSD + 1TB  HDD , 17.3"" Full HD (1920x1080), NVIDIA GTX 1660 Ti, Wifi, Bluetooth, Win 10 Home)",,2171.99,0.0,https://www.newegg.com/p/1TS-001A-00J74,//c1.neweggimages.com/ProductImageCompressAll300/V0F3_1_201905191798296115.jpg
