,item_number,general_category,product_category,page_number,brand,model_specifications,current_promotions,price,shipping,product_links,image_link
0,1TS-001A-01X01,Computer Systems,Laptops / Notebooks,2,ASUS,"2019 ASUS ROG Strix G 15.6"" Customized Gaming Laptop | Hexa Core Intel i7-9750H Mobile Processor | 8GB RAM 128GB SSD 2TB HDD | GeForce GTX 1650 4GB GDDR5 | RGB Backlit Keyboard | Windows 10 Black",,1017.70,0.0,https://www.newegg.com/p/1TS-001A-01X01?Item=9SIAJZDB023456,//c1.neweggimages.com/ProductImageCompressAll300/AJZD_1_20200204715673546.jpg
1,1TS-001A-01X40,Computer Systems,Laptops / Notebooks,2,ASUS,"2019 ASUS ROG Strix G 15.6"" Customized Gaming Laptop | Hexa Core Intel i7-9750H Mobile Processor | 32GB RAM 256GB SSD | GeForce GTX 1650 4GB GDDR5 | RGB Backlit Keyboard | Windows 10 Black",,1150.44,0.0,https://www.newegg.com/p/1TS-001A-01X40?Item=9SIAJZDB023495,//c1.neweggimages.com/ProductImageCompressAll300/AJZD_1_20200204715673546.jpg
2,1TS-001A-01X51,Computer Systems,Laptops / Notebooks,2,ASUS,"2019 ASUS ROG Strix G 15.6"" Customized Gaming Laptop | Hexa Core Intel i7-9750H Mobile Processor | 24GB RAM 128GB SSD 500GB HDD | GeForce GTX 1650 4GB GDDR5 | RGB Backlit Keyboard | Windows 10 Black",,1087.23,0.0,https://www.newegg.com/p/1TS-001A-01X51?Item=9SIAJZDB023506,//c1.neweggimages.com/ProductImageCompressAll300/AJZD_1_20200204715673546.jpg
3,1TS-001A-01WY2,Computer Systems,Laptops / Notebooks,2,ASUS,"2019 ASUS ROG Strix G 15.6"" Customized Gaming Laptop | Hexa Core Intel i7-9750H Mobile Processor | 12GB RAM 128GB SSD 2TB HDD | GeForce GTX 1650 4GB GDDR5 | RGB Backlit Keyboard | Windows 10 Black",,1042.98,0.0,https://www.newegg.com/p/1TS-001A-01WY2?Item=9SIAJZDB023437,//c1.neweggimages.com/ProductImageCompressAll300/AJZD_1_20200204715673546.jpg
4,1TS-001A-01X22,Computer Systems,Laptops / Notebooks,2,ASUS,"2019 ASUS ROG Strix G 15.6"" Customized Gaming Laptop | Hexa Core Intel i7-9750H Mobile Processor | 16GB RAM 256GB SSD 500GB HDD | GeForce GTX 1650 4GB GDDR5 | RGB Backlit Keyboard | Windows 10 Black",,1042.98,0.0,https://www.newegg.com/p/1TS-001A-01X22?Item=9SIAJZDB023477,//c1.neweggimages.com/ProductImageCompressAll300/AJZD_1_20200204715673546.jpg
5,1TS-001A-01X62,Computer Systems,Laptops / Notebooks,2,ASUS,"2019 ASUS ROG Strix G 15.6"" Customized Gaming Laptop | Hexa Core Intel i7-9750H Mobile Processor | 32GB RAM 128GB SSD 500GB HDD | GeForce GTX 1650 4GB GDDR5 | RGB Backlit Keyboard | Windows 10 Black",,1150.44,0.0,https://www.newegg.com/p/1TS-001A-01X62?Item=9SIAJZDB023517,//c1.neweggimages.com/ProductImageCompressAll300/AJZD_1_20200204715673546.jpg
6,1TS-001A-01WZ7,Computer Systems,Laptops / Notebooks,2,ASUS,"2019 ASUS ROG Strix G 15.6"" Customized Gaming Laptop | Hexa Core Intel i7-9750H Mobile Processor | 12GB RAM 256GB SSD 1TB HDD | GeForce GTX 1650 4GB GDDR5 | RGB Backlit Keyboard | Windows 10 Black",,1036.66,0.0,https://www.newegg.com/p/1TS-001A-01WZ7?Item=9SIAJZDB023452,//c1.neweggimages.com/ProductImageCompressAll300/AJZD_1_20200204715673546.jpg
7,1TS-001A-01X55,Computer Systems,Laptops / Notebooks,2,ASUS,"2019 ASUS ROG Strix G 15.6"" Customized Gaming Laptop | Hexa Core Intel i7-9750H Mobile Processor | 32GB RAM 256GB SSD 2TB HDD | GeForce GTX 1650 4GB GDDR5 | RGB Backlit Keyboard | Windows 10 Black",,1213.65,0.0,https://www.newegg.com/p/1TS-001A-01X55?Item=9SIAJZDB023510,//c1.neweggimages.com/ProductImageCompressAll300/AJZD_1_20200204715673546.jpg
8,1TS-001A-01X13,Computer Systems,Laptops / Notebooks,2,ASUS,"2019 ASUS ROG Strix G 15.6"" Customized Gaming Laptop | Hexa Core Intel i7-9750H Mobile Processor | 8GB RAM 256GB SSD 1TB HDD | GeForce GTX 1650 4GB GDDR5 | RGB Backlit Keyboard | Windows 10 Black",,1011.38,0.0,https://www.newegg.com/p/1TS-001A-01X13?Item=9SIAJZDB023468,//c1.neweggimages.com/ProductImageCompressAll300/AJZD_1_20200204715673546.jpg
9,1TS-001A-01X57,Computer Systems,Laptops / Notebooks,2,ASUS,"2019 ASUS ROG Strix G 15.6"" Customized Gaming Laptop | Hexa Core Intel i7-9750H Mobile Processor | 32GB RAM 128GB SSD | GeForce GTX 1650 4GB GDDR5 | RGB Backlit Keyboard | Windows 10 Black",,1131.48,0.0,https://www.newegg.com/p/1TS-001A-01X57?Item=9SIAJZDB023512,//c1.neweggimages.com/ProductImageCompressAll300/AJZD_1_20200204715673546.jpg
10,1TS-001A-01X64,Computer Systems,Laptops / Notebooks,2,ASUS,"2019 ASUS ROG Strix G 15.6"" Customized Gaming Laptop | Hexa Core Intel i7-9750H Mobile Processor | 32GB RAM 128GB SSD 1TB HDD | GeForce GTX 1650 4GB GDDR5 | RGB Backlit Keyboard | Windows 10 Black",,1169.41,0.0,https://www.newegg.com/p/1TS-001A-01X64?Item=9SIAJZDB023519,//c1.neweggimages.com/ProductImageCompressAll300/AJZD_1_20200204715673546.jpg
11,1TS-001A-01X39,Computer Systems,Laptops / Notebooks,2,ASUS,"2019 ASUS ROG Strix G 15.6"" Customized Gaming Laptop | Hexa Core Intel i7-9750H Mobile Processor | 24GB RAM 256GB SSD 1TB HDD | GeForce GTX 1650 4GB GDDR5 | RGB Backlit Keyboard | Windows 10 Black",,1125.16,0.0,https://www.newegg.com/p/1TS-001A-01X39?Item=9SIAJZDB023494,//c1.neweggimages.com/ProductImageCompressAll300/AJZD_1_20200204715673546.jpg
12,1TS-001A-01WZ4,Computer Systems,Laptops / Notebooks,2,ASUS,"2019 ASUS ROG Strix G 15.6"" Customized Gaming Laptop | Hexa Core Intel i7-9750H Mobile Processor | 16GB RAM 128GB SSD 1TB HDD | GeForce GTX 1650 4GB GDDR5 | RGB Backlit Keyboard | Windows 10 Black",,1042.98,0.0,https://www.newegg.com/p/1TS-001A-01WZ4?Item=9SIAJZDB023449,//c1.neweggimages.com/ProductImageCompressAll300/AJZD_1_20200204715673546.jpg
13,1TS-001A-01X47,Computer Systems,Laptops / Notebooks,2,ASUS,"2019 ASUS ROG Strix G 15.6"" Customized Gaming Laptop | Hexa Core Intel i7-9750H Mobile Processor | 24GB RAM 128GB SSD | GeForce GTX 1650 4GB GDDR5 | RGB Backlit Keyboard | Windows 10 Black",,1068.27,0.0,https://www.newegg.com/p/1TS-001A-01X47?Item=9SIAJZDB023502,//c1.neweggimages.com/ProductImageCompressAll300/AJZD_1_20200204715673546.jpg
14,1TS-001A-01WZ1,Computer Systems,Laptops / Notebooks,2,ASUS,"2019 ASUS ROG Strix G 15.6"" Customized Gaming Laptop | Hexa Core Intel i7-9750H Mobile Processor | 16GB RAM 128GB SSD 500GB HDD | GeForce GTX 1650 4GB GDDR5 | RGB Backlit Keyboard | Windows 10 Black",,1024.02,0.0,https://www.newegg.com/p/1TS-001A-01WZ1?Item=9SIAJZDB023446,//c1.neweggimages.com/ProductImageCompressAll300/AJZD_1_20200204715673546.jpg
15,1TS-001A-01X26,Computer Systems,Laptops / Notebooks,2,ASUS,"2019 ASUS ROG Strix G 15.6"" Customized Gaming Laptop | Hexa Core Intel i7-9750H Mobile Processor | 16GB RAM 256GB SSD 1TB HDD | GeForce GTX 1650 4GB GDDR5 | RGB Backlit Keyboard | Windows 10 Black",,1061.95,0.0,https://www.newegg.com/p/1TS-001A-01X26?Item=9SIAJZDB023481,//c1.neweggimages.com/ProductImageCompressAll300/AJZD_1_20200204715673546.jpg
16,1TS-001A-01X17,Computer Systems,Laptops / Notebooks,2,ASUS,"2019 ASUS ROG Strix G 15.6"" Customized Gaming Laptop | Hexa Core Intel i7-9750H Mobile Processor | 8GB RAM 256GB SSD 2TB HDD | GeForce GTX 1650 4GB GDDR5 | RGB Backlit Keyboard | Windows 10 Black",,1036.66,0.0,https://www.newegg.com/p/1TS-001A-01X17?Item=9SIAJZDB023472,//c1.neweggimages.com/ProductImageCompressAll300/AJZD_1_20200204715673546.jpg
17,1TS-001A-01X18,Computer Systems,Laptops / Notebooks,2,ASUS,"2019 ASUS ROG Strix G 15.6"" Customized Gaming Laptop | Hexa Core Intel i7-9750H Mobile Processor | 16GB RAM 256GB SSD | GeForce GTX 1650 4GB GDDR5 | RGB Backlit Keyboard | Windows 10 Black",,1024.02,0.0,https://www.newegg.com/p/1TS-001A-01X18?Item=9SIAJZDB023473,//c1.neweggimages.com/ProductImageCompressAll300/AJZD_1_20200204715673546.jpg
18,1TS-001A-01X56,Computer Systems,Laptops / Notebooks,2,ASUS,"2019 ASUS ROG Strix G 15.6"" Customized Gaming Laptop | Hexa Core Intel i7-9750H Mobile Processor | 24GB RAM 128GB SSD 2TB HDD | GeForce GTX 1650 4GB GDDR5 | RGB Backlit Keyboard | Windows 10 Black",,1131.48,0.0,https://www.newegg.com/p/1TS-001A-01X56?Item=9SIAJZDB023511,//c1.neweggimages.com/ProductImageCompressAll300/AJZD_1_20200204715673546.jpg
19,1TS-001A-01X68,Computer Systems,Laptops / Notebooks,2,ASUS,"2019 ASUS ROG Strix G 15.6"" Customized Gaming Laptop | Hexa Core Intel i7-9750H Mobile Processor | 32GB RAM 128GB SSD 2TB HDD | GeForce GTX 1650 4GB GDDR5 | RGB Backlit Keyboard | Windows 10 Black",,1194.69,0.0,https://www.newegg.com/p/1TS-001A-01X68?Item=9SIAJZDB023523,//c1.neweggimages.com/ProductImageCompressAll300/AJZD_1_20200204715673546.jpg
20,1TS-001A-01X34,Computer Systems,Laptops / Notebooks,2,ASUS,"2019 ASUS ROG Strix G 15.6"" Customized Gaming Laptop | Hexa Core Intel i7-9750H Mobile Processor | 24GB RAM 256GB SSD 500GB HDD | GeForce GTX 1650 4GB GDDR5 | RGB Backlit Keyboard | Windows 10 Black",,1106.19,0.0,https://www.newegg.com/p/1TS-001A-01X34?Item=9SIAJZDB023489,//c1.neweggimages.com/ProductImageCompressAll300/AJZD_1_20200204715673546.jpg
21,1TS-001A-01WZ3,Computer Systems,Laptops / Notebooks,2,ASUS,"2019 ASUS ROG Strix G 15.6"" Customized Gaming Laptop | Hexa Core Intel i7-9750H Mobile Processor | 12GB RAM 256GB SSD 500GB HDD | GeForce GTX 1650 4GB GDDR5 | RGB Backlit Keyboard | Windows 10 Black",,1017.70,0.0,https://www.newegg.com/p/1TS-001A-01WZ3?Item=9SIAJZDB023448,//c1.neweggimages.com/ProductImageCompressAll300/AJZD_1_20200204715673546.jpg
22,1TS-001A-01X02,Computer Systems,Laptops / Notebooks,2,ASUS,"2019 ASUS ROG Strix G 15.6"" Customized Gaming Laptop | Hexa Core Intel i7-9750H Mobile Processor | 16GB RAM 128GB SSD 2TB HDD | GeForce GTX 1650 4GB GDDR5 | RGB Backlit Keyboard | Windows 10 Black",,1068.27,0.0,https://www.newegg.com/p/1TS-001A-01X02?Item=9SIAJZDB023457,//c1.neweggimages.com/ProductImageCompressAll300/AJZD_1_20200204715673546.jpg
23,1TS-001A-01X54,Computer Systems,Laptops / Notebooks,2,ASUS,"2019 ASUS ROG Strix G 15.6"" Customized Gaming Laptop | Hexa Core Intel i7-9750H Mobile Processor | 24GB RAM 128GB SSD 1TB HDD | GeForce GTX 1650 4GB GDDR5 | RGB Backlit Keyboard | Windows 10 Black",,1106.19,0.0,https://www.newegg.com/p/1TS-001A-01X54?Item=9SIAJZDB023509,//c1.neweggimages.com/ProductImageCompressAll300/AJZD_1_20200204715673546.jpg
24,1TS-001A-01X27,Computer Systems,Laptops / Notebooks,2,ASUS,"2019 ASUS ROG Strix G 15.6"" Customized Gaming Laptop | Hexa Core Intel i7-9750H Mobile Processor | 12GB RAM 128GB SSD 1TB HDD | GeForce GTX 1650 4GB GDDR5 | RGB Backlit Keyboard | Windows 10 Black",,1017.70,0.0,https://www.newegg.com/p/1TS-001A-01X27?Item=9SIAJZDB023482,//c1.neweggimages.com/ProductImageCompressAll300/AJZD_1_20200204715673546.jpg
25,1TS-001A-01WY6,Computer Systems,Laptops / Notebooks,2,ASUS,"2019 ASUS ROG Strix G 15.6"" Customized Gaming Laptop | Hexa Core Intel i7-9750H Mobile Processor | 16GB RAM 128GB SSD | GeForce GTX 1650 4GB GDDR5 | RGB Backlit Keyboard | Windows 10 Black",,1005.06,0.0,https://www.newegg.com/p/1TS-001A-01WY6?Item=9SIAJZDB023441,//c1.neweggimages.com/ProductImageCompressAll300/AJZD_1_20200204715673546.jpg
26,1TS-001A-01X45,Computer Systems,Laptops / Notebooks,2,ASUS,"2019 ASUS ROG Strix G 15.6"" Customized Gaming Laptop | Hexa Core Intel i7-9750H Mobile Processor | 32GB RAM 256GB SSD 500GB HDD | GeForce GTX 1650 4GB GDDR5 | RGB Backlit Keyboard | Windows 10 Black",,1169.41,0.0,https://www.newegg.com/p/1TS-001A-01X45?Item=9SIAJZDB023500,//c1.neweggimages.com/ProductImageCompressAll300/AJZD_1_20200204715673546.jpg
27,1TS-001A-01X50,Computer Systems,Laptops / Notebooks,2,ASUS,"2019 ASUS ROG Strix G 15.6"" Customized Gaming Laptop | Hexa Core Intel i7-9750H Mobile Processor | 32GB RAM 256GB SSD 1TB HDD | GeForce GTX 1650 4GB GDDR5 | RGB Backlit Keyboard | Windows 10 Black",,1188.37,0.0,https://www.newegg.com/p/1TS-001A-01X50?Item=9SIAJZDB023505,//c1.neweggimages.com/ProductImageCompressAll300/AJZD_1_20200204715673546.jpg
28,1TS-001A-01X74,Computer Systems,Laptops / Notebooks,2,ASUS,"2019 ASUS ROG Strix G 15.6"" Customized Gaming Laptop | Hexa Core Intel i7-9750H Mobile Processor | 24GB RAM 256GB SSD | GeForce GTX 1650 4GB GDDR5 | RGB Backlit Keyboard | Windows 10 Black",,1087.23,0.0,https://www.newegg.com/p/1TS-001A-01X74?Item=9SIAJZDB023529,//c1.neweggimages.com/ProductImageCompressAll300/AJZD_1_20200204715673546.jpg
29,1TS-001A-01X30,Computer Systems,Laptops / Notebooks,2,ASUS,"2019 ASUS ROG Strix G 15.6"" Customized Gaming Laptop | Hexa Core Intel i7-9750H Mobile Processor | 16GB RAM 256GB SSD 2TB HDD | GeForce GTX 1650 4GB GDDR5 | RGB Backlit Keyboard | Windows 10 Black",,1087.23,0.0,https://www.newegg.com/p/1TS-001A-01X30?Item=9SIAJZDB023485,//c1.neweggimages.com/ProductImageCompressAll300/AJZD_1_20200204715673546.jpg
30,1TS-000D-08688,Computer Systems,Laptops / Notebooks,2,HP,"HP Pavilion 15-cs3065cl Home and Business Laptop (Intel i7-1065G7 4-Core, 16GB RAM, 128GB m.2 SATA SSD + 500GB  HDD, 15.6"" Touch  Full HD (1920x1080), Intel Iris Plus Graphics, Wifi, Win 10 Pro)",,1139.00,0.0,https://www.newegg.com/p/1TS-000D-08688?Item=9SIA7ABB041453,//c1.neweggimages.com/ProductImageCompressAll300/A7AB_1_20200121198733521.jpg
31,1TS-000E-0J0Y3,Computer Systems,Laptops / Notebooks,2,Lenovo,"Lenovo ThinkPad T470 2020 Flagship Laptop, 14"" FHD IPS Touchscreen, Intel Core i7-6500U 2.5GHz, 32GB DDR4 256GB SSD, Thunderbolt Fingerprint Backlit KB WiFi HDMI Win 10 Pro",,1139.00,0.0,https://www.newegg.com/black-lenovo-thinkpad-t470-everyday-value/p/1TS-000E-0J0Y3?Item=9SIAMRPB774472,//c1.neweggimages.com/NeweggImage/ProductImageCompressAll300/AMRPS200318YlOm9.jpg
32,1TS-000E-0J0U7,Computer Systems,Laptops / Notebooks,2,Lenovo,"Lenovo ThinkPad X1 Carbon Notebook, 14"" FHD Display, Intel Core i7-8650U Upto 4.2GHz, 16GB RAM, 128GB NVMe SSD, HDMI, Thunderbolt, Wi-Fi, Bluetooth, Windows 10 Pro",Free Expedited Shipping,1549.99,0.0,https://www.newegg.com/black-lenovo-thinkpad-x1-carbon/p/1TS-000E-0J0U7?Item=9SIAA0SB6M7385,//c1.neweggimages.com/ProductImageCompressAll300/AA0S_1_202003172139119774.jpg
33,N82E16834235378,Computer Systems,Laptops / Notebooks,2,ASUS,"ASUS VivoBook S512 S15 Thin and Light Laptop, 15.6"" FHD, Intel Core i7-10510U CPU, 16 GB RAM, 256 GB SSD + 1 TB HDD, NVIDIA GeForce MX250, FingerPrint, Windows 10 Home, S512FL-PH77, Silver-Metal",,1053.00,0.0,https://www.newegg.com/silver-asus-s512fl-ph77-mainstream/p/N82E16834235378?Item=9SIA25VB5Y8637,//c1.neweggimages.com/ProductImageCompressAll300/34-235-378-V01.jpg
34,1TS-002J-000B7,Computer Systems,Laptops / Notebooks,2,LG,"LG Gram 14"" Full HD IPS MIL-Spec Notebook Computer, Intel Core i7-8565U 1.8GHz, 16GB RAM, 256GB SSD, Windows 10 Home, Dark Silver",,1196.99,0.0,https://www.newegg.com/dark-silver-lg-gram-14-everyday-value/p/1TS-002J-000B7?Item=9SIAC4Z9B89175,//c1.neweggimages.com/ProductImageCompressAll300/A4P0_1320283264880849600Sb0TnkTYa.jpg
35,1TS-000A-05PF7,Computer Systems,Laptops / Notebooks,2,DELL,"Dell  G3 Notebook, 15.6"" FHD Display, Intel Core i7-8750H Upto 4.1GHz, 8GB RAM, 128GB SSD, NVIDIA GeForce GTX 1050 Ti, HDMI, Card Reader, Wi-Fi, Bluetooth, Windows 10 Home",Free Expedited Shipping,1149.00,0.0,https://www.newegg.com/black-dell-g3/p/1TS-000A-05PF7?Item=9SIAEYA9MZ9430,//c1.neweggimages.com/ProductImageCompressAll300/AEYA_1_20190716958586700.jpg
