,item_number,general_category,product_category,page_number,brand,model_specifications,current_promotions,price,shipping,product_links,image_link
0,1TS-0016-00NP7,Computer Systems,Laptops / Notebooks,5,MSI,"MSI ALPHA 15 A3DD-003 Gaming and Business Laptop (AMD Ryzen 7 3750H 4-Core, 64GB RAM, 512GB PCIe SSD + 1TB  HDD, 15.6"" Full HD (1920x1080), AMD Radeon RX5500M, Wifi, Bluetooth, Webcam, Win 10 Home)",,1930.80,0.0,https://www.newegg.com/p/1TS-0016-00NP7,//c1.neweggimages.com/ProductImageCompressAll300/A7AB_1_20191104190185842.jpg
1,1TS-0016-00NR1,Computer Systems,Laptops / Notebooks,5,MSI,"MSI ALPHA 15 A3DD-003 Gaming and Business Laptop (AMD Ryzen 7 3750H 4-Core, 64GB RAM, 512GB PCIe SSD + 2TB  HDD, 15.6"" Full HD (1920x1080), AMD Radeon RX5500M, Wifi, Bluetooth, Webcam, Win 10 Home)",,1978.80,0.0,https://www.newegg.com/p/1TS-0016-00NR1,//c1.neweggimages.com/ProductImageCompressAll300/A7AB_1_20191104190185842.jpg
2,1TS-0016-00NN4,Computer Systems,Laptops / Notebooks,5,MSI,"MSI ALPHA 15 A3DD-003 Gaming and Business Laptop (AMD Ryzen 7 3750H 4-Core, 16GB RAM, 1TB PCIe SSD + 2TB  HDD, 15.6"" Full HD (1920x1080), AMD Radeon RX5500M, Wifi, Bluetooth, Webcam, Win 10 Pro)",,2038.80,0.0,https://www.newegg.com/p/1TS-0016-00NN4,//c1.neweggimages.com/ProductImageCompressAll300/A7AB_1_20191104190185842.jpg
3,1TS-0016-00NM7,Computer Systems,Laptops / Notebooks,5,MSI,"MSI ALPHA 15 A3DD-003 Gaming and Business Laptop (AMD Ryzen 7 3750H 4-Core, 64GB RAM, 512GB PCIe SSD + 2TB  HDD, 15.6"" Full HD (1920x1080), AMD Radeon RX5500M, Wifi, Bluetooth, Webcam, Win 10 Pro)",,2158.80,0.0,https://www.newegg.com/p/1TS-0016-00NM7,//c1.neweggimages.com/ProductImageCompressAll300/A7AB_1_20191104190185842.jpg
4,1TS-0016-00NM2,Computer Systems,Laptops / Notebooks,5,MSI,"MSI ALPHA 15 A3DD-003 Gaming and Business Laptop (AMD Ryzen 7 3750H 4-Core, 16GB RAM, 1TB PCIe SSD, 15.6"" Full HD (1920x1080), AMD Radeon RX5500M, Wifi, Bluetooth, Webcam, 3xUSB 3.2, Win 10 Home)",,1738.80,0.0,https://www.newegg.com/p/1TS-0016-00NM2,//c1.neweggimages.com/ProductImageCompressAll300/A7AB_1_20191104190185842.jpg
5,1TS-0016-00NM3,Computer Systems,Laptops / Notebooks,5,MSI,"MSI ALPHA 15 A3DD-003 Gaming and Business Laptop (AMD Ryzen 7 3750H 4-Core, 64GB RAM, 512GB PCIe SSD + 1TB  HDD, 15.6"" Full HD (1920x1080), AMD Radeon RX5500M, Wifi, Bluetooth, Webcam, Win 10 Pro)",,2110.80,0.0,https://www.newegg.com/p/1TS-0016-00NM3,//c1.neweggimages.com/ProductImageCompressAll300/A7AB_1_20191104190185842.jpg
6,1TS-0016-00NP9,Computer Systems,Laptops / Notebooks,5,MSI,"MSI ALPHA 15 A3DD-003 Gaming and Business Laptop (AMD Ryzen 7 3750H 4-Core, 16GB RAM, 512GB PCIe SSD + 1TB  HDD, 15.6"" Full HD (1920x1080), AMD Radeon RX5500M, Wifi, Bluetooth, Webcam, Win 10 Home)",,1450.80,0.0,https://www.newegg.com/p/1TS-0016-00NP9,//c1.neweggimages.com/ProductImageCompressAll300/A7AB_1_20191104190185842.jpg
7,1TS-0016-00NM9,Computer Systems,Laptops / Notebooks,5,MSI,"MSI ALPHA 15 A3DD-003 Gaming and Business Laptop (AMD Ryzen 7 3750H 4-Core, 16GB RAM, 2TB PCIe SSD, 15.6"" Full HD (1920x1080), AMD Radeon RX5500M, Wifi, Bluetooth, Webcam, 3xUSB 3.2, Win 10 Home)",Free Expedited Shipping,1978.80,0.0,https://www.newegg.com/p/1TS-0016-00NM9,//c1.neweggimages.com/ProductImageCompressAll300/A7AB_1_20191104190185842.jpg
8,1TS-0016-00NP5,Computer Systems,Laptops / Notebooks,5,MSI,"MSI ALPHA 15 A3DD-003 Gaming and Business Laptop (AMD Ryzen 7 3750H 4-Core, 16GB RAM, 2TB PCIe SSD + 2TB  HDD, 15.6"" Full HD (1920x1080), AMD Radeon RX5500M, Wifi, Bluetooth, Webcam, Win 10 Pro)",Free Expedited Shipping,2278.80,0.0,https://www.newegg.com/p/1TS-0016-00NP5,//c1.neweggimages.com/ProductImageCompressAll300/A7AB_1_20191104190185842.jpg
9,1TS-0016-00NM8,Computer Systems,Laptops / Notebooks,5,MSI,"MSI ALPHA 15 A3DD-003 Gaming and Business Laptop (AMD Ryzen 7 3750H 4-Core, 16GB RAM, 512GB PCIe SSD + 2TB  HDD, 15.6"" Full HD (1920x1080), AMD Radeon RX5500M, Wifi, Bluetooth, Webcam, Win 10 Pro)",Free Expedited Shipping,1678.80,0.0,https://www.newegg.com/p/1TS-0016-00NM8,//c1.neweggimages.com/ProductImageCompressAll300/A7AB_1_20191104190185842.jpg
10,1TS-0016-00NR3,Computer Systems,Laptops / Notebooks,5,MSI,"MSI ALPHA 15 A3DD-003 Gaming and Business Laptop (AMD Ryzen 7 3750H 4-Core, 16GB RAM, 512GB PCIe SSD + 2TB  HDD, 15.6"" Full HD (1920x1080), AMD Radeon RX5500M, Wifi, Bluetooth, Webcam, Win 10 Home)",Free Expedited Shipping,1498.80,0.0,https://www.newegg.com/p/1TS-0016-00NR3,//c1.neweggimages.com/ProductImageCompressAll300/A7AB_1_20191104190185842.jpg
11,1TS-0016-00NP1,Computer Systems,Laptops / Notebooks,5,MSI,"MSI ALPHA 15 A3DD-003 Gaming and Business Laptop (AMD Ryzen 7 3750H 4-Core, 16GB RAM, 2TB PCIe SSD + 1TB  HDD, 15.6"" Full HD (1920x1080), AMD Radeon RX5500M, Wifi, Bluetooth, Webcam, Win 10 Pro)",Free Expedited Shipping,2230.80,0.0,https://www.newegg.com/p/1TS-0016-00NP1,//c1.neweggimages.com/ProductImageCompressAll300/A7AB_1_20191104190185842.jpg
12,1TS-0016-00NS4,Computer Systems,Laptops / Notebooks,5,MSI,"MSI ALPHA 15 A3DD-003 Gaming and Business Laptop (AMD Ryzen 7 3750H 4-Core, 16GB RAM, 2TB PCIe SSD + 1TB  HDD, 15.6"" Full HD (1920x1080), AMD Radeon RX5500M, Wifi, Bluetooth, Webcam, Win 10 Home)",Free Expedited Shipping,2050.80,0.0,https://www.newegg.com/p/1TS-0016-00NS4,//c1.neweggimages.com/ProductImageCompressAll300/A7AB_1_20191104190185842.jpg
13,1TS-0016-00NN7,Computer Systems,Laptops / Notebooks,5,MSI,"MSI ALPHA 15 A3DD-003 Gaming and Business Laptop (AMD Ryzen 7 3750H 4-Core, 64GB RAM, 1TB PCIe SSD + 2TB  HDD, 15.6"" Full HD (1920x1080), AMD Radeon RX5500M, Wifi, Bluetooth, Webcam, Win 10 Pro)",Free Expedited Shipping,2518.80,0.0,https://www.newegg.com/p/1TS-0016-00NN7,//c1.neweggimages.com/ProductImageCompressAll300/A7AB_1_20191104190185842.jpg
14,1TS-0016-00NN8,Computer Systems,Laptops / Notebooks,5,MSI,"MSI ALPHA 15 A3DD-003 Gaming and Business Laptop (AMD Ryzen 7 3750H 4-Core, 64GB RAM, 1TB PCIe SSD, 15.6"" Full HD (1920x1080), AMD Radeon RX5500M, Wifi, Bluetooth, Webcam, 3xUSB 3.2, Win 10 Home)",Free Expedited Shipping,2218.80,0.0,https://www.newegg.com/p/1TS-0016-00NN8,//c1.neweggimages.com/ProductImageCompressAll300/A7AB_1_20191104190185842.jpg
15,1TS-0016-00NP6,Computer Systems,Laptops / Notebooks,5,MSI,"MSI ALPHA 15 A3DD-003 Gaming and Business Laptop (AMD Ryzen 7 3750H 4-Core, 16GB RAM, 1TB PCIe SSD, 15.6"" Full HD (1920x1080), AMD Radeon RX5500M, Wifi, Bluetooth, Webcam, 3xUSB 3.2, Win 10 Pro)",Free Expedited Shipping,1918.80,0.0,https://www.newegg.com/p/1TS-0016-00NP6,//c1.neweggimages.com/ProductImageCompressAll300/A7AB_1_20191104190185842.jpg
16,1TS-0016-00NN2,Computer Systems,Laptops / Notebooks,5,MSI,"MSI ALPHA 15 A3DD-003 Gaming and Business Laptop (AMD Ryzen 7 3750H 4-Core, 64GB RAM, 1TB PCIe SSD + 1TB  HDD, 15.6"" Full HD (1920x1080), AMD Radeon RX5500M, Wifi, Bluetooth, Webcam, Win 10 Pro)",Free Expedited Shipping,2470.80,0.0,https://www.newegg.com/p/1TS-0016-00NN2,//c1.neweggimages.com/ProductImageCompressAll300/A7AB_1_20191104190185842.jpg
17,1TS-0016-00NS2,Computer Systems,Laptops / Notebooks,5,MSI,"MSI ALPHA 15 A3DD-003 Gaming and Business Laptop (AMD Ryzen 7 3750H 4-Core, 64GB RAM, 1TB PCIe SSD, 15.6"" Full HD (1920x1080), AMD Radeon RX5500M, Wifi, Bluetooth, Webcam, 3xUSB 3.2, Win 10 Pro)",Free Expedited Shipping,2398.80,0.0,https://www.newegg.com/p/1TS-0016-00NS2,//c1.neweggimages.com/ProductImageCompressAll300/A7AB_1_20191104190185842.jpg
18,1TS-0016-00NR6,Computer Systems,Laptops / Notebooks,5,MSI,"MSI ALPHA 15 A3DD-003 Gaming and Business Laptop (AMD Ryzen 7 3750H 4-Core, 64GB RAM, 1TB PCIe SSD + 1TB  HDD, 15.6"" Full HD (1920x1080), AMD Radeon RX5500M, Wifi, Bluetooth, Webcam, Win 10 Home)",Free Expedited Shipping,2290.80,0.0,https://www.newegg.com/p/1TS-0016-00NR6,//c1.neweggimages.com/ProductImageCompressAll300/A7AB_1_20191104190185842.jpg
19,1TS-0016-00NS6,Computer Systems,Laptops / Notebooks,5,MSI,"MSI ALPHA 15 A3DD-003 Gaming and Business Laptop (AMD Ryzen 7 3750H 4-Core, 64GB RAM, 2TB PCIe SSD, 15.6"" Full HD (1920x1080), AMD Radeon RX5500M, Wifi, Bluetooth, Webcam, 3xUSB 3.2, Win 10 Pro)",Free Expedited Shipping,2638.80,0.0,https://www.newegg.com/p/1TS-0016-00NS6,//c1.neweggimages.com/ProductImageCompressAll300/A7AB_1_20191104190185842.jpg
20,1TS-0016-00NS7,Computer Systems,Laptops / Notebooks,5,MSI,"MSI ALPHA 15 A3DD-003 Gaming and Business Laptop (AMD Ryzen 7 3750H 4-Core, 16GB RAM, 2TB PCIe SSD + 2TB  HDD, 15.6"" Full HD (1920x1080), AMD Radeon RX5500M, Wifi, Bluetooth, Webcam, Win 10 Home)",Free Expedited Shipping,2098.80,0.0,https://www.newegg.com/p/1TS-0016-00NS7,//c1.neweggimages.com/ProductImageCompressAll300/A7AB_1_20191104190185842.jpg
21,1TS-000D-05XT4,Computer Systems,Laptops / Notebooks,5,HP,"HP Envy X360 2 in 1 Convertible 15.6"" Customized Laptop AMD Quad-Core Ryzen 5 3500U 16GB RAM 128GB SSD FHD Edge-to-Edge IPS Touch Display Upto 10 Hours Battery Life Windows 10 Black Only 0.7"" Thin",,921.66,0.0,https://www.newegg.com/p/1TS-000D-05XT4,//c1.neweggimages.com/ProductImageCompressAll300/AJZD_1_201909111671037504.jpg
22,1TS-0016-00NV5,Computer Systems,Laptops / Notebooks,5,MSI,"MSI ALPHA 15 A3DD-003 Gaming and Business Laptop (AMD Ryzen 7 3750H 4-Core, 16GB RAM, 512GB m.2 SATA SSD + 2TB  HDD, 15.6"" Full HD (1920x1080), AMD Radeon RX5500M, Wifi, Bluetooth, Win 10 Home)",,1738.80,0.0,https://www.newegg.com/p/1TS-0016-00NV5,//c1.neweggimages.com/ProductImageCompressAll300/A7AB_1_20191104190185842.jpg
23,1TS-0016-00NW8,Computer Systems,Laptops / Notebooks,5,MSI,"MSI ALPHA 15 A3DD-003 Gaming and Business Laptop (AMD Ryzen 7 3750H 4-Core, 64GB RAM, 2TB m.2 SATA SSD + 1TB  HDD, 15.6"" Full HD (1920x1080), AMD Radeon RX5500M, Wifi, Bluetooth, Webcam, Win 10 Home)",,2530.80,0.0,https://www.newegg.com/p/1TS-0016-00NW8,//c1.neweggimages.com/ProductImageCompressAll300/A7AB_1_20191104190185842.jpg
24,1TS-0016-00NT4,Computer Systems,Laptops / Notebooks,5,MSI,"MSI ALPHA 15 A3DD-003 Gaming and Business Laptop (AMD Ryzen 7 3750H 4-Core, 16GB RAM, 4TB  SATA SSD, 15.6"" Full HD (1920x1080), AMD Radeon RX5500M, Wifi, Bluetooth, Webcam, 3xUSB 3.2, Win 10 Home)",,2458.80,0.0,https://www.newegg.com/p/1TS-0016-00NT4,//c1.neweggimages.com/ProductImageCompressAll300/A7AB_1_20191104190185842.jpg
25,1TS-0016-00NV1,Computer Systems,Laptops / Notebooks,5,MSI,"MSI ALPHA 15 A3DD-003 Gaming and Business Laptop (AMD Ryzen 7 3750H 4-Core, 64GB RAM, 512GB m.2 SATA SSD + 1TB  HDD, 15.6"" Full HD (1920x1080), AMD Radeon RX5500M, Wifi, Bluetooth, Win 10 Home)",,2170.80,0.0,https://www.newegg.com/p/1TS-0016-00NV1,//c1.neweggimages.com/ProductImageCompressAll300/A7AB_1_20191104190185842.jpg
26,1TS-0016-00NV3,Computer Systems,Laptops / Notebooks,5,MSI,"MSI ALPHA 15 A3DD-003 Gaming and Business Laptop (AMD Ryzen 7 3750H 4-Core, 64GB RAM, 1TB  SATA SSD, 15.6"" Full HD (1920x1080), AMD Radeon RX5500M, Wifi, Bluetooth, Webcam, 3xUSB 3.2, Win 10 Home)",,2158.80,0.0,https://www.newegg.com/p/1TS-0016-00NV3,//c1.neweggimages.com/ProductImageCompressAll300/A7AB_1_20191104190185842.jpg
27,1TS-0016-00NY4,Computer Systems,Laptops / Notebooks,5,MSI,"MSI ALPHA 15 A3DD-003 Gaming and Business Laptop (AMD Ryzen 7 3750H 4-Core, 64GB RAM, 2TB m.2 SATA SSD + 1TB  HDD, 15.6"" Full HD (1920x1080), AMD Radeon RX5500M, Wifi, Bluetooth, Webcam, Win 10 Pro)",,2710.80,0.0,https://www.newegg.com/p/1TS-0016-00NY4,//c1.neweggimages.com/ProductImageCompressAll300/A7AB_1_20191104190185842.jpg
28,1TS-0016-00NW6,Computer Systems,Laptops / Notebooks,5,MSI,"MSI ALPHA 15 A3DD-003 Gaming and Business Laptop (AMD Ryzen 7 3750H 4-Core, 16GB RAM, 2TB m.2 SATA SSD + 1TB  HDD, 15.6"" Full HD (1920x1080), AMD Radeon RX5500M, Wifi, Bluetooth, Webcam, Win 10 Home)",,2050.80,0.0,https://www.newegg.com/p/1TS-0016-00NW6,//c1.neweggimages.com/ProductImageCompressAll300/A7AB_1_20191104190185842.jpg
29,1TS-0016-00NU8,Computer Systems,Laptops / Notebooks,5,MSI,"MSI ALPHA 15 A3DD-003 Gaming and Business Laptop (AMD Ryzen 7 3750H 4-Core, 64GB RAM, 4TB  SATA SSD, 15.6"" Full HD (1920x1080), AMD Radeon RX5500M, Wifi, Bluetooth, Webcam, 3xUSB 3.2, Win 10 Pro)",,3118.80,0.0,https://www.newegg.com/p/1TS-0016-00NU8,//c1.neweggimages.com/ProductImageCompressAll300/A7AB_1_20191104190185842.jpg
30,1TS-0016-00NV9,Computer Systems,Laptops / Notebooks,5,MSI,"MSI ALPHA 15 A3DD-003 Gaming and Business Laptop (AMD Ryzen 7 3750H 4-Core, 16GB RAM, 1TB m.2 SATA SSD + 1TB  HDD, 15.6"" Full HD (1920x1080), AMD Radeon RX5500M, Wifi, Bluetooth, Webcam, Win 10 Home)",,1750.80,0.0,https://www.newegg.com/p/1TS-0016-00NV9,//c1.neweggimages.com/ProductImageCompressAll300/A7AB_1_20191104190185842.jpg
31,1TS-0016-00NU7,Computer Systems,Laptops / Notebooks,5,MSI,"MSI ALPHA 15 A3DD-003 Gaming and Business Laptop (AMD Ryzen 7 3750H 4-Core, 16GB RAM, 2TB m.2 SATA SSD + 2TB  HDD, 15.6"" Full HD (1920x1080), AMD Radeon RX5500M, Wifi, Bluetooth, Webcam, Win 10 Pro)",,2278.80,0.0,https://www.newegg.com/p/1TS-0016-00NU7,//c1.neweggimages.com/ProductImageCompressAll300/A7AB_1_20191104190185842.jpg
32,1TS-0016-00NX2,Computer Systems,Laptops / Notebooks,5,MSI,"MSI ALPHA 15 A3DD-003 Gaming and Business Laptop (AMD Ryzen 7 3750H 4-Core, 16GB RAM, 4TB  SATA SSD, 15.6"" Full HD (1920x1080), AMD Radeon RX5500M, Wifi, Bluetooth, Webcam, 3xUSB 3.2, Win 10 Pro)",,2638.80,0.0,https://www.newegg.com/p/1TS-0016-00NX2,//c1.neweggimages.com/ProductImageCompressAll300/A7AB_1_20191104190185842.jpg
33,1TS-0016-00NX7,Computer Systems,Laptops / Notebooks,5,MSI,"MSI ALPHA 15 A3DD-003 Gaming and Business Laptop (AMD Ryzen 7 3750H 4-Core, 16GB RAM, 512GB m.2 SATA SSD + 1TB  HDD, 15.6"" Full HD (1920x1080), AMD Radeon RX5500M, Wifi, Bluetooth, Webcam, Win 10 Pro)",,1870.80,0.0,https://www.newegg.com/p/1TS-0016-00NX7,//c1.neweggimages.com/ProductImageCompressAll300/A7AB_1_20191104190185842.jpg
34,1TS-0016-00NT7,Computer Systems,Laptops / Notebooks,5,MSI,"MSI ALPHA 15 A3DD-003 Gaming and Business Laptop (AMD Ryzen 7 3750H 4-Core, 16GB RAM, 1TB m.2 SATA SSD + 1TB  HDD, 15.6"" Full HD (1920x1080), AMD Radeon RX5500M, Wifi, Bluetooth, Webcam, Win 10 Pro)",,1930.80,0.0,https://www.newegg.com/p/1TS-0016-00NT7,//c1.neweggimages.com/ProductImageCompressAll300/A7AB_1_20191104190185842.jpg
35,1TS-0016-00NW0,Computer Systems,Laptops / Notebooks,5,MSI,"MSI ALPHA 15 A3DD-003 Gaming and Business Laptop (AMD Ryzen 7 3750H 4-Core, 64GB RAM, 4TB  SATA SSD, 15.6"" Full HD (1920x1080), AMD Radeon RX5500M, Wifi, Bluetooth, Webcam, 3xUSB 3.2, Win 10 Home)",,2938.80,0.0,https://www.newegg.com/p/1TS-0016-00NW0,//c1.neweggimages.com/ProductImageCompressAll300/A7AB_1_20191104190185842.jpg
