,item_number,general_category,product_category,page_number,brand,model_specifications,current_promotions,price,shipping,product_links,image_link
0,1TS-000D-067A3,Computer Systems,Laptops / Notebooks,8,HP,"HP ProBook 440 G6 Notebook, 14"" FHD Display, Intel Core i7-8565U Upto 4.6GHz, 8GB RAM, 256GB NVMe SSD, HDMI, Card Reader, Wi-Fi, Bluetooth, Windows 10 Pro",Free Expedited Shipping,1299.99,0.0,https://www.newegg.com/silver-hp-probook-440-g6/p/1TS-000D-067A3?Item=9SIAA0SA6V6318,//c1.neweggimages.com/ProductImageCompressAll300/AA0S_1_201909181734989106.jpg
1,1TS-000E-0DF25,Computer Systems,Laptops / Notebooks,8,Lenovo,"Lenovo Legion Y530 Gaming Laptop, 15.6"" FHD Display, Intel 6-Core i7-8750H Upto 4.1GHz, 32GB RAM, 128GB NVMe SSD + 1TB HDD, GTX 1050Ti 4GB, HDMI, MiniDP, Backlit Keys, Wi-Fi, Bluetooth, Windows 10 Pro",Free Expedited Shipping,1579.99,0.0,https://www.newegg.com/black-lenovo-legion-y530/p/1TS-000E-0DF25?Item=9SIAA0S97C2658,//c1.neweggimages.com/ProductImageCompressAll300/AA0S_1_20190507342230020.jpg
2,,Computer Systems,Laptops / Notebooks,8,Lenovo,"Lenovo Legion Y7000P Notebook, 15.6"" FHD Display, Intel Core i7-8750H Upto 4.1GHz, 16GB RAM, 128GB NVMe SSD + 1TB HDD, NVIDIA GeForce GTX 1060, HDMI, Mini DP, Wi-Fi, BT, Windows 10 Home (81LF0001US)",Free Expedited Shipping,1787.49,0.0,https://www.newegg.com/steel-gray-lenovo-legion-y7000p/p/1TS-000E-0FD40?Item=9SIAA0SAKB3846,//c1.neweggimages.com/ProductImageCompressAll300/AA0S_1_20191118769623308.jpg
3,1TS-000A-03259,Computer Systems,Laptops / Notebooks,8,DELL,"Dell G7 Series 15.6"" IPS Full HD Laptop, Intel 6-Core i7-8750H Upto 4.10GHz, 8GB DDR4, 256GB SSD Plus 1TB HDD, NVIDIA GeForce GTX 1060 Max Q 6GB, Thunderbolt 3, HDMI, Card Reader, Windows 10 Pro",Free Expedited Shipping,1249.99,0.0,https://www.newegg.com/black-dell-g-series-7588-gaming-amp-entertainment/p/1TS-000A-03259?Item=9SIAA0S7EF6505,//c1.neweggimages.com/NeweggImage/ProductImageCompressAll300/AA0S_1_201904031317845281.jpg
4,1TS-000A-06H62,Computer Systems,Laptops / Notebooks,8,DELL,"Dell G7 Notebook, 15.6"" FHD Display, Intel Core i7-8750H Upto 4.1GHz, 16GB RAM, 256GB SSD, NVIDIA GeForce GTX 1060, HDMI, Thunderbolt, Card Reader, Wi-Fi, Bluetooth, Windows 10 Home",Free Expedited Shipping,1089.99,0.0,https://www.newegg.com/black-dell-g7/p/1TS-000A-06H62?Item=9SIAEYAAD56765,//c1.neweggimages.com/ProductImageCompressAll300/AEYA_1_201910111606790770.jpg
5,1TS-000A-038F2,Computer Systems,Laptops / Notebooks,8,DELL,"Dell G Series 15.6"" IPS Full HD Laptop, Intel 6-Core i7-8750H Upto 4.10GHz, 16GB DDR4, 240GB SSD, NVIDIA GeForce GTX 1060 Max Q 6GB, Thunderbolt 3, HDMI, Card Reader, Windows 10 Home",Free Expedited Shipping,1249.98,0.0,https://www.newegg.com/black-dell-g-series-7588-gaming-entertainment/p/1TS-000A-038F2?Item=9SIAEYA7YU2383,//c1.neweggimages.com/NeweggImage/ProductImageCompressAll300/AA0S_1_201904031317845281.jpg
6,1TS-000A-038F5,Computer Systems,Laptops / Notebooks,8,DELL,"Dell G Series 15.6"" IPS Full HD Laptop, Intel 6-Core i7-8750H Upto 4.10GHz, 8GB DDR4, 240GB SSD, NVIDIA GeForce GTX 1060 Max Q 6GB, Thunderbolt 3, HDMI, Card Reader, Windows 10 Home",Free Expedited Shipping,1149.98,0.0,https://www.newegg.com/black-dell-g-series-7588-gaming-entertainment/p/1TS-000A-038F5?Item=9SIAEYA7YU2397,//c1.neweggimages.com/NeweggImage/ProductImageCompressAll300/AA0S_1_201904031317845281.jpg
7,1TS-000X-00Y19,Computer Systems,Laptops / Notebooks,8,Acer America,"2019 Newest Premium High Performance Acer Predator Helios 300 Gaming Laptop, 15.6"" Full HD IPS Display, Intel 6-Core i7-8750H, GeForce GTX 1060 6GB, 16GB DDR4, 256GB NVMe SSD, Aeroblade Metal Fans",,1299.00,17.50,https://www.newegg.com/p/1TS-000X-00Y19?Item=9SIAJUB8VX8846,//c1.neweggimages.com/NeweggImage/ProductImageCompressAll300/AJUB_131966562396534372NHTY5AAFPK.jpg
8,1TS-000A-03258,Computer Systems,Laptops / Notebooks,8,DELL,"Dell G7 Series 15.6"" IPS Full HD Laptop, Intel 6-Core i7-8750H Upto 4.10GHz, 16GB DDR4, 256GB SSD Plus 1TB HDD, NVIDIA GeForce GTX 1060 Max Q 6GB, Thunderbolt 3, HDMI, Card Reader, Windows 10 Pro",Free Expedited Shipping,1349.99,0.0,https://www.newegg.com/black-dell-g-series-7588-gaming-amp-entertainment/p/1TS-000A-03258?Item=9SIAA0S7EF6503,//c1.neweggimages.com/NeweggImage/ProductImageCompressAll300/AA0S_1_201904031317845281.jpg
9,,Computer Systems,Laptops / Notebooks,8,Lenovo,"Lenovo Legion Y7000P Notebook, 15.6"" FHD Display, Intel Core i7-8750H Upto 4.1GHz, 8GB RAM, 256GB NVMe SSD + 1TB HDD, NVIDIA GeForce GTX 1060, HDMI, Mini DisplayPort, Wi-Fi, Bluetooth, Windows 10 Pro",Free Expedited Shipping,1774.49,0.0,https://www.newegg.com/steel-gray-lenovo-legion-y7000p/p/1TS-000E-0FD51?Item=9SIAA0SAKB3857,//c1.neweggimages.com/ProductImageCompressAll300/AA0S_1_201911182120486444.jpg
10,1TS-000D-05N43,Computer Systems,Laptops / Notebooks,8,HP,"HP OMEN 15t Gaming and Entertainment Laptop (Intel i7-9750H 6-Core, 8GB RAM, 256GB PCIe SSD + 1TB  HDD , 15.6"" Full HD (1920x1080), NVIDIA GTX 1660 Ti, Win 10 Home) with HP Z5000 Mouse , ME2 Backpack",,1894.80,0.0,https://www.newegg.com/p/1TS-000D-05N43?Item=9SIA7AB9YM8156,//c1.neweggimages.com/ProductImageCompressAll300/V0F3_1_20190829551240668.jpg
11,1TS-000D-062W7,Computer Systems,Laptops / Notebooks,8,HP,"HP OMEN 15 Notebook, 15.6"" FHD Display, Intel Core i7-9750H Upto 4.5GHz, 8GB RAM, 128GB SSD, GeForce GTX 1660 Ti, HDMI, Mini DisplayPort, OMEN Mouse + Headset, Wi-Fi, BT, Windows 10 Home",Free Expedited Shipping,1389.99,0.0,https://www.newegg.com/black-hp-omen-15/p/1TS-000D-062W7?Item=9SIAEYAA6E5850,//c1.neweggimages.com/ProductImageCompressAll300/V08D_1_20190916617951119.jpg
12,,Computer Systems,Laptops / Notebooks,8,Lenovo,"Lenovo Legion Y7000P Notebook, 15.6"" FHD Display, Intel Core i7-8750H Upto 4.1GHz, 16GB RAM, 256GB NVMe SSD +1TB HDD, NVIDIA GeForce GTX 1060, HDMI, Mini DisplayPort, Wi-Fi, Bluetooth, Windows 10 Home",Free Expedited Shipping,1806.99,0.0,https://www.newegg.com/steel-gray-lenovo-legion-y7000p/p/1TS-000E-0FD79?Item=9SIAEYAAKB4168,//c1.neweggimages.com/ProductImageCompressAll300/AEYA_1_20191118553512748.jpg
13,1TS-000D-062V1,Computer Systems,Laptops / Notebooks,8,HP,"HP OMEN 15 Notebook, 15.6"" FHD Display, Intel Core i7-9750H Upto 4.5GHz, 8GB RAM, 128GB SSD, GeForce GTX 1660 Ti, HDMI, Mini DisplayPort, OMEN Mouse + Headset, Wi-Fi, BT, Windows 10 Pro",Free Expedited Shipping,1409.99,0.0,https://www.newegg.com/black-hp-omen-15/p/1TS-000D-062V1?Item=9SIAA0SA6E4137,//c1.neweggimages.com/ProductImageCompressAll300/A4M5_1_201909161847627127.jpg
14,1TS-000E-0F1Z9,Computer Systems,Laptops / Notebooks,8,Lenovo,"Lenovo ThinkPad E490 Notebook, 14"" FHD Display, Intel Core i7-8565U Upto 4.6GHz, 8GB RAM, 128GB NVMe SSD + 1TB HDD, HDMI, Card Reader, Wi-Fi, Bluetooth, Windows 10 Pro",Free Expedited Shipping,1199.99,0.0,https://www.newegg.com/black-lenovo-thinkpad-e490/p/1TS-000E-0F1Z9?Item=9SIAA0SAC78957,//c1.neweggimages.com/ProductImageCompressAll300/AA0S_1_20191004747888028.jpg
15,1TS-000A-03V45,Computer Systems,Laptops / Notebooks,8,DELL,"Dell Alienware 15 R4 15.6"" IPS FHD Gaming Notebook, Intel 6-Core i7-8750H Upto 4.1GHz, 8GB DDR4, 256GB NVMe SSD + 1TB HDD, NVIDIA GeForce GTX 1060 6GB, ThunderBolt, Mini DisplayPort, Windows 10 Home",Free Expedited Shipping,1539.99,0.0,https://www.newegg.com/silver-dell-alienware-15-r4-gaming-notebook/p/1TS-000A-03V45?Item=9SIAEYA8H36785,//c1.neweggimages.com/ProductImageCompressAll300/AEYA_1_201812031618970943.jpg
16,N82E16834235212,Computer Systems,Laptops / Notebooks,8,ASUS,"ASUS VivoBook S15 S512 Thin and Light 15.6"" FHD, Intel Core i7-8565U CPU, 8 GB DDR4 RAM, 1 TB (5400 RPM) + 256 GB PCIe Gen3x2 SSD, Windows 10 Home, S512FA-DB71, Silver Metal",,1344.54,0.0,https://www.newegg.com/silver-metal-asus-vivobook-s-s512fa-db71-mainstream/p/N82E16834235212?Item=9SIAMF7B6M8187,//c1.neweggimages.com/ProductImageCompressAll300/34-235-212-V04.jpg
17,1TS-000A-06H53,Computer Systems,Laptops / Notebooks,8,DELL,"Dell G7 Notebook, 15.6"" FHD Display, Intel Core i7-8750H Upto 4.1GHz, 8GB RAM, 256GB SSD + 1TB HDD, NVIDIA GeForce GTX 1060, HDMI, Thunderbolt, Card Reader, Wi-Fi, Bluetooth, Windows 10 Home",Free Expedited Shipping,1079.99,0.0,https://www.newegg.com/black-dell-g7/p/1TS-000A-06H53?Item=9SIAEYAAD56741,//c1.neweggimages.com/ProductImageCompressAll300/AEYA_1_20191011790739300.jpg
18,1TS-000A-038F1,Computer Systems,Laptops / Notebooks,8,DELL,"Dell G Series 15.6"" IPS Full HD Laptop, Intel 6-Core i7-8750H Upto 4.10GHz, 32GB DDR4, 128GB SSD, NVIDIA GeForce GTX 1060 Max Q 6GB, Thunderbolt 3, HDMI, Card Reader, Windows 10 Home",Free Expedited Shipping,1389.98,0.0,https://www.newegg.com/black-dell-g-series-7588-gaming-entertainment/p/1TS-000A-038F1?Item=9SIAEYA7YU2367,//c1.neweggimages.com/NeweggImage/ProductImageCompressAll300/AA0S_1_201904031317845281.jpg
19,1TS-000D-062U7,Computer Systems,Laptops / Notebooks,8,HP,"HP OMEN 15 Notebook, 15.6"" FHD Display, Intel Core i7-9750H Upto 4.5GHz, 8GB RAM, 128GB NVMe SSD + 1TB HDD, GeForce GTX 1660 Ti, HDMI, Mini DisplayPort, OMEN Mouse + Headset, Wi-Fi, BT, Windows 10 Pro",Free Expedited Shipping,1449.99,0.0,https://www.newegg.com/black-hp-omen-15/p/1TS-000D-062U7?Item=9SIAA0SA6E4129,//c1.neweggimages.com/ProductImageCompressAll300/AHKW_1_20190916111690707.jpg
20,1TS-000A-06H45,Computer Systems,Laptops / Notebooks,8,DELL,"Dell G7 Notebook, 15.6"" FHD Display, Intel Core i7-8750H Upto 4.1GHz, 16GB RAM, 128GB SSD + 1TB HDD, NVIDIA GeForce GTX 1060, HDMI, Thunderbolt, Card Reader, Wi-Fi, Bluetooth, Windows 10 Home",Free Expedited Shipping,1099.99,0.0,https://www.newegg.com/black-dell-g7/p/1TS-000A-06H45?Item=9SIAEYAAD56717,//c1.neweggimages.com/ProductImageCompressAll300/AEYA_1_201910112085246420.jpg
21,1TS-000D-06791,Computer Systems,Laptops / Notebooks,8,HP,"HP ProBook 440 G6 Notebook, 14"" FHD Display, Intel Core i7-8565U Upto 4.6GHz, 16GB RAM, 128GB NVMe SSD, HDMI, Card Reader, Wi-Fi, Bluetooth, Windows 10 Pro",Free Expedited Shipping,1299.99,0.0,https://www.newegg.com/silver-hp-probook-440-g6/p/1TS-000D-06791?Item=9SIAA0SA6V6306,//c1.neweggimages.com/ProductImageCompressAll300/AA0S_1_201909181231134276.jpg
22,1TS-002F-002Z6,Computer Systems,Laptops / Notebooks,8,GIGABYTE,"GIGABYTE Aorus 5 Notebook, 15.6"" FHD Display, Intel Core i7-9750H Upto 4.5GHz, 16GB RAM, 256GB NVMe SSD, NVIDIA GeForce GTX 1650, HDMI, Card Reader, Wi-Fi, Bluetooth, Windows 10 Pro",Free Expedited Shipping,1269.99,0.0,https://www.newegg.com/charcoal-gray-gigabyte-aorus-5/p/1TS-002F-002Z6?Item=9SIAA0SAFY8718,//c1.neweggimages.com/ProductImageCompressAll300/AA0S_1_20191030899627129.jpg
23,1TS-000E-08537,Computer Systems,Laptops / Notebooks,8,Lenovo,"Lenovo Yoga 910 2-in-1 14"" FHD IPS Touch-Screen Ultrabook, Intel Core i7-7500U, 8GB DDR4 RAM, 256GB SSD, HDMI, Bluetooth, 802.11ac, Fingerprint Reader, Backlit Keyboard, No DVD -Windows10",,1093.42,0.0,https://www.newegg.com/p/1TS-000E-08537?Item=9SIA17P7JU4817,//c1.neweggimages.com/NeweggImage/ProductImageCompressAll300/V0SF_131643283048163469atdKr4NT9d.jpg
24,1TS-000A-038E9,Computer Systems,Laptops / Notebooks,8,DELL,"Dell G Series 15.6"" IPS Full HD Laptop, Intel 6-Core i7-8750H Upto 4.10GHz, 16GB DDR4, 256GB SSD, NVIDIA GeForce GTX 1060 Max Q 6GB, Thunderbolt 3, HDMI, Card Reader, Windows 10 Home",Free Expedited Shipping,1269.98,0.0,https://www.newegg.com/black-dell-g-series-7588-gaming-entertainment/p/1TS-000A-038E9?Item=9SIAEYA7YU2365,//c1.neweggimages.com/NeweggImage/ProductImageCompressAll300/AEYA_1_20190403351088422.jpg
25,1TS-000D-062U1,Computer Systems,Laptops / Notebooks,8,HP,"HP OMEN 15 Notebook, 15.6"" FHD Display, Intel Core i7-9750H Upto 4.5GHz, 16GB RAM, 256GB NVMe SSD, GeForce GTX 1660 Ti, HDMI, Mini DisplayPort, OMEN Mouse + Headset, Wi-Fi, BT, Windows 10 Home",Free Expedited Shipping,1439.99,0.0,https://www.newegg.com/black-hp-omen-15/p/1TS-000D-062U1?Item=9SIAA0SA6E4118,//c1.neweggimages.com/ProductImageCompressAll300/A4M5_1_201909161748732988.jpg
26,1TS-000A-038D6,Computer Systems,Laptops / Notebooks,8,DELL,"Dell G7 Series 15.6"" IPS Full HD Laptop, Intel 6-Core i7-8750H Upto 4.10GHz, 32GB DDR4, 128GB SSD, NVIDIA GeForce GTX 1060 Max Q 6GB, Thunderbolt 3, HDMI, Card Reader, Windows 10 Pro",Free Expedited Shipping,1439.99,0.0,https://www.newegg.com/black-dell-g-series-7588-gaming-amp-entertainment/p/1TS-000A-038D6?Item=9SIAA0S7YU2240,//c1.neweggimages.com/NeweggImage/ProductImageCompressAll300/AA0S_1_201904031317845281.jpg
27,1TS-002J-000C1,Computer Systems,Laptops / Notebooks,8,LG,"LG gram 15.6"" IPS Full HD Touchscreen Notebook Computer, Intel Core i7-8565U 1.80GHz, 16GB RAM, 256GB SSD, Windows 10 Home, Dark Silver",,1646.99,0.0,https://www.newegg.com/p/1TS-002J-000C1?Item=9SIA4P09A81658,//c1.neweggimages.com/NeweggImage/ProductImageCompressAll300/A4P0_1320352653390813769H27df284f.jpg
28,1TS-000E-0EUC8,Computer Systems,Laptops / Notebooks,8,Lenovo,"Lenovo ThinkPad T590 Laptop, 15.6"" FHD (1920 x 1080) Non-Touch, 8th Gen Intel Core i7-8565U, 8GB RAM, 128GB Gen3 x4 SSD, Win 10 Pro",,1279.00,0.0,https://www.newegg.com/lenovo-thinkpad-t590/p/1TS-000E-0EUC8?Item=9SIAGA59ZR3318,//c1.neweggimages.com/ProductImageCompressAll300/AGA5_1_201909051828118518.jpg
29,1TS-000A-06Y96,Computer Systems,Laptops / Notebooks,8,DELL,"Dell Inspiron 3000 Notebook, 15.6"" HD Display, Intel Core i7-8565U Upto 4.6GHz, 32GB RAM, 256GB NVMe SSD + 1TB HDD, HDMI, Card Reader, Wi-Fi, Bluetooth, Windows 10 Pro",Free Expedited Shipping,1199.99,0.0,https://www.newegg.com/black-textured-dell-inspiron-3000/p/1TS-000A-06Y96?Item=9SIAA0SAKC3260,//c1.neweggimages.com/ProductImageCompressAll300/AA0S_1_201911181898973026.jpg
30,,Computer Systems,Laptops / Notebooks,8,Lenovo,"Lenovo Legion Y7000P Notebook, 15.6"" FHD Display, Intel Core i7-8750H Upto 4.1GHz, 8GB RAM, 256GB NVMe SSD + 1TB HDD, NVIDIA GeForce GTX 1060, HDMI, Mini DisplayPort, Wi-Fi, Bluetooth, Windows 10 Home",Free Expedited Shipping,1748.49,0.0,https://www.newegg.com/steel-gray-lenovo-legion-y7000p/p/1TS-000E-0FD72?Item=9SIAEYAAKB4161,//c1.neweggimages.com/ProductImageCompressAll300/AEYA_1_20191118169381229.jpg
31,1TS-000A-038F9,Computer Systems,Laptops / Notebooks,8,DELL,"Dell G Series 15.6"" IPS Full HD Laptop, Intel 6-Core i7-8750H Upto 4.10GHz, 32GB DDR4, 256GB SSD, NVIDIA GeForce GTX 1060 Max Q 6GB, Thunderbolt 3, HDMI, Card Reader, Windows 10 Home",Free Expedited Shipping,1429.98,0.0,https://www.newegg.com/black-dell-g-series-7588-gaming-entertainment/p/1TS-000A-038F9?Item=9SIAEYA7YU2413,//c1.neweggimages.com/NeweggImage/ProductImageCompressAll300/AEYA_1_20190403351088422.jpg
32,1TS-000D-06799,Computer Systems,Laptops / Notebooks,8,HP,"HP ProBook 440 G6 Notebook, 14"" FHD Display, Intel Core i7-8565U Upto 4.6GHz, 32GB RAM, 128GB NVMe SSD, HDMI, Card Reader, Wi-Fi, Bluetooth, Windows 10 Pro",Free Expedited Shipping,1399.99,0.0,https://www.newegg.com/silver-hp-probook-440-g6/p/1TS-000D-06799?Item=9SIAA0SA6V6314,//c1.neweggimages.com/ProductImageCompressAll300/AA0S_1_201909182042244414.jpg
33,1TS-000A-038F0,Computer Systems,Laptops / Notebooks,8,DELL,"Dell G Series 15.6"" IPS Full HD Laptop, Intel 6-Core i7-8750H Upto 4.10GHz, 32GB DDR4, 240GB SSD, NVIDIA GeForce GTX 1060 Max Q 6GB, Thunderbolt 3, HDMI, Card Reader, Windows 10 Home",Free Expedited Shipping,1409.98,0.0,https://www.newegg.com/black-dell-g-series-7588-gaming-entertainment/p/1TS-000A-038F0?Item=9SIAEYA7YU2366,//c1.neweggimages.com/NeweggImage/ProductImageCompressAll300/AA0S_1_201904031317845281.jpg
34,1TS-000A-03V50,Computer Systems,Laptops / Notebooks,8,DELL,"Dell Alienware 15 R4 15.6"" IPS FHD Gaming Notebook, Intel 6-Core i7-8750H Upto 4.1GHz, 8GB DDR4, 256GB NVMe SSD, NVIDIA GeForce GTX 1060 6GB, ThunderBolt, Mini DisplayPort, Windows 10 Home",Free Expedited Shipping,1239.99,0.0,https://www.newegg.com/silver-dell-alienware-15-r4-gaming-notebook/p/1TS-000A-03V50?Item=9SIAA0S8H36790,//c1.neweggimages.com/ProductImageCompressAll300/AA0S_1_20181203621188024.jpg
35,,Computer Systems,Laptops / Notebooks,8,Lenovo,"Lenovo Legion Y7000P Notebook, 15.6"" FHD Display, Intel Core i7-8750H Upto 4.1GHz, 8GB RAM, 128GB NVMe SSD, NVIDIA GeForce GTX 1060, HDMI, Mini DisplayPort, Wi-Fi, Bluetooth, Windows 10 Pro",Free Expedited Shipping,1702.99,0.0,https://www.newegg.com/steel-gray-lenovo-legion-y7000p/p/1TS-000E-0FD38?Item=9SIAA0SAKB3845,//c1.neweggimages.com/ProductImageCompressAll300/AA0S_1_201911182097966328.jpg
