,item_number,general_category,product_category,page_number,brand,model_specifications,current_promotions,price,shipping,product_links,image_link
0,N82E16834235302,Computer Systems,Laptops / Notebooks,1,ASUS,"ASUS ZenBook 14 Ultra-Slim Laptop 14"" Full HD 4-Way NanoEdge Bezel, AMD R7 3700U CPU, 8 GB RAM, 512 GB PCIe SSD, NumberPad, Windows 10 - UM433DA-DH75, Icicle Silver","Save $20 w/ Win 10 Home Pro Upgrade combo purchase, limited offer",729.99,0.0,https://www.newegg.com/icicle-silver-asus-zenbook-um433da-dh75-mainstream/p/N82E16834235302,//c1.neweggimages.com/NeweggImage/ProductImageCompressAll300/34-235-302-V01.jpg
1,1TS-000X-00VT0,Computer Systems,Laptops / Notebooks,1,Acer America,"Acer Aspire 3 15.6"" - AMD Ryzen 7 2700U Quad-core (4 Core) 2.20 GHz - 8 GB DDR4 SDRAM - 256 GB SSD - Windows 10 Home 64-bit - 1920 x 1080 - A315-41-R14K - NX.GY9AA.014 - Obsidian Black",,636.99,2.99,https://www.newegg.com/obsidian-black-acer-aspire-3-a315-41-r14k-mainstream/p/1TS-000X-00VT0,//c1.neweggimages.com/NeweggImage/ProductImageCompressAll300/1TS-000X-00VT0-V13.jpg
2,2WC-0001-00233,Computer Systems,Laptops / Notebooks,1,HP,"HP Laptop ProBook 645 G4 (4LB42UT#ABA) AMD Ryzen 7 1st Gen 2700U (2.20 GHz) 8 GB Memory 256 GB PCIe NVMe SSD AMD Radeon RX Vega 10 14.0"" Windows 10 Pro 64-Bit",,799.00,0.0,https://www.newegg.com/hp-probook-645-g4-mainstream/p/2WC-0001-00233,//c1.neweggimages.com/NeweggImage/ProductImageCompressAll300/V112_1_20190327543337532.jpg
3,1TS-000D-07XU2,Computer Systems,Laptops / Notebooks,1,HP,"HP 15 Notebook, 15.6"" HD Touch Display, AMD Ryzen 7 3700U Upto 4.0GHz, 16GB RAM, 512GB NVMe SSD, Vega 10, HDMI, Card Reader, Wi-Fi, Bluetooth, Windows 10 Pro",Free Expedited Shipping,829.99,0.0,https://www.newegg.com/silver-hp-15/p/1TS-000D-07XU2,//c1.neweggimages.com/ProductImageCompressAll300/AA0S_1_201912231592104651.jpg
4,1TS-000D-07XX0,Computer Systems,Laptops / Notebooks,1,HP,"HP 15 Notebook, 15.6"" HD Touch Display, AMD Ryzen 7 3700U Upto 4.0GHz, 16GB RAM, 256GB NVMe SSD, Vega 10, HDMI, Card Reader, Wi-Fi, Bluetooth, Windows 10 Home",Free Expedited Shipping,649.99,0.0,https://www.newegg.com/silver-hp-15/p/1TS-000D-07XX0,//c1.neweggimages.com/ProductImageCompressAll300/V1VV_1_201912231887637038.jpg
5,1TS-000E-0DDH8,Computer Systems,Laptops / Notebooks,1,Lenovo,"Lenovo Laptop ThinkPad E595 20NF0012US AMD Ryzen 5 2nd Gen 3500U (2.10 GHz) 8 GB Memory 256 GB SSD AMD Radeon Vega 8 15.6"" Windows 10 Pro 64-bit",,672.99,0.0,https://www.newegg.com/black-lenovo-thinkpad-e595-20nf0012us-mainstream/p/1TS-000E-0DDH8,//c1.neweggimages.com/NeweggImage/ProductImageCompressAll300/ACVB_1_20190821936988709.jpg
6,1TS-001A-021N8,Computer Systems,Laptops / Notebooks,1,ASUS,"ASUS ZenBook 14 Ultra-Slim Laptop 14"" Full HD 4-Way NanoEdge Bezel, AMD R7 3700U CPU, 8 GB RAM, 1 TB PCIe SSD, NumberPad, Windows 10 - UM433DA-DH75, Icicle Silver",,1099.00,0.0,https://www.newegg.com/icicle-silver-asus-zenbook-um433da-dh75-mainstream/p/1TS-001A-021N8,//c1.neweggimages.com/NeweggImage/ProductImageCompressAll300/A7ABS200211AMMij.jpg
7,1TS-001A-02218,Computer Systems,Laptops / Notebooks,1,ASUS,"ASUS ZenBook 14 Ultra-Slim Laptop 14"" Full HD 4-Way NanoEdge Bezel, AMD R7 3700U CPU, 8 GB RAM, 512 GB PCIe SSD, NumberPad, Windows 10 - UM433DA-DH75, Icicle Silver",,949.00,0.0,https://www.newegg.com/icicle-silver-asus-zenbook-um433da-dh75-mainstream/p/1TS-001A-02218,//c1.neweggimages.com/NeweggImage/ProductImageCompressAll300/A7ABS200215s4FTo.jpg
8,1TS-001A-021P0,Computer Systems,Laptops / Notebooks,1,ASUS,"ASUS ZenBook 14 Ultra-Slim Laptop 14"" Full HD 4-Way NanoEdge Bezel, AMD R7 3700U CPU, 8 GB RAM, 1 TB PCIe SSD, NumberPad, Windows 10 Pro- UM433DA-DH75, Icicle Silver",,1249.00,0.0,https://www.newegg.com/icicle-silver-asus-zenbook-um433da-dh75-mainstream/p/1TS-001A-021P0,//c1.neweggimages.com/NeweggImage/ProductImageCompressAll300/A7ABS200211ePUOu.jpg
9,1TS-000D-07XU8,Computer Systems,Laptops / Notebooks,1,HP,"HP 15 Notebook, 15.6"" HD Touch Display, AMD Ryzen 7 3700U Upto 4.0GHz, 8GB RAM, 256GB NVMe SSD, Vega 10, HDMI, Card Reader, Wi-Fi, Bluetooth, Windows 10 Pro",Free Expedited Shipping,599.00,0.0,https://www.newegg.com/silver-hp-15/p/1TS-000D-07XU8,//c1.neweggimages.com/ProductImageCompressAll300/AA0S_1_201912231321062456.jpg
10,1TS-001A-021N9,Computer Systems,Laptops / Notebooks,1,ASUS,"ASUS ZenBook 14 Ultra-Slim Laptop 14"" Full HD 4-Way NanoEdge Bezel, AMD R7 3700U CPU, 8 GB RAM, 2 TB PCIe SSD, NumberPad, Windows 10 - UM433DA-DH75, Icicle Silver",,1299.00,0.0,https://www.newegg.com/icicle-silver-asus-zenbook-um433da-dh75-mainstream/p/1TS-001A-021N9,//c1.neweggimages.com/NeweggImage/ProductImageCompressAll300/A7ABS2002119Fp96.jpg
11,1TS-000X-00WU2,Computer Systems,Laptops / Notebooks,1,Acer America,"Acer - Nitro 5 15.6"" Laptop - AMD Ryzen 5 - 8GB Memory - AMD Radeon RX 560X - 1TB Hard Drive - Black Notebook PC Computer  AN515-42-R5ED",,729.99,0.0,https://www.newegg.com/black-acer-nitro-5-gaming-entertainment/p/1TS-000X-00WU2,//c1.neweggimages.com/NeweggImage/ProductImageCompressAll300/A8X5_131867479414670734nSdNgU11d0.jpg
12,1TS-001A-01U16,Computer Systems,Laptops / Notebooks,1,ASUS,"ASUS FX705DT 17.3"" Customized Gaming Laptop | AMD Ryzen 7 3750H Processor | 16GB RAM 500GB HDD | GeForce GTX 1650 4GB GDDR5 | RGB Backlit Keyboard | Windows 10 Black",,998.55,0.0,https://www.newegg.com/p/1TS-001A-01U16,//c1.neweggimages.com/ProductImageCompressAll300/AJZD_1_202001281913377908.jpg
13,1TS-006W-00064,Computer Systems,Laptops / Notebooks,1,HP,"HP - ENVY x360 2-in-1 15.6"" Touch-Screen Laptop - AMD Ryzen 5 - 8GB Memory - 256GB Solid State Drive - Sandblasted Anodized Finish, Nightfall Black
15M-DS0011DX Tablet Notebook",,839.99,0.0,https://www.newegg.com/black-hp-envy-x360-everyday-value/p/1TS-006W-00064,//c1.neweggimages.com/NeweggImage/ProductImageCompressAll300/A8X5_132066384895265140RP26GGMq4l.jpg
14,1TS-000D-07XU3,Computer Systems,Laptops / Notebooks,1,HP,"HP 15 Notebook, 15.6"" HD Touch Display, AMD Ryzen 7 3700U Upto 4.0GHz, 12GB RAM, 512GB NVMe SSD, Vega 10, HDMI, Card Reader, Wi-Fi, Bluetooth, Windows 10 Pro",Free Expedited Shipping,749.00,0.0,https://www.newegg.com/silver-hp-15/p/1TS-000D-07XU3,//c1.neweggimages.com/ProductImageCompressAll300/AA0S_1_20191223917982911.jpg
15,1TS-001A-021P1,Computer Systems,Laptops / Notebooks,1,ASUS,"ASUS ZenBook 14 Ultra-Slim Laptop 14"" Full HD 4-Way NanoEdge Bezel, AMD R7 3700U CPU, 8 GB RAM, 2 TB PCIe SSD, NumberPad, Windows 10 Pro - UM433DA-DH75, Icicle Silver",,1449.00,0.0,https://www.newegg.com/icicle-silver-asus-zenbook-um433da-dh75-mainstream/p/1TS-001A-021P1,//c1.neweggimages.com/NeweggImage/ProductImageCompressAll300/A7ABS2002118oH6e.jpg
16,1TS-000D-07XU6,Computer Systems,Laptops / Notebooks,1,HP,"HP 15 Notebook, 15.6"" HD Touch Display, AMD Ryzen 7 3700U Upto 4.0GHz, 32GB RAM, 1TB NVMe SSD, Vega 10, HDMI, Card Reader, Wi-Fi, Bluetooth, Windows 10 Pro",Free Expedited Shipping,1429.99,0.0,https://www.newegg.com/silver-hp-15/p/1TS-000D-07XU6,//c1.neweggimages.com/ProductImageCompressAll300/AA0S_1_201912231506438013.jpg
17,1TS-000D-096P2,Computer Systems,Laptops / Notebooks,1,HP,"HP Pavilion 15 Powerful Horizon Blue Laptop with 15.6"" Full HD Display (1920 x 1080), AMD Ryzen 5 3500U, 8GB SDRAM, 1TB HDD + 128GB SSD, AMD Radeon Vega 8 Graphics, Windows 10 Home",,699.99,0.0,https://www.newegg.com/p/1TS-000D-096P2,//c1.neweggimages.com/NeweggImage/ProductImageCompressAll300/A9JAS200206iP3Hp.jpg
18,1TS-000E-0FAM1,Computer Systems,Laptops / Notebooks,1,Lenovo,"Lenovo IdeaPad 330s Notebook, 15.6"" HD Display, AMD Ryzen 5 2500U Upto 3.6GHz, 8GB RAM, 128GB NVMe SSD, Vega 8, HDMI, Card Reader, Wi-Fi, Bluetooth, Windows 10 Home",Free Expedited Shipping,504.99,0.0,https://www.newegg.com/natural-silver-lenovo-ideapad-330s/p/1TS-000E-0FAM1,//c1.neweggimages.com/ProductImageCompressAll300/V1VV_1_20191107398015459.jpg
19,1TS-000D-07XV1,Computer Systems,Laptops / Notebooks,1,HP,"HP 15 Notebook, 15.6"" HD Touch Display, AMD Ryzen 7 3700U Upto 4.0GHz, 16GB RAM, 1TB NVMe SSD, Vega 10, HDMI, Card Reader, Wi-Fi, Bluetooth, Windows 10 Pro",Free Expedited Shipping,899.00,0.0,https://www.newegg.com/silver-hp-15/p/1TS-000D-07XV1,//c1.neweggimages.com/ProductImageCompressAll300/AA0S_1_201912231190136038.jpg
20,1TS-000D-07XX2,Computer Systems,Laptops / Notebooks,1,HP,"HP 15 Notebook, 15.6"" HD Touch Display, AMD Ryzen 7 3700U up to 4.0 GHz, 12 GB RAM, 512 GB NVMe SSD, Vega 10, HDMI, Card Reader, Wi-Fi, Bluetooth, Windows 10 Home",Free Expedited Shipping,749.00,0.0,https://www.newegg.com/silver-hp-15/p/1TS-000D-07XX2,//c1.neweggimages.com/ProductImageCompressAll300/AEYA_1_201912231590138563.jpg
21,1TS-001A-01U86,Computer Systems,Laptops / Notebooks,1,ASUS,"ASUS FX705DT 17.3"" Customized Gaming Laptop | AMD Ryzen 7 3750H Processor | 32GB RAM 1024GB SSD 2TB HDD | GeForce GTX 1650 4GB GDDR5 | RGB Backlit Keyboard | Windows 10 Black",,1367.58,0.0,https://www.newegg.com/p/1TS-001A-01U86,//c1.neweggimages.com/ProductImageCompressAll300/AJZD_1_202001281913377908.jpg
22,1TS-001A-01U40,Computer Systems,Laptops / Notebooks,1,ASUS,"ASUS FX705DT 17.3"" Customized Gaming Laptop | AMD Ryzen 7 3750H Processor | 16GB RAM 512GB SSD | GeForce GTX 1650 4GB GDDR5 | RGB Backlit Keyboard | Windows 10 Black",,1056.44,0.0,https://www.newegg.com/p/1TS-001A-01U40,//c1.neweggimages.com/ProductImageCompressAll300/AJZD_1_202001281913377908.jpg
23,1TS-000D-07XU1,Computer Systems,Laptops / Notebooks,1,HP,"HP 15 Notebook, 15.6"" HD Touch Display, AMD Ryzen 7 3700U Upto 4.0GHz, 8GB RAM, 128GB NVMe SSD, Vega 10, HDMI, Card Reader, Wi-Fi, Bluetooth, Windows 10 Pro",Free Expedited Shipping,599.00,0.0,https://www.newegg.com/silver-hp-15/p/1TS-000D-07XU1,//c1.neweggimages.com/ProductImageCompressAll300/V0N6_1_20191223377423411.jpg
24,1TS-001A-01U84,Computer Systems,Laptops / Notebooks,1,ASUS,"ASUS FX705DT 17.3"" Customized Gaming Laptop | AMD Ryzen 7 3750H Processor | 32GB RAM 1024GB SSD 1TB HDD | GeForce GTX 1650 4GB GDDR5 | RGB Backlit Keyboard | Windows 10 Black",,1338.64,0.0,https://www.newegg.com/p/1TS-001A-01U84,//c1.neweggimages.com/ProductImageCompressAll300/AJZD_1_202001281913377908.jpg
25,1TS-001A-01U51,Computer Systems,Laptops / Notebooks,1,ASUS,"ASUS FX705DT 17.3"" Customized Gaming Laptop | AMD Ryzen 7 3750H Processor | 16GB RAM 1024GB SSD | GeForce GTX 1650 4GB GDDR5 | RGB Backlit Keyboard | Windows 10 Black",,1150.51,0.0,https://www.newegg.com/p/1TS-001A-01U51,//c1.neweggimages.com/ProductImageCompressAll300/AJZD_1_202001281913377908.jpg
26,1TS-001A-01U66,Computer Systems,Laptops / Notebooks,1,ASUS,"ASUS FX705DT 17.3"" Customized Gaming Laptop | AMD Ryzen 7 3750H Processor | 32GB RAM 512GB SSD 1TB HDD | GeForce GTX 1650 4GB GDDR5 | RGB Backlit Keyboard | Windows 10 Black",,1244.57,0.0,https://www.newegg.com/p/1TS-001A-01U66,//c1.neweggimages.com/ProductImageCompressAll300/AJZD_1_202001281913377908.jpg
27,1TS-000A-04P26,Computer Systems,Laptops / Notebooks,1,DELL,"Dell Inspiron 5575 15.6"" FHD Notebook, AMD Quad-Core Ryzen 7 2700U Upto 3.8GHz, 32GB RAM, 1TB NVMe SSD + 1TB HDD, Radeon Vega 10, HDMI, Card Reader, LAN, Wi-Fi, Bluetooth, Windows 10 Pro",Free Expedited Shipping,1377.99,0.0,https://www.newegg.com/silver-dell-inspiron-5575-creating-designing/p/1TS-000A-04P26,//c1.neweggimages.com/ProductImageCompressAll300/AA0S_1_201905231282217582.jpg
28,1TS-000D-04DU8,Computer Systems,Laptops / Notebooks,1,HP,"HP ENVY x360 - 15z Home and Business Laptop (AMD Ryzen 7 3700U 4-Core, 16GB RAM, 512GB  PCIe SSD, 15.6"" Touch  Full HD (1920x1080), AMD Vega 10, Fingerprint, Wifi, Bluetooth, Webcam, Win 10 Home)",,1378.80,0.0,https://www.newegg.com/p/1TS-000D-04DU8,//c1.neweggimages.com/ProductImageCompressAll300/V0F3_1_20190612637570189.jpg
29,1TS-001A-01U64,Computer Systems,Laptops / Notebooks,1,ASUS,"ASUS FX705DT 17.3"" Customized Gaming Laptop | AMD Ryzen 7 3750H Processor | 16GB RAM 1024GB SSD 2TB HDD | GeForce GTX 1650 4GB GDDR5 | RGB Backlit Keyboard | Windows 10 Black",,1222.87,0.0,https://www.newegg.com/p/1TS-001A-01U64,//c1.neweggimages.com/ProductImageCompressAll300/AJZD_1_202001281913377908.jpg
30,1TS-000A-03TY3,Computer Systems,Laptops / Notebooks,1,DELL,"Dell Inspiron 7000 2 in 1 13.3"" FHD Notebook, AMD Quad-Core Ryzen 5 2500U Upto 3.6GHz, 8GB DDR4, 256GB SSD, AMD Radeon Vega 8, HDMI, Card Reader, Wi-Fi, Bluetooth, USB, Windows 10 Pro 64Bit",,738.97,0.0,https://www.newegg.com/silver-dell-inspiron-everyday-value/p/1TS-000A-03TY3,//c1.neweggimages.com/NeweggImage/ProductImageCompressAll300/AKKBS200402z0Wnp.jpg
31,1TS-000E-0FAH0,Computer Systems,Laptops / Notebooks,1,Lenovo,"Lenovo IdeaPad 330s Notebook, 15.6"" HD Display, AMD Ryzen 5 2500U Upto 3.6GHz, 8GB RAM, 128GB NVMe SSD, Vega 8, HDMI, Card Reader, Wi-Fi, Bluetooth, Windows 10 Pro",Free Expedited Shipping,504.99,0.0,https://www.newegg.com/natural-silver-lenovo-ideapad-330s/p/1TS-000E-0FAH0,//c1.neweggimages.com/ProductImageCompressAll300/AA0S_1_20191107578138973.jpg
32,1TS-000E-0FAE7,Computer Systems,Laptops / Notebooks,1,Lenovo,"Lenovo IdeaPad 330s Notebook, 15.6"" HD Display, AMD Ryzen 5 2500U Upto 3.6GHz, 20GB RAM, 256GB NVMe SSD, Vega 8, HDMI, Card Reader, Wi-Fi, Bluetooth, Windows 10 Pro",Free Expedited Shipping,745.99,0.0,https://www.newegg.com/natural-silver-lenovo-ideapad-330s/p/1TS-000E-0FAE7,//c1.neweggimages.com/ProductImageCompressAll300/AA0S_1_201911071509759320.jpg
33,1TS-000D-07XW7,Computer Systems,Laptops / Notebooks,1,HP,"HP 15 Notebook, 15.6"" HD Touch Display, AMD Ryzen 7 3700U Upto 4.0GHz, 32GB RAM, 1TB NVMe SSD, Vega 10, HDMI, Card Reader, Wi-Fi, Bluetooth, Windows 10 Home",Free Expedited Shipping,1429.99,0.0,https://www.newegg.com/silver-hp-15/p/1TS-000D-07XW7,//c1.neweggimages.com/ProductImageCompressAll300/AEYA_1_201912231024761653.jpg
34,1TS-000E-0FAF2,Computer Systems,Laptops / Notebooks,1,Lenovo,"Lenovo IdeaPad 330s Notebook, 15.6"" HD Display, AMD Ryzen 5 2500U Upto 3.6GHz, 12GB RAM, 512GB NVMe SSD, Vega 8, HDMI, Card Reader, Wi-Fi, Bluetooth, Windows 10 Pro",Free Expedited Shipping,732.99,0.0,https://www.newegg.com/natural-silver-lenovo-ideapad-330s/p/1TS-000E-0FAF2,//c1.neweggimages.com/ProductImageCompressAll300/AA0S_1_20191107860315826.jpg
35,1TS-000D-07XV4,Computer Systems,Laptops / Notebooks,1,HP,"HP 15 Notebook, 15.6"" HD Touch Display, AMD Ryzen 7 3700U Upto 4.0GHz, 12GB RAM, 256GB NVMe SSD, Vega 10, HDMI, Card Reader, Wi-Fi, Bluetooth, Windows 10 Pro",Free Expedited Shipping,699.00,0.0,https://www.newegg.com/silver-hp-15/p/1TS-000D-07XV4,//c1.neweggimages.com/ProductImageCompressAll300/AA0S_1_20191223382086982.jpg
