,item_number,general_category,product_category,page_number,brand,model_specifications,current_promotions,price,shipping,product_links,image_link
0,1TS-000D-089C6,Computer Systems,Laptops / Notebooks,15,HP,"HP 17 Notebook, 17.3"" HD+ Display, AMD Ryzen 7 3700U Upto 4.0GHz, 32GB RAM, 2TB SSD, Vega 10, DVDRW, HDMI, Card Reader, Wi-Fi, Bluetooth, Windows 10 Pro",Free Expedited Shipping,1629.99,0.0,https://www.newegg.com/black-textured-hp-17/p/1TS-000D-089C6,//c1.neweggimages.com/ProductImageCompressAll300/AA0S_1_20200204865296930.jpg
1,1TS-000D-089F2,Computer Systems,Laptops / Notebooks,15,HP,"HP 17 Notebook, 17.3"" HD+ Display, AMD Ryzen 7 3700U Upto 4.0GHz, 32GB RAM, 256GB NVMe SSD + 1TB HDD, Vega 10, DVDRW, HDMI, Card Reader, Wi-Fi, Bluetooth, Windows 10 Home",Free Expedited Shipping,1199.99,0.0,https://www.newegg.com/black-textured-hp-17/p/1TS-000D-089F2,//c1.neweggimages.com/ProductImageCompressAll300/AEYA_1_202002042063965277.jpg
2,1TS-000D-089F4,Computer Systems,Laptops / Notebooks,15,HP,"HP 17 Notebook, 17.3"" HD+ Display, AMD Ryzen 7 3700U Upto 4.0GHz, 8GB RAM, 1TB NVMe SSD + 1TB HDD, Vega 10, DVDRW, HDMI, Card Reader, Wi-Fi, Bluetooth, Windows 10 Home",Free Expedited Shipping,1129.99,0.0,https://www.newegg.com/black-textured-hp-17/p/1TS-000D-089F4,//c1.neweggimages.com/ProductImageCompressAll300/AEYA_1_202002041184876837.jpg
3,N82E16834235285,Computer Systems,Laptops / Notebooks,15,ASUS,"ASUS ZenBook 14 Ultra-Slim Laptop 14"" Full HD 4-Way NanoEdge Bezel, AMD R7 3700U CPU, 16 GB DDR4, 1 TB PCIe SSD, Windows 10 Pro - UM433DA-NH74, Icicle Silver",,899.99,0.0,https://www.newegg.com/icicle-silver-asus-zenbook-um433da-nh74-mainstream/p/N82E16834235285,//c1.neweggimages.com/NeweggImage/ProductImageCompressAll300/34-235-285-V19.jpg
4,1TS-001A-00J18,Computer Systems,Laptops / Notebooks,15,ASUS,"ASUS - 15.6"" Gaming Laptop - AMD Ryzen 7 - 16GB Memory - NVIDIA GeForce GTX 1660 Ti Max-Q - 512GB Solid State Drive - Metalic Hairline Black Notebook PC Computer GA502DU-BR7N6",,1149.99,0.0,https://www.newegg.com/black-asus-ga502d-gaming-entertainment/p/1TS-001A-00J18,//c1.neweggimages.com/NeweggImage/ProductImageCompressAll300/A8X5_132027963884381429WLMcMlBE2M.jpg
5,1TS-000E-0DAN6,Computer Systems,Laptops / Notebooks,15,Lenovo,"Lenovo Laptop IdeaPad L340 81LY000FUS AMD Ryzen 5 3500U (2.10 GHz) 8 GB Memory 1 TB HDD AMD Radeon Vega 8 17.3"" 1366 x 768 Windows 10 Home 64-bit",,651.34,0.0,https://www.newegg.com/platinum-grey-lenovo-ideapad-l340-81ly000fus-mainstream/p/1TS-000E-0DAN6,//c1.neweggimages.com/ProductImageCompressAll300/1TS-000E-0DAN6-V09.jpg
6,2WC-000J-00761,Computer Systems,Laptops / Notebooks,15,Lenovo,"Lenovo V330-14ARR AMD Ryzen 5 2500U (2.00 GHz) 8 GB Memory 256 GB SSD AMD Radeon Vega 8 14.0"" Windows 10 Pro 64-bit Laptop 81B1001GUS",,619.99,0.0,https://www.newegg.com/iron-gray-lenovo-ideapad-v330-14arr-81b1001gus-mainstream/p/2WC-000J-00761,//c1.neweggimages.com/ProductImageCompressAll300/2WC-000J-00761-V08.jpg
7,0GA-002N-00876,Computer Systems,Laptops / Notebooks,15,DELL,"Dell Inspiron 15 5585 Laptop 15.6"" AMD Ryzen 7 3700U AMD Radeon RX Vega 10 512GB SSD 16GB RAM",,1591.98,0.0,https://www.newegg.com/p/0GA-002N-00876,//c1.neweggimages.com/ProductImageCompressAll300/ADYY_1_20190624889316735.jpg
8,1XV-0001-00NK7,Computer Systems,Laptops / Notebooks,15,Lenovo,"Lenovo IdeaPad S340 15"", 15.6"" FHD, Integrated AMD Radeon™ Vega 8 Graphics, 5 3500U Processor, 8 GB DDR4 2400MHz (4 GB Onboard + 4 GB DIMM) RAM, 256GB SSD PCIe, Win 10 Home 64",,709.99,0.0,https://www.newegg.com/lenovo-81nc001aus/p/1XV-0001-00NK7,//c1.neweggimages.com/NeweggImage/ProductImageCompressAll300/AHRC_1_201909132047176235.jpg
9,N82E16834847993,Computer Systems,Laptops / Notebooks,15,Lenovo,"Lenovo Laptop IdeaPad S540 81NH0019US AMD Ryzen 7 2nd Gen 3700U (2.30 GHz) 12 GB Memory 512 GB SSD AMD Radeon RX Vega 10 14.0"" Windows 10 Home 64-bit",,920.14,0.0,https://www.newegg.com/mineral-grey-lenovo-ideapad-s540-81nh0019us-mainstream/p/N82E16834847993,//c1.neweggimages.com/NeweggImage/ProductImageCompressAll300/34-847-993-V19.jpg
10,N82E16834316439,Computer Systems,Laptops / Notebooks,15,Acer America,"Acer Laptop A315-41-R28F AMD Ryzen 5 2500U (2.00 GHz) 8 GB Memory 1 TB HDD AMD Radeon Vega 8 15.6"" Windows 10 Home 64-Bit",,685.99,0.0,https://www.newegg.com/acer-a315-41-r28f/p/N82E16834316439,//c1.neweggimages.com/NeweggImage/ProductImageCompressAll300/34-316-439-V08.jpg
11,N82E16834850836,Computer Systems,Laptops / Notebooks,15,Lenovo,"Lenovo Laptop IdeaPad 530s (81H1000SUS) AMD Ryzen 5 1st Gen 2500U (2.00 GHz) 8 GB Memory 256 GB PCIe SSD AMD Radeon Vega 8 14.0"" Windows 10 Home 64-Bit",,769.00,0.0,https://www.newegg.com/onyx-black-lenovo-ideapad-530s-mainstream/p/N82E16834850836,//c1.neweggimages.com/ProductImageCompressAll300/34-850-836-Z01.jpg
12,1TS-000A-04P22,Computer Systems,Laptops / Notebooks,15,DELL,"Dell Inspiron 5575 15.6"" FHD Notebook, AMD Quad-Core Ryzen 7 2700U Upto 3.8GHz, 16GB RAM, 2TB SSD, Radeon Vega 10, HDMI, Card Reader, LAN, Wi-Fi, Bluetooth, Windows 10 Pro",Free Expedited Shipping,1377.99,0.0,https://www.newegg.com/silver-dell-inspiron-5575-creating-designing/p/1TS-000A-04P22,//c1.neweggimages.com/ProductImageCompressAll300/AA0S_1_201905231282217582.jpg
13,N82E16834270989,Computer Systems,Laptops / Notebooks,15,HP,"HP Laptop ProBook 445 G6 (6KJ26UT#ABA) AMD Ryzen 7 1st Gen 2700U (2.20 GHz) 16 GB Memory 512 GB SSD AMD Radeon Vega 10 14.0"" Windows 10 Pro 64-bit",,1095.82,0.0,https://www.newegg.com/silver-hp-probook-445-g6-mainstream/p/N82E16834270989,//c1.neweggimages.com/ProductImageCompressAll300/A24G_1_20190306820040026.jpg
14,N82E16834847843,Computer Systems,Laptops / Notebooks,15,Lenovo,"Lenovo Laptop IdeaPad S340 81NC001GUS AMD Ryzen 7 2nd Gen 3700U (2.30 GHz) 8 GB Memory 256 GB SSD AMD Radeon RX Vega 10 15.6"" Windows 10 Home 64-bit",,806.37,0.0,https://www.newegg.com/platinum-grey-lenovo-ideapad-s340-81nc001gus-mainstream/p/N82E16834847843,//c1.neweggimages.com/ProductImageCompressAll300/34-847-843-V25.jpg
15,2WC-0001-00232,Computer Systems,Laptops / Notebooks,15,HP,"HP Laptop ProBook 645 G4 (4LC09UT#ABA) AMD Ryzen 5 1st Gen 2500U (2.00 GHz) 8 GB Memory 256 GB PCIe NVMe SSD AMD Radeon Vega 8 14.0"" Windows 10 Pro 64-Bit",,1431.99,0.0,https://www.newegg.com/hp-probook-645-g4-mainstream/p/2WC-0001-00232,//c1.neweggimages.com/NeweggImage/ProductImageCompressAll300/A24G_1_20180615909048932.jpg
16,1TS-000E-0EDK0,Computer Systems,Laptops / Notebooks,15,Lenovo,"Lenovo ThinkPad T495s 14"" Laptop R7-3700U 16GB 512GB SSD W10P Radeon RX Vega 10",,1795.91,0.0,https://www.newegg.com/p/1TS-000E-0EDK0,//c1.neweggimages.com/ProductImageCompressAll300/A98Y_1_201907311987659676.jpg
17,1TS-000D-02RC0,Computer Systems,Laptops / Notebooks,15,HP,"HP ProBook 645 G4 14"" LCD Notebook - AMD Ryzen 7 2700U Quad-core (4 Core) 2.20 GHz - 8 GB DDR4 SDRAM - 500 GB HDD - Windows 10 Pro 64-bit - 1366 x 768 - Natural Silver - AMD Radeon RX Vega 10 Gra",,675.92,18.50,https://www.newegg.com/p/1TS-000D-02RC0,//c1.neweggimages.com/ProductImageCompressAll300/A24G_1_20180630596074717.jpg
18,1TS-000X-00V29,Computer Systems,Laptops / Notebooks,15,Acer America,"Acer Swift 3 SF315-41G-R6MP 15.6"" LCD Notebook - AMD Ryzen 7 2700U Quad-core (4 Core) 2.20 GHz - 8 GB DDR4 SDRAM - 256 GB SSD - Windows 10 Home 64-bit",,1052.00,0.0,https://www.newegg.com/steel-gray-acer-swift-3-sf315-41g-r6mp-mainstream/p/1TS-000X-00V29,//c1.neweggimages.com/ProductImageCompressAll300/A686_131884084558819221oKLvIGxCi0.jpg
19,1TS-000D-05F72,Computer Systems,Laptops / Notebooks,15,HP,"HP ProBook 445R G6 14"" Notebook - 1920 x 1080 - Ryzen 7 3700U - 16 GB RAM - 512 GB SSD - Pike Silver Aluminum",,1658.99,0.0,https://www.newegg.com/p/1TS-000D-05F72,//c1.neweggimages.com/ProductImageCompressAll300/A98Y_1_201908191165981164.jpg
20,2WC-0001-00KH5,Computer Systems,Laptops / Notebooks,15,HP,"HP EliteBook 735 G6 13.3"" Laptop R7 Pro 3700U 8GB 256GB SSD W10P Radeon Vega 10",,1240.63,0.0,https://www.newegg.com/p/2WC-0001-00KH5,//c1.neweggimages.com/ProductImageCompressAll300/A6ZP_1_202004171268606482.jpg
21,1TS-000E-0DDK6,Computer Systems,Laptops / Notebooks,15,Lenovo,"Lenovo Flex 14 2-in-1 Convertible Laptop, 14 Inch FHD (1920 X 1080) Touchscreen Display, AMD Ryzen 5 3500U Processor, Radeon Vega 8 Graphics, 8GB DDR4 RAM, 256GB NVMe SSD, Win 10, Black, Pen Included",,1053.00,0.0,https://www.newegg.com/black-lenovo-flex-14-everyday-value/p/1TS-000E-0DDK6,//c1.neweggimages.com/ProductImageCompressAll300/A8X5_1320140460648426534yT9iwJGCo.jpg
22,1TS-000E-0FAJ4,Computer Systems,Laptops / Notebooks,15,Lenovo,"Lenovo IdeaPad 330s Notebook, 15.6"" HD Display, AMD Ryzen 5 2500U Upto 3.6GHz, 20GB RAM, 2TB NVMe SSD, Vega 8, HDMI, Card Reader, Wi-Fi, Bluetooth, Windows 10 Home",Free Expedited Shipping,979.99,0.0,https://www.newegg.com/natural-silver-lenovo-ideapad-330s/p/1TS-000E-0FAJ4,//c1.neweggimages.com/ProductImageCompressAll300/AEYA_1_201911071538500829.jpg
23,1TS-000A-04P17,Computer Systems,Laptops / Notebooks,15,DELL,"Dell Inspiron 5575 15.6"" FHD Notebook, AMD Quad-Core Ryzen 7 2700U Upto 3.8GHz, 16GB RAM, 128GB SSD, Radeon Vega 10, HDMI, Card Reader, LAN, Wi-Fi, Bluetooth, Windows 10 Pro",Free Expedited Shipping,948.99,0.0,https://www.newegg.com/silver-dell-inspiron-5575-creating-designing/p/1TS-000A-04P17,//c1.neweggimages.com/ProductImageCompressAll300/AA0S_1_201905231282217582.jpg
24,1TS-000A-04P39,Computer Systems,Laptops / Notebooks,15,DELL,"Dell Inspiron 5575 15.6"" FHD Notebook, AMD Quad-Core Ryzen 7 2700U Upto 3.8GHz, 8GB RAM, 256GB SSD, Radeon Vega 10, HDMI, Card Reader, LAN, Wi-Fi, Bluetooth, Windows 10 Pro",Free Expedited Shipping,844.99,0.0,https://www.newegg.com/silver-dell-inspiron-5575-creating-designing/p/1TS-000A-04P39,//c1.neweggimages.com/ProductImageCompressAll300/AA0S_1_201905231282217582.jpg
25,1TS-000A-04P61,Computer Systems,Laptops / Notebooks,15,DELL,"Dell Inspiron 5575 15.6"" FHD Notebook, AMD Quad-Core Ryzen 7 2700U Upto 3.8GHz, 32GB RAM, 128GB NVMe SSD + 1TB HDD, Radeon Vega 10, HDMI, Card Reader, LAN, Wi-Fi, Bluetooth, Windows 10 Home",Free Expedited Shipping,1117.99,0.0,https://www.newegg.com/silver-dell-inspiron-5575-creating-designing/p/1TS-000A-04P61,//c1.neweggimages.com/ProductImageCompressAll300/AA0S_1_201905231432136847.jpg
26,1TS-000D-07XU4,Computer Systems,Laptops / Notebooks,15,HP,"HP 15 Notebook, 15.6"" HD Touch Display, AMD Ryzen 7 3700U Upto 4.0GHz, 12GB RAM, 1TB NVMe SSD, Vega 10, HDMI, Card Reader, Wi-Fi, Bluetooth, Windows 10 Pro",Free Expedited Shipping,889.99,0.0,https://www.newegg.com/silver-hp-15/p/1TS-000D-07XU4,//c1.neweggimages.com/ProductImageCompressAll300/AA0S_1_201912231072665360.jpg
27,1TS-000A-04P75,Computer Systems,Laptops / Notebooks,15,DELL,"Dell Inspiron 5575 15.6"" FHD Notebook, AMD Quad-Core Ryzen 7 2700U Upto 3.8GHz, 8GB RAM, 2TB SSD, Radeon Vega 10, HDMI, Card Reader, LAN, Wi-Fi, Bluetooth, Windows 10 Home",Free Expedited Shipping,1286.99,0.0,https://www.newegg.com/silver-dell-inspiron-5575-creating-designing/p/1TS-000A-04P75,//c1.neweggimages.com/ProductImageCompressAll300/AA0S_1_201905231432136847.jpg
28,1TS-000D-07XV0,Computer Systems,Laptops / Notebooks,15,HP,"HP 15 Notebook, 15.6"" HD Touch Display, AMD Ryzen 7 3700U Upto 4.0GHz, 32GB RAM, 256GB NVMe SSD, Vega 10, HDMI, Card Reader, Wi-Fi, Bluetooth, Windows 10 Pro",Free Expedited Shipping,999.99,0.0,https://www.newegg.com/silver-hp-15/p/1TS-000D-07XV0,//c1.neweggimages.com/ProductImageCompressAll300/AA0S_1_201912231001841431.jpg
29,1TS-000D-07XU5,Computer Systems,Laptops / Notebooks,15,HP,"HP 15 Notebook, 15.6"" HD Touch Display, AMD Ryzen 7 3700U Upto 4.0GHz, 8GB RAM, 1TB NVMe SSD, Vega 10, HDMI, Card Reader, Wi-Fi, Bluetooth, Windows 10 Pro",Free Expedited Shipping,829.99,0.0,https://www.newegg.com/silver-hp-15/p/1TS-000D-07XU5,//c1.neweggimages.com/ProductImageCompressAll300/AA0S_1_201912231592780801.jpg
30,1TS-000A-04P54,Computer Systems,Laptops / Notebooks,15,DELL,"Dell Inspiron 5575 15.6"" FHD Notebook, AMD Quad-Core Ryzen 7 2700U Upto 3.8GHz, 16GB RAM, 1TB NVMe SSD + 1TB HDD, Radeon Vega 10, HDMI, Card Reader, LAN, Wi-Fi, Bluetooth, Windows 10 Home",Free Expedited Shipping,1234.99,0.0,https://www.newegg.com/silver-dell-inspiron-5575-creating-designing/p/1TS-000A-04P54,//c1.neweggimages.com/ProductImageCompressAll300/AA0S_1_201905231432136847.jpg
31,1TS-000D-05J34,Computer Systems,Laptops / Notebooks,15,HP,"HP ENVY x360 - 15z Home and Business Laptop (AMD Ryzen 5 3500U 4-Core, 64GB RAM, 512GB m.2 SATA SSD, 15.6"" Touch  Full HD (1920x1080), AMD Vega 8, Win 10 Home) with HP Z5000 Mouse , ME2 Backpack",,1954.80,0.0,https://www.newegg.com/p/1TS-000D-05J34,//c1.neweggimages.com/ProductImageCompressAll300/V0F3_1_20190827164422094.jpg
32,1TS-000A-04P73,Computer Systems,Laptops / Notebooks,15,DELL,"Dell Inspiron 5575 15.6"" FHD Notebook, AMD Quad-Core Ryzen 7 2700U Upto 3.8GHz, 8GB RAM, 256GB SSD, Radeon Vega 10, HDMI, Card Reader, LAN, Wi-Fi, Bluetooth, Windows 10 Home",Free Expedited Shipping,890.49,0.0,https://www.newegg.com/silver-dell-inspiron-5575-creating-designing/p/1TS-000A-04P73,//c1.neweggimages.com/ProductImageCompressAll300/AA0S_1_201905231432136847.jpg
33,1TS-000E-0FAF3,Computer Systems,Laptops / Notebooks,15,Lenovo,"Lenovo IdeaPad 330s Notebook, 15.6"" HD Display, AMD Ryzen 5 2500U Upto 3.6GHz, 20GB RAM, 2TB NVMe SSD, Vega 8, HDMI, Card Reader, Wi-Fi, Bluetooth, Windows 10 Pro",Free Expedited Shipping,1005.99,0.0,https://www.newegg.com/natural-silver-lenovo-ideapad-330s/p/1TS-000E-0FAF3,//c1.neweggimages.com/ProductImageCompressAll300/AA0S_1_20191107641478372.jpg
34,1TS-000A-04P40,Computer Systems,Laptops / Notebooks,15,DELL,"Dell Inspiron 5575 15.6"" FHD Notebook, AMD Quad-Core Ryzen 7 2700U Upto 3.8GHz, 8GB RAM, 2TB SSD, Radeon Vega 10, HDMI, Card Reader, LAN, Wi-Fi, Bluetooth, Windows 10 Pro",Free Expedited Shipping,1319.49,0.0,https://www.newegg.com/silver-dell-inspiron-5575-creating-designing/p/1TS-000A-04P40,//c1.neweggimages.com/ProductImageCompressAll300/AA0S_1_201905231282217582.jpg
35,1TS-000E-0CYH4,Computer Systems,Laptops / Notebooks,15,Lenovo,"Lenovo IdeaPad 720s Notebook, 13.3"" IPS FHD, AMD Quad-Core Ryzen 7 2700U Upto 3.8GHz, 8GB RAM, 1TB NVMe SSD, Wi-Fi, Bluetooth, Windows 10 Pro",Free Expedited Shipping,959.99,0.0,https://www.newegg.com/silver-lenovo-ideapad-720s-notebook/p/1TS-000E-0CYH4,//c1.neweggimages.com/ProductImageCompressAll300/AA0S_1_20190220983698749.jpg
