,item_number,general_category,product_category,page_number,brand,model_specifications,current_promotions,price,shipping,product_links,image_link
0,1TS-000E-0J0F8,Computer Systems,Laptops / Notebooks,5,Lenovo,"Lenovo Legion Y540 15.6"" Customized Gaming Laptop | Hexa Core Intel i7-9750H Mobile Processor | 12GB RAM 128GB SSD 500GB HDD |GeForce GTX 1650 4GB GDDR5 | Backlit Keyboard | Windows 10 Black",,1112.52,0.0,https://www.newegg.com/p/1TS-000E-0J0F8?Item=9SIAJZDB6K7150,//c1.neweggimages.com/ProductImageCompressAll300/AJZD_1_20200316596143060.jpg
1,1TS-000X-01TD2,Computer Systems,Laptops / Notebooks,5,Acer America,"Acer Nitro 7 15.6"" Customized Gaming Laptop | 15.6"" FHD IPS Display | Intel Hexa Core i7-9750H | 32GB RAM 128GB SSD 1TB HDD | GeForce GTX 1650 4GB GDDR5 | Backlit Keyboard | Windows 10 Black",,1194.33,0.0,https://www.newegg.com/p/1TS-000X-01TD2?Item=9SIAJZDAZB0076,//c1.neweggimages.com/ProductImageCompressAll300/AJZD_1_202001291051814696.jpg
2,1TS-000X-01TS9,Computer Systems,Laptops / Notebooks,5,Acer America,"Acer Aspire 5 Notebook, 14"" FHD Display, Intel Core i7-8565U Upto 4.6GHz, 20GB RAM, 256GB NVMe SSD, HDMI, Wi-Fi, Bluetooth, Windows 10 Home",Free Expedited Shipping,1179.99,0.0,https://www.newegg.com/dark-gray-acer-aspire-5/p/1TS-000X-01TS9?Item=9SIAEYAAZC1595,//c1.neweggimages.com/ProductImageCompressAll300/AEYA_1_202001301262275661.jpg
3,1TS-000D-09JD7,Computer Systems,Laptops / Notebooks,5,HP,"HP ProBook 650 G4 Notebook, 15.6"" FHD Display, Intel Core i7-8550U Upto 4.0GHz, 16GB RAM, 256GB NVMe SSD, DVDRW, HDMI, VGA, DisplayPort via USB-C, Wi-Fi, Bluetooth, Windows 10 Pro",Free Expedited Shipping,1139.99,0.0,https://www.newegg.com/silver-hp-probook-650-g4/p/1TS-000D-09JD7?Item=9SIAA0SB8F1104,//c1.neweggimages.com/ProductImageCompressAll300/AA0S_1_20200408829794534.jpg
4,1TS-000A-08NW5,Computer Systems,Laptops / Notebooks,5,DELL,"Dell Inspiron i3583 i7 Home and Business Laptop (Intel i7-8565U 4-Core, 32GB RAM, 128GB PCIe SSD + 1TB  HDD, 15.6"" HD (1366x768), Intel UHD 620, Wifi, Bluetooth, Webcam, 2xUSB 3.1, Win 10 Home)",,1049.00,0.0,https://www.newegg.com/p/1TS-000A-08NW5?Item=9SIA7ABB1G5685,//c1.neweggimages.com/ProductImageCompressAll300/V0F3_1_20200201294478374.jpg
5,1TS-000X-01TE8,Computer Systems,Laptops / Notebooks,5,Acer America,"Acer Nitro 7 15.6"" Customized Gaming Laptop | 15.6"" FHD IPS Display | Intel Hexa Core i7-9750H | 12GB RAM 256GB SSD 500GB HDD | GeForce GTX 1650 4GB GDDR5 | Backlit Keyboard | Windows 10 Black",,1032.39,0.0,https://www.newegg.com/p/1TS-000X-01TE8?Item=9SIAJZDAZB0096,//c1.neweggimages.com/ProductImageCompressAll300/AJZD_1_202001291051814696.jpg
6,1TS-000A-0A285,Computer Systems,Laptops / Notebooks,5,DELL,"2020 Latest Premium Dell Inspiron 15 5000 5593 Business Laptop, 15.6"" FHD 1080p Touchscreen, 10th Gen Intel Core i7-10510U Your Choice Of RAM & SSD, MaxxAudio Pro Backlit Keyboard Win 10 Home",,1019.00,0.0,https://www.newegg.com/silver-dell-inspiron-5593-everyday-value/p/1TS-000A-0A285?Item=9SIAMRPB8M7639,//c1.neweggimages.com/ProductImageCompressAll300/AMRPS200408H41nx.jpg
7,N82E16834098539,Computer Systems,Laptops / Notebooks,5,Apple,"Used - Like New: Apple Laptop MacBook Pro MR932LL/A Intel Core i7 8th Gen 8750H (2.20 GHz) 16 GB Memory 256 GB SSD AMD Radeon Pro 555X 15.4"" macOS High Sierra",,null / out of stock,0.0,https://www.newegg.com/space-gray-apple-macbook-pro-mr932ll-a-mainstream/p/N82E16834098539?Item=9SIA22FB181733,//c1.neweggimages.com/ProductImageCompressAll300/34-098-539-V06.jpg
8,N82E16834100997,Computer Systems,Laptops / Notebooks,5,Apple,"Used - Like New: Apple Laptop MacBook Pro With Touch Bar MPTR2LL/A Intel Core i7 7th Gen 7700HQ (2.80 GHz) 16 GB Memory 256 GB SSD AMD Radeon Pro 555 15.4"" Mac OS X v10.12 Sierra",,null / out of stock,0.0,https://www.newegg.com/space-gray-apple-macbook-pro-with-touch-bar-mptr2ll-a-mainstream/p/N82E16834100997?Item=9SIA8HF8C57280,//c1.neweggimages.com/NeweggImage/ProductImageCompressAll300/34-100-997-S03.jpg
9,N82E16834944395,Computer Systems,Laptops / Notebooks,5,DELL,"Dell Latitude 5000 5591 15.6"" LCD Notebook - Intel Core i7 (8th Gen) i7-8850H Hexa-core (6 Core) 2.60 GHz - 8 GB DDR4 SDRAM - 256 GB SSD - Windows 10 Pro 64-bit (English/French/Spanish) - 1920 x 1080",,1906.97,18.50,https://www.newegg.com/p/N82E16834944395?Item=9SIAMG8ANM7951,//c1.neweggimages.com/ProductImageCompressAll300/A24G_1_20180719259721536.jpg
10,1TS-000D-015K8,Computer Systems,Laptops / Notebooks,5,HP,HP Laptop EliteBook 1040 G3 (V2W21UT#ABA) Intel Core i7 6th Gen 6600U (2.60 GHz) 8 GB Memory 256 GB SSD Intel HD Graphics 520 14.0” Windows 7 Professional 64-Bit (downgrade from Windows 10 Pro),,1764.99,0.0,https://www.newegg.com/hp-elitebook-1040-g3-mainstream/p/1TS-000D-015K8?Item=9SIA19PBB44011,//c1.neweggimages.com/ProductImageCompressAll300/V06W_1_201708282012970935.jpg
11,1TS-000A-05PG1,Computer Systems,Laptops / Notebooks,5,DELL,"Dell  G3 Notebook, 15.6"" FHD Display, Intel Core i7-8750H Upto 4.1GHz, 8GB RAM, 128GB NVMe SSD + 1TB HDD, NVIDIA GeForce GTX 1050 Ti, HDMI, Card Reader, Wi-Fi, Bluetooth, Windows 10 Home",Free Expedited Shipping,1209.00,0.0,https://www.newegg.com/black-dell-g3/p/1TS-000A-05PG1?Item=9SIAEYA9MZ9434,//c1.neweggimages.com/ProductImageCompressAll300/AEYA_1_201907161435632115.jpg
12,1TS-000A-05PD4,Computer Systems,Laptops / Notebooks,5,DELL,"Dell  G3 Notebook, 15.6"" FHD Display, Intel Core i7-8750H Upto 4.1GHz, 32GB RAM, 128GB NVMe SSD + 1TB HDD, NVIDIA GeForce GTX 1050 Ti, HDMI, Card Reader, Wi-Fi, Bluetooth, Windows 10 Pro",Free Expedited Shipping,1349.00,0.0,https://www.newegg.com/black-dell-g3/p/1TS-000A-05PD4?Item=9SIAA0S9MZ9209,//c1.neweggimages.com/ProductImageCompressAll300/V0HA_1_2019071695919789.jpg
13,1TS-000A-05PH2,Computer Systems,Laptops / Notebooks,5,DELL,"Dell  G3 Notebook, 15.6"" FHD Display, Intel Core i7-8750H Upto 4.1GHz, 16GB RAM, 256GB NVMe SSD + 1TB HDD, NVIDIA GeForce GTX 1050 Ti, HDMI, Card Reader, Wi-Fi, Bluetooth, Windows 10 Home",Free Expedited Shipping,1269.00,0.0,https://www.newegg.com/black-dell-g3/p/1TS-000A-05PH2?Item=9SIAEYA9MZ9445,//c1.neweggimages.com/ProductImageCompressAll300/AEYA_1_201907161939662265.jpg
14,1TS-000A-05PH7,Computer Systems,Laptops / Notebooks,5,DELL,"Dell  G3 Notebook, 15.6"" FHD Display, Intel Core i7-8750H Upto 4.1GHz, 8GB RAM, 256GB NVMe SSD + 1TB HDD, NVIDIA GeForce GTX 1050 Ti, HDMI, Card Reader, Wi-Fi, Bluetooth, Windows 10 Home",Free Expedited Shipping,1229.00,0.0,https://www.newegg.com/black-dell-g3/p/1TS-000A-05PH7?Item=9SIAEYA9MZ9450,//c1.neweggimages.com/ProductImageCompressAll300/AEYA_1_201907161988007390.jpg
15,1TS-000A-05PC8,Computer Systems,Laptops / Notebooks,5,DELL,"Dell  G3 Notebook, 15.6"" FHD Display, Intel Core i7-8750H Upto 4.1GHz, 16GB RAM, 128GB NVMe SSD + 1TB HDD, NVIDIA GeForce GTX 1050 Ti, HDMI, Card Reader, Wi-Fi, Bluetooth, Windows 10 Pro",Free Expedited Shipping,1269.00,0.0,https://www.newegg.com/black-dell-g3/p/1TS-000A-05PC8?Item=9SIAA0S9MZ9195,//c1.neweggimages.com/ProductImageCompressAll300/AA0S_1_201907161352601458.jpg
16,1TS-000A-05PD6,Computer Systems,Laptops / Notebooks,5,DELL,"Dell  G3 Notebook, 15.6"" FHD Display, Intel Core i7-8750H Upto 4.1GHz, 8GB RAM, 256GB NVMe SSD + 1TB HDD, NVIDIA GeForce GTX 1050 Ti, HDMI, Card Reader, Wi-Fi, Bluetooth, Windows 10 Pro",Free Expedited Shipping,1249.00,0.0,https://www.newegg.com/black-dell-g3/p/1TS-000A-05PD6?Item=9SIAA0S9MZ9211,//c1.neweggimages.com/ProductImageCompressAll300/AA0S_1_201907161825531905.jpg
17,1TS-000A-05PF6,Computer Systems,Laptops / Notebooks,5,DELL,"Dell  G3 Notebook, 15.6"" FHD Display, Intel Core i7-8750H Upto 4.1GHz, 16GB RAM, 128GB NVMe SSD + 1TB HDD, NVIDIA GeForce GTX 1050 Ti, HDMI, Card Reader, Wi-Fi, Bluetooth, Windows 10 Home",Free Expedited Shipping,1249.00,0.0,https://www.newegg.com/black-dell-g3/p/1TS-000A-05PF6?Item=9SIAEYA9MZ9429,//c1.neweggimages.com/ProductImageCompressAll300/AEYA_1_201907161188240964.jpg
18,1TS-000A-05PF9,Computer Systems,Laptops / Notebooks,5,DELL,"Dell  G3 Notebook, 15.6"" FHD Display, Intel Core i7-8750H Upto 4.1GHz, 32GB RAM, 256GB NVMe SSD + 1TB HDD, NVIDIA GeForce GTX 1050 Ti, HDMI, Card Reader, Wi-Fi, Bluetooth, Windows 10 Home",Free Expedited Shipping,1349.00,0.0,https://www.newegg.com/black-dell-g3/p/1TS-000A-05PF9?Item=9SIAEYA9MZ9432,//c1.neweggimages.com/ProductImageCompressAll300/AEYA_1_201907161964322272.jpg
19,1TS-000A-05PE3,Computer Systems,Laptops / Notebooks,5,DELL,"Dell  G3 Notebook, 15.6"" FHD Display, Intel Core i7-8750H Upto 4.1GHz, 8GB RAM, 128GB NVMe SSD + 1TB HDD, NVIDIA GeForce GTX 1050 Ti, HDMI, Card Reader, Wi-Fi, Bluetooth, Windows 10 Pro",Free Expedited Shipping,1229.00,0.0,https://www.newegg.com/black-dell-g3/p/1TS-000A-05PE3?Item=9SIAA0S9MZ9226,//c1.neweggimages.com/ProductImageCompressAll300/AA0S_1_2019071673681222.jpg
20,1TS-000A-05PG7,Computer Systems,Laptops / Notebooks,5,DELL,"Dell  G3 Notebook, 15.6"" FHD Display, Intel Core i7-8750H Upto 4.1GHz, 32GB RAM, 128GB NVMe SSD + 1TB HDD, NVIDIA GeForce GTX 1050 Ti, HDMI, Card Reader, Wi-Fi, Bluetooth, Windows 10 Home",Free Expedited Shipping,1329.00,0.0,https://www.newegg.com/black-dell-g3/p/1TS-000A-05PG7?Item=9SIAEYA9MZ9440,//c1.neweggimages.com/ProductImageCompressAll300/AEYA_1_201907161512984897.jpg
21,1TS-000A-05PE8,Computer Systems,Laptops / Notebooks,5,DELL,"Dell  G3 Notebook, 15.6"" FHD Display, Intel Core i7-8750H Upto 4.1GHz, 32GB RAM, 256GB NVMe SSD + 1TB HDD, NVIDIA GeForce GTX 1050 Ti, HDMI, Card Reader, Wi-Fi, Bluetooth, Windows 10 Pro",Free Expedited Shipping,1369.00,0.0,https://www.newegg.com/black-dell-g3/p/1TS-000A-05PE8?Item=9SIAA0S9MZ9235,//c1.neweggimages.com/ProductImageCompressAll300/A6ZP_1_20190716919296866.jpg
22,1TS-000A-05PE9,Computer Systems,Laptops / Notebooks,5,DELL,"Dell  G3 Notebook, 15.6"" FHD Display, Intel Core i7-8750H Upto 4.1GHz, 8GB RAM, 128GB SSD, NVIDIA GeForce GTX 1050 Ti, HDMI, Card Reader, Wi-Fi, Bluetooth, Windows 10 Pro",Free Expedited Shipping,1169.00,0.0,https://www.newegg.com/black-dell-g3/p/1TS-000A-05PE9?Item=9SIAA0S9MZ9237,//c1.neweggimages.com/ProductImageCompressAll300/AA0S_1_201907161505793781.jpg
23,1TS-000A-05PE2,Computer Systems,Laptops / Notebooks,5,DELL,"Dell  G3 Notebook, 15.6"" FHD Display, Intel Core i7-8750H Upto 4.1GHz, 16GB RAM, 256GB SSD, NVIDIA GeForce GTX 1050 Ti, HDMI, Card Reader, Wi-Fi, Bluetooth, Windows 10 Pro",Free Expedited Shipping,1229.00,0.0,https://www.newegg.com/black-dell-g3/p/1TS-000A-05PE2?Item=9SIAA0S9MZ9225,//c1.neweggimages.com/ProductImageCompressAll300/AA0S_1_20190716356516442.jpg
24,1TS-000A-05PG6,Computer Systems,Laptops / Notebooks,5,DELL,"Dell  G3 Notebook, 15.6"" FHD Display, Intel Core i7-8750H Upto 4.1GHz, 16GB RAM, 256GB SSD, NVIDIA GeForce GTX 1050 Ti, HDMI, Card Reader, Wi-Fi, Bluetooth, Windows 10 Home",Free Expedited Shipping,1209.00,0.0,https://www.newegg.com/black-dell-g3/p/1TS-000A-05PG6?Item=9SIAEYA9MZ9439,//c1.neweggimages.com/ProductImageCompressAll300/AEYA_1_201907161371561797.jpg
25,1TS-000A-05PF3,Computer Systems,Laptops / Notebooks,5,DELL,"Dell  G3 Notebook, 15.6"" FHD Display, Intel Core i7-8750H Upto 4.1GHz, 32GB RAM, 256GB SSD, NVIDIA GeForce GTX 1050 Ti, HDMI, Card Reader, Wi-Fi, Bluetooth, Windows 10 Pro",Free Expedited Shipping,1309.00,0.0,https://www.newegg.com/black-dell-g3/p/1TS-000A-05PF3?Item=9SIAA0S9MZ9244,//c1.neweggimages.com/ProductImageCompressAll300/AA0S_1_201907161477212886.jpg
26,1TS-000A-05PF5,Computer Systems,Laptops / Notebooks,5,DELL,"Dell  G3 Notebook, 15.6"" FHD Display, Intel Core i7-8750H Upto 4.1GHz, 32GB RAM, 256GB SSD, NVIDIA GeForce GTX 1050 Ti, HDMI, Card Reader, Wi-Fi, Bluetooth, Windows 10 Home",Free Expedited Shipping,1289.00,0.0,https://www.newegg.com/black-dell-g3/p/1TS-000A-05PF5?Item=9SIAEYA9MZ9428,//c1.neweggimages.com/ProductImageCompressAll300/AEYA_1_201907161483186710.jpg
27,1TS-000A-05PH3,Computer Systems,Laptops / Notebooks,5,DELL,"Dell  G3 Notebook, 15.6"" FHD Display, Intel Core i7-8750H Upto 4.1GHz, 8GB RAM, 256GB SSD, NVIDIA GeForce GTX 1050 Ti, HDMI, Card Reader, Wi-Fi, Bluetooth, Windows 10 Home",Free Expedited Shipping,1169.00,0.0,https://www.newegg.com/black-dell-g3/p/1TS-000A-05PH3?Item=9SIAEYA9MZ9446,//c1.neweggimages.com/ProductImageCompressAll300/AEYA_1_201907161650578619.jpg
28,1TS-000A-05PD8,Computer Systems,Laptops / Notebooks,5,DELL,"Dell  G3 Notebook, 15.6"" FHD Display, Intel Core i7-8750H Upto 4.1GHz, 8GB RAM, 256GB SSD, NVIDIA GeForce GTX 1050 Ti, HDMI, Card Reader, Wi-Fi, Bluetooth, Windows 10 Pro",Free Expedited Shipping,1189.00,0.0,https://www.newegg.com/black-dell-g3/p/1TS-000A-05PD8?Item=9SIAA0S9MZ9217,//c1.neweggimages.com/ProductImageCompressAll300/A6ZP_1_20190716162096952.jpg
29,1TS-000D-01NM4,Computer Systems,Laptops / Notebooks,5,HP,"HP Laptop EliteBook 850 G4 (1BS51UT#ABA) Intel Core i7 7th Gen 7500U (2.70 GHz) 8 GB Memory 256 GB SSD Intel HD Graphics 620 15.6"" Windows 10 Pro 64-Bit",,1440.99,0.0,https://www.newegg.com/hp-elitebook-850-g4-mainstream/p/1TS-000D-01NM4?Item=9SIA19PBB43869,//c1.neweggimages.com/ProductImageCompressAll300/1TS-000D-01NM4-V01.jpg
30,1TS-000A-03MG6,Computer Systems,Laptops / Notebooks,5,DELL,"Dell XPS 15 Intel Core i7-8750H 8 GB Memory 256 GB PCIe SSD NVIDIA GeForce GTX 1050 Ti Windows 10 Home 64-Bit 15.6"" IPS Laptop",,1679.99,0.0,https://www.newegg.com/silver-dell-xps-15-9570/p/1TS-000A-03MG6?Item=9SIADDT8D93687,//c1.neweggimages.com/NeweggImage/ProductImageCompressAll300/ADYY_1318611313763208306DQ7sIV1MH.jpg
31,1TS-000A-038E1,Computer Systems,Laptops / Notebooks,5,DELL,"Dell G7 Series 15.6"" IPS Full HD Laptop, Intel 6-Core i7-8750H Upto 4.10GHz, 8GB DDR4, 128GB SSD, NVIDIA GeForce GTX 1060 Max Q 6GB, Thunderbolt 3, HDMI, Card Reader, Windows 10 Pro",Free Expedited Shipping,1179.99,0.0,https://www.newegg.com/black-dell-g-series-7588-gaming-amp-entertainment/p/1TS-000A-038E1?Item=9SIAA0S7YU2253,//c1.neweggimages.com/NeweggImage/ProductImageCompressAll300/AA0S_1_201904031317845281.jpg
32,N82E16834235180,Computer Systems,Laptops / Notebooks,5,ASUS,"ASUS VivoBook Slim and Portable Laptop, 15.6"" FHD, Intel Core i7-8565U CPU, 8 GB DDR4, 256 GB SSD + 1 TB HDD, NanoEdge, NVIDIA GeForce MX150, Gun Metal Grey, Windows 10, S530FN-BH73",,1894.00,0.0,https://www.newegg.com/gun-metal-asus-vivobook-s530fn-bh73-mainstream/p/N82E16834235180?Item=9SIAKVHB3T5613,//c1.neweggimages.com/ProductImageCompressAll300/34-235-180-V01.jpg
33,N82E16834234838,Computer Systems,Laptops / Notebooks,5,ASUS,"ASUS VivoBook S510UN-EH76 15.6"" Full HD Thin and Portable Laptop, Intel Core i7-8550U 1.8 GHz Processor, NVIDIA GeForce MX150 2 GB, 8 GB DDR4 RAM, 256 GB M.2 SSD + 1 TB HDD, Windows 10 Home Signature",,1150.00,0.0,https://www.newegg.com/gold-asus-vivobook-s510un-eh76-mainstream/p/N82E16834234838?Item=9SIA8X57143577,//c1.neweggimages.com/NeweggImage/ProductImageCompressAll300/34-234-838-V21.jpg
34,N82E16834234873,Computer Systems,Laptops / Notebooks,5,ASUS,"ASUS VivoBook S510UA-DS71 Ultra Thin and Portable Laptop, Intel Core i7-8550U Processor, 8 GB DDR4 RAM, 128 GB SSD + 1 TB HDD, 15.6"" FHD WideView Display, ASUS NanoEdge Bezel, Metal Cover, S510UA-DS71",,1052.99,0.0,https://www.newegg.com/asus-vivobook-s-s510ua-ds71-mainstream/p/N82E16834234873?Item=9SIAD6H6SH8133,//c1.neweggimages.com/NeweggImage/ProductImageCompressAll300/34-234-873-V01.jpg
35,N82E16834850643,Computer Systems,Laptops / Notebooks,5,Lenovo,"Lenovo Laptop IdeaPad 530s 81EU000JUS Intel Core i7 8th Gen 8550U (1.80 GHz) 8 GB Memory 256 GB SSD NVIDIA GeForce MX150 14.0"" Windows 10 Home 64-Bit",,1444.00,0.0,https://www.newegg.com/onyx-black-lenovo-ideapad-530s-81eu000jus-mainstream/p/N82E16834850643?Item=9SIAKVHAGK2576,//c1.neweggimages.com/ProductImageCompressAll300/34-850-643-V01.jpg
