,item_number,general_category,product_category,page_number,brand,model_specifications,current_promotions,price,shipping,product_links,image_link
0,1TS-000E-0CMU6,Computer Systems,Laptops / Notebooks,18,Lenovo,"Lenovo Business 330S Laptop- Linux Mint 19 (Cinnamon), Intel i7-8550U, 20GB RAM, 256GB PCIe NVMe SSD , 15.6"" HD 1366x768 Display, Fast Charging",,1341.99,0.0,https://www.newegg.com/blue-lenovo-330s/p/1TS-000E-0CMU6?Item=9SIA8TK8MM1770,//c1.neweggimages.com/ProductImageCompressAll300/A8TK_1_20190111426895666.jpg
1,1TS-000E-0A233,Computer Systems,Laptops / Notebooks,18,Lenovo,"2018 Lenovo ThinkPad T480s Windows 10 Pro Laptop -  i7-8650U, 24GB RAM, 256GB PCIe NVMe SSD, 14"" IPS FHD (1920x1080) Touch Display w/ NVIDIA MX150 Graphics, Smart Card ReaderBlack",,1869.99,0.0,https://www.newegg.com/p/1TS-000E-0A233?Item=9SIA8TK8A12038,//c1.neweggimages.com/NeweggImage/ProductImageCompressAll300/A8TK_1_20180727843708741.jpg
2,1TS-000E-07F76,Computer Systems,Laptops / Notebooks,18,Lenovo,"2017 Lenovo ThinkPad X1 Carbon 4G LTE (5th Gen) - Windows 7 Pro - Intel Core i7-7500U, 128GB SSD, 16GB RAM, 14"" WQHD IPS (2560x1440) Display, Fingerprint Reader, (Classic Black)",,1814.99,0.0,https://www.newegg.com/p/1TS-000E-07F76?Item=9SIA8TK6M31381,//c1.neweggimages.com/NeweggImage/ProductImageCompressAll300/A8TK_1_20170915238001060.jpg
3,1TS-000E-0D3K1,Computer Systems,Laptops / Notebooks,18,Lenovo,"Lenovo Business 330S Laptop - Windows 10 Pro - Intel i7-8550U, 12GB RAM, 250GB SSD, 14"" FHD IPS (1920x1080) Display, Fast Charging",,1484.99,0.0,https://www.newegg.com/gray-lenovo-330s/p/1TS-000E-0D3K1?Item=9SIA8TK8UH5950,//c1.neweggimages.com/ProductImageCompressAll300/A8TK_1_20190304562021573.jpg
4,1TS-000E-0D421,Computer Systems,Laptops / Notebooks,18,Lenovo,"Lenovo Business 330S Laptop- Windows 10 Home Premium, Intel i7-8550U, 20GB RAM, 256GB PCIe NVMe SSD , 14"" FHD IPS (1920x1080) Display, Fast Charging",,1484.99,0.0,https://www.newegg.com/gray-lenovo-330s/p/1TS-000E-0D421?Item=9SIA8TK8UH6282,//c1.neweggimages.com/ProductImageCompressAll300/A8TK_1_20190304562021573.jpg
5,1TS-000E-07FF8,Computer Systems,Laptops / Notebooks,18,Lenovo,"2017 Lenovo ThinkPad X1 Carbon 4G LTE (5th Gen) - Windows 7 Pro - Intel Core i7-7600U, 256GB SSD, 8GB RAM, 14"" WQHD IPS (2560x1440) Display, Fingerprint Reader, (Classic Black)",,1759.99,0.0,https://www.newegg.com/p/1TS-000E-07FF8?Item=9SIA8TK6M31463,//c1.neweggimages.com/NeweggImage/ProductImageCompressAll300/A8TK_1_20170915238001060.jpg
6,1TS-000E-09YK3,Computer Systems,Laptops / Notebooks,18,Lenovo,"2018 Lenovo ThinkPad T480s Windows 10 Pro Laptop -  i7-8650U, 12GB RAM, 256GB SSD, 14"" IPS FHD 1920x1080 Touch Display w/ NVIDIA MX150 Graphics, Smart Card Reader, 4G LTE WWAN,  Black",,1869.99,0.0,https://www.newegg.com/p/1TS-000E-09YK3?Item=9SIA8TK8A10915,//c1.neweggimages.com/NeweggImage/ProductImageCompressAll300/A8TK_1_20180727843708741.jpg
7,1TS-000E-0D3M0,Computer Systems,Laptops / Notebooks,18,Lenovo,"Lenovo Business 330S Laptop- Windows 10 Pro, Intel i7-8550U, 12GB RAM, 256GB PCIe NVMe SSD + 1TB HDD, 14"" FHD IPS (1920x1080) Display, Fast Charging",,1594.99,0.0,https://www.newegg.com/gray-lenovo-330s/p/1TS-000E-0D3M0?Item=9SIA8TK8UH5960,//c1.neweggimages.com/ProductImageCompressAll300/A8TK_1_20190304562021573.jpg
8,1TS-000E-0A1P5,Computer Systems,Laptops / Notebooks,18,Lenovo,"2018 Lenovo ThinkPad T480s Windows 10 Pro Laptop -  i7-8650U, 16GB RAM, 128GB SSD, 14"" IPS FHD (1920x1080) Touch Display w/ NVIDIA MX150 Graphics, Smart Card Reader, Black",,1649.99,0.0,https://www.newegg.com/p/1TS-000E-0A1P5?Item=9SIA8TK8A11910,//c1.neweggimages.com/NeweggImage/ProductImageCompressAll300/A8TK_1_20180727843708741.jpg
9,1TS-000E-07FS4,Computer Systems,Laptops / Notebooks,18,Lenovo,"2017 Lenovo ThinkPad X1 Carbon 4G LTE (5th Gen) - Windows 7 Pro - Modern Silver - Intel Core i7-7600U, 256GB NVMe-PCIe SSD, 8GB RAM, 14"" FHD IPS (1920x1080) Display, Fingerprint Reader",,1572.99,0.0,https://www.newegg.com/p/1TS-000E-07FS4?Item=9SIA8TK6M31559,//c1.neweggimages.com/NeweggImage/ProductImageCompressAll300/A8TK_1_20170915900681419.jpg
10,1TS-000E-07U07,Computer Systems,Laptops / Notebooks,18,Lenovo,"Lenovo ThinkPad T470s Windows 10 Pro Laptop - Intel Core i7-7500U, 24GB RAM, 256GB SSD, 14"" IPS WQHD (2560x1440) Matte Display, Fingerprint Reader, Smart Card Reader, Black Color",,1759.99,0.0,https://www.newegg.com/p/1TS-000E-07U07?Item=9SIA8TK6UR1157,//c1.neweggimages.com/NeweggImage/ProductImageCompressAll300/A8TK_1_201709071196388703.jpg
11,1TS-000E-0FSR4,Computer Systems,Laptops / Notebooks,18,Lenovo,"Lenovo ThinkPad Touch T570 Windows 7 Pro - i7-7600U, 32GB RAM, 256GB PCIe NVMe SSD, 15.6"" IPS FHD (1920x1080) Matte Touchscreen, Fingerprint Reader, Black Color",,1979.99,0.0,https://www.newegg.com/p/1TS-000E-0FSR4?Item=9SIA8TKASX0794,//c1.neweggimages.com/ProductImageCompressAll300/A8TK_1_201801051728744162.jpg
12,1TS-000E-09Z51,Computer Systems,Laptops / Notebooks,18,Lenovo,"2018 Lenovo ThinkPad T480s Windows 10 Pro Laptop - Intel Core i7-8550U, 24GB RAM, 128GB SSD, 14"" IPS FHD Touch 1920x1080 Display, Fingerprint Reader, Smart Card Reader, 4G LTE WWAN,  Black",,1814.99,0.0,https://www.newegg.com/p/1TS-000E-09Z51?Item=9SIA8TK8A11093,//c1.neweggimages.com/NeweggImage/ProductImageCompressAll300/A8TK_1_20180727843708741.jpg
13,1TS-000E-09AV8,Computer Systems,Laptops / Notebooks,18,Lenovo,"2018 Lenovo ThinkPad T480s Windows 10 Pro Laptop - Intel Core i7-8650U, 8GB RAM, 128GB SSD, 14"" IPS FHD (1920x1080) Matte Display, Fingerprint Reader,  Black Color",,1649.99,0.0,https://www.newegg.com/p/1TS-000E-09AV8?Item=9SIA8TK7ZM6603,//c1.neweggimages.com/NeweggImage/ProductImageCompressAll300/V0E4_1_20190130807883272.jpg
14,1TS-000E-09Y65,Computer Systems,Laptops / Notebooks,18,Lenovo,"2018 Lenovo ThinkPad T480s Windows 10 Pro Laptop - i7-8550U, 24GB RAM, 256GB SSD, 14"" IPS WQHD (2560x1440) Matte Display, Fingerprint Reader, Smart Card Reader,  Black",,1814.99,0.0,https://www.newegg.com/p/1TS-000E-09Y65?Item=9SIA8TK8A10787,//c1.neweggimages.com/NeweggImage/ProductImageCompressAll300/A8TK_1_20180727843708741.jpg
15,1TS-000E-09XS6,Computer Systems,Laptops / Notebooks,18,Lenovo,"2018 Lenovo ThinkPad T480s Windows 10 Pro Laptop -  i7-8650U, 24GB RAM, 256GB SSD, 14"" IPS FHD 1920x1080 Touch Display w/ NVIDIA MX150 Graphics, Smart Card Reader, 4G LTE WWAN,  Black",,1979.99,0.0,https://www.newegg.com/p/1TS-000E-09XS6?Item=9SIA8TK8A10648,//c1.neweggimages.com/NeweggImage/ProductImageCompressAll300/A8TK_1_20180727843708741.jpg
16,1TS-000E-07FJ8,Computer Systems,Laptops / Notebooks,18,Lenovo,"2017 Lenovo ThinkPad X1 Carbon 4G LTE (5th Gen) - Windows 7 Pro - Intel Core i7-7500U, 180GB SSD, 16GB RAM, 14"" FHD IPS (1920x1080) Display, Fingerprint Reader, (Classic Black)",,1737.99,0.0,https://www.newegg.com/p/1TS-000E-07FJ8?Item=9SIA8TK6M31503,//c1.neweggimages.com/NeweggImage/ProductImageCompressAll300/A8TK_1_20170915238001060.jpg
17,1TS-000E-0A241,Computer Systems,Laptops / Notebooks,18,Lenovo,"2018 Lenovo ThinkPad T480s Windows 10 Pro Laptop - Intel Core i7-8550U, 8GB RAM, 256GB NVMe SSD, 14"" IPS FHD Touch 1920x1080 Display, Fingerprint Reader, Smart Card Reader, 4G LTE WWAN, Black",,1649.99,0.0,https://www.newegg.com/p/1TS-000E-0A241?Item=9SIA8TK8A12046,//c1.neweggimages.com/NeweggImage/ProductImageCompressAll300/A8TK_1_20180727843708741.jpg
18,1TS-000E-07XF1,Computer Systems,Laptops / Notebooks,18,Lenovo,"Lenovo ThinkPad T470s Windows 10 Pro LTE 4G Laptop - Intel Core i7-7500U, 24GB RAM, 128GB SSD, 14"" IPS WQHD (2560x1440) Matte Display, Fingerprint Reader, Smart Card Reader, Black Color",,1814.99,0.0,https://www.newegg.com/p/1TS-000E-07XF1?Item=9SIA8TK6X35988,//c1.neweggimages.com/NeweggImage/ProductImageCompressAll300/A8TK_1_201709071196388703.jpg
19,1TS-000E-0CM82,Computer Systems,Laptops / Notebooks,18,Lenovo,"Lenovo Business 330S Laptop- Windows 10 Pro, Intel i7-8550U, 8GB RAM, 256GB PCIe NVMe SSD , 15.6"" HD 1366x768 Display, Fast Charging",,1121.99,0.0,https://www.newegg.com/blue-lenovo-330s/p/1TS-000E-0CM82?Item=9SIA8TK8MM1365,//c1.neweggimages.com/ProductImageCompressAll300/A8TK_1_20190111426895666.jpg
20,1TS-000E-07TB9,Computer Systems,Laptops / Notebooks,18,Lenovo,"Lenovo ThinkPad T470s Windows 10 Pro Laptop - Intel Core i7-7500U, 8GB RAM, 256GB PCIe NVMe SSD, 14"" IPS WQHD (2560x1440) Matte Display, Fingerprint Reader, Smart Card Reader, Black Color",,1594.99,0.0,https://www.newegg.com/p/1TS-000E-07TB9?Item=9SIA8TK6UR0947,//c1.neweggimages.com/NeweggImage/ProductImageCompressAll300/A8TK_1_201709071196388703.jpg
21,1TS-000E-0CMA0,Computer Systems,Laptops / Notebooks,18,Lenovo,"Lenovo Business 330S Laptop - Windows 10 Home - Intel i7-8550U, 8GB RAM, 256GB SSD, 15.6"" HD 1366x768 Display, Fast Charging",,1099.99,0.0,https://www.newegg.com/blue-lenovo-330s/p/1TS-000E-0CMA0?Item=9SIA8TK8MM1410,//c1.neweggimages.com/ProductImageCompressAll300/A8TK_1_20190111426895666.jpg
22,1TS-000E-09ZC1,Computer Systems,Laptops / Notebooks,18,Lenovo,"2018 Lenovo ThinkPad T480s Windows 10 Pro Laptop - i7-8550U, 24GB RAM, 128GB SSD, 14"" IPS WQHD (2560x1440) Matte Display, Fingerprint Reader, Smart Card Reader, 4G LTE WWAN,  Black",,1924.99,0.0,https://www.newegg.com/p/1TS-000E-09ZC1?Item=9SIA8TK8A11163,//c1.neweggimages.com/NeweggImage/ProductImageCompressAll300/A8TK_1_20180727843708741.jpg
23,1TS-000E-09ZJ0,Computer Systems,Laptops / Notebooks,18,Lenovo,"2018 Lenovo ThinkPad T480s Windows 10 Pro Laptop - i7-8550U, 16GB RAM, 256GB PCIe NVMe SSD, 14"" IPS WQHD (2560x1440) Matte Display, Fingerprint Reader, Smart Card Reader, 4G LTE WWAN, Black",,1869.99,0.0,https://www.newegg.com/p/1TS-000E-09ZJ0?Item=9SIA8TK8A11222,//c1.neweggimages.com/NeweggImage/ProductImageCompressAll300/A8TK_1_20180727843708741.jpg
24,1TS-000E-0FSN7,Computer Systems,Laptops / Notebooks,18,Lenovo,"Lenovo ThinkPad Touch T570 Windows 7 Pro - i7-7600U, 32GB RAM, 256GB SSD, 15.6"" IPS FHD (1920x1080) Matte Touchscreen, Fingerprint Reader, Black Color",,1979.99,0.0,https://www.newegg.com/p/1TS-000E-0FSN7?Item=9SIA8TKASX0726,//c1.neweggimages.com/ProductImageCompressAll300/A8TK_1_201801051728744162.jpg
25,1TS-000E-07TC1,Computer Systems,Laptops / Notebooks,18,Lenovo,"Lenovo ThinkPad T470s Windows 10 Pro Laptop - Intel Core i7-7500U, 8GB RAM, 180GB SSD, 14"" IPS WQHD (2560x1440) Matte Display, Fingerprint Reader, Smart Card Reader, Black Color",,1399.99,0.0,https://www.newegg.com/p/1TS-000E-07TC1?Item=9SIA8TK6UR0949,//c1.neweggimages.com/NeweggImage/ProductImageCompressAll300/A8TK_1_201709071196388703.jpg
26,1TS-000E-0CMV0,Computer Systems,Laptops / Notebooks,18,Lenovo,"Lenovo Business 330S Laptop- Linux Mint 19 (Cinnamon), Intel i7-8550U, 20GB RAM, 256GB PCIe NVMe SSD + 500GB HDD, 15.6"" HD 1366x768 Display, Fast Charging",,1451.99,0.0,https://www.newegg.com/blue-lenovo-330s/p/1TS-000E-0CMV0?Item=9SIA8TK8MM1774,//c1.neweggimages.com/ProductImageCompressAll300/A8TK_1_20190111426895666.jpg
27,1TS-000E-0FST7,Computer Systems,Laptops / Notebooks,18,Lenovo,"Lenovo ThinkPad T570 Windows 7 Pro - i7-6600U, 8GB RAM, 256GB PCIe NVMe SSD, 15.6"" IPS FHD (1920x1080) Matte Display, Fingerprint Reader, Black Color",,1649.99,0.0,https://www.newegg.com/p/1TS-000E-0FST7?Item=9SIA8TKASX0817,//c1.neweggimages.com/ProductImageCompressAll300/A8TK_1_201801051728744162.jpg
28,1TS-000E-07ZF3,Computer Systems,Laptops / Notebooks,18,Lenovo,"Lenovo ThinkPad T470s Windows 7 Pro LTE 4G Laptop - Intel Core i7-7600U, 12GB RAM, 180GB SSD, 14"" IPS WQHD (2560x1440) Matte Display, Fingerprint Reader, Smart Card Reader, Silver Color",,1649.99,0.0,https://www.newegg.com/p/1TS-000E-07ZF3?Item=9SIA8TK6X36632,//c1.neweggimages.com/NeweggImage/ProductImageCompressAll300/A8TK_1_201709071888383141.jpg
29,1TS-000E-07FP8,Computer Systems,Laptops / Notebooks,18,Lenovo,"2017 Lenovo ThinkPad X1 Carbon 4G LTE (5th Gen) - Windows 7 Pro - Modern Silver - Intel Core i7-7600U, 180GB SSD, 8GB RAM, 14"" FHD IPS (1920x1080) Display, Fingerprint Reader",,1572.99,0.0,https://www.newegg.com/p/1TS-000E-07FP8?Item=9SIA8TK6M31543,//c1.neweggimages.com/NeweggImage/ProductImageCompressAll300/A8TK_1_20170915900681419.jpg
30,1TS-000E-0DB40,Computer Systems,Laptops / Notebooks,18,Lenovo,"Lenovo Yoga 730 2-in-1 15.6"" FHD IPS Touchscreen Customized Laptop Intel Core i7-8550U 12GB RAM 256GB SSD Backlit Keyboard Fingerprint Reader Upto 9 Hours Mixed Usage Windows 10 Iron Gray",,1062.77,0.0,https://www.newegg.com/p/1TS-000E-0DB40?Item=9SIAJZD91W1095,//c1.neweggimages.com/ProductImageCompressAll300/AJZD_1_201904071285560225.jpg
31,1TS-000E-0A0G3,Computer Systems,Laptops / Notebooks,18,Lenovo,"2018 Lenovo ThinkPad T480s Windows 10 Pro Laptop - i7-8550U, 8GB RAM, 256GB PCIe NVMe SSD, 14"" IPS WQHD (2560x1440) Matte Display, Fingerprint Reader, Smart Card Reader, Black",,1649.99,0.0,https://www.newegg.com/p/1TS-000E-0A0G3?Item=9SIA8TK8A11525,//c1.neweggimages.com/NeweggImage/ProductImageCompressAll300/A8TK_1_20180727843708741.jpg
32,1TS-000E-07EC3,Computer Systems,Laptops / Notebooks,18,Lenovo,"2017 Lenovo ThinkPad X1 Carbon 4G LTE (5th Gen) - Windows 10 Pro - Intel Core i7-7600U, 256GB NVMe-PCIe SSD, 8GB RAM, 14"" WQHD IPS (2560x1440) Display, Fingerprint Reader, (Classic Black)",,1759.99,0.0,https://www.newegg.com/p/1TS-000E-07EC3?Item=9SIA8TK6M30896,//c1.neweggimages.com/NeweggImage/ProductImageCompressAll300/A8TK_1_20170915238001060.jpg
33,1TS-000E-07X02,Computer Systems,Laptops / Notebooks,18,Lenovo,"Lenovo ThinkPad T470s Windows 10 Pro LTE 4G Laptop - Intel Core i7-7500U, 12GB RAM, 256GB SSD, 14"" IPS WQHD (2560x1440) Matte Display, Fingerprint Reader, Smart Card Reader, Black Color",,1759.99,0.0,https://www.newegg.com/p/1TS-000E-07X02?Item=9SIA8TK6X35839,//c1.neweggimages.com/NeweggImage/ProductImageCompressAll300/A8TK_1_201709071196388703.jpg
34,1TS-000E-09YW3,Computer Systems,Laptops / Notebooks,18,Lenovo,"2018 Lenovo ThinkPad T480s Windows 10 Pro Laptop - Intel Core i7-8550U, 12GB RAM, 256GB SSD, 14"" IPS FHD Touch (1920x1080)  Display, Fingerprint Reader, Smart Card Reader, Black",,1594.99,0.0,https://www.newegg.com/p/1TS-000E-09YW3?Item=9SIA8TK8A11005,//c1.neweggimages.com/NeweggImage/ProductImageCompressAll300/A8TK_1_20180727843708741.jpg
35,1TS-000E-09AS9,Computer Systems,Laptops / Notebooks,18,Lenovo,"2018 Lenovo ThinkPad T480s Windows 10 Pro Laptop - Intel Core i7-8650U, 16GB RAM, 256GB SSD, 14"" IPS FHD 1920x1080 Matte Display, Fingerprint Reader, 4G LTE WWAN,  Black",,1869.99,0.0,https://www.newegg.com/p/1TS-000E-09AS9?Item=9SIA8TK7ZM6574,//c1.neweggimages.com/NeweggImage/ProductImageCompressAll300/V0E4_1_20190130807883272.jpg
