,item_number,general_category,product_category,page_number,brand,model_specifications,current_promotions,price,shipping,product_links,image_link
0,1TS-0016-00NX4,Computer Systems,Laptops / Notebooks,13,MSI,"MSI ALPHA 15 A3DD-003 Gaming and Business Laptop (AMD Ryzen 7 3750H 4-Core, 32GB RAM, 512GB m.2 SATA SSD + 1TB  HDD, 15.6"" Full HD (1920x1080), AMD Radeon RX5500M, Wifi, Bluetooth, Win 10 Home)",Free Expedited Shipping,1930.80,0.0,https://www.newegg.com/p/1TS-0016-00NX4,//c1.neweggimages.com/ProductImageCompressAll300/A7AB_1_20191104190185842.jpg
1,1TS-0016-00NT0,Computer Systems,Laptops / Notebooks,13,MSI,"MSI ALPHA 15 A3DD-003 Gaming and Business Laptop (AMD Ryzen 7 3750H 4-Core, 16GB RAM, 2TB  SATA SSD, 15.6"" Full HD (1920x1080), AMD Radeon RX5500M, Wifi, Bluetooth, Webcam, 3xUSB 3.2, Win 10 Home)",Free Expedited Shipping,1858.80,0.0,https://www.newegg.com/p/1TS-0016-00NT0,//c1.neweggimages.com/ProductImageCompressAll300/A7AB_1_20191104190185842.jpg
2,1TS-0016-00NU0,Computer Systems,Laptops / Notebooks,13,MSI,"MSI ALPHA 15 A3DD-003 Gaming and Business Laptop (AMD Ryzen 7 3750H 4-Core, 16GB RAM, 1TB m.2 SATA SSD + 2TB  HDD, 15.6"" Full HD (1920x1080), AMD Radeon RX5500M, Wifi, Bluetooth, Webcam, Win 10 Pro)",Free Expedited Shipping,1978.80,0.0,https://www.newegg.com/p/1TS-0016-00NU0,//c1.neweggimages.com/ProductImageCompressAll300/A7AB_1_20191104190185842.jpg
3,1TS-0016-00NU2,Computer Systems,Laptops / Notebooks,13,MSI,"MSI ALPHA 15 A3DD-003 Gaming and Business Laptop (AMD Ryzen 7 3750H 4-Core, 64GB RAM, 2TB  SATA SSD, 15.6"" Full HD (1920x1080), AMD Radeon RX5500M, Wifi, Bluetooth, Webcam, 3xUSB 3.2, Win 10 Pro)",Free Expedited Shipping,2518.80,0.0,https://www.newegg.com/p/1TS-0016-00NU2,//c1.neweggimages.com/ProductImageCompressAll300/A7AB_1_20191104190185842.jpg
4,1TS-0016-00NY3,Computer Systems,Laptops / Notebooks,13,MSI,"MSI ALPHA 15 A3DD-003 Gaming and Business Laptop (AMD Ryzen 7 3750H 4-Core, 64GB RAM, 2TB m.2 SATA SSD + 2TB  HDD, 15.6"" Full HD (1920x1080), AMD Radeon RX5500M, Wifi, Bluetooth, Webcam, Win 10 Pro)",Free Expedited Shipping,2758.80,0.0,https://www.newegg.com/p/1TS-0016-00NY3,//c1.neweggimages.com/ProductImageCompressAll300/A7AB_1_20191104190185842.jpg
5,1TS-0016-00NT5,Computer Systems,Laptops / Notebooks,13,MSI,"MSI ALPHA 15 A3DD-003 Gaming and Business Laptop (AMD Ryzen 7 3750H 4-Core, 32GB RAM, 1TB m.2 SATA SSD + 1TB  HDD, 15.6"" Full HD (1920x1080), AMD Radeon RX5500M, Wifi, Bluetooth, Webcam, Win 10 Home)",Free Expedited Shipping,1990.80,0.0,https://www.newegg.com/p/1TS-0016-00NT5,//c1.neweggimages.com/ProductImageCompressAll300/A7AB_1_20191104190185842.jpg
6,1TS-0016-00NV7,Computer Systems,Laptops / Notebooks,13,MSI,"MSI ALPHA 15 A3DD-003 Gaming and Business Laptop (AMD Ryzen 7 3750H 4-Core, 64GB RAM, 2TB  SATA SSD, 15.6"" Full HD (1920x1080), AMD Radeon RX5500M, Wifi, Bluetooth, Webcam, 3xUSB 3.2, Win 10 Home)",Free Expedited Shipping,2338.80,0.0,https://www.newegg.com/p/1TS-0016-00NV7,//c1.neweggimages.com/ProductImageCompressAll300/A7AB_1_20191104190185842.jpg
7,1TS-0016-00N99,Computer Systems,Laptops / Notebooks,13,MSI,"MSI ALPHA 15 A3DD-003 Gaming and Business Laptop (AMD Ryzen 7 3750H 4-Core, 16GB RAM, 1TB  SATA SSD, 15.6"" Full HD (1920x1080), AMD Radeon RX5500M, Wifi, Bluetooth, Webcam, 3xUSB 3.2, Win 10 Home)",Free Expedited Shipping,1678.80,0.0,https://www.newegg.com/p/1TS-0016-00N99,//c1.neweggimages.com/ProductImageCompressAll300/A7AB_1_20191104190185842.jpg
8,1TS-0016-00NX1,Computer Systems,Laptops / Notebooks,13,MSI,"MSI ALPHA 15 A3DD-003 Gaming and Business Laptop (AMD Ryzen 7 3750H 4-Core, 32GB RAM, 2TB m.2 SATA SSD + 2TB  HDD, 15.6"" Full HD (1920x1080), AMD Radeon RX5500M, Wifi, Bluetooth, Webcam, Win 10 Pro)",Free Expedited Shipping,2518.80,0.0,https://www.newegg.com/p/1TS-0016-00NX1,//c1.neweggimages.com/ProductImageCompressAll300/A7AB_1_20191104190185842.jpg
9,1TS-0016-00NW9,Computer Systems,Laptops / Notebooks,13,MSI,"MSI ALPHA 15 A3DD-003 Gaming and Business Laptop (AMD Ryzen 7 3750H 4-Core, 16GB RAM, 2TB  SATA SSD, 15.6"" Full HD (1920x1080), AMD Radeon RX5500M, Wifi, Bluetooth, Webcam, 3xUSB 3.2, Win 10 Pro)",Free Expedited Shipping,2038.80,0.0,https://www.newegg.com/p/1TS-0016-00NW9,//c1.neweggimages.com/ProductImageCompressAll300/A7AB_1_20191104190185842.jpg
10,1TS-0016-00NT1,Computer Systems,Laptops / Notebooks,13,MSI,"MSI ALPHA 15 A3DD-003 Gaming and Business Laptop (AMD Ryzen 7 3750H 4-Core, 32GB RAM, 512GB m.2 SATA SSD + 2TB  HDD, 15.6"" Full HD (1920x1080), AMD Radeon RX5500M, Wifi, Bluetooth, Win 10 Home)",Free Expedited Shipping,1978.80,0.0,https://www.newegg.com/p/1TS-0016-00NT1,//c1.neweggimages.com/ProductImageCompressAll300/A7AB_1_20191104190185842.jpg
11,1TS-0016-00NX5,Computer Systems,Laptops / Notebooks,13,MSI,"MSI ALPHA 15 A3DD-003 Gaming and Business Laptop (AMD Ryzen 7 3750H 4-Core, 64GB RAM, 512GB m.2 SATA SSD + 1TB  HDD, 15.6"" Full HD (1920x1080), AMD Radeon RX5500M, Wifi, Bluetooth, Webcam, Win 10 Pro)",Free Expedited Shipping,2350.80,0.0,https://www.newegg.com/p/1TS-0016-00NX5,//c1.neweggimages.com/ProductImageCompressAll300/A7AB_1_20191104190185842.jpg
12,1TS-0016-00NT2,Computer Systems,Laptops / Notebooks,13,MSI,"MSI ALPHA 15 A3DD-003 Gaming and Business Laptop (AMD Ryzen 7 3750H 4-Core, 16GB RAM, 512GB m.2 SATA SSD + 2TB  HDD, 15.6"" Full HD (1920x1080), AMD Radeon RX5500M, Wifi, Bluetooth, Webcam, Win 10 Pro)",Free Expedited Shipping,1918.80,0.0,https://www.newegg.com/p/1TS-0016-00NT2,//c1.neweggimages.com/ProductImageCompressAll300/A7AB_1_20191104190185842.jpg
13,1TS-0016-00NX6,Computer Systems,Laptops / Notebooks,13,MSI,"MSI ALPHA 15 A3DD-003 Gaming and Business Laptop (AMD Ryzen 7 3750H 4-Core, 32GB RAM, 1TB  SATA SSD, 15.6"" Full HD (1920x1080), AMD Radeon RX5500M, Wifi, Bluetooth, Webcam, 3xUSB 3.2, Win 10 Pro)",Free Expedited Shipping,2098.80,0.0,https://www.newegg.com/p/1TS-0016-00NX6,//c1.neweggimages.com/ProductImageCompressAll300/A7AB_1_20191104190185842.jpg
14,1TS-0016-00NU4,Computer Systems,Laptops / Notebooks,13,MSI,"MSI ALPHA 15 A3DD-003 Gaming and Business Laptop (AMD Ryzen 7 3750H 4-Core, 32GB RAM, 2TB  SATA SSD, 15.6"" Full HD (1920x1080), AMD Radeon RX5500M, Wifi, Bluetooth, Webcam, 3xUSB 3.2, Win 10 Home)",Free Expedited Shipping,2098.80,0.0,https://www.newegg.com/p/1TS-0016-00NU4,//c1.neweggimages.com/ProductImageCompressAll300/A7AB_1_20191104190185842.jpg
15,1TS-0016-00NX3,Computer Systems,Laptops / Notebooks,13,MSI,"MSI ALPHA 15 A3DD-003 Gaming and Business Laptop (AMD Ryzen 7 3750H 4-Core, 64GB RAM, 2TB m.2 SATA SSD + 2TB  HDD, 15.6"" Full HD (1920x1080), AMD Radeon RX5500M, Wifi, Bluetooth, Webcam, Win 10 Home)",Free Expedited Shipping,2578.80,0.0,https://www.newegg.com/p/1TS-0016-00NX3,//c1.neweggimages.com/ProductImageCompressAll300/A7AB_1_20191104190185842.jpg
16,1TS-0016-00NW1,Computer Systems,Laptops / Notebooks,13,MSI,"MSI ALPHA 15 A3DD-003 Gaming and Business Laptop (AMD Ryzen 7 3750H 4-Core, 64GB RAM, 1TB m.2 SATA SSD + 1TB  HDD, 15.6"" Full HD (1920x1080), AMD Radeon RX5500M, Wifi, Bluetooth, Webcam, Win 10 Home)",Free Expedited Shipping,2230.80,0.0,https://www.newegg.com/p/1TS-0016-00NW1,//c1.neweggimages.com/ProductImageCompressAll300/A7AB_1_20191104190185842.jpg
17,1TS-0016-00NW3,Computer Systems,Laptops / Notebooks,13,MSI,"MSI ALPHA 15 A3DD-003 Gaming and Business Laptop (AMD Ryzen 7 3750H 4-Core, 32GB RAM, 1TB m.2 SATA SSD + 2TB  HDD, 15.6"" Full HD (1920x1080), AMD Radeon RX5500M, Wifi, Bluetooth, Webcam, Win 10 Pro)",Free Expedited Shipping,2218.80,0.0,https://www.newegg.com/p/1TS-0016-00NW3,//c1.neweggimages.com/ProductImageCompressAll300/A7AB_1_20191104190185842.jpg
18,1TS-0016-00NW7,Computer Systems,Laptops / Notebooks,13,MSI,"MSI ALPHA 15 A3DD-003 Gaming and Business Laptop (AMD Ryzen 7 3750H 4-Core, 32GB RAM, 2TB m.2 SATA SSD + 1TB  HDD, 15.6"" Full HD (1920x1080), AMD Radeon RX5500M, Wifi, Bluetooth, Webcam, Win 10 Pro)",Free Expedited Shipping,2470.80,0.0,https://www.newegg.com/p/1TS-0016-00NW7,//c1.neweggimages.com/ProductImageCompressAll300/A7AB_1_20191104190185842.jpg
19,1TS-0016-00NU3,Computer Systems,Laptops / Notebooks,13,MSI,"MSI ALPHA 15 A3DD-003 Gaming and Business Laptop (AMD Ryzen 7 3750H 4-Core, 16GB RAM, 2TB m.2 SATA SSD + 1TB  HDD, 15.6"" Full HD (1920x1080), AMD Radeon RX5500M, Wifi, Bluetooth, Webcam, Win 10 Pro)",Free Expedited Shipping,2230.80,0.0,https://www.newegg.com/p/1TS-0016-00NU3,//c1.neweggimages.com/ProductImageCompressAll300/A7AB_1_20191104190185842.jpg
20,1TS-0016-00NT9,Computer Systems,Laptops / Notebooks,13,MSI,"MSI ALPHA 15 A3DD-003 Gaming and Business Laptop (AMD Ryzen 7 3750H 4-Core, 64GB RAM, 1TB  SATA SSD, 15.6"" Full HD (1920x1080), AMD Radeon RX5500M, Wifi, Bluetooth, Webcam, 3xUSB 3.2, Win 10 Pro)",Free Expedited Shipping,2338.80,0.0,https://www.newegg.com/p/1TS-0016-00NT9,//c1.neweggimages.com/ProductImageCompressAll300/A7AB_1_20191104190185842.jpg
21,1TS-0016-00NU6,Computer Systems,Laptops / Notebooks,13,MSI,"MSI ALPHA 15 A3DD-003 Gaming and Business Laptop (AMD Ryzen 7 3750H 4-Core, 32GB RAM, 2TB m.2 SATA SSD + 2TB  HDD, 15.6"" Full HD (1920x1080), AMD Radeon RX5500M, Wifi, Bluetooth, Webcam, Win 10 Home)",Free Expedited Shipping,2338.80,0.0,https://www.newegg.com/p/1TS-0016-00NU6,//c1.neweggimages.com/ProductImageCompressAll300/A7AB_1_20191104190185842.jpg
22,1TS-0016-00NW5,Computer Systems,Laptops / Notebooks,13,MSI,"MSI ALPHA 15 A3DD-003 Gaming and Business Laptop (AMD Ryzen 7 3750H 4-Core, 16GB RAM, 1TB  SATA SSD, 15.6"" Full HD (1920x1080), AMD Radeon RX5500M, Wifi, Bluetooth, Webcam, 3xUSB 3.2, Win 10 Pro)",Free Expedited Shipping,1858.80,0.0,https://www.newegg.com/p/1TS-0016-00NW5,//c1.neweggimages.com/ProductImageCompressAll300/A7AB_1_20191104190185842.jpg
23,1TS-0016-00NV8,Computer Systems,Laptops / Notebooks,13,MSI,"MSI ALPHA 15 A3DD-003 Gaming and Business Laptop (AMD Ryzen 7 3750H 4-Core, 32GB RAM, 1TB m.2 SATA SSD + 1TB  HDD, 15.6"" Full HD (1920x1080), AMD Radeon RX5500M, Wifi, Bluetooth, Webcam, Win 10 Pro)",Free Expedited Shipping,2170.80,0.0,https://www.newegg.com/p/1TS-0016-00NV8,//c1.neweggimages.com/ProductImageCompressAll300/A7AB_1_20191104190185842.jpg
24,1TS-0016-00NX9,Computer Systems,Laptops / Notebooks,13,MSI,"MSI ALPHA 15 A3DD-003 Gaming and Business Laptop (AMD Ryzen 7 3750H 4-Core, 64GB RAM, 1TB m.2 SATA SSD + 1TB  HDD, 15.6"" Full HD (1920x1080), AMD Radeon RX5500M, Wifi, Bluetooth, Webcam, Win 10 Pro)",Free Expedited Shipping,2410.80,0.0,https://www.newegg.com/p/1TS-0016-00NX9,//c1.neweggimages.com/ProductImageCompressAll300/A7AB_1_20191104190185842.jpg
25,1TS-0016-00NT3,Computer Systems,Laptops / Notebooks,13,MSI,"MSI ALPHA 15 A3DD-003 Gaming and Business Laptop (AMD Ryzen 7 3750H 4-Core, 32GB RAM, 2TB  SATA SSD, 15.6"" Full HD (1920x1080), AMD Radeon RX5500M, Wifi, Bluetooth, Webcam, 3xUSB 3.2, Win 10 Pro)",Free Expedited Shipping,2278.80,0.0,https://www.newegg.com/p/1TS-0016-00NT3,//c1.neweggimages.com/ProductImageCompressAll300/A7AB_1_20191104190185842.jpg
26,1TS-0025-001T6,Computer Systems,Laptops / Notebooks,13,Microsoft,"Microsoft Surface Laptop 3 15"" Touch-Screen AMD Ryzen 7 Micr + Office 365 Bundle",,1919.99,0.0,https://www.newegg.com/p/1TS-0025-001T6,//c1.neweggimages.com/ProductImageCompressAll300/A24G_1_20191022675415416.jpg
27,1TS-000D-089E9,Computer Systems,Laptops / Notebooks,13,HP,"HP 17 Notebook, 17.3"" HD+ Display, AMD Ryzen 7 3700U Upto 4.0GHz, 16GB RAM, 1TB NVMe SSD + 1TB HDD, Vega 10, DVDRW, HDMI, Card Reader, Wi-Fi, Bluetooth, Windows 10 Home",Free Expedited Shipping,1029.99,0.0,https://www.newegg.com/black-textured-hp-17/p/1TS-000D-089E9,//c1.neweggimages.com/ProductImageCompressAll300/AEYA_1_202002041968916637.jpg
28,1TS-000D-089D9,Computer Systems,Laptops / Notebooks,13,HP,"HP 17 Notebook, 17.3"" HD+ Display, AMD Ryzen 7 3700U Upto 4.0GHz, 32GB RAM, 1TB SSD, Vega 10, DVDRW, HDMI, Card Reader, Wi-Fi, Bluetooth, Windows 10 Pro",Free Expedited Shipping,1429.99,0.0,https://www.newegg.com/black-textured-hp-17/p/1TS-000D-089D9,//c1.neweggimages.com/ProductImageCompressAll300/AA0S_1_20200204822850046.jpg
29,1TS-001A-01TY9,Computer Systems,Laptops / Notebooks,13,ASUS,"ASUS FX705DT 17.3"" Customized Gaming Laptop | AMD Ryzen 7 3750H Processor | 32GB RAM 256GB SSD 500GB HDD | GeForce GTX 1650 4GB GDDR5 | RGB Backlit Keyboard | Windows 10 Black",,1193.92,0.0,https://www.newegg.com/p/1TS-001A-01TY9,//c1.neweggimages.com/ProductImageCompressAll300/AJZD_1_202001281913377908.jpg
30,1TS-001A-01TP0,Computer Systems,Laptops / Notebooks,13,ASUS,"ASUS FX705DT 17.3"" Customized Gaming Laptop | AMD Ryzen 7 3750H Processor | 8GB RAM 128GB SSD | GeForce GTX 1650 4GB GDDR5 | RGB Backlit Keyboard | Windows 10 Black",,947.90,0.0,https://www.newegg.com/p/1TS-001A-01TP0,//c1.neweggimages.com/ProductImageCompressAll300/AJZD_1_202001281913377908.jpg
31,1TS-001A-01TV3,Computer Systems,Laptops / Notebooks,13,ASUS,"ASUS FX705DT 17.3"" Customized Gaming Laptop | AMD Ryzen 7 3750H Processor | 16GB RAM 1024GB SSD 1TB HDD | GeForce GTX 1650 4GB GDDR5 | RGB Backlit Keyboard | Windows 10 Black",,1193.92,0.0,https://www.newegg.com/p/1TS-001A-01TV3,//c1.neweggimages.com/ProductImageCompressAll300/AJZD_1_202001281913377908.jpg
32,1TS-000D-09913,Computer Systems,Laptops / Notebooks,13,HP,"HP ProBook 445R G6 Notebook, 14"" FHD Display, AMD Ryzen 5 3500U Upto 3.7GHz, 32GB RAM, 2TB NVMe SSD + 1TB HDD, Vega 8, HDMI, DisplayPort via USB-C, Card Reader, Wi-Fi, Bluetooth, Windows 10 Pro",Free Expedited Shipping,1479.99,0.0,https://www.newegg.com/silver-hp-probook-445r-g6/p/1TS-000D-09913,//c1.neweggimages.com/ProductImageCompressAll300/AA0S_1_202002181750115329.jpg
33,1TS-000D-089E6,Computer Systems,Laptops / Notebooks,13,HP,"HP 17 Notebook, 17.3"" HD+ Display, AMD Ryzen 7 3700U Upto 4.0GHz, 8GB RAM, 128GB SSD, Vega 10, DVDRW, HDMI, Card Reader, Wi-Fi, Bluetooth, Windows 10 Home",Free Expedited Shipping,829.99,0.0,https://www.newegg.com/black-textured-hp-17/p/1TS-000D-089E6,//c1.neweggimages.com/ProductImageCompressAll300/AEYA_1_202002041459464909.jpg
34,1TS-001A-01TN8,Computer Systems,Laptops / Notebooks,13,ASUS,"ASUS FX705DT 17.3"" Customized Gaming Laptop | AMD Ryzen 7 3750H Processor | 8GB RAM 500GB HDD | GeForce GTX 1650 4GB GDDR5 | RGB Backlit Keyboard | Windows 10 Black",,940.67,0.0,https://www.newegg.com/p/1TS-001A-01TN8,//c1.neweggimages.com/ProductImageCompressAll300/AJZD_1_202001281913377908.jpg
35,1TS-001A-01TR0,Computer Systems,Laptops / Notebooks,13,ASUS,"ASUS FX705DT 17.3"" Customized Gaming Laptop | AMD Ryzen 7 3750H Processor | 16GB RAM 500GB HDD | GeForce GTX 1650 4GB GDDR5 | RGB Backlit Keyboard | Windows 10 Black",,998.55,0.0,https://www.newegg.com/p/1TS-001A-01TR0,//c1.neweggimages.com/ProductImageCompressAll300/AJZD_1_202001281913377908.jpg
