,item_number,general_category,product_category,page_number,brand,model_specifications,current_promotions,price,shipping,product_links,image_link
0,1TS-000A-04P20,Computer Systems,Laptops / Notebooks,9,DELL,"Dell Inspiron 5575 15.6"" FHD Notebook, AMD Quad-Core Ryzen 7 2700U Upto 3.8GHz, 16GB RAM, 256GB NVMe SSD + 1TB HDD, Radeon Vega 10, HDMI, Card Reader, LAN, Wi-Fi, Bluetooth, Windows 10 Pro",Free Expedited Shipping,1059.49,0.0,https://www.newegg.com/silver-dell-inspiron-5575-creating-designing/p/1TS-000A-04P20,//c1.neweggimages.com/ProductImageCompressAll300/AA0S_1_201905231282217582.jpg
1,N82E16834270991,Computer Systems,Laptops / Notebooks,9,HP,"HP Laptop ProBook 455 G6 (6KK35UT#ABA) AMD Ryzen 7 1st Gen 2700U (2.20 GHz) 16 GB Memory 256 GB SSD AMD Radeon Vega 10 15.6"" Windows 10 Pro 64-bit",,1009.70,0.0,https://www.newegg.com/silver-hp-probook-455-g6-mainstream/p/N82E16834270991,//c1.neweggimages.com/ProductImageCompressAll300/A24G_1_20190308869079558.jpg
2,1TS-000A-04P57,Computer Systems,Laptops / Notebooks,9,DELL,"Dell Inspiron 5575 15.6"" FHD Notebook, AMD Quad-Core Ryzen 7 2700U Upto 3.8GHz, 16GB RAM, 256GB NVMe SSD + 1TB HDD, Radeon Vega 10, HDMI, Card Reader, LAN, Wi-Fi, Bluetooth, Windows 10 Home",Free Expedited Shipping,1033.49,0.0,https://www.newegg.com/silver-dell-inspiron-5575-creating-designing/p/1TS-000A-04P57,//c1.neweggimages.com/ProductImageCompressAll300/AA0S_1_201905231432136847.jpg
3,1TS-000A-04P31,Computer Systems,Laptops / Notebooks,9,DELL,"Dell Inspiron 5575 15.6"" FHD Notebook, AMD Quad-Core Ryzen 7 2700U Upto 3.8GHz, 32GB RAM, 512GB NVMe SSD + 1TB HDD, Radeon Vega 10, HDMI, Card Reader, LAN, Wi-Fi, Bluetooth, Windows 10 Pro",Free Expedited Shipping,1247.99,0.0,https://www.newegg.com/silver-dell-inspiron-5575-creating-designing/p/1TS-000A-04P31,//c1.neweggimages.com/ProductImageCompressAll300/AA0S_1_201905231282217582.jpg
4,1TS-000A-04P23,Computer Systems,Laptops / Notebooks,9,DELL,"Dell Inspiron 5575 15.6"" FHD Notebook, AMD Quad-Core Ryzen 7 2700U Upto 3.8GHz, 16GB RAM, 512GB NVMe SSD + 1TB HDD, Radeon Vega 10, HDMI, Card Reader, LAN, Wi-Fi, Bluetooth, Windows 10 Pro",Free Expedited Shipping,1130.99,0.0,https://www.newegg.com/silver-dell-inspiron-5575-creating-designing/p/1TS-000A-04P23,//c1.neweggimages.com/ProductImageCompressAll300/AA0S_1_201905231282217582.jpg
5,1TS-000E-0FAF5,Computer Systems,Laptops / Notebooks,9,Lenovo,"Lenovo IdeaPad 330s Notebook, 15.6"" HD Display, AMD Ryzen 5 2500U Upto 3.6GHz, 12GB RAM, 1TB NVMe SSD + 1TB HDD, Vega 8, HDMI, Card Reader, Wi-Fi, Bluetooth, Windows 10 Pro",Free Expedited Shipping,849.99,0.0,https://www.newegg.com/natural-silver-lenovo-ideapad-330s/p/1TS-000E-0FAF5,//c1.neweggimages.com/ProductImageCompressAll300/AA0S_1_201911071642662714.jpg
6,1TS-000D-071G7,Computer Systems,Laptops / Notebooks,9,HP,"HP 15.6"" Gaming Laptop",,799.99,0.0,https://www.newegg.com/black-hp-pavilion-gaming-laptop-15-gaming-entertainment/p/1TS-000D-071G7,//c1.neweggimages.com/NeweggImage/ProductImageCompressAll300/A9JJ_132182514063612366gox1Wx7Jk4.jpg
7,1TS-000D-07XX9,Computer Systems,Laptops / Notebooks,9,HP,"New HP 15.6"" HD Touchscreen Premium Business Laptop | AMD Ryzen 7 3700U Quad-Core Upto 4.0GHz | 12GB RAM | 256GB SSD | AMD Radeon RX Vega 10 Graphics | WiFi | HDMI | Bluetooth | Windows 10 Home",,649.99,0.0,https://www.newegg.com/p/1TS-000D-07XX9,//c1.neweggimages.com/NeweggImage/ProductImageCompressAll300/A9JJS191224NhBu4.jpg
8,1TS-000D-052M4,Computer Systems,Laptops / Notebooks,9,HP,"HP EliteBook 755 G5 Home and Business Laptop (AMD Ryzen 5 PRO 2500U 4-Core, 8GB RAM, 256GB m.2 SATA SSD, 15.6"" Full HD (1920x1080), AMD Radeon Vega, Fingerprint, Wifi, Bluetooth, Webcam, Win 10 Pro)",,1438.80,0.0,https://www.newegg.com/p/1TS-000D-052M4,//c1.neweggimages.com/ProductImageCompressAll300/A7AB_1_202004081743919372.jpg
9,1TS-000D-06XS3,Computer Systems,Laptops / Notebooks,9,HP,"HP 15.6"" HD Touchscreen Laptop, AMD Ryzen 7 3700U Processor, 8GB Memory, 512GB SSD Storage, Backlit Keyboard, 2 Year Warranty Care Pack with Accidental Damage Protection, Windows 10 Home",,799.99,0.0,https://www.newegg.com/natural-silver-hp-15-db1973cl/p/1TS-000D-06XS3,//c1.neweggimages.com/NeweggImage/ProductImageCompressAll300/V0U8_132178202493009411UgSmM16IlU.jpg
10,1TS-001A-00J63,Computer Systems,Laptops / Notebooks,9,ASUS,"ASUS TUF TUF705DU-PB74 Gaming and Entertainment Laptop (AMD Ryzen 7 3750H 4-Core, 32GB RAM, 512GB  PCIe SSD + 2TB  HDD , 17.3"" Full HD (1920x1080), NVIDIA GTX 1660 Ti, Wifi, Bluetooth, Win 10 Pro)",,1802.49,0.0,https://www.newegg.com/p/1TS-001A-00J63,//c1.neweggimages.com/ProductImageCompressAll300/V0F3_1_201905191798296115.jpg
11,1TS-001A-00J87,Computer Systems,Laptops / Notebooks,9,ASUS,"ASUS TUF TUF705DU-PB74 Gaming and Entertainment Laptop (AMD Ryzen 7 3750H 4-Core, 16GB RAM, 2TB  PCIe SSD + 2TB  HDD , 17.3"" Full HD (1920x1080), NVIDIA GTX 1660 Ti, Wifi, Bluetooth, Win 10 Home)",,1952.49,0.0,https://www.newegg.com/p/1TS-001A-00J87,//c1.neweggimages.com/ProductImageCompressAll300/V0F3_1_201905191798296115.jpg
12,1TS-001A-00J95,Computer Systems,Laptops / Notebooks,9,ASUS,"ASUS TUF TUF705DU-PB74 Gaming and Entertainment Laptop (AMD Ryzen 7 3750H 4-Core, 32GB RAM, 2TB  PCIe SSD + 1TB  HDD , 17.3"" Full HD (1920x1080), NVIDIA GTX 1660 Ti, Wifi, Bluetooth, Win 10 Home)",,2112.49,0.0,https://www.newegg.com/p/1TS-001A-00J95,//c1.neweggimages.com/ProductImageCompressAll300/V0F3_1_201905191798296115.jpg
13,1TS-001A-00J67,Computer Systems,Laptops / Notebooks,9,ASUS,"ASUS TUF TUF705DU-PB74 Gaming and Entertainment Laptop (AMD Ryzen 7 3750H 4-Core, 32GB RAM, 2TB  PCIe SSD + 2TB  HDD , 17.3"" Full HD (1920x1080), NVIDIA GTX 1660 Ti, Wifi, Bluetooth, Win 10 Pro)",,2302.49,0.0,https://www.newegg.com/p/1TS-001A-00J67,//c1.neweggimages.com/ProductImageCompressAll300/V0F3_1_201905191798296115.jpg
14,1TS-001A-00J73,Computer Systems,Laptops / Notebooks,9,ASUS,"ASUS TUF TUF705DU-PB74 Gaming and Entertainment Laptop (AMD Ryzen 7 3750H 4-Core, 64GB RAM, 2TB  PCIe SSD + 2TB  HDD , 17.3"" Full HD (1920x1080), NVIDIA GTX 1660 Ti, Wifi, Bluetooth, Win 10 Pro)",,2502.49,0.0,https://www.newegg.com/p/1TS-001A-00J73,//c1.neweggimages.com/ProductImageCompressAll300/V0F3_1_201905191798296115.jpg
15,1TS-001A-00J60,Computer Systems,Laptops / Notebooks,9,ASUS,"ASUS TUF TUF705DU-PB74 Gaming and Entertainment Laptop (AMD Ryzen 7 3750H 4-Core, 16GB RAM, 2TB  PCIe SSD + 1TB  HDD , 17.3"" Full HD (1920x1080), NVIDIA GTX 1660 Ti, Wifi, Bluetooth, Win 10 Pro)",,2062.49,0.0,https://www.newegg.com/p/1TS-001A-00J60,//c1.neweggimages.com/ProductImageCompressAll300/V0F3_1_201905191798296115.jpg
16,1TS-001A-00J86,Computer Systems,Laptops / Notebooks,9,ASUS,"ASUS TUF TUF705DU-PB74 Gaming and Entertainment Laptop (AMD Ryzen 7 3750H 4-Core, 16GB RAM, 2TB  PCIe SSD + 1TB  HDD , 17.3"" Full HD (1920x1080), NVIDIA GTX 1660 Ti, Wifi, Bluetooth, Win 10 Home)",,1912.49,0.0,https://www.newegg.com/p/1TS-001A-00J86,//c1.neweggimages.com/ProductImageCompressAll300/V0F3_1_201905191798296115.jpg
17,1TS-001A-00J76,Computer Systems,Laptops / Notebooks,9,ASUS,"ASUS TUF TUF705DU-PB74 Gaming and Entertainment Laptop (AMD Ryzen 7 3750H 4-Core, 64GB RAM, 1TB  PCIe SSD + 1TB  HDD , 17.3"" Full HD (1920x1080), NVIDIA GTX 1660 Ti, Wifi, Bluetooth, Win 10 Home)",,2112.49,0.0,https://www.newegg.com/p/1TS-001A-00J76,//c1.neweggimages.com/ProductImageCompressAll300/V0F3_1_201905191798296115.jpg
18,1TS-001A-00J53,Computer Systems,Laptops / Notebooks,9,ASUS,"ASUS TUF TUF705DU-PB74 Gaming and Entertainment Laptop (AMD Ryzen 7 3750H 4-Core, 64GB RAM, 512GB  PCIe SSD, 17.3"" Full HD (1920x1080), NVIDIA GTX 1660 Ti, Wifi, Bluetooth, Webcam, Win 10 Pro)",,2279.99,0.0,https://www.newegg.com/p/1TS-001A-00J53,//c1.neweggimages.com/ProductImageCompressAll300/V0F3_1_201905191798296115.jpg
19,1TS-001A-00J93,Computer Systems,Laptops / Notebooks,9,ASUS,"ASUS TUF TUF705DU-PB74 Gaming and Entertainment Laptop (AMD Ryzen 7 3750H 4-Core, 32GB RAM, 1TB  PCIe SSD + 2TB  HDD , 17.3"" Full HD (1920x1080), NVIDIA GTX 1660 Ti, Wifi, Bluetooth, Win 10 Home)",,2339.99,0.0,https://www.newegg.com/p/1TS-001A-00J93,//c1.neweggimages.com/ProductImageCompressAll300/V0F3_1_201905191798296115.jpg
20,1TS-001A-00J59,Computer Systems,Laptops / Notebooks,9,ASUS,"ASUS TUF TUF705DU-PB74 Gaming and Entertainment Laptop (AMD Ryzen 7 3750H 4-Core, 16GB RAM, 1TB  PCIe SSD + 2TB  HDD , 17.3"" Full HD (1920x1080), NVIDIA GTX 1660 Ti, Wifi, Bluetooth, Win 10 Pro)",,2279.99,0.0,https://www.newegg.com/p/1TS-001A-00J59,//c1.neweggimages.com/ProductImageCompressAll300/V0F3_1_201905191798296115.jpg
21,1TS-001A-00J85,Computer Systems,Laptops / Notebooks,9,ASUS,"ASUS TUF TUF705DU-PB74 Gaming and Entertainment Laptop (AMD Ryzen 7 3750H 4-Core, 16GB RAM, 2TB  PCIe SSD, 17.3"" Full HD (1920x1080), NVIDIA GTX 1660 Ti, Wifi, Bluetooth, Webcam, Win 10 Home)",,2219.99,0.0,https://www.newegg.com/p/1TS-001A-00J85,//c1.neweggimages.com/ProductImageCompressAll300/V0F3_1_201905191798296115.jpg
22,1TS-001A-00J92,Computer Systems,Laptops / Notebooks,9,ASUS,"ASUS TUF TUF705DU-PB74 Gaming and Entertainment Laptop (AMD Ryzen 7 3750H 4-Core, 32GB RAM, 1TB  PCIe SSD + 1TB  HDD , 17.3"" Full HD (1920x1080), NVIDIA GTX 1660 Ti, Wifi, Bluetooth, Win 10 Home)",,2291.99,0.0,https://www.newegg.com/p/1TS-001A-00J92,//c1.neweggimages.com/ProductImageCompressAll300/V0F3_1_201905191798296115.jpg
23,1TS-001A-00J74,Computer Systems,Laptops / Notebooks,9,ASUS,"ASUS TUF TUF705DU-PB74 Gaming and Entertainment Laptop (AMD Ryzen 7 3750H 4-Core, 64GB RAM, 512GB  PCIe SSD + 1TB  HDD , 17.3"" Full HD (1920x1080), NVIDIA GTX 1660 Ti, Wifi, Bluetooth, Win 10 Home)",,2171.99,0.0,https://www.newegg.com/p/1TS-001A-00J74,//c1.neweggimages.com/ProductImageCompressAll300/V0F3_1_201905191798296115.jpg
24,1TS-001A-00J71,Computer Systems,Laptops / Notebooks,9,ASUS,"ASUS TUF TUF705DU-PB74 Gaming and Entertainment Laptop (AMD Ryzen 7 3750H 4-Core, 64GB RAM, 1TB  PCIe SSD + 2TB  HDD , 17.3"" Full HD (1920x1080), NVIDIA GTX 1660 Ti, Wifi, Bluetooth, Win 10 Pro)",,2759.99,0.0,https://www.newegg.com/p/1TS-001A-00J71,//c1.neweggimages.com/ProductImageCompressAll300/V0F3_1_201905191798296115.jpg
25,1TS-001A-00J94,Computer Systems,Laptops / Notebooks,9,ASUS,"ASUS TUF TUF705DU-PB74 Gaming and Entertainment Laptop (AMD Ryzen 7 3750H 4-Core, 32GB RAM, 2TB  PCIe SSD, 17.3"" Full HD (1920x1080), NVIDIA GTX 1660 Ti, Wifi, Bluetooth, Webcam, Win 10 Home)",,2459.99,0.0,https://www.newegg.com/p/1TS-001A-00J94,//c1.neweggimages.com/ProductImageCompressAll300/V0F3_1_201905191798296115.jpg
26,1TS-001A-00J48,Computer Systems,Laptops / Notebooks,9,ASUS,"ASUS TUF TUF705DU-PB74 Gaming and Entertainment Laptop (AMD Ryzen 7 3750H 4-Core, 32GB RAM, 1TB  PCIe SSD, 17.3"" Full HD (1920x1080), NVIDIA GTX 1660 Ti, Wifi, Bluetooth, Webcam, Win 10 Pro)",,2399.99,0.0,https://www.newegg.com/p/1TS-001A-00J48,//c1.neweggimages.com/ProductImageCompressAll300/V0F3_1_201905191798296115.jpg
27,1TS-001A-00J82,Computer Systems,Laptops / Notebooks,9,ASUS,"ASUS TUF TUF705DU-PB74 Gaming and Entertainment Laptop (AMD Ryzen 7 3750H 4-Core, 16GB RAM, 1TB  PCIe SSD, 17.3"" Full HD (1920x1080), NVIDIA GTX 1660 Ti, Wifi, Bluetooth, Webcam, Win 10 Home)",,1979.99,0.0,https://www.newegg.com/p/1TS-001A-00J82,//c1.neweggimages.com/ProductImageCompressAll300/V0F3_1_201905191798296115.jpg
28,1TS-001A-00J45,Computer Systems,Laptops / Notebooks,9,ASUS,"ASUS TUF TUF705DU-PB74 Gaming and Entertainment Laptop (AMD Ryzen 7 3750H 4-Core, 16GB RAM, 1TB  PCIe SSD, 17.3"" Full HD (1920x1080), NVIDIA GTX 1660 Ti, Wifi, Bluetooth, Webcam, Win 10 Pro)",,2159.99,0.0,https://www.newegg.com/p/1TS-001A-00J45,//c1.neweggimages.com/ProductImageCompressAll300/V0F3_1_201905191798296115.jpg
29,1TS-001A-00J84,Computer Systems,Laptops / Notebooks,9,ASUS,"ASUS TUF TUF705DU-PB74 Gaming and Entertainment Laptop (AMD Ryzen 7 3750H 4-Core, 16GB RAM, 1TB  PCIe SSD + 2TB  HDD , 17.3"" Full HD (1920x1080), NVIDIA GTX 1660 Ti, Wifi, Bluetooth, Win 10 Home)",,2099.99,0.0,https://www.newegg.com/p/1TS-001A-00J84,//c1.neweggimages.com/ProductImageCompressAll300/V0F3_1_201905191798296115.jpg
30,1TS-001A-00J80,Computer Systems,Laptops / Notebooks,9,ASUS,"ASUS TUF TUF705DU-PB74 Gaming and Entertainment Laptop (AMD Ryzen 7 3750H 4-Core, 16GB RAM, 512GB  PCIe SSD + 1TB  HDD , 17.3"" Full HD (1920x1080), NVIDIA GTX 1660 Ti, Wifi, Bluetooth, Win 10 Home)",,1691.99,0.0,https://www.newegg.com/p/1TS-001A-00J80,//c1.neweggimages.com/ProductImageCompressAll300/V0F3_1_201905191798296115.jpg
31,1TS-001A-00J65,Computer Systems,Laptops / Notebooks,9,ASUS,"ASUS TUF TUF705DU-PB74 Gaming and Entertainment Laptop (AMD Ryzen 7 3750H 4-Core, 32GB RAM, 1TB  PCIe SSD + 2TB  HDD , 17.3"" Full HD (1920x1080), NVIDIA GTX 1660 Ti, Wifi, Bluetooth, Win 10 Pro)",,2519.99,0.0,https://www.newegg.com/p/1TS-001A-00J65,//c1.neweggimages.com/ProductImageCompressAll300/V0F3_1_201905191798296115.jpg
32,1TS-001A-00J58,Computer Systems,Laptops / Notebooks,9,ASUS,"ASUS TUF TUF705DU-PB74 Gaming and Entertainment Laptop (AMD Ryzen 7 3750H 4-Core, 16GB RAM, 1TB  PCIe SSD + 1TB  HDD , 17.3"" Full HD (1920x1080), NVIDIA GTX 1660 Ti, Wifi, Bluetooth, Win 10 Pro)",,2231.99,0.0,https://www.newegg.com/p/1TS-001A-00J58,//c1.neweggimages.com/ProductImageCompressAll300/V0F3_1_201905191798296115.jpg
33,1TS-001A-00J54,Computer Systems,Laptops / Notebooks,9,ASUS,"ASUS TUF TUF705DU-PB74 Gaming and Entertainment Laptop (AMD Ryzen 7 3750H 4-Core, 64GB RAM, 1TB  PCIe SSD, 17.3"" Full HD (1920x1080), NVIDIA GTX 1660 Ti, Wifi, Bluetooth, Webcam, Win 10 Pro)",,2639.99,0.0,https://www.newegg.com/p/1TS-001A-00J54,//c1.neweggimages.com/ProductImageCompressAll300/V0F3_1_201905191798296115.jpg
34,1TS-001A-00J46,Computer Systems,Laptops / Notebooks,9,ASUS,"ASUS TUF TUF705DU-PB74 Gaming and Entertainment Laptop (AMD Ryzen 7 3750H 4-Core, 16GB RAM, 2TB  PCIe SSD, 17.3"" Full HD (1920x1080), NVIDIA GTX 1660 Ti, Wifi, Bluetooth, Webcam, Win 10 Pro)",Free Expedited Shipping,2399.99,0.0,https://www.newegg.com/p/1TS-001A-00J46,//c1.neweggimages.com/ProductImageCompressAll300/V0F3_1_201905191798296115.jpg
35,1TS-001A-00J56,Computer Systems,Laptops / Notebooks,9,ASUS,"ASUS TUF TUF705DU-PB74 Gaming and Entertainment Laptop (AMD Ryzen 7 3750H 4-Core, 16GB RAM, 512GB  PCIe SSD + 1TB  HDD , 17.3"" Full HD (1920x1080), NVIDIA GTX 1660 Ti, Wifi, Bluetooth, Win 10 Pro)",Free Expedited Shipping,1871.99,0.0,https://www.newegg.com/p/1TS-001A-00J56,//c1.neweggimages.com/ProductImageCompressAll300/V0F3_1_201905191798296115.jpg
