,item_number,general_category,product_category,page_number,brand,model_specifications,current_promotions,price,shipping,product_links,image_link
0,1TS-000E-0FSU1,Computer Systems,Laptops / Notebooks,19,Lenovo,"Lenovo ThinkPad T570 Windows 10 Pro - i7-6600U, 8GB RAM, 128GB SSD, 15.6"" IPS FHD (1920x1080) Matte Display, Fingerprint Reader, Black Color",,1649.99,0.0,https://www.newegg.com/p/1TS-000E-0FSU1?Item=9SIA8TKASX0821,//c1.neweggimages.com/ProductImageCompressAll300/A8TK_1_201801051728744162.jpg
1,1TS-000D-02MF0,Computer Systems,Laptops / Notebooks,19,HP,"HP Spectre x360 15t 2-in-1 Convertible Laptop (8th Gen i7-8705G, 16GB RAM, 256GB PCIe SSD, 15.6"" UHD micro-edge Touch Corning Gorilla, Radeon RX Vega, Win10 Pro) Dark Ash with HP Z5000 Bluetooth Mouse",Free Expedited Shipping,1679.00,0.0,https://www.newegg.com/p/1TS-000D-02MF0?Item=9SIA7AB7B95838,//c1.neweggimages.com/NeweggImage/ProductImageCompressAll300/A7AB_131718409882490197op5EX0nJYO.jpg
2,1TS-000E-07TK9,Computer Systems,Laptops / Notebooks,19,Lenovo,"Lenovo ThinkPad T470s Windows 10 Pro Laptop - Intel Core i7-7500U, 16GB RAM, 128GB SSD, 14"" IPS WQHD (2560x1440) Matte Display, Fingerprint Reader, Smart Card Reader, Black Color",,1649.99,0.0,https://www.newegg.com/p/1TS-000E-07TK9?Item=9SIA8TK6UR1029,//c1.neweggimages.com/NeweggImage/ProductImageCompressAll300/A8TK_1_201709071196388703.jpg
3,1TS-000E-07YD8,Computer Systems,Laptops / Notebooks,19,Lenovo,"Lenovo ThinkPad T470s Windows 10 Pro LTE 4G Laptop - Intel Core i7-7600U, 12GB RAM, 128GB SSD, 14"" IPS WQHD (2560x1440) Matte Display, Fingerprint Reader, Smart Card Reader, Silver Color",,1649.99,0.0,https://www.newegg.com/p/1TS-000E-07YD8?Item=9SIA8TK6X36295,//c1.neweggimages.com/NeweggImage/ProductImageCompressAll300/A8TK_1_201709071888383141.jpg
4,1TS-000E-06U70,Computer Systems,Laptops / Notebooks,19,Lenovo,"Lenovo ThinkPad T470s Windows 7 Pro Laptop - Intel Core i7-7600U, 8GB RAM, 128GB SSD, 14"" IPS WQHD (2560x1440) Matte Display, Fingerprint Reader, Smart Card Reader, Silver Color",,1484.99,0.0,https://www.newegg.com/p/1TS-000E-06U70?Item=9SIA8TK6CV2680,//c1.neweggimages.com/NeweggImage/ProductImageCompressAll300/A8TK_1_201709071888383141.jpg
5,1TS-000E-06VH1,Computer Systems,Laptops / Notebooks,19,Lenovo,"2017 Lenovo ThinkPad X1 Carbon (5th Gen) - Windows 7 Pro - Modern Silver - Intel Core i7-7600U, 180GB SSD, 8GB RAM, 14"" WQHD IPS (2560x1440) Display, Fingerprint Reader",,1396.99,0.0,https://www.newegg.com/p/1TS-000E-06VH1?Item=9SIA8TK6D86307,//c1.neweggimages.com/NeweggImage/ProductImageCompressAll300/A8TK_1_20170915900681419.jpg
6,1TS-000E-0CMP0,Computer Systems,Laptops / Notebooks,19,Lenovo,"Lenovo Business 330S Laptop- Windows 10 Pro, Intel i7-8550U, 20GB RAM, 256GB PCIe NVMe SSD , 15.6"" HD 1366x768 Display, Fast Charging",,1341.99,0.0,https://www.newegg.com/blue-lenovo-330s/p/1TS-000E-0CMP0?Item=9SIA8TK8MM1694,//c1.neweggimages.com/ProductImageCompressAll300/A8TK_1_20190111426895666.jpg
7,1TS-000E-0CMS7,Computer Systems,Laptops / Notebooks,19,Lenovo,"Lenovo Business 330S Laptop- Windows 10 Home, Intel i7-8550U, 20GB RAM, 256GB PCIe NVMe SSD + 500GB HDD, 15.6"" HD 1366x768 Display, Fast Charging",,1451.99,0.0,https://www.newegg.com/blue-lenovo-330s/p/1TS-000E-0CMS7?Item=9SIA8TK8MM1745,//c1.neweggimages.com/ProductImageCompressAll300/A8TK_1_20190111426895666.jpg
8,1TS-000D-05E67,Computer Systems,Laptops / Notebooks,19,HP,"2019 HP Pavilion 15.6"" FHD IPS Touchscreen Business Laptop, Intel Quad Core i7-8550U upto 4.0GHz, 12GB RAM, 256GB SSD Boot + 2TB HDD, Backlit Keyboard, WiFi, HDMI, USB-C, Windows 10, Gold",,1034.99,0.0,https://www.newegg.com/gold-hp-pavilion-mainstream/p/1TS-000D-05E67?Item=9SIAKYF9VU4487,//c1.neweggimages.com/ProductImageCompressAll300/AK1E_1_201907281825676211.jpg
9,1TS-000E-09AD1,Computer Systems,Laptops / Notebooks,19,Lenovo,"2018 Lenovo ThinkPad T480s Windows 10 Pro Laptop - Intel Core i7-8650U, 16GB RAM, 180GB SSD, 14"" IPS FHD (1920x1080) Matte Display, Fingerprint Reader,  Black Color",,1759.99,0.0,https://www.newegg.com/p/1TS-000E-09AD1?Item=9SIA8TK7ZM6456,//c1.neweggimages.com/NeweggImage/ProductImageCompressAll300/V0E4_1_20190130807883272.jpg
10,1TS-000E-09YD3,Computer Systems,Laptops / Notebooks,19,Lenovo,"2018 Lenovo ThinkPad T480s Windows 10 Pro Laptop -  i7-8650U, 24GB RAM, 180GB SSD, 14"" IPS FHD 1920x1080 Touch Display w/ NVIDIA MX150 Graphics, Smart Card Reader, 4G LTE WWAN,  Black",,1979.99,0.0,https://www.newegg.com/p/1TS-000E-09YD3?Item=9SIA8TK8A10855,//c1.neweggimages.com/NeweggImage/ProductImageCompressAll300/A8TK_1_20180727843708741.jpg
11,1TS-000E-0CMR2,Computer Systems,Laptops / Notebooks,19,Lenovo,"Lenovo Business 330S Laptop- Windows 10 Pro, Intel i7-8550U, 20GB RAM, 256GB PCIe NVMe SSD + 2TB HDD, 15.6"" HD 1366x768 Display, Fast Charging",,1506.99,0.0,https://www.newegg.com/blue-lenovo-330s/p/1TS-000E-0CMR2?Item=9SIA8TK8MM1728,//c1.neweggimages.com/ProductImageCompressAll300/A8TK_1_20190111426895666.jpg
12,1TS-000E-0A1B3,Computer Systems,Laptops / Notebooks,19,Lenovo,"2018 Lenovo ThinkPad T480s Windows 10 Pro Laptop - i7-8550U, 16GB RAM, 128GB SSD, 14"" IPS WQHD (2560x1440) Matte Display, Fingerprint Reader, Smart Card Reader, 4G LTE WWAN,  Black",,1869.99,0.0,https://www.newegg.com/p/1TS-000E-0A1B3?Item=9SIA8TK8A11795,//c1.neweggimages.com/NeweggImage/ProductImageCompressAll300/A8TK_1_20180727843708741.jpg
13,1TS-000E-0A2E0,Computer Systems,Laptops / Notebooks,19,Lenovo,"2018 Lenovo ThinkPad T480s Windows 10 Pro Laptop - i7-8550U, 8GB RAM, 128GB SSD, 14"" IPS WQHD (2560x1440) Matte Display, Fingerprint Reader, Smart Card Reader,  Black",,1499.99,0.0,https://www.newegg.com/p/1TS-000E-0A2E0?Item=9SIA8TK8A12145,//c1.neweggimages.com/NeweggImage/ProductImageCompressAll300/A8TK_1_20180727843708741.jpg
14,1TS-000E-0A0B1,Computer Systems,Laptops / Notebooks,19,Lenovo,"2018 Lenovo ThinkPad T480s Windows 10 Pro Laptop - i7-8550U, 12GB RAM, 256GB SSD, 14"" IPS WQHD (2560x1440) Matte Display, Fingerprint Reader, Smart Card Reader,  Black",,1704.99,0.0,https://www.newegg.com/p/1TS-000E-0A0B1?Item=9SIA8TK8A11473,//c1.neweggimages.com/NeweggImage/ProductImageCompressAll300/A8TK_1_20180727843708741.jpg
15,1TS-000E-07ED8,Computer Systems,Laptops / Notebooks,19,Lenovo,"2017 Lenovo ThinkPad X1 Carbon 4G LTE (5th Gen) - Windows 10 Pro - Intel Core i7-7600U, 128GB SSD, 8GB RAM, 14"" WQHD IPS (2560x1440) Display, Fingerprint Reader, (Classic Black)",,1759.99,0.0,https://www.newegg.com/p/1TS-000E-07ED8?Item=9SIA8TK6M30911,//c1.neweggimages.com/NeweggImage/ProductImageCompressAll300/A8TK_1_20170915238001060.jpg
16,1TS-000E-07Y15,Computer Systems,Laptops / Notebooks,19,Lenovo,"Lenovo ThinkPad T470s Windows 10 Pro LTE 4G Laptop - Intel Core i7-7500U, 16GB RAM, 256GB SSD, 14"" IPS WQHD (2560x1440) Matte Display, Fingerprint Reader, Smart Card Reader, Black Color",,1814.99,0.0,https://www.newegg.com/p/1TS-000E-07Y15?Item=9SIA8TK6X36172,//c1.neweggimages.com/NeweggImage/ProductImageCompressAll300/A8TK_1_201709071196388703.jpg
17,1TS-000E-07ZM6,Computer Systems,Laptops / Notebooks,19,Lenovo,"Lenovo ThinkPad T470s Windows 7 Pro LTE 4G Laptop - Intel Core i7-7600U, 12GB RAM, 256GB PCIe NVMe SSD, 14"" IPS WQHD (2560x1440) Matte Display, Fingerprint Reader, Smart Card Reader, Silver Color",,1704.99,0.0,https://www.newegg.com/p/1TS-000E-07ZM6?Item=9SIA8TK6X36685,//c1.neweggimages.com/NeweggImage/ProductImageCompressAll300/A8TK_1_201709071888383141.jpg
18,1TS-000E-0CMU6,Computer Systems,Laptops / Notebooks,19,Lenovo,"Lenovo Business 330S Laptop- Linux Mint 19 (Cinnamon), Intel i7-8550U, 20GB RAM, 256GB PCIe NVMe SSD , 15.6"" HD 1366x768 Display, Fast Charging",,1341.99,0.0,https://www.newegg.com/blue-lenovo-330s/p/1TS-000E-0CMU6?Item=9SIA8TK8MM1770,//c1.neweggimages.com/ProductImageCompressAll300/A8TK_1_20190111426895666.jpg
19,1TS-000E-0A233,Computer Systems,Laptops / Notebooks,19,Lenovo,"2018 Lenovo ThinkPad T480s Windows 10 Pro Laptop -  i7-8650U, 24GB RAM, 256GB PCIe NVMe SSD, 14"" IPS FHD (1920x1080) Touch Display w/ NVIDIA MX150 Graphics, Smart Card ReaderBlack",,1869.99,0.0,https://www.newegg.com/p/1TS-000E-0A233?Item=9SIA8TK8A12038,//c1.neweggimages.com/NeweggImage/ProductImageCompressAll300/A8TK_1_20180727843708741.jpg
20,1TS-000E-07F76,Computer Systems,Laptops / Notebooks,19,Lenovo,"2017 Lenovo ThinkPad X1 Carbon 4G LTE (5th Gen) - Windows 7 Pro - Intel Core i7-7500U, 128GB SSD, 16GB RAM, 14"" WQHD IPS (2560x1440) Display, Fingerprint Reader, (Classic Black)",,1814.99,0.0,https://www.newegg.com/p/1TS-000E-07F76?Item=9SIA8TK6M31381,//c1.neweggimages.com/NeweggImage/ProductImageCompressAll300/A8TK_1_20170915238001060.jpg
21,1TS-000E-0D3K1,Computer Systems,Laptops / Notebooks,19,Lenovo,"Lenovo Business 330S Laptop - Windows 10 Pro - Intel i7-8550U, 12GB RAM, 250GB SSD, 14"" FHD IPS (1920x1080) Display, Fast Charging",,1484.99,0.0,https://www.newegg.com/gray-lenovo-330s/p/1TS-000E-0D3K1?Item=9SIA8TK8UH5950,//c1.neweggimages.com/ProductImageCompressAll300/A8TK_1_20190304562021573.jpg
22,1TS-000E-0D421,Computer Systems,Laptops / Notebooks,19,Lenovo,"Lenovo Business 330S Laptop- Windows 10 Home Premium, Intel i7-8550U, 20GB RAM, 256GB PCIe NVMe SSD , 14"" FHD IPS (1920x1080) Display, Fast Charging",,1484.99,0.0,https://www.newegg.com/gray-lenovo-330s/p/1TS-000E-0D421?Item=9SIA8TK8UH6282,//c1.neweggimages.com/ProductImageCompressAll300/A8TK_1_20190304562021573.jpg
23,1TS-000E-07FF8,Computer Systems,Laptops / Notebooks,19,Lenovo,"2017 Lenovo ThinkPad X1 Carbon 4G LTE (5th Gen) - Windows 7 Pro - Intel Core i7-7600U, 256GB SSD, 8GB RAM, 14"" WQHD IPS (2560x1440) Display, Fingerprint Reader, (Classic Black)",,1759.99,0.0,https://www.newegg.com/p/1TS-000E-07FF8?Item=9SIA8TK6M31463,//c1.neweggimages.com/NeweggImage/ProductImageCompressAll300/A8TK_1_20170915238001060.jpg
24,1TS-000E-09YK3,Computer Systems,Laptops / Notebooks,19,Lenovo,"2018 Lenovo ThinkPad T480s Windows 10 Pro Laptop -  i7-8650U, 12GB RAM, 256GB SSD, 14"" IPS FHD 1920x1080 Touch Display w/ NVIDIA MX150 Graphics, Smart Card Reader, 4G LTE WWAN,  Black",,1869.99,0.0,https://www.newegg.com/p/1TS-000E-09YK3?Item=9SIA8TK8A10915,//c1.neweggimages.com/NeweggImage/ProductImageCompressAll300/A8TK_1_20180727843708741.jpg
25,1TS-000E-0D3M0,Computer Systems,Laptops / Notebooks,19,Lenovo,"Lenovo Business 330S Laptop- Windows 10 Pro, Intel i7-8550U, 12GB RAM, 256GB PCIe NVMe SSD + 1TB HDD, 14"" FHD IPS (1920x1080) Display, Fast Charging",,1594.99,0.0,https://www.newegg.com/gray-lenovo-330s/p/1TS-000E-0D3M0?Item=9SIA8TK8UH5960,//c1.neweggimages.com/ProductImageCompressAll300/A8TK_1_20190304562021573.jpg
26,1TS-000E-0A1P5,Computer Systems,Laptops / Notebooks,19,Lenovo,"2018 Lenovo ThinkPad T480s Windows 10 Pro Laptop -  i7-8650U, 16GB RAM, 128GB SSD, 14"" IPS FHD (1920x1080) Touch Display w/ NVIDIA MX150 Graphics, Smart Card Reader, Black",,1649.99,0.0,https://www.newegg.com/p/1TS-000E-0A1P5?Item=9SIA8TK8A11910,//c1.neweggimages.com/NeweggImage/ProductImageCompressAll300/A8TK_1_20180727843708741.jpg
27,1TS-000E-0A361,Computer Systems,Laptops / Notebooks,19,Lenovo,"2018 Lenovo ThinkPad T480s Windows 10 Pro Laptop - i7-8550U, 16GB RAM, 180GB SSD, 14"" IPS WQHD (2560x1440) Matte Display, Fingerprint Reader, Smart Card Reader, 4G LTE WWAN,  Black",,1869.99,0.0,https://www.newegg.com/p/1TS-000E-0A361?Item=9SIA8TK8A12386,//c1.neweggimages.com/NeweggImage/ProductImageCompressAll300/A8TK_1_20180727843708741.jpg
28,1TS-000E-07YP2,Computer Systems,Laptops / Notebooks,19,Lenovo,"Lenovo ThinkPad T470s Windows 10 Pro LTE 4G Laptop - Intel Core i7-7600U, 8GB RAM, 128GB SSD, 14"" IPS WQHD (2560x1440) Matte Display, Fingerprint Reader, Smart Card Reader, Silver Color",,1594.99,0.0,https://www.newegg.com/p/1TS-000E-07YP2?Item=9SIA8TK6X36379,//c1.neweggimages.com/NeweggImage/ProductImageCompressAll300/A8TK_1_201709071888383141.jpg
29,1TS-000E-0CMA9,Computer Systems,Laptops / Notebooks,19,Lenovo,"Lenovo Business 330S Laptop- Windows 10 Home, Intel i7-8550U, 8GB RAM, 256GB PCIe NVMe SSD + 500GB HDD, 15.6"" HD 1366x768 Display, Fast Charging",,1231.99,0.0,https://www.newegg.com/blue-lenovo-330s/p/1TS-000E-0CMA9?Item=9SIA8TK8MM1430,//c1.neweggimages.com/ProductImageCompressAll300/A8TK_1_20190111426895666.jpg
30,1TS-000E-0DB44,Computer Systems,Laptops / Notebooks,19,Lenovo,"Lenovo Yoga 730 2-in-1 15.6"" FHD IPS Touchscreen Customized Laptop Intel Core i7-8550U 16GB RAM 256GB SSD Backlit Keyboard Fingerprint Reader Upto 9 Hours Mixed Usage Windows 10 Iron Gray",,1091.30,0.0,https://www.newegg.com/p/1TS-000E-0DB44?Item=9SIAJZD91W1099,//c1.neweggimages.com/ProductImageCompressAll300/AJZD_1_201904071285560225.jpg
31,1TS-000E-07TD3,Computer Systems,Laptops / Notebooks,19,Lenovo,"Lenovo ThinkPad T470s Windows 10 Pro Laptop - Intel Core i7-7500U, 12GB RAM, 256GB SSD, 14"" IPS WQHD (2560x1440) Matte Display, Fingerprint Reader, Smart Card Reader, Black Color",,1649.99,0.0,https://www.newegg.com/p/1TS-000E-07TD3?Item=9SIA8TK6UR0961,//c1.neweggimages.com/NeweggImage/ProductImageCompressAll300/A8TK_1_201709071196388703.jpg
32,1TS-000E-0D396,Computer Systems,Laptops / Notebooks,19,Lenovo,"Lenovo Business 330S Laptop- Windows 10 Pro, Intel i7-8550U, 8GB RAM, 256GB PCIe NVMe SSD + 2TB SSD, 14"" FHD IPS (1920x1080) Display, Fast Charging",,1759.99,0.0,https://www.newegg.com/gray-lenovo-330s/p/1TS-000E-0D396?Item=9SIA8TK8UH5731,//c1.neweggimages.com/ProductImageCompressAll300/A8TK_1_20190304562021573.jpg
33,1TS-000E-09BE8,Computer Systems,Laptops / Notebooks,19,Lenovo,"2018 Lenovo ThinkPad T480s Windows 10 Pro Laptop - Intel Core i7-8650U, 16GB RAM, 128GB SSD, 14"" IPS FHD (1920x1080) Matte Display, Fingerprint Reader,  Black Color",,1759.99,0.0,https://www.newegg.com/p/1TS-000E-09BE8?Item=9SIA8TK7ZM6793,//c1.neweggimages.com/NeweggImage/ProductImageCompressAll300/V0E4_1_20190130807883272.jpg
34,1TS-000E-07XS0,Computer Systems,Laptops / Notebooks,19,Lenovo,"Lenovo ThinkPad T470s Windows 10 Pro LTE 4G Laptop - Intel Core i7-7500U, 8GB RAM, 128GB SSD, 14"" IPS WQHD (2560x1440) Matte Display, Fingerprint Reader, Smart Card Reader, Black Color",,1649.99,0.0,https://www.newegg.com/p/1TS-000E-07XS0?Item=9SIA8TK6X36077,//c1.neweggimages.com/NeweggImage/ProductImageCompressAll300/A8TK_1_201709071196388703.jpg
35,1TS-000E-09ZZ0,Computer Systems,Laptops / Notebooks,19,Lenovo,"2018 Lenovo ThinkPad T480s Windows 10 Pro Laptop - Intel Core i7-8550U, 24GB RAM, 256GB NVMe SSD, 14"" IPS FHD Touch 1920x1080 Display, Fingerprint Reader, Smart Card Reader, 4G LTE WWAN, Black",,1814.99,0.0,https://www.newegg.com/p/1TS-000E-09ZZ0?Item=9SIA8TK8A11352,//c1.neweggimages.com/NeweggImage/ProductImageCompressAll300/A8TK_1_20180727843708741.jpg
