,item_number,general_category,product_category,page_number,brand,model_specifications,current_promotions,price,shipping,product_links,image_link
0,1TS-000D-089E9,Computer Systems,Laptops / Notebooks,14,HP,"HP 17 Notebook, 17.3"" HD+ Display, AMD Ryzen 7 3700U Upto 4.0GHz, 16GB RAM, 1TB NVMe SSD + 1TB HDD, Vega 10, DVDRW, HDMI, Card Reader, Wi-Fi, Bluetooth, Windows 10 Home",Free Expedited Shipping,1029.99,0.0,https://www.newegg.com/black-textured-hp-17/p/1TS-000D-089E9,//c1.neweggimages.com/ProductImageCompressAll300/AEYA_1_202002041968916637.jpg
1,1TS-000D-089D9,Computer Systems,Laptops / Notebooks,14,HP,"HP 17 Notebook, 17.3"" HD+ Display, AMD Ryzen 7 3700U Upto 4.0GHz, 32GB RAM, 1TB SSD, Vega 10, DVDRW, HDMI, Card Reader, Wi-Fi, Bluetooth, Windows 10 Pro",Free Expedited Shipping,1429.99,0.0,https://www.newegg.com/black-textured-hp-17/p/1TS-000D-089D9,//c1.neweggimages.com/ProductImageCompressAll300/AA0S_1_20200204822850046.jpg
2,1TS-000E-0J0Y8,Computer Systems,Laptops / Notebooks,14,Lenovo,"Lenovo Ideapad  S340 15.6""  FHD (1920 x 1080) Laptop, AMD Ryzen 5 3500U Processor, 8GB DDR4 RAM (4GB Soldered + 4GB DIMM), 256GB SSD, AMD Radeon Vega 8 Graphics, Backlit Keyboard, Win 10 H",,709.99,0.0,https://www.newegg.com/p/1TS-000E-0J0Y8,//c1.neweggimages.com/NeweggImage/ProductImageCompressAll300/A9JJS2003186tjdh.jpg
3,1TS-000D-09928,Computer Systems,Laptops / Notebooks,14,HP,"HP ProBook 445R G6 Notebook, 14"" FHD Display, AMD Ryzen 5 3500U Upto 3.7GHz, 32GB RAM, 1TB NVMe SSD, Vega 8, HDMI, DisplayPort via USB-C, Card Reader, Wi-Fi, Bluetooth, Windows 10 Pro",Free Expedited Shipping,1279.99,0.0,https://www.newegg.com/silver-hp-probook-445r-g6/p/1TS-000D-09928,//c1.neweggimages.com/ProductImageCompressAll300/AA0S_1_20200218543448951.jpg
4,1TS-001A-01TW0,Computer Systems,Laptops / Notebooks,14,ASUS,"ASUS FX705DT 17.3"" Customized Gaming Laptop | AMD Ryzen 7 3750H Processor | 32GB RAM 256GB SSD 2TB HDD | GeForce GTX 1650 4GB GDDR5 | RGB Backlit Keyboard | Windows 10 Black",,1244.57,0.0,https://www.newegg.com/p/1TS-001A-01TW0,//c1.neweggimages.com/ProductImageCompressAll300/AJZD_1_202001281913377908.jpg
5,1TS-000D-09923,Computer Systems,Laptops / Notebooks,14,HP,"HP ProBook 445R G6 Notebook, 14"" FHD Display, AMD Ryzen 5 3500U Upto 3.7GHz, 8GB RAM, 256GB NVMe SSD + 1TB HDD, Vega 8, HDMI, DisplayPort via USB-C, Card Reader, Wi-Fi, Bluetooth, Windows 10 Pro",Free Expedited Shipping,849.99,0.0,https://www.newegg.com/silver-hp-probook-445r-g6/p/1TS-000D-09923,//c1.neweggimages.com/ProductImageCompressAll300/AA0S_1_202002182111762861.jpg
6,1TS-001A-01TT2,Computer Systems,Laptops / Notebooks,14,ASUS,"ASUS FX705DT 17.3"" Customized Gaming Laptop | AMD Ryzen 7 3750H Processor | 16GB RAM 256GB SSD 2TB HDD | GeForce GTX 1650 4GB GDDR5 | RGB Backlit Keyboard | Windows 10 Black",,1099.86,0.0,https://www.newegg.com/p/1TS-001A-01TT2,//c1.neweggimages.com/ProductImageCompressAll300/AJZD_1_202001281913377908.jpg
7,1TS-000D-089C5,Computer Systems,Laptops / Notebooks,14,HP,"HP 17 Notebook, 17.3"" HD+ Display, AMD Ryzen 7 3700U Upto 4.0GHz, 8GB RAM, 256GB NVMe SSD + 1TB HDD, Vega 10, DVDRW, HDMI, Card Reader, Wi-Fi, Bluetooth, Windows 10 Pro",Free Expedited Shipping,899.99,0.0,https://www.newegg.com/black-textured-hp-17/p/1TS-000D-089C5,//c1.neweggimages.com/ProductImageCompressAll300/AA0S_1_202002041757548110.jpg
8,1TS-000D-09926,Computer Systems,Laptops / Notebooks,14,HP,"HP ProBook 445R G6 Notebook, 14"" FHD Display, AMD Ryzen 5 3500U Upto 3.7GHz, 32GB RAM, 1TB NVMe SSD + 1TB HDD, Vega 8, HDMI, DisplayPort via USB-C, Card Reader, Wi-Fi, Bluetooth, Windows 10 Pro",Free Expedited Shipping,1279.99,0.0,https://www.newegg.com/silver-hp-probook-445r-g6/p/1TS-000D-09926,//c1.neweggimages.com/ProductImageCompressAll300/AA0S_1_202002181861954672.jpg
9,1TS-000X-01Z20,Computer Systems,Laptops / Notebooks,14,Acer America,"Acer Nitro 5 15.6"" Customized Gaming Laptop | AMD Ryzen 5 2500U Quad-Core | 16GB RAM 1024GB SSD | Full HD IPS | AMD Radeon RX 560X 4GB GDDR5 | Windows 10 Home Black",,935.59,0.0,https://www.newegg.com/p/1TS-000X-01Z20,//c1.neweggimages.com/ProductImageCompressAll300/AJZD_1_202003231834599772.jpg
10,1TS-000D-089E1,Computer Systems,Laptops / Notebooks,14,HP,"HP 17 Notebook, 17.3"" HD+ Display, AMD Ryzen 7 3700U Upto 4.0GHz, 8GB RAM, 512GB SSD, Vega 10, DVDRW, HDMI, Card Reader, Wi-Fi, Bluetooth, Windows 10 Pro",Free Expedited Shipping,1029.99,0.0,https://www.newegg.com/black-textured-hp-17/p/1TS-000D-089E1,//c1.neweggimages.com/ProductImageCompressAll300/AA0S_1_20200204278794794.jpg
11,1TS-000X-01Z05,Computer Systems,Laptops / Notebooks,14,Acer America,"Acer Nitro 5 15.6"" Customized Gaming Laptop | AMD Ryzen 5 2500U Quad-Core | 12GB RAM 128GB SSD 1TB HDD | Full HD IPS | AMD Radeon RX 560X 4GB GDDR5 | Windows 10 Home Black",,790.66,0.0,https://www.newegg.com/p/1TS-000X-01Z05,//c1.neweggimages.com/ProductImageCompressAll300/AJZD_1_202003231834599772.jpg
12,1TS-000D-089E0,Computer Systems,Laptops / Notebooks,14,HP,"HP 17 Notebook, 17.3"" HD+ Display, AMD Ryzen 7 3700U Upto 4.0GHz, 16GB RAM, 256GB SSD, Vega 10, DVDRW, HDMI, Card Reader, Wi-Fi, Bluetooth, Windows 10 Pro",Free Expedited Shipping,999.99,0.0,https://www.newegg.com/black-textured-hp-17/p/1TS-000D-089E0,//c1.neweggimages.com/ProductImageCompressAll300/AA0S_1_2020020469521999.jpg
13,1TS-001A-01TR5,Computer Systems,Laptops / Notebooks,14,ASUS,"ASUS FX705DT 17.3"" Customized Gaming Laptop | AMD Ryzen 7 3750H Processor | 12GB RAM 1TB HDD | GeForce GTX 1650 4GB GDDR5 | RGB Backlit Keyboard | Windows 10 Black",,991.32,0.0,https://www.newegg.com/p/1TS-001A-01TR5,//c1.neweggimages.com/ProductImageCompressAll300/AJZD_1_202001281913377908.jpg
14,1TS-000D-09JG2,Computer Systems,Laptops / Notebooks,14,HP,"HP 17z 17.3"" HD+ (1600 x 900) Touchscreen Laptop (AMD Ryzen 5 3500U Quad-Core Processor 2.1GHz, up to 3.7GHz, 6MB Cache, 12GB DDR4 RAM, 256GB SSD, DVD-RW, AMD Radeon Vega 8, Jet Black, Windows 10)",,849.99,0.0,https://www.newegg.com/p/1TS-000D-09JG2,//c1.neweggimages.com/NeweggImage/ProductImageCompressAll300/A9JJS2004079pisA.jpg
15,1TS-000D-089G4,Computer Systems,Laptops / Notebooks,14,HP,"HP 17 Notebook, 17.3"" HD+ Display, AMD Ryzen 7 3700U Upto 4.0GHz, 8GB RAM, 256GB SSD, Vega 10, DVDRW, HDMI, Card Reader, Wi-Fi, Bluetooth, Windows 10 Home",Free Expedited Shipping,899.99,0.0,https://www.newegg.com/black-textured-hp-17/p/1TS-000D-089G4,//c1.neweggimages.com/ProductImageCompressAll300/AEYA_1_20200204364849397.jpg
16,1TS-000X-01Z19,Computer Systems,Laptops / Notebooks,14,Acer America,"Acer Nitro 5 15.6"" Customized Gaming Laptop | AMD Ryzen 5 2500U Quad-Core | 16GB RAM 128GB SSD | Full HD IPS | AMD Radeon RX 560X 4GB GDDR5 | Windows 10 Home Black",,774.56,0.0,https://www.newegg.com/p/1TS-000X-01Z19,//c1.neweggimages.com/ProductImageCompressAll300/AJZD_1_202003231834599772.jpg
17,1TS-000D-09915,Computer Systems,Laptops / Notebooks,14,HP,"HP ProBook 445R G6 Notebook, 14"" FHD Display, AMD Ryzen 5 3500U Upto 3.7GHz, 8GB RAM, 1TB NVMe SSD + 1TB HDD, Vega 8, HDMI, DisplayPort via USB-C, Card Reader, Wi-Fi, Bluetooth, Windows 10 Pro",Free Expedited Shipping,1039.99,0.0,https://www.newegg.com/silver-hp-probook-445r-g6/p/1TS-000D-09915,//c1.neweggimages.com/ProductImageCompressAll300/AA0S_1_202002181104935149.jpg
18,1TS-000X-01YV0,Computer Systems,Laptops / Notebooks,14,Acer America,"Acer Nitro 5 15.6"" Customized Gaming Laptop | AMD Ryzen 5 2500U Quad-Core | 4GB RAM 512GB SSD | Full HD IPS | AMD Radeon RX 560X 4GB GDDR5 | Windows 10 Home Black",,734.30,0.0,https://www.newegg.com/p/1TS-000X-01YV0,//c1.neweggimages.com/ProductImageCompressAll300/AJZD_1_202003231834599772.jpg
19,1TS-000X-01YW4,Computer Systems,Laptops / Notebooks,14,Acer America,"Acer Nitro 5 15.6"" Customized Gaming Laptop | AMD Ryzen 5 2500U Quad-Core | 4GB RAM 128GB SSD 2TB HDD | Full HD IPS | AMD Radeon RX 560X 4GB GDDR5 | Windows 10 Home Black",,758.45,0.0,https://www.newegg.com/p/1TS-000X-01YW4,//c1.neweggimages.com/ProductImageCompressAll300/AJZD_1_202003231834599772.jpg
20,1TS-000D-089F6,Computer Systems,Laptops / Notebooks,14,HP,"HP 17 Notebook, 17.3"" HD+ Display, AMD Ryzen 7 3700U Upto 4.0GHz, 32GB RAM, 2TB NVMe SSD + 1TB HDD, Vega 10, DVDRW, HDMI, Card Reader, Wi-Fi, Bluetooth, Windows 10 Home",Free Expedited Shipping,1629.99,0.0,https://www.newegg.com/black-textured-hp-17/p/1TS-000D-089F6,//c1.neweggimages.com/ProductImageCompressAll300/AEYA_1_202002041912606332.jpg
21,1TS-000X-01Z11,Computer Systems,Laptops / Notebooks,14,Acer America,"Acer Nitro 5 15.6"" Customized Gaming Laptop | AMD Ryzen 5 2500U Quad-Core | 16GB RAM 1TB HDD | Full HD IPS | AMD Radeon RX 560X 4GB GDDR5 | Windows 10 Home Black",,790.66,0.0,https://www.newegg.com/p/1TS-000X-01Z11,//c1.neweggimages.com/ProductImageCompressAll300/AJZD_1_202003231834599772.jpg
22,1TS-000D-089C4,Computer Systems,Laptops / Notebooks,14,HP,"HP 17 Notebook, 17.3"" HD+ Display, AMD Ryzen 7 3700U Upto 4.0GHz, 16GB RAM, 512GB NVMe SSD + 1TB HDD, Vega 10, DVDRW, HDMI, Card Reader, Wi-Fi, Bluetooth, Windows 10 Pro",Free Expedited Shipping,1129.99,0.0,https://www.newegg.com/black-textured-hp-17/p/1TS-000D-089C4,//c1.neweggimages.com/ProductImageCompressAll300/AA0S_1_20200204590808874.jpg
23,1TS-001A-01TN8,Computer Systems,Laptops / Notebooks,14,ASUS,"ASUS FX705DT 17.3"" Customized Gaming Laptop | AMD Ryzen 7 3750H Processor | 8GB RAM 500GB HDD | GeForce GTX 1650 4GB GDDR5 | RGB Backlit Keyboard | Windows 10 Black",,940.67,0.0,https://www.newegg.com/p/1TS-001A-01TN8,//c1.neweggimages.com/ProductImageCompressAll300/AJZD_1_202001281913377908.jpg
24,1TS-001A-01TR0,Computer Systems,Laptops / Notebooks,14,ASUS,"ASUS FX705DT 17.3"" Customized Gaming Laptop | AMD Ryzen 7 3750H Processor | 16GB RAM 500GB HDD | GeForce GTX 1650 4GB GDDR5 | RGB Backlit Keyboard | Windows 10 Black",,998.55,0.0,https://www.newegg.com/p/1TS-001A-01TR0,//c1.neweggimages.com/ProductImageCompressAll300/AJZD_1_202001281913377908.jpg
25,1TS-000D-089C7,Computer Systems,Laptops / Notebooks,14,HP,"HP 17 Notebook, 17.3"" HD+ Display, AMD Ryzen 7 3700U Upto 4.0GHz, 16GB RAM, 1TB NVMe SSD + 1TB HDD, Vega 10, DVDRW, HDMI, Card Reader, Wi-Fi, Bluetooth, Windows 10 Pro",Free Expedited Shipping,1029.99,0.0,https://www.newegg.com/black-textured-hp-17/p/1TS-000D-089C7,//c1.neweggimages.com/ProductImageCompressAll300/AA0S_1_202002041117487035.jpg
26,1TS-000D-089F4,Computer Systems,Laptops / Notebooks,14,HP,"HP 17 Notebook, 17.3"" HD+ Display, AMD Ryzen 7 3700U Upto 4.0GHz, 8GB RAM, 1TB NVMe SSD + 1TB HDD, Vega 10, DVDRW, HDMI, Card Reader, Wi-Fi, Bluetooth, Windows 10 Home",Free Expedited Shipping,1129.99,0.0,https://www.newegg.com/black-textured-hp-17/p/1TS-000D-089F4,//c1.neweggimages.com/ProductImageCompressAll300/AEYA_1_202002041184876837.jpg
27,1TS-000D-09933,Computer Systems,Laptops / Notebooks,14,HP,"HP ProBook 445R G6 Notebook, 14"" FHD Display, AMD Ryzen 5 3500U Upto 3.7GHz, 32GB RAM, 256GB NVMe SSD + 1TB HDD, Vega 8, HDMI, DisplayPort via USB-C, Card Reader, Wi-Fi, Bluetooth, Windows 10 Pro",Free Expedited Shipping,1149.99,0.0,https://www.newegg.com/silver-hp-probook-445r-g6/p/1TS-000D-09933,//c1.neweggimages.com/ProductImageCompressAll300/AA0S_1_202002181980008700.jpg
28,1TS-000D-089C6,Computer Systems,Laptops / Notebooks,14,HP,"HP 17 Notebook, 17.3"" HD+ Display, AMD Ryzen 7 3700U Upto 4.0GHz, 32GB RAM, 2TB SSD, Vega 10, DVDRW, HDMI, Card Reader, Wi-Fi, Bluetooth, Windows 10 Pro",Free Expedited Shipping,1629.99,0.0,https://www.newegg.com/black-textured-hp-17/p/1TS-000D-089C6,//c1.neweggimages.com/ProductImageCompressAll300/AA0S_1_20200204865296930.jpg
29,1TS-000D-089F2,Computer Systems,Laptops / Notebooks,14,HP,"HP 17 Notebook, 17.3"" HD+ Display, AMD Ryzen 7 3700U Upto 4.0GHz, 32GB RAM, 256GB NVMe SSD + 1TB HDD, Vega 10, DVDRW, HDMI, Card Reader, Wi-Fi, Bluetooth, Windows 10 Home",Free Expedited Shipping,1199.99,0.0,https://www.newegg.com/black-textured-hp-17/p/1TS-000D-089F2,//c1.neweggimages.com/ProductImageCompressAll300/AEYA_1_202002042063965277.jpg
30,1TS-001A-01TV3,Computer Systems,Laptops / Notebooks,14,ASUS,"ASUS FX705DT 17.3"" Customized Gaming Laptop | AMD Ryzen 7 3750H Processor | 16GB RAM 1024GB SSD 1TB HDD | GeForce GTX 1650 4GB GDDR5 | RGB Backlit Keyboard | Windows 10 Black",,1193.92,0.0,https://www.newegg.com/p/1TS-001A-01TV3,//c1.neweggimages.com/ProductImageCompressAll300/AJZD_1_202001281913377908.jpg
31,1TS-000D-09913,Computer Systems,Laptops / Notebooks,14,HP,"HP ProBook 445R G6 Notebook, 14"" FHD Display, AMD Ryzen 5 3500U Upto 3.7GHz, 32GB RAM, 2TB NVMe SSD + 1TB HDD, Vega 8, HDMI, DisplayPort via USB-C, Card Reader, Wi-Fi, Bluetooth, Windows 10 Pro",Free Expedited Shipping,1479.99,0.0,https://www.newegg.com/silver-hp-probook-445r-g6/p/1TS-000D-09913,//c1.neweggimages.com/ProductImageCompressAll300/AA0S_1_202002181750115329.jpg
32,1TS-000D-089E6,Computer Systems,Laptops / Notebooks,14,HP,"HP 17 Notebook, 17.3"" HD+ Display, AMD Ryzen 7 3700U Upto 4.0GHz, 8GB RAM, 128GB SSD, Vega 10, DVDRW, HDMI, Card Reader, Wi-Fi, Bluetooth, Windows 10 Home",Free Expedited Shipping,829.99,0.0,https://www.newegg.com/black-textured-hp-17/p/1TS-000D-089E6,//c1.neweggimages.com/ProductImageCompressAll300/AEYA_1_202002041459464909.jpg
33,1TS-001A-01TV1,Computer Systems,Laptops / Notebooks,14,ASUS,"ASUS FX705DT 17.3"" Customized Gaming Laptop | AMD Ryzen 7 3750H Processor | 16GB RAM 1024GB SSD | GeForce GTX 1650 4GB GDDR5 | RGB Backlit Keyboard | Windows 10 Black",,1150.51,0.0,https://www.newegg.com/p/1TS-001A-01TV1,//c1.neweggimages.com/ProductImageCompressAll300/AJZD_1_202001281913377908.jpg
34,1TS-000X-01Z15,Computer Systems,Laptops / Notebooks,14,Acer America,"Acer Nitro 5 15.6"" Customized Gaming Laptop | AMD Ryzen 5 2500U Quad-Core | 16GB RAM 2TB HDD | Full HD IPS | AMD Radeon RX 560X 4GB GDDR5 | Windows 10 Home Black",,822.87,0.0,https://www.newegg.com/p/1TS-000X-01Z15,//c1.neweggimages.com/ProductImageCompressAll300/AJZD_1_202003231834599772.jpg
35,1TS-001A-01TY6,Computer Systems,Laptops / Notebooks,14,ASUS,"ASUS FX705DT 17.3"" Customized Gaming Laptop | AMD Ryzen 7 3750H Processor | 32GB RAM 1024GB SSD 1TB HDD | GeForce GTX 1650 4GB GDDR5 | RGB Backlit Keyboard | Windows 10 Black",,1338.64,0.0,https://www.newegg.com/p/1TS-001A-01TY6,//c1.neweggimages.com/ProductImageCompressAll300/AJZD_1_202001281913377908.jpg
