,item_number,general_category,product_category,page_number,brand,model_specifications,current_promotions,price,shipping,product_links,image_link
0,1TS-000E-0D3P0,Computer Systems,Laptops / Notebooks,12,Lenovo,"Lenovo Business 330S Laptop - Windows 10 Home Premium - Intel i7-8550U, 12GB RAM, 250GB SSD, 14"" FHD IPS (1920x1080) Display, Fast Charging",,1374.99,0.0,https://www.newegg.com/gray-lenovo-330s/p/1TS-000E-0D3P0?Item=9SIA8TK8UH6000,//c1.neweggimages.com/ProductImageCompressAll300/A8TK_1_20190304562021573.jpg
1,1TS-000E-07EV5,Computer Systems,Laptops / Notebooks,12,Lenovo,"2017 Lenovo ThinkPad X1 Carbon 4G LTE (5th Gen) - Windows 10 Pro - Intel Core i7-7500U, 180GB SSD, 16GB RAM, 14"" WQHD IPS (2560x1440) Display, Fingerprint Reader, (Classic Black)",,1847.99,0.0,https://www.newegg.com/p/1TS-000E-07EV5?Item=9SIA8TK6M31048,//c1.neweggimages.com/NeweggImage/ProductImageCompressAll300/A8TK_1_20170915238001060.jpg
2,1TS-000E-09B12,Computer Systems,Laptops / Notebooks,12,Lenovo,"2018 Lenovo ThinkPad T480s Windows 10 Pro Laptop - Intel Core i7-8650U, 16GB RAM, 256GB PCIe NVMe SSD, 14"" IPS FHD (1920x1080) Matte Display, Fingerprint Reader, Black Color",,1759.99,0.0,https://www.newegg.com/p/1TS-000E-09B12?Item=9SIA8TK7ZM6657,//c1.neweggimages.com/NeweggImage/ProductImageCompressAll300/V0E4_1_20190130807883272.jpg
3,1TS-000E-0FSJ9,Computer Systems,Laptops / Notebooks,12,Lenovo,"Lenovo ThinkPad Touch T570 Windows 10 Pro - i7-7600U, 16GB RAM, 256GB SSD, 15.6"" IPS FHD (1920x1080) Matte Touchscreen, Fingerprint Reader, Black Color",,1814.99,0.0,https://www.newegg.com/p/1TS-000E-0FSJ9?Item=9SIA8TKASX0696,//c1.neweggimages.com/ProductImageCompressAll300/A8TK_1_201801051728744162.jpg
4,1TS-000E-07FA4,Computer Systems,Laptops / Notebooks,12,Lenovo,"2017 Lenovo ThinkPad X1 Carbon 4G LTE (5th Gen) - Windows 7 Pro - Intel Core i7-7500U, 180GB SSD, 16GB RAM, 14"" WQHD IPS (2560x1440) Display, Fingerprint Reader, (Classic Black)",,1847.99,0.0,https://www.newegg.com/p/1TS-000E-07FA4?Item=9SIA8TK6M31409,//c1.neweggimages.com/NeweggImage/ProductImageCompressAll300/A8TK_1_20170915238001060.jpg
5,1TS-000E-0A2U6,Computer Systems,Laptops / Notebooks,12,Lenovo,"2018 Lenovo ThinkPad T480s Windows 10 Pro Laptop - i7-8550U, 8GB RAM, 256GB PCIe NVMe SSD, 14"" IPS WQHD (2560x1440) Matte Display, Fingerprint Reader, Smart Card Reader, 4G LTE WWAN, Black",,1759.99,0.0,https://www.newegg.com/p/1TS-000E-0A2U6?Item=9SIA8TK8A12271,//c1.neweggimages.com/NeweggImage/ProductImageCompressAll300/A8TK_1_20180727843708741.jpg
6,1TS-000D-022N1,Computer Systems,Laptops / Notebooks,12,HP,"HP 15-as120nr 15.6"" Touchscreen Envy Notebook - Intel Core i7-7500U 2 Core 2.70 GHz, 12 GB DDR4 SDRAM, 256 GB SSD, Windows 10 - Silver",,1028.25,0.0,https://www.newegg.com/p/1TS-000D-022N1?Item=9SIA1K66PX5155,//c1.neweggimages.com/NeweggImage/ProductImageCompressAll300/V009_1_201709271054513283.jpg
7,1TS-000E-07XE8,Computer Systems,Laptops / Notebooks,12,Lenovo,"Lenovo ThinkPad T470s Windows 7 Pro LTE 4G Laptop - Intel Core i7-7600U, 8GB RAM, 128GB SSD, 14"" IPS WQHD (2560x1440) Matte Display, Fingerprint Reader, Smart Card Reader, Silver Color",,1594.99,0.0,https://www.newegg.com/p/1TS-000E-07XE8?Item=9SIA8TK6X35985,//c1.neweggimages.com/NeweggImage/ProductImageCompressAll300/A8TK_1_201709071888383141.jpg
8,1TS-000E-0D3D3,Computer Systems,Laptops / Notebooks,12,Lenovo,"Lenovo Business 330S Laptop - Linux Mint Cinnamon - Intel i7-8550U, 8GB RAM, 250GB SSD, 14"" FHD IPS (1920x1080) Display, Fast Charging",,1319.99,0.0,https://www.newegg.com/gray-lenovo-330s/p/1TS-000E-0D3D3?Item=9SIA8TK8UH5828,//c1.neweggimages.com/ProductImageCompressAll300/A8TK_1_20190304562021573.jpg
9,1TS-000E-0D3K6,Computer Systems,Laptops / Notebooks,12,Lenovo,"Lenovo Business 330S Laptop- Windows 10 Pro, Intel i7-8550U, 12GB RAM, 256GB PCIe NVMe SSD , 14"" FHD IPS (1920x1080) Display, Fast Charging",,1484.99,0.0,https://www.newegg.com/gray-lenovo-330s/p/1TS-000E-0D3K6?Item=9SIA8TK8UH5956,//c1.neweggimages.com/ProductImageCompressAll300/A8TK_1_20190304562021573.jpg
10,1TS-000E-07EP4,Computer Systems,Laptops / Notebooks,12,Lenovo,"2017 Lenovo ThinkPad X1 Carbon 4G LTE (5th Gen) - Windows 10 Pro - Intel Core i7-7500U, 128GB SSD, 16GB RAM, 14"" WQHD IPS (2560x1440) Display, Fingerprint Reader, (Classic Black)",,1814.99,0.0,https://www.newegg.com/p/1TS-000E-07EP4?Item=9SIA8TK6M30997,//c1.neweggimages.com/NeweggImage/ProductImageCompressAll300/A8TK_1_20170915238001060.jpg
11,1TS-000E-0FSR1,Computer Systems,Laptops / Notebooks,12,Lenovo,"Lenovo ThinkPad Touch T570 Windows 10 Pro - i7-7600U, 32GB RAM, 256GB PCIe NVMe SSD, 15.6"" IPS FHD (1920x1080) Matte Touchscreen, Fingerprint Reader, Black Color",,1979.99,0.0,https://www.newegg.com/p/1TS-000E-0FSR1?Item=9SIA8TKASX0791,//c1.neweggimages.com/ProductImageCompressAll300/A8TK_1_201801051728744162.jpg
12,1TS-000E-09YZ8,Computer Systems,Laptops / Notebooks,12,Lenovo,"2018 Lenovo ThinkPad T480s Windows 10 Pro Laptop - i7-8550U, 8GB RAM, 128GB SSD, 14"" IPS WQHD (2560x1440) Matte Display, Fingerprint Reader, Smart Card Reader, 4G LTE WWAN,  Black",,1759.99,0.0,https://www.newegg.com/p/1TS-000E-09YZ8?Item=9SIA8TK8A11040,//c1.neweggimages.com/NeweggImage/ProductImageCompressAll300/A8TK_1_20180727843708741.jpg
13,1TS-000E-09ZM0,Computer Systems,Laptops / Notebooks,12,Lenovo,"2018 Lenovo ThinkPad T480s Windows 10 Pro Laptop - Intel Core i7-8550U, 24GB RAM, 256GB SSD, 14"" IPS FHD Touch 1920x1080 Display, Fingerprint Reader, Smart Card Reader, 4G LTE WWAN,  Black",,1814.99,0.0,https://www.newegg.com/p/1TS-000E-09ZM0?Item=9SIA8TK8A11242,//c1.neweggimages.com/NeweggImage/ProductImageCompressAll300/A8TK_1_20180727843708741.jpg
14,1TS-000E-0FSM5,Computer Systems,Laptops / Notebooks,12,Lenovo,"Lenovo ThinkPad Touch T570 Windows 10 Pro - i7-7600U, 32GB RAM, 180GB SSD, 15.6"" IPS FHD (1920x1080) Matte Touchscreen, Fingerprint Reader, Black Color",,1979.99,0.0,https://www.newegg.com/p/1TS-000E-0FSM5?Item=9SIA8TKASX0714,//c1.neweggimages.com/ProductImageCompressAll300/A8TK_1_201801051728744162.jpg
15,1TS-000E-09YC0,Computer Systems,Laptops / Notebooks,12,Lenovo,"2018 Lenovo ThinkPad T480s Windows 10 Pro Laptop -  i7-8650U, 12GB RAM, 128GB SSD, 14"" IPS FHD 1920x1080 Touch Display w/ NVIDIA MX150 Graphics, Smart Card Reader, 4G LTE WWAN,  Black",,1869.99,0.0,https://www.newegg.com/p/1TS-000E-09YC0?Item=9SIA8TK8A10842,//c1.neweggimages.com/NeweggImage/ProductImageCompressAll300/A8TK_1_20180727843708741.jpg
16,1TS-000E-07T64,Computer Systems,Laptops / Notebooks,12,Lenovo,"Lenovo ThinkPad T470s Windows 10 Pro Laptop - Intel Core i7-7500U, 8GB RAM, 128GB SSD, 14"" IPS WQHD (2560x1440) Matte Display, Fingerprint Reader, Smart Card Reader, Black Color",,1539.99,0.0,https://www.newegg.com/p/1TS-000E-07T64?Item=9SIA8TK6UR0892,//c1.neweggimages.com/NeweggImage/ProductImageCompressAll300/A8TK_1_201709071196388703.jpg
17,1TS-000E-0A0C8,Computer Systems,Laptops / Notebooks,12,Lenovo,"2018 Lenovo ThinkPad T480s Windows 10 Pro Laptop - Intel Core i7-8550U, 8GB RAM, 180GB SSD, 14"" IPS FHD Touch 1920x1080 Display, Fingerprint Reader, Smart Card Reader, 4G LTE WWAN,  Black",,1649.99,0.0,https://www.newegg.com/p/1TS-000E-0A0C8?Item=9SIA8TK8A11490,//c1.neweggimages.com/NeweggImage/ProductImageCompressAll300/A8TK_1_20180727843708741.jpg
18,1TS-000E-0A118,Computer Systems,Laptops / Notebooks,12,Lenovo,"2018 Lenovo ThinkPad T480s Windows 10 Pro Laptop -  i7-8650U, 16GB RAM, 256GB PCIe NVMe SSD, 14"" IPS FHD (1920x1080) Touch Display w/ NVIDIA MX150 Graphics, Smart Card ReaderBlack",,1814.99,0.0,https://www.newegg.com/p/1TS-000E-0A118?Item=9SIA8TK8A11700,//c1.neweggimages.com/NeweggImage/ProductImageCompressAll300/A8TK_1_20180727843708741.jpg
19,1TS-000E-09AU2,Computer Systems,Laptops / Notebooks,12,Lenovo,"2018 Lenovo ThinkPad T480s Windows 10 Pro Laptop - Intel Core i7-8650U, 8GB RAM, 256GB SSD, 14"" IPS FHD 1920x1080 Matte Display, Fingerprint Reader, 4G LTE WWAN,  Black",,1759.99,0.0,https://www.newegg.com/p/1TS-000E-09AU2?Item=9SIA8TK7ZM6587,//c1.neweggimages.com/NeweggImage/ProductImageCompressAll300/V0E4_1_20190130807883272.jpg
20,1TS-000E-0CMM1,Computer Systems,Laptops / Notebooks,12,Lenovo,"Lenovo Business 330S Laptop- Linux Mint 19 (Cinnamon), Intel i7-8550U, 12GB RAM, 256GB PCIe NVMe SSD + 500GB HDD, 15.6"" HD 1366x768 Display, Fast Charging",,1341.99,0.0,https://www.newegg.com/blue-lenovo-330s/p/1TS-000E-0CMM1?Item=9SIA8TK8MM1660,//c1.neweggimages.com/ProductImageCompressAll300/A8TK_1_20190111426895666.jpg
21,1TS-000E-09B50,Computer Systems,Laptops / Notebooks,12,Lenovo,"2018 Lenovo ThinkPad T480s Windows 10 Pro Laptop - Intel Core i7-8650U, 12GB RAM, 180GB SSD, 14"" IPS FHD (1920x1080) Matte Display, Fingerprint Reader,  Black Color",,1704.99,0.0,https://www.newegg.com/p/1TS-000E-09B50?Item=9SIA8TK7ZM6695,//c1.neweggimages.com/NeweggImage/ProductImageCompressAll300/V0E4_1_20190130807883272.jpg
22,1TS-000E-0A0A5,Computer Systems,Laptops / Notebooks,12,Lenovo,"2018 Lenovo ThinkPad T480s Windows 10 Pro Laptop - i7-8550U, 12GB RAM, 256GB PCIe NVMe SSD, 14"" IPS WQHD (2560x1440) Matte Display, Fingerprint Reader, Smart Card Reader, 4G LTE WWAN, Black",,1814.99,0.0,https://www.newegg.com/p/1TS-000E-0A0A5?Item=9SIA8TK8A11467,//c1.neweggimages.com/NeweggImage/ProductImageCompressAll300/A8TK_1_20180727843708741.jpg
23,1TS-000E-09YD6,Computer Systems,Laptops / Notebooks,12,Lenovo,"2018 Lenovo ThinkPad T480s Windows 10 Pro Laptop -  i7-8650U, 12GB RAM, 256GB PCIe NVMe SSD, 14"" IPS FHD 1920x1080 Touch Display w/ NVIDIA MX150 Graphics, Smart Card Reader, 4G LTE WWAN, Black",,1869.99,0.0,https://www.newegg.com/p/1TS-000E-09YD6?Item=9SIA8TK8A10858,//c1.neweggimages.com/NeweggImage/ProductImageCompressAll300/A8TK_1_20180727843708741.jpg
24,1TS-000E-0A3B6,Computer Systems,Laptops / Notebooks,12,Lenovo,"2018 Lenovo ThinkPad T480s Windows 10 Pro Laptop - Intel Core i7-8550U, 8GB RAM, 128GB SSD, 14"" IPS FHD Touch 1920x1080 Display, Fingerprint Reader, Smart Card Reader, 4G LTE WWAN,  Black",,1649.99,0.0,https://www.newegg.com/p/1TS-000E-0A3B6?Item=9SIA8TK8A12973,//c1.neweggimages.com/NeweggImage/ProductImageCompressAll300/A8TK_1_20180727843708741.jpg
25,1TS-000E-0CMG9,Computer Systems,Laptops / Notebooks,12,Lenovo,"Lenovo Business 330S Laptop - Windows 10 Home - Intel i7-8550U, 12GB RAM, 256GB SSD, 15.6"" HD 1366x768 Display, Fast Charging",,1209.99,0.0,https://www.newegg.com/blue-lenovo-330s/p/1TS-000E-0CMG9?Item=9SIA8TK8MM1596,//c1.neweggimages.com/ProductImageCompressAll300/A8TK_1_20190111426895666.jpg
26,1TS-000E-0FST5,Computer Systems,Laptops / Notebooks,12,Lenovo,"Lenovo ThinkPad T570 Windows 7 Pro - i7-6600U, 16GB RAM, 256GB SSD, 15.6"" IPS FHD (1920x1080) Matte Display, Fingerprint Reader, Black Color",,1704.99,0.0,https://www.newegg.com/p/1TS-000E-0FST5?Item=9SIA8TKASX0815,//c1.neweggimages.com/ProductImageCompressAll300/A8TK_1_201801051728744162.jpg
27,1TS-000E-0CMA5,Computer Systems,Laptops / Notebooks,12,Lenovo,"Lenovo Business 330S Laptop- Windows 10 Home, Intel i7-8550U, 8GB RAM, 256GB PCIe NVMe SSD , 15.6"" HD 1366x768 Display, Fast Charging",,1121.99,0.0,https://www.newegg.com/blue-lenovo-330s/p/1TS-000E-0CMA5?Item=9SIA8TK8MM1422,//c1.neweggimages.com/ProductImageCompressAll300/A8TK_1_20190111426895666.jpg
28,1TS-000E-0A216,Computer Systems,Laptops / Notebooks,12,Lenovo,"2018 Lenovo ThinkPad T480s Windows 10 Pro Laptop -  i7-8650U, 24GB RAM, 128GB SSD, 14"" IPS FHD (1920x1080) Touch Display w/ NVIDIA MX150 Graphics, Smart Card Reader, Black",,1699.99,0.0,https://www.newegg.com/p/1TS-000E-0A216?Item=9SIA8TK8A12021,//c1.neweggimages.com/NeweggImage/ProductImageCompressAll300/A8TK_1_20180727843708741.jpg
29,1TS-000E-0FSV6,Computer Systems,Laptops / Notebooks,12,Lenovo,"Lenovo ThinkPad T570 Windows 7 Pro - i7-6600U, 32GB RAM, 256GB SSD, 15.6"" IPS FHD (1920x1080) Matte Display, Fingerprint Reader, Black Color",,1869.99,0.0,https://www.newegg.com/p/1TS-000E-0FSV6?Item=9SIA8TKASX0836,//c1.neweggimages.com/ProductImageCompressAll300/A8TK_1_201801051728744162.jpg
30,1TS-000E-07F72,Computer Systems,Laptops / Notebooks,12,Lenovo,"2017 Lenovo ThinkPad X1 Carbon 4G LTE (5th Gen) - Windows 7 Pro - Intel Core i7-7500U, 256GB NVMe-PCIe SSD, 16GB RAM, 14"" WQHD IPS (2560x1440) Display, Fingerprint Reader, (Classic Black)",,1869.99,0.0,https://www.newegg.com/p/1TS-000E-07F72?Item=9SIA8TK6M31377,//c1.neweggimages.com/NeweggImage/ProductImageCompressAll300/A8TK_1_20170915238001060.jpg
31,1TS-000E-07XD7,Computer Systems,Laptops / Notebooks,12,Lenovo,"Lenovo ThinkPad T470s Windows 10 Pro LTE 4G Laptop - Intel Core i7-7500U, 24GB RAM, 256GB SSD, 14"" IPS WQHD (2560x1440) Matte Display, Fingerprint Reader, Smart Card Reader, Black Color",,1869.99,0.0,https://www.newegg.com/p/1TS-000E-07XD7?Item=9SIA8TK6X35974,//c1.neweggimages.com/NeweggImage/ProductImageCompressAll300/A8TK_1_201709071196388703.jpg
32,1TS-000E-06VH6,Computer Systems,Laptops / Notebooks,12,Lenovo,"2017 Lenovo ThinkPad X1 Carbon (5th Gen) - Windows 7 Pro - Modern Silver - Intel Core i7-7600U, 128GB SSD, 8GB RAM, 14"" WQHD IPS (2560x1440) Display, Fingerprint Reader",,1374.99,0.0,https://www.newegg.com/p/1TS-000E-06VH6?Item=9SIA8TK6D86313,//c1.neweggimages.com/NeweggImage/ProductImageCompressAll300/A8TK_1_20170915900681419.jpg
33,1TS-000E-0FSR0,Computer Systems,Laptops / Notebooks,12,Lenovo,"Lenovo ThinkPad T570 Windows 7 Pro - i7-6600U, 16GB RAM, 256GB PCIe NVMe SSD, 15.6"" IPS FHD (1920x1080) Matte Display, Fingerprint Reader, Black Color",,1704.99,0.0,https://www.newegg.com/p/1TS-000E-0FSR0?Item=9SIA8TKASX0790,//c1.neweggimages.com/ProductImageCompressAll300/A8TK_1_201801051728744162.jpg
34,1TS-000E-09BP8,Computer Systems,Laptops / Notebooks,12,Lenovo,"2018 Lenovo ThinkPad T480s Windows 10 Pro Laptop - Intel Core i7-8650U, 24GB RAM, 256GB SSD, 14"" IPS FHD (1920x1080) Matte Display, Fingerprint Reader,  Black Color",,1814.99,0.0,https://www.newegg.com/p/1TS-000E-09BP8?Item=9SIA8TK7ZM6873,//c1.neweggimages.com/NeweggImage/ProductImageCompressAll300/V0E4_1_20190130807883272.jpg
35,1TS-000E-07FE7,Computer Systems,Laptops / Notebooks,12,Lenovo,"2017 Lenovo ThinkPad X1 Carbon 4G LTE (5th Gen) - Windows 7 Pro - Intel Core i7-7600U, 128GB SSD, 16GB RAM, 14"" WQHD IPS (2560x1440) Display, Fingerprint Reader, (Classic Black)",,1924.99,0.0,https://www.newegg.com/p/1TS-000E-07FE7?Item=9SIA8TK6M31452,//c1.neweggimages.com/NeweggImage/ProductImageCompressAll300/A8TK_1_20170915238001060.jpg
