,item_number,general_category,product_category,page_number,brand,model_specifications,current_promotions,price,shipping,product_links,image_link
0,1TS-000E-0FAG5,Computer Systems,Laptops / Notebooks,5,Lenovo,"Lenovo IdeaPad 330s Notebook, 15.6"" HD Display, AMD Ryzen 5 2500U Upto 3.6GHz, 12GB RAM, 256GB NVMe SSD, Vega 8, HDMI, Card Reader, Wi-Fi, Bluetooth, Windows 10 Pro",Free Expedited Shipping,693.99,0.0,https://www.newegg.com/natural-silver-lenovo-ideapad-330s/p/1TS-000E-0FAG5,//c1.neweggimages.com/ProductImageCompressAll300/AA0S_1_20191107992176839.jpg
1,1TS-000E-0FAK3,Computer Systems,Laptops / Notebooks,5,Lenovo,"Lenovo IdeaPad 330s Notebook, 15.6"" HD Display, AMD Ryzen 5 2500U Upto 3.6GHz, 20GB RAM, 512GB NVMe SSD, Vega 8, HDMI, Card Reader, Wi-Fi, Bluetooth, Windows 10 Home",Free Expedited Shipping,758.99,0.0,https://www.newegg.com/natural-silver-lenovo-ideapad-330s/p/1TS-000E-0FAK3,//c1.neweggimages.com/ProductImageCompressAll300/AEYA_1_201911071844171711.jpg
2,1TS-000D-07XW0,Computer Systems,Laptops / Notebooks,5,HP,"HP 15 Notebook, 15.6"" HD Touch Display, AMD Ryzen 7 3700U Upto 4.0GHz, 32GB RAM, 512GB NVMe SSD, Vega 10, HDMI, Card Reader, Wi-Fi, Bluetooth, Windows 10 Home",Free Expedited Shipping,1129.99,0.0,https://www.newegg.com/silver-hp-15/p/1TS-000D-07XW0,//c1.neweggimages.com/ProductImageCompressAll300/AEYA_1_201912232024620164.jpg
3,1TS-000E-0FAG2,Computer Systems,Laptops / Notebooks,5,Lenovo,"Lenovo IdeaPad 330s Notebook, 15.6"" HD Display, AMD Ryzen 5 2500U Upto 3.6GHz, 12GB RAM, 256GB NVMe SSD + 1TB HDD, Vega 8, HDMI, Card Reader, Wi-Fi, Bluetooth, Windows 10 Pro",Free Expedited Shipping,732.99,0.0,https://www.newegg.com/natural-silver-lenovo-ideapad-330s/p/1TS-000E-0FAG2,//c1.neweggimages.com/ProductImageCompressAll300/AA0S_1_201911071253958263.jpg
4,1TS-000A-04P24,Computer Systems,Laptops / Notebooks,5,DELL,"Dell Inspiron 5575 15.6"" FHD Notebook, AMD Quad-Core Ryzen 7 2700U Upto 3.8GHz, 16GB RAM, 512GB SSD, Radeon Vega 10, HDMI, Card Reader, LAN, Wi-Fi, Bluetooth, Windows 10 Pro",Free Expedited Shipping,1033.49,0.0,https://www.newegg.com/silver-dell-inspiron-5575-creating-designing/p/1TS-000A-04P24,//c1.neweggimages.com/ProductImageCompressAll300/AA0S_1_201905231282217582.jpg
5,1TS-000E-0FAF7,Computer Systems,Laptops / Notebooks,5,Lenovo,"Lenovo IdeaPad 330s Notebook, 15.6"" HD Display, AMD Ryzen 5 2500U Upto 3.6GHz, 20GB RAM, 512GB NVMe SSD + 1TB HDD, Vega 8, HDMI, Card Reader, Wi-Fi, Bluetooth, Windows 10 Pro",Free Expedited Shipping,823.99,0.0,https://www.newegg.com/natural-silver-lenovo-ideapad-330s/p/1TS-000E-0FAF7,//c1.neweggimages.com/ProductImageCompressAll300/AA0S_1_20191107893644022.jpg
6,1TS-000E-0FAM0,Computer Systems,Laptops / Notebooks,5,Lenovo,"Lenovo IdeaPad 330s Notebook, 15.6"" HD Display, AMD Ryzen 5 2500U Upto 3.6GHz, 8GB RAM, 512GB NVMe SSD, Vega 8, HDMI, Card Reader, Wi-Fi, Bluetooth, Windows 10 Home",Free Expedited Shipping,704.99,0.0,https://www.newegg.com/natural-silver-lenovo-ideapad-330s/p/1TS-000E-0FAM0,//c1.neweggimages.com/ProductImageCompressAll300/AEYA_1_201911071568683187.jpg
7,1TS-000D-07XW1,Computer Systems,Laptops / Notebooks,5,HP,"HP 15 Notebook, 15.6"" HD Touch Display, AMD Ryzen 7 3700U Upto 4.0GHz, 16GB RAM, 128GB NVMe SSD, Vega 10, HDMI, Card Reader, Wi-Fi, Bluetooth, Windows 10 Home",Free Expedited Shipping,699.00,0.0,https://www.newegg.com/silver-hp-15/p/1TS-000D-07XW1,//c1.neweggimages.com/ProductImageCompressAll300/AEYA_1_20191223596576058.jpg
8,1TS-000E-0FAG0,Computer Systems,Laptops / Notebooks,5,Lenovo,"Lenovo IdeaPad 330s Notebook, 15.6"" HD Display, AMD Ryzen 5 2500U Upto 3.6GHz, 20GB RAM, 1TB NVMe SSD + 1TB HDD, Vega 8, HDMI, Card Reader, Wi-Fi, Bluetooth, Windows 10 Pro",Free Expedited Shipping,901.99,0.0,https://www.newegg.com/natural-silver-lenovo-ideapad-330s/p/1TS-000E-0FAG0,//c1.neweggimages.com/ProductImageCompressAll300/AA0S_1_20191107778485822.jpg
9,1TS-000E-0FAK7,Computer Systems,Laptops / Notebooks,5,Lenovo,"Lenovo IdeaPad 330s Notebook, 15.6"" HD Display, AMD Ryzen 5 2500U Upto 3.6GHz, 8GB RAM, 128GB NVMe SSD + 1TB HDD, Vega 8, HDMI, Card Reader, Wi-Fi, Bluetooth, Windows 10 Home",Free Expedited Shipping,504.99,0.0,https://www.newegg.com/natural-silver-lenovo-ideapad-330s/p/1TS-000E-0FAK7,//c1.neweggimages.com/ProductImageCompressAll300/AEYA_1_20191107742107042.jpg
10,1TS-000E-0FAE8,Computer Systems,Laptops / Notebooks,5,Lenovo,"Lenovo IdeaPad 330s Notebook, 15.6"" HD Display, AMD Ryzen 5 2500U Upto 3.6GHz, 12GB RAM, 512GB NVMe SSD + 1TB HDD, Vega 8, HDMI, Card Reader, Wi-Fi, Bluetooth, Windows 10 Pro",Free Expedited Shipping,771.99,0.0,https://www.newegg.com/natural-silver-lenovo-ideapad-330s/p/1TS-000E-0FAE8,//c1.neweggimages.com/ProductImageCompressAll300/AA0S_1_20191107580381009.jpg
11,1TS-000D-05XV5,Computer Systems,Laptops / Notebooks,5,HP,"HP Envy X360 2 in 1 Convertible 15.6"" Customized Laptop AMD Quad-Core Ryzen 5 3500U 24GB RAM 256GB SSD FHD Edge-to-Edge IPS Touch Display Upto 10 Hours Battery Life Windows 10 Black Only 0.7"" Thin",,1021.51,0.0,https://www.newegg.com/p/1TS-000D-05XV5,//c1.neweggimages.com/ProductImageCompressAll300/AJZD_1_201909111671037504.jpg
12,1TS-000D-089C3,Computer Systems,Laptops / Notebooks,5,HP,"HP 17 Notebook, 17.3"" HD+ Display, AMD Ryzen 7 3700U Upto 4.0GHz, 32GB RAM, 2TB NVMe SSD + 1TB HDD, Vega 10, DVDRW, HDMI, Card Reader, Wi-Fi, Bluetooth, Windows 10 Pro",Free Expedited Shipping,1629.99,0.0,https://www.newegg.com/black-textured-hp-17/p/1TS-000D-089C3,//c1.neweggimages.com/ProductImageCompressAll300/AA0S_1_202002041494216161.jpg
13,1TS-000D-089E5,Computer Systems,Laptops / Notebooks,5,HP,"HP 17 Notebook, 17.3"" HD+ Display, AMD Ryzen 7 3700U Upto 4.0GHz, 16GB RAM, 128GB NVMe SSD + 1TB HDD, Vega 10, DVDRW, HDMI, Card Reader, Wi-Fi, Bluetooth, Windows 10 Home",Free Expedited Shipping,929.99,0.0,https://www.newegg.com/black-textured-hp-17/p/1TS-000D-089E5,//c1.neweggimages.com/ProductImageCompressAll300/AEYA_1_20200204699271047.jpg
14,1TS-000D-09912,Computer Systems,Laptops / Notebooks,5,HP,"HP ProBook 445R G6 Notebook, 14"" FHD Display, AMD Ryzen 5 3500U Upto 3.7GHz, 16GB RAM, 128GB NVMe SSD + 1TB HDD, Vega 8, HDMI, DisplayPort via USB-C, Card Reader, Wi-Fi, Bluetooth, Windows 10 Pro",Free Expedited Shipping,849.99,0.0,https://www.newegg.com/silver-hp-probook-445r-g6/p/1TS-000D-09912,//c1.neweggimages.com/ProductImageCompressAll300/AA0S_1_20200218506713667.jpg
15,1TS-000X-01YD3,Computer Systems,Laptops / Notebooks,5,Acer America,"Acer Swift 3 Narrow Bezel Slim Laptop, 14"" FHD IPS, AMD Ryzen 5 3500U Quad-core up to 3.70 GHz, 4GB RAM, 1TB NVMe SSD, USB-C, Vega 8 Graphics, RJ-45 LAN, FP Reader, BT, WebCam, Win 10",,667.43,0.0,https://www.newegg.com/p/1TS-000X-01YD3,//c1.neweggimages.com/ProductImageCompressAll300/A6V6_1_20200305123581335.jpg
16,1TS-000X-01YD0,Computer Systems,Laptops / Notebooks,5,Acer America,"Acer Swift 3 Narrow Bezel Slim Laptop, 14"" FHD IPS, AMD Ryzen 5 3500U Quad-core up to 3.70 GHz, 8GB DDR4 RAM, 256GB NVMe SSD, USB-C, Vega 8 Graphics, FP Reader, BT, WebCam, Win 10",,585.03,0.0,https://www.newegg.com/p/1TS-000X-01YD0,//c1.neweggimages.com/ProductImageCompressAll300/A6V6_1_202003051142013331.jpg
17,1TS-000X-01YU2,Computer Systems,Laptops / Notebooks,5,Acer America,"Acer Nitro 5 15.6"" Customized Gaming Laptop | AMD Ryzen 5 2500U Quad-Core | 4GB RAM 500GB HDD | Full HD IPS | AMD Radeon RX 560X 4GB GDDR5 | Windows 10 Home Black",,669.89,0.0,https://www.newegg.com/p/1TS-000X-01YU2,//c1.neweggimages.com/ProductImageCompressAll300/AJZD_1_202003231834599772.jpg
18,1TS-000D-09930,Computer Systems,Laptops / Notebooks,5,HP,"HP ProBook 445R G6 Notebook, 14"" FHD Display, AMD Ryzen 5 3500U Upto 3.7GHz, 8GB RAM, 128GB NVMe SSD + 1TB HDD, Vega 8, HDMI, DisplayPort via USB-C, Card Reader, Wi-Fi, Bluetooth, Windows 10 Pro",Free Expedited Shipping,749.99,0.0,https://www.newegg.com/silver-hp-probook-445r-g6/p/1TS-000D-09930,//c1.neweggimages.com/ProductImageCompressAll300/AA0S_1_202002182100162786.jpg
19,1TS-000D-089C8,Computer Systems,Laptops / Notebooks,5,HP,"HP 17 Notebook, 17.3"" HD+ Display, AMD Ryzen 7 3700U Upto 4.0GHz, 16GB RAM, 512GB SSD, Vega 10, DVDRW, HDMI, Card Reader, Wi-Fi, Bluetooth, Windows 10 Pro",Free Expedited Shipping,1129.99,0.0,https://www.newegg.com/black-textured-hp-17/p/1TS-000D-089C8,//c1.neweggimages.com/ProductImageCompressAll300/AA0S_1_20200204334659806.jpg
20,1TS-000A-09XJ2,Computer Systems,Laptops / Notebooks,5,DELL,"Dell 14 Inspiron 5485 2in1 Laptop 14"" FHD Touch, AMD Ryzen 5 3500U 8GB DDR4, 128GB SSD","Limited time offer, ends 04/30",599.99,0.0,https://www.newegg.com/p/1TS-000A-09XJ2,//c1.neweggimages.com/NeweggImage/ProductImageCompressAll300/AGHSS2003136whH7.jpg
21,1TS-000E-0F795,Computer Systems,Laptops / Notebooks,5,Lenovo,"Lenovo Ideapad 330s 15.6"" Laptop, Windows 10, AMD Ryzen 5 2500U Quad-Core Processor, 8GB Memory, 256GB Storage, Platinum Grey - 81FB00HKUS Notebook PC Computer",Free Expedited Shipping,599.99,0.0,https://www.newegg.com/gray-lenovo-ideapad-330s-everyday-value/p/1TS-000E-0F795,//c1.neweggimages.com/NeweggImage/ProductImageCompressAll300/A8X5_132164877842937204UbsTAQUe4x.jpg
22,1TS-000E-0FAJ3,Computer Systems,Laptops / Notebooks,5,Lenovo,"Lenovo IdeaPad 330s Notebook, 15.6"" HD Display, AMD Ryzen 5 2500U Upto 3.6GHz, 12GB RAM, 1TB NVMe SSD + 1TB HDD, Vega 8, HDMI, Card Reader, Wi-Fi, Bluetooth, Windows 10 Home",Free Expedited Shipping,823.99,0.0,https://www.newegg.com/natural-silver-lenovo-ideapad-330s/p/1TS-000E-0FAJ3,//c1.neweggimages.com/ProductImageCompressAll300/AEYA_1_20191107697004675.jpg
23,1TS-000E-0FAG6,Computer Systems,Laptops / Notebooks,5,Lenovo,"Lenovo IdeaPad 330s Notebook, 15.6"" HD Display, AMD Ryzen 5 2500U Upto 3.6GHz, 8GB RAM, 128GB NVMe SSD + 1TB HDD, Vega 8, HDMI, Card Reader, Wi-Fi, Bluetooth, Windows 10 Pro",Free Expedited Shipping,504.99,0.0,https://www.newegg.com/natural-silver-lenovo-ideapad-330s/p/1TS-000E-0FAG6,//c1.neweggimages.com/ProductImageCompressAll300/AA0S_1_201911071541110209.jpg
24,1TS-000D-07XW3,Computer Systems,Laptops / Notebooks,5,HP,"HP 15 Notebook, 15.6"" HD Touch Display, AMD Ryzen 7 3700U Upto 4.0GHz, 12GB RAM, 128GB NVMe SSD, Vega 10, HDMI, Card Reader, Wi-Fi, Bluetooth, Windows 10 Home",Free Expedited Shipping,649.00,0.0,https://www.newegg.com/silver-hp-15/p/1TS-000D-07XW3,//c1.neweggimages.com/ProductImageCompressAll300/AEYA_1_201912231379421918.jpg
25,1TS-000E-0FAK5,Computer Systems,Laptops / Notebooks,5,Lenovo,"Lenovo IdeaPad 330s Notebook, 15.6"" HD Display, AMD Ryzen 5 2500U Upto 3.6GHz, 12GB RAM, 256GB NVMe SSD, Vega 8, HDMI, Card Reader, Wi-Fi, Bluetooth, Windows 10 Home",Free Expedited Shipping,667.99,0.0,https://www.newegg.com/natural-silver-lenovo-ideapad-330s/p/1TS-000E-0FAK5,//c1.neweggimages.com/ProductImageCompressAll300/AEYA_1_20191107824190219.jpg
26,1TS-000E-0FAH2,Computer Systems,Laptops / Notebooks,5,Lenovo,"Lenovo IdeaPad 330s Notebook, 15.6"" HD Display, AMD Ryzen 5 2500U Upto 3.6GHz, 8GB RAM, 512GB NVMe SSD + 1TB HDD, Vega 8, HDMI, Card Reader, Wi-Fi, Bluetooth, Windows 10 Pro",Free Expedited Shipping,704.99,0.0,https://www.newegg.com/natural-silver-lenovo-ideapad-330s/p/1TS-000E-0FAH2,//c1.neweggimages.com/ProductImageCompressAll300/AA0S_1_201911071424111909.jpg
27,1TS-000E-0FAK9,Computer Systems,Laptops / Notebooks,5,Lenovo,"Lenovo IdeaPad 330s Notebook, 15.6"" HD Display, AMD Ryzen 5 2500U Upto 3.6GHz, 20GB RAM, 256GB NVMe SSD + 1TB HDD, Vega 8, HDMI, Card Reader, Wi-Fi, Bluetooth, Windows 10 Home",Free Expedited Shipping,758.99,0.0,https://www.newegg.com/natural-silver-lenovo-ideapad-330s/p/1TS-000E-0FAK9,//c1.neweggimages.com/ProductImageCompressAll300/AEYA_1_201911072032389291.jpg
28,1TS-000E-0FAH6,Computer Systems,Laptops / Notebooks,5,Lenovo,"Lenovo IdeaPad 330s Notebook, 15.6"" HD Display, AMD Ryzen 5 2500U Upto 3.6GHz, 20GB RAM, 256GB NVMe SSD, Vega 8, HDMI, Card Reader, Wi-Fi, Bluetooth, Windows 10 Home",Free Expedited Shipping,719.99,0.0,https://www.newegg.com/natural-silver-lenovo-ideapad-330s/p/1TS-000E-0FAH6,//c1.neweggimages.com/ProductImageCompressAll300/AEYA_1_20191107363503735.jpg
29,1TS-000E-0FAJ9,Computer Systems,Laptops / Notebooks,5,Lenovo,"Lenovo IdeaPad 330s Notebook, 15.6"" HD Display, AMD Ryzen 5 2500U Upto 3.6GHz, 12GB RAM, 1TB NVMe SSD, Vega 8, HDMI, Card Reader, Wi-Fi, Bluetooth, Windows 10 Home",Free Expedited Shipping,784.99,0.0,https://www.newegg.com/natural-silver-lenovo-ideapad-330s/p/1TS-000E-0FAJ9,//c1.neweggimages.com/ProductImageCompressAll300/AEYA_1_201911072036598551.jpg
30,1TS-000D-07XU7,Computer Systems,Laptops / Notebooks,5,HP,"HP 15 Notebook, 15.6"" HD Touch Display, AMD Ryzen 7 3700U Upto 4.0GHz, 16GB RAM, 128GB NVMe SSD, Vega 10, HDMI, Card Reader, Wi-Fi, Bluetooth, Windows 10 Pro",Free Expedited Shipping,699.00,0.0,https://www.newegg.com/silver-hp-15/p/1TS-000D-07XU7,//c1.neweggimages.com/ProductImageCompressAll300/AA0S_1_20191223347110925.jpg
31,1TS-000D-07XV5,Computer Systems,Laptops / Notebooks,5,HP,"HP 15 Notebook, 15.6"" HD Touch Display, AMD Ryzen 7 3700U Upto 4.0GHz, 16GB RAM, 256GB NVMe SSD, Vega 10, HDMI, Card Reader, Wi-Fi, Bluetooth, Windows 10 Pro",Free Expedited Shipping,999.99,0.0,https://www.newegg.com/silver-hp-15/p/1TS-000D-07XV5,//c1.neweggimages.com/ProductImageCompressAll300/AA0S_1_201912231160884898.jpg
32,1TS-000E-0FAE5,Computer Systems,Laptops / Notebooks,5,Lenovo,"Lenovo IdeaPad 330s Notebook, 15.6"" HD Display, AMD Ryzen 5 2500U Upto 3.6GHz, 8GB RAM, 1TB NVMe SSD + 1TB HDD, Vega 8, HDMI, Card Reader, Wi-Fi, Bluetooth, Windows 10 Pro",Free Expedited Shipping,804.99,0.0,https://www.newegg.com/natural-silver-lenovo-ideapad-330s/p/1TS-000E-0FAE5,//c1.neweggimages.com/ProductImageCompressAll300/AA0S_1_20191107199170016.jpg
33,1TS-000D-07XW4,Computer Systems,Laptops / Notebooks,5,HP,"HP 15 Notebook, 15.6"" HD Touch Display, AMD Ryzen 7 3700U Upto 4.0GHz, 8GB RAM, 128GB NVMe SSD, Vega 10, HDMI, Card Reader, Wi-Fi, Bluetooth, Windows 10 Home",Free Expedited Shipping,599.00,0.0,https://www.newegg.com/silver-hp-15/p/1TS-000D-07XW4,//c1.neweggimages.com/ProductImageCompressAll300/AEYA_1_201912231084719752.jpg
34,1TS-000D-07XV6,Computer Systems,Laptops / Notebooks,5,HP,"HP 15 Notebook, 15.6"" HD Touch Display, AMD Ryzen 7 3700U Upto 4.0GHz, 32GB RAM, 512GB NVMe SSD, Vega 10, HDMI, Card Reader, Wi-Fi, Bluetooth, Windows 10 Pro",Free Expedited Shipping,1329.99,0.0,https://www.newegg.com/silver-hp-15/p/1TS-000D-07XV6,//c1.neweggimages.com/ProductImageCompressAll300/AA0S_1_201912231732273128.jpg
35,1TS-000D-05XT8,Computer Systems,Laptops / Notebooks,5,HP,"HP Envy X360 2 in 1 Convertible 15.6"" Customized Laptop AMD Quad-Core Ryzen 5 3500U 16GB RAM 256GB SSD FHD Edge-to-Edge IPS Touch Display Upto 10 Hours Battery Life Windows 10 Black Only 0.7"" Thin",,944.70,0.0,https://www.newegg.com/p/1TS-000D-05XT8,//c1.neweggimages.com/ProductImageCompressAll300/AJZD_1_201909111671037504.jpg
