,item_number,general_category,product_category,page_number,brand,model_specifications,current_promotions,price,shipping,product_links,image_link
0,1TS-000A-045T5,Computer Systems,Laptops / Notebooks,11,DELL,"Alienware 15 R3 Gaming Notebook, 15.6"" IPS FHD, Intel Quad-Core i7-7700HQ Upto 3.8GHz, 8GB RAM, 256GB SSD, GeForce GTX 1070 8GB, HDMI, MiniDP, Wi-Fi, Bluetooth, Windows 10 Home",Free Expedited Shipping,1537.38,0.0,https://www.newegg.com/silver-alienware-15-r3-gaming-notebook/p/1TS-000A-045T5?Item=9SIAEYA8U33513,//c1.neweggimages.com/ProductImageCompressAll300/AEYA_1_20190226314916244.jpg
1,1TS-000A-045P1,Computer Systems,Laptops / Notebooks,11,DELL,"Alienware 15 R3 Gaming Notebook, 15.6"" IPS FHD, Intel Quad-Core i7-7700HQ Upto 3.8GHz, 16GB RAM, 256GB SSD, GeForce GTX 1070 8GB, HDMI, MiniDP, Wi-Fi, Bluetooth, Windows 10 Pro",Free Expedited Shipping,1574.10,0.0,https://www.newegg.com/silver-alienware-15-r3-gaming-notebook/p/1TS-000A-045P1?Item=9SIAA0S8U32186,//c1.neweggimages.com/ProductImageCompressAll300/AA0S_1_201902261219681479.jpg
2,1TS-000X-01EZ2,Computer Systems,Laptops / Notebooks,11,Acer America,Acer Predator Helios 300 Customized Gaming Laptop | Intel Hexa Core i7-8750H | 24GB RAM 256GB SSD 1TB HDD | Full HD IPS Display | NVIDIA GTX 1060 6GB GDDR5 | AeroBlade 3D Fan | Windows 10 Black,,1387.18,0.0,https://www.newegg.com/p/1TS-000X-01EZ2?Item=9SIAJZDAG27493,//c1.neweggimages.com/ProductImageCompressAll300/AHBU_1_20190719523360128.jpg
3,1TS-000X-01ER3,Computer Systems,Laptops / Notebooks,11,Acer America,Acer Predator Helios 300 Customized Gaming Laptop | Intel Hexa Core i7-8750H | 24GB RAM 256GB SSD | Full HD IPS Display | NVIDIA GTX 1060 6GB GDDR5 | AeroBlade 3D Fan Cooling | Windows 10 Black,,1350.18,0.0,https://www.newegg.com/p/1TS-000X-01ER3?Item=9SIAJZDAG27239,//c1.neweggimages.com/ProductImageCompressAll300/AHBU_1_20190719523360128.jpg
4,1TS-000X-01EY0,Computer Systems,Laptops / Notebooks,11,Acer America,Acer Predator Helios 300 Customized Gaming Laptop | Intel Hexa Core i7-8750H | 12GB RAM 128GB SSD 500GB HDD | Full HD IPS Display | NVIDIA GTX 1060 6GB GDDR5 | AeroBlade 3D Fan | Windows 10 Black,,1263.87,0.0,https://www.newegg.com/p/1TS-000X-01EY0?Item=9SIAJZDAG27481,//c1.neweggimages.com/ProductImageCompressAll300/AHBU_1_20190719523360128.jpg
5,1TS-000A-045N8,Computer Systems,Laptops / Notebooks,11,DELL,"Alienware 15 R3 Gaming Notebook, 15.6"" IPS FHD, Intel Quad-Core i7-7700HQ Upto 3.8GHz, 16GB RAM, 128GB SSD + 1TB HDD, GeForce GTX 1070 8GB, HDMI, MiniDP, Wi-Fi, Bluetooth, Windows 10 Pro",Free Expedited Shipping,1589.76,0.0,https://www.newegg.com/silver-alienware-15-r3-gaming-notebook/p/1TS-000A-045N8?Item=9SIAA0S8U32179,//c1.neweggimages.com/ProductImageCompressAll300/AA0S_1_201902261245332976.jpg
6,1TS-000A-045S0,Computer Systems,Laptops / Notebooks,11,DELL,"Alienware 15 R3 Gaming Notebook, 15.6"" IPS FHD, Intel Quad-Core i7-7700HQ Upto 3.8GHz, 16GB RAM, 256GB SSD + 1TB HDD, GeForce GTX 1070 8GB, HDMI, MiniDP, Wi-Fi, Bluetooth, Windows 10 Home",Free Expedited Shipping,1593.00,0.0,https://www.newegg.com/silver-alienware-15-r3-gaming-notebook/p/1TS-000A-045S0?Item=9SIAEYA8U33476,//c1.neweggimages.com/ProductImageCompressAll300/AEYA_1_201902261905930644.jpg
7,1TS-000A-03ZM0,Computer Systems,Laptops / Notebooks,11,DELL,"Alienware 15R4 15.6"" FHD G-Sync i7-8750H 16GB 128GB SSD + 1TB GTX 1060",,1399.15,0.0,https://www.newegg.com/dell-alienware-15-r4/p/1TS-000A-03ZM0?Item=9SIADDT94Z9012,//c1.neweggimages.com/NeweggImage/ProductImageCompressAll300/AGA5_1_201901161361810199.jpg
8,1TS-001A-00Z01,Computer Systems,Laptops / Notebooks,11,ASUS,"2019 ASUS ROG G531GT 15.6"" Customized Gaming Laptop | Hexa Core Intel i7-9750H Mobile Processor | 12GB RAM 256GB SSD |GeForce GTX 1650 4GB GDDR5 | RGB Backlit Keyboard | Windows 10 Black",,1118.51,0.0,https://www.newegg.com/p/1TS-001A-00Z01?Item=9SIAJZDAEN3347,//c1.neweggimages.com/ProductImageCompressAll300/AJZD_1_201910211890777557.jpg
9,1TS-001A-00Z08,Computer Systems,Laptops / Notebooks,11,ASUS,"2019 ASUS ROG G531GT 15.6"" Customized Gaming Laptop | Hexa Core Intel i7-9750H Mobile Processor | 24GB RAM 128GB SSD |GeForce GTX 1650 4GB GDDR5 | RGB Backlit Keyboard | Windows 10 Black",,1191.74,0.0,https://www.newegg.com/p/1TS-001A-00Z08?Item=9SIAJZDAEN3354,//c1.neweggimages.com/ProductImageCompressAll300/AJZD_1_201910211890777557.jpg
10,1TS-001A-00Z03,Computer Systems,Laptops / Notebooks,11,ASUS,"2019 ASUS ROG G531GT 15.6"" Customized Gaming Laptop | Hexa Core Intel i7-9750H Mobile Processor | 32GB RAM 128GB SSD |GeForce GTX 1650 4GB GDDR5 | RGB Backlit Keyboard | Windows 10 Black",,1258.32,0.0,https://www.newegg.com/p/1TS-001A-00Z03?Item=9SIAJZDAEN3349,//c1.neweggimages.com/ProductImageCompressAll300/AJZD_1_201910211890777557.jpg
11,1TS-001A-00Z10,Computer Systems,Laptops / Notebooks,11,ASUS,"2019 ASUS ROG G531GT 15.6"" Customized Gaming Laptop | Hexa Core Intel i7-9750H Mobile Processor | 16GB RAM 128GB SSD |GeForce GTX 1650 4GB GDDR5 | RGB Backlit Keyboard | Windows 10 Black",,1125.17,0.0,https://www.newegg.com/p/1TS-001A-00Z10?Item=9SIAJZDAEN3356,//c1.neweggimages.com/ProductImageCompressAll300/AJZD_1_201910211890777557.jpg
12,1TS-001A-00Z05,Computer Systems,Laptops / Notebooks,11,ASUS,"2019 ASUS ROG G531GT 15.6"" Customized Gaming Laptop | Hexa Core Intel i7-9750H Mobile Processor | 8GB RAM 256GB SSD |GeForce GTX 1650 4GB GDDR5 | RGB Backlit Keyboard | Windows 10 Black",,1091.88,0.0,https://www.newegg.com/p/1TS-001A-00Z05?Item=9SIAJZDAEN3351,//c1.neweggimages.com/ProductImageCompressAll300/AJZD_1_201910211890777557.jpg
13,1TS-000A-028N7,Computer Systems,Laptops / Notebooks,11,DELL,"Dell XPS 15 9560 15.6"" Laptop i7-7700HQ 7th Gen 8 GB RAM 256 GB PCIe SSD FHD NVIDIA GeForce GTX 1050 FingerPrnt",,1679.99,0.0,https://www.newegg.com/p/1TS-000A-028N7?Item=9SIADDT68F0347,//c1.neweggimages.com/NeweggImage/ProductImageCompressAll300/ACYB_131492131552446108Ew7IRJhYSF.jpg
14,N82E16834850843,Computer Systems,Laptops / Notebooks,11,Lenovo,"Lenovo French Laptop ThinkPad T480 (20L5000UCA) Intel Core i7 8th Gen 8550U (1.80 GHz) 8 GB Memory 256 GB SSD Intel UHD Graphics 620 14.0"" Windows 10 Pro 64-Bit",,1618.99,0.0,https://www.newegg.com/lenovo-thinkpad-t480-mainstream/p/N82E16834850843?Item=9SIAD6H71A2917,//c1.neweggimages.com/NeweggImage/ProductImageCompressAll300/34-850-843-S01.jpg
15,1TS-001A-00Z13,Computer Systems,Laptops / Notebooks,11,ASUS,"2019 ASUS ROG G531GT 15.6"" Customized Gaming Laptop | Hexa Core Intel i7-9750H Mobile Processor | 24GB RAM 256GB SSD |GeForce GTX 1650 4GB GDDR5 | RGB Backlit Keyboard | Windows 10 Black",,1211.72,0.0,https://www.newegg.com/p/1TS-001A-00Z13?Item=9SIAJZDAEN3359,//c1.neweggimages.com/ProductImageCompressAll300/AJZD_1_201910211890777557.jpg
16,1TS-001A-00Z15,Computer Systems,Laptops / Notebooks,11,ASUS,"2019 ASUS ROG G531GT 15.6"" Customized Gaming Laptop | Hexa Core Intel i7-9750H Mobile Processor | 12GB RAM 128GB SSD |GeForce GTX 1650 4GB GDDR5 | RGB Backlit Keyboard | Windows 10 Black",,1098.54,0.0,https://www.newegg.com/p/1TS-001A-00Z15?Item=9SIAJZDAEN3361,//c1.neweggimages.com/ProductImageCompressAll300/AJZD_1_201910211890777557.jpg
17,1TS-000E-0A0R0,Computer Systems,Laptops / Notebooks,11,Lenovo,"2018 Lenovo ThinkPad T480s Windows 10 Pro Laptop -  i7-8650U, 12GB RAM, 256GB SSD, 14"" IPS FHD (1920x1080) Touch Display w/ NVIDIA MX150 Graphics, Smart Card Reader, Black",,1759.99,0.0,https://www.newegg.com/p/1TS-000E-0A0R0?Item=9SIA8TK8A11592,//c1.neweggimages.com/NeweggImage/ProductImageCompressAll300/A8TK_1_20180727843708741.jpg
18,1TS-000E-07XB8,Computer Systems,Laptops / Notebooks,11,Lenovo,"Lenovo ThinkPad T470s Windows 10 Pro LTE 4G Laptop - Intel Core i7-7500U, 8GB RAM, 180GB SSD, 14"" IPS WQHD (2560x1440) Matte Display, Fingerprint Reader, Smart Card Reader, Black Color",,1649.99,0.0,https://www.newegg.com/p/1TS-000E-07XB8?Item=9SIA8TK6X35955,//c1.neweggimages.com/NeweggImage/ProductImageCompressAll300/A8TK_1_201709071196388703.jpg
19,1TS-000E-06W13,Computer Systems,Laptops / Notebooks,11,Lenovo,"2017 Lenovo ThinkPad X1 Carbon (5th Gen) - Windows 7 Pro - Modern Silver - Intel Core i7-7600U, 256GB NVMe-PCIe SSD, 8GB RAM, 14"" WQHD IPS (2560x1440) Display, Fingerprint Reader",,1429.99,0.0,https://www.newegg.com/p/1TS-000E-06W13?Item=9SIA8TK6DE9870,//c1.neweggimages.com/NeweggImage/ProductImageCompressAll300/A8TK_1_20170915900681419.jpg
20,1TS-000E-07F58,Computer Systems,Laptops / Notebooks,11,Lenovo,"2017 Lenovo ThinkPad X1 Carbon 4G LTE (5th Gen) - Windows 7 Pro - Modern Silver - Intel Core i7-7600U, 128GB SSD, 8GB RAM, 14"" FHD IPS (1920x1080) Display, Fingerprint Reader",,1572.99,0.0,https://www.newegg.com/p/1TS-000E-07F58?Item=9SIA8TK6M31363,//c1.neweggimages.com/NeweggImage/ProductImageCompressAll300/A8TK_1_20170915900681419.jpg
21,1TS-000D-05E63,Computer Systems,Laptops / Notebooks,11,HP,"2019 HP Pavilion 15.6"" FHD IPS Touchscreen Business Laptop, Intel Quad Core i7-8550U upto 4.0GHz, 12GB RAM, 128GB SSD Boot + 2TB HDD, Backlit Keyboard, WiFi, HDMI, USB-C, Windows 10, Gold",,1005.99,0.0,https://www.newegg.com/gold-hp-pavilion-mainstream/p/1TS-000D-05E63?Item=9SIAKYF9VU4483,//c1.neweggimages.com/ProductImageCompressAll300/AK1E_1_201907281825676211.jpg
22,1TS-000E-09B35,Computer Systems,Laptops / Notebooks,11,Lenovo,"2018 Lenovo ThinkPad T480s Windows 10 Pro Laptop - Intel Core i7-8650U, 12GB RAM, 180GB SSD, 14"" IPS FHD 1920x1080 Matte Display, Fingerprint Reader, 4G LTE WWAN,  Black",,1814.99,0.0,https://www.newegg.com/p/1TS-000E-09B35?Item=9SIA8TK7ZM6680,//c1.neweggimages.com/NeweggImage/ProductImageCompressAll300/V0E4_1_20190130807883272.jpg
23,1TS-000E-0FSK8,Computer Systems,Laptops / Notebooks,11,Lenovo,"Lenovo ThinkPad Touch T570 Windows 7 Pro - i7-7600U, 8GB RAM, 128GB SSD, 15.6"" IPS FHD (1920x1080) Matte Touchscreen, Fingerprint Reader, Black Color",,1759.99,0.0,https://www.newegg.com/p/1TS-000E-0FSK8?Item=9SIA8TKASX0707,//c1.neweggimages.com/ProductImageCompressAll300/A8TK_1_201801051728744162.jpg
24,1TS-000E-07Y36,Computer Systems,Laptops / Notebooks,11,Lenovo,"Lenovo ThinkPad T470s Windows 10 Pro LTE 4G Laptop - Intel Core i7-7500U, 24GB RAM, 180GB SSD, 14"" IPS WQHD (2560x1440) Matte Display, Fingerprint Reader, Smart Card Reader, Black Color",,1814.99,0.0,https://www.newegg.com/p/1TS-000E-07Y36?Item=9SIA8TK6X36193,//c1.neweggimages.com/NeweggImage/ProductImageCompressAll300/A8TK_1_201709071196388703.jpg
25,1TS-000E-0CMK2,Computer Systems,Laptops / Notebooks,11,Lenovo,"Lenovo Business 330S Laptop - Linux Mint 19 (Cinnamon) - Intel i7-8550U, 12GB RAM, 256GB SSD, 15.6"" HD 1366x768 Display, Fast Charging",,1209.99,0.0,https://www.newegg.com/blue-lenovo-330s/p/1TS-000E-0CMK2?Item=9SIA8TK8MM1646,//c1.neweggimages.com/ProductImageCompressAll300/A8TK_1_20190111426895666.jpg
26,1TS-000E-09XT3,Computer Systems,Laptops / Notebooks,11,Lenovo,"2018 Lenovo ThinkPad T480s Windows 10 Pro Laptop - Intel Core i7-8550U, 8GB RAM, 180GB SSD, 14"" IPS FHD Touch (1920x1080)  Display, Fingerprint Reader, Smart Card Reader, Black",,1539.99,0.0,https://www.newegg.com/p/1TS-000E-09XT3?Item=9SIA8TK8A10655,//c1.neweggimages.com/NeweggImage/ProductImageCompressAll300/A8TK_1_20180727843708741.jpg
27,1TS-000E-0D425,Computer Systems,Laptops / Notebooks,11,Lenovo,"Lenovo Business 330S Laptop- Windows 10 Home Premium, Intel i7-8550U, 20GB RAM, 256GB PCIe NVMe SSD + 1TB HDD, 14"" FHD IPS (1920x1080) Display, Fast Charging",,1594.99,0.0,https://www.newegg.com/gray-lenovo-330s/p/1TS-000E-0D425?Item=9SIA8TK8UH6286,//c1.neweggimages.com/ProductImageCompressAll300/A8TK_1_20190304562021573.jpg
28,1TS-000E-07XV8,Computer Systems,Laptops / Notebooks,11,Lenovo,"Lenovo ThinkPad T470s Windows 7 Pro LTE 4G Laptop - Intel Core i7-7600U, 8GB RAM, 256GB PCIe NVMe SSD, 14"" IPS WQHD (2560x1440) Matte Display, Fingerprint Reader, Smart Card Reader, Silver Color",,1649.99,0.0,https://www.newegg.com/p/1TS-000E-07XV8?Item=9SIA8TK6X36115,//c1.neweggimages.com/NeweggImage/ProductImageCompressAll300/A8TK_1_201709071888383141.jpg
29,1TS-000E-06V46,Computer Systems,Laptops / Notebooks,11,Lenovo,"2017 Lenovo ThinkPad X1 Carbon (5th Gen) - Windows 10 Pro - Intel Core i7-7600U, 256GB SSD, 8GB RAM, 14"" WQHD IPS (2560x1440) Display, Fingerprint Reader, (Classic Black)",,1539.99,0.0,https://www.newegg.com/p/1TS-000E-06V46?Item=9SIA8TK6D85613,//c1.neweggimages.com/NeweggImage/ProductImageCompressAll300/A8TK_1_20170915238001060.jpg
30,1TS-000E-0FSM9,Computer Systems,Laptops / Notebooks,11,Lenovo,"Lenovo ThinkPad Touch T570 Windows 7 Pro - i7-7600U, 32GB RAM, 180GB SSD, 15.6"" IPS FHD (1920x1080) Matte Touchscreen, Fingerprint Reader, Black Color",,1979.99,0.0,https://www.newegg.com/p/1TS-000E-0FSM9?Item=9SIA8TKASX0718,//c1.neweggimages.com/ProductImageCompressAll300/A8TK_1_201801051728744162.jpg
31,1TS-000E-07ES9,Computer Systems,Laptops / Notebooks,11,Lenovo,"2017 Lenovo ThinkPad X1 Carbon 4G LTE (5th Gen) - Windows 10 Pro - Modern Silver - Intel Core i7-7600U, 256GB SSD, 8GB RAM, 14"" FHD IPS (1920x1080) Display, Fingerprint Reader",,1572.99,0.0,https://www.newegg.com/p/1TS-000E-07ES9?Item=9SIA8TK6M31022,//c1.neweggimages.com/NeweggImage/ProductImageCompressAll300/A8TK_1_20170915900681419.jpg
32,1TS-000E-0A108,Computer Systems,Laptops / Notebooks,11,Lenovo,"2018 Lenovo ThinkPad T480s Windows 10 Pro Laptop - i7-8550U, 8GB RAM, 256GB SSD, 14"" IPS WQHD (2560x1440) Matte Display, Fingerprint Reader, Smart Card Reader,  Black",,1649.99,0.0,https://www.newegg.com/p/1TS-000E-0A108?Item=9SIA8TK8A11690,//c1.neweggimages.com/NeweggImage/ProductImageCompressAll300/A8TK_1_20180727843708741.jpg
33,1TS-000E-0A203,Computer Systems,Laptops / Notebooks,11,Lenovo,"2018 Lenovo ThinkPad T480s Windows 10 Pro Laptop -  i7-8650U, 16GB RAM, 180GB SSD, 14"" IPS FHD (1920x1080) Touch Display w/ NVIDIA MX150 Graphics, Smart Card Reader, Black",,1814.99,0.0,https://www.newegg.com/p/1TS-000E-0A203?Item=9SIA8TK8A12008,//c1.neweggimages.com/NeweggImage/ProductImageCompressAll300/A8TK_1_20180727843708741.jpg
34,1TS-000E-09ZX0,Computer Systems,Laptops / Notebooks,11,Lenovo,"2018 Lenovo ThinkPad T480s Windows 10 Pro Laptop - i7-8550U, 8GB RAM, 180GB SSD, 14"" IPS WQHD (2560x1440) Matte Display, Fingerprint Reader, Smart Card Reader,  Black",,1649.99,0.0,https://www.newegg.com/p/1TS-000E-09ZX0?Item=9SIA8TK8A11332,//c1.neweggimages.com/NeweggImage/ProductImageCompressAll300/A8TK_1_20180727843708741.jpg
35,1TS-000E-07Z78,Computer Systems,Laptops / Notebooks,11,Lenovo,"Lenovo ThinkPad T470s Windows 10 Pro LTE 4G Laptop - Intel Core i7-7600U, 12GB RAM, 256GB SSD, 14"" IPS WQHD (2560x1440) Matte Display, Fingerprint Reader, Smart Card Reader, Silver Color",,1704.99,0.0,https://www.newegg.com/p/1TS-000E-07Z78?Item=9SIA8TK6X36557,//c1.neweggimages.com/NeweggImage/ProductImageCompressAll300/A8TK_1_201709071888383141.jpg
