,item_number,general_category,product_category,page_number,brand,model_specifications,current_promotions,price,shipping,product_links,image_link
0,1TS-000E-0CYH4,Computer Systems,Laptops / Notebooks,16,Lenovo,"Lenovo IdeaPad 720s Notebook, 13.3"" IPS FHD, AMD Quad-Core Ryzen 7 2700U Upto 3.8GHz, 8GB RAM, 1TB NVMe SSD, Wi-Fi, Bluetooth, Windows 10 Pro",Free Expedited Shipping,959.99,0.0,https://www.newegg.com/silver-lenovo-ideapad-720s-notebook/p/1TS-000E-0CYH4,//c1.neweggimages.com/ProductImageCompressAll300/AA0S_1_20190220983698749.jpg
1,1TS-000A-04P63,Computer Systems,Laptops / Notebooks,16,DELL,"Dell Inspiron 5575 15.6"" FHD Notebook, AMD Quad-Core Ryzen 7 2700U Upto 3.8GHz, 32GB RAM, 1TB SSD, Radeon Vega 10, HDMI, Card Reader, LAN, Wi-Fi, Bluetooth, Windows 10 Home",Free Expedited Shipping,1234.99,0.0,https://www.newegg.com/silver-dell-inspiron-5575-creating-designing/p/1TS-000A-04P63,//c1.neweggimages.com/ProductImageCompressAll300/AA0S_1_201905231432136847.jpg
2,1TS-000E-0FAJ4,Computer Systems,Laptops / Notebooks,16,Lenovo,"Lenovo IdeaPad 330s Notebook, 15.6"" HD Display, AMD Ryzen 5 2500U Upto 3.6GHz, 20GB RAM, 2TB NVMe SSD, Vega 8, HDMI, Card Reader, Wi-Fi, Bluetooth, Windows 10 Home",Free Expedited Shipping,979.99,0.0,https://www.newegg.com/natural-silver-lenovo-ideapad-330s/p/1TS-000E-0FAJ4,//c1.neweggimages.com/ProductImageCompressAll300/AEYA_1_201911071538500829.jpg
3,1TS-000A-04P17,Computer Systems,Laptops / Notebooks,16,DELL,"Dell Inspiron 5575 15.6"" FHD Notebook, AMD Quad-Core Ryzen 7 2700U Upto 3.8GHz, 16GB RAM, 128GB SSD, Radeon Vega 10, HDMI, Card Reader, LAN, Wi-Fi, Bluetooth, Windows 10 Pro",Free Expedited Shipping,948.99,0.0,https://www.newegg.com/silver-dell-inspiron-5575-creating-designing/p/1TS-000A-04P17,//c1.neweggimages.com/ProductImageCompressAll300/AA0S_1_201905231282217582.jpg
4,1TS-000A-04P39,Computer Systems,Laptops / Notebooks,16,DELL,"Dell Inspiron 5575 15.6"" FHD Notebook, AMD Quad-Core Ryzen 7 2700U Upto 3.8GHz, 8GB RAM, 256GB SSD, Radeon Vega 10, HDMI, Card Reader, LAN, Wi-Fi, Bluetooth, Windows 10 Pro",Free Expedited Shipping,844.99,0.0,https://www.newegg.com/silver-dell-inspiron-5575-creating-designing/p/1TS-000A-04P39,//c1.neweggimages.com/ProductImageCompressAll300/AA0S_1_201905231282217582.jpg
5,1TS-000A-04P61,Computer Systems,Laptops / Notebooks,16,DELL,"Dell Inspiron 5575 15.6"" FHD Notebook, AMD Quad-Core Ryzen 7 2700U Upto 3.8GHz, 32GB RAM, 128GB NVMe SSD + 1TB HDD, Radeon Vega 10, HDMI, Card Reader, LAN, Wi-Fi, Bluetooth, Windows 10 Home",Free Expedited Shipping,1117.99,0.0,https://www.newegg.com/silver-dell-inspiron-5575-creating-designing/p/1TS-000A-04P61,//c1.neweggimages.com/ProductImageCompressAll300/AA0S_1_201905231432136847.jpg
6,1TS-000E-0FAH1,Computer Systems,Laptops / Notebooks,16,Lenovo,"Lenovo IdeaPad 330s Notebook, 15.6"" HD Display, AMD Ryzen 5 2500U Upto 3.6GHz, 8GB RAM, 2TB NVMe SSD, Vega 8, HDMI, Card Reader, Wi-Fi, Bluetooth, Windows 10 Pro",Free Expedited Shipping,1004.99,0.0,https://www.newegg.com/natural-silver-lenovo-ideapad-330s/p/1TS-000E-0FAH1,//c1.neweggimages.com/ProductImageCompressAll300/AA0S_1_201911071706598403.jpg
7,1TS-000D-07XU0,Computer Systems,Laptops / Notebooks,16,HP,"HP 15 Notebook, 15.6"" HD Touch Display, AMD Ryzen 7 3700U Upto 4.0GHz, 12GB RAM, 128GB NVMe SSD, Vega 10, HDMI, Card Reader, Wi-Fi, Bluetooth, Windows 10 Pro",Free Expedited Shipping,889.99,0.0,https://www.newegg.com/silver-hp-15/p/1TS-000D-07XU0,//c1.neweggimages.com/ProductImageCompressAll300/AA0S_1_20191223289657121.jpg
8,1TS-000D-07XW8,Computer Systems,Laptops / Notebooks,16,HP,"HP 15 Notebook, 15.6"" HD Touch Display, AMD Ryzen 7 3700U Upto 4.0GHz, 12GB RAM, 2TB NVMe SSD, Vega 10, HDMI, Card Reader, Wi-Fi, Bluetooth, Windows 10 Home",Free Expedited Shipping,1199.99,0.0,https://www.newegg.com/silver-hp-15/p/1TS-000D-07XW8,//c1.neweggimages.com/ProductImageCompressAll300/AEYA_1_201912237384832.jpg
9,1TS-000E-0FAE6,Computer Systems,Laptops / Notebooks,16,Lenovo,"Lenovo IdeaPad 330s Notebook, 15.6"" HD Display, AMD Ryzen 5 2500U Upto 3.6GHz, 12GB RAM, 2TB NVMe SSD, Vega 8, HDMI, Card Reader, Wi-Fi, Bluetooth, Windows 10 Pro",Free Expedited Shipping,953.99,0.0,https://www.newegg.com/natural-silver-lenovo-ideapad-330s/p/1TS-000E-0FAE6,//c1.neweggimages.com/ProductImageCompressAll300/AA0S_1_20191107120058366.jpg
10,1TS-000E-0FAF4,Computer Systems,Laptops / Notebooks,16,Lenovo,"Lenovo IdeaPad 330s Notebook, 15.6"" HD Display, AMD Ryzen 5 2500U Upto 3.6GHz, 8GB RAM, 256GB NVMe SSD + 1TB HDD, Vega 8, HDMI, Card Reader, Wi-Fi, Bluetooth, Windows 10 Pro",Free Expedited Shipping,574.99,0.0,https://www.newegg.com/natural-silver-lenovo-ideapad-330s/p/1TS-000E-0FAF4,//c1.neweggimages.com/ProductImageCompressAll300/AA0S_1_201911071310604600.jpg
11,1TS-000E-0FAK8,Computer Systems,Laptops / Notebooks,16,Lenovo,"Lenovo IdeaPad 330s Notebook, 15.6"" HD Display, AMD Ryzen 5 2500U Upto 3.6GHz, 12GB RAM, 2TB NVMe SSD + 1TB HDD, Vega 8, HDMI, Card Reader, Wi-Fi, Bluetooth, Windows 10 Home",Free Expedited Shipping,966.99,0.0,https://www.newegg.com/natural-silver-lenovo-ideapad-330s/p/1TS-000E-0FAK8,//c1.neweggimages.com/ProductImageCompressAll300/AEYA_1_20191107480286248.jpg
12,1TS-000E-0FAF9,Computer Systems,Laptops / Notebooks,16,Lenovo,"Lenovo IdeaPad 330s Notebook, 15.6"" HD Display, AMD Ryzen 5 2500U Upto 3.6GHz, 12GB RAM, 1TB NVMe SSD, Vega 8, HDMI, Card Reader, Wi-Fi, Bluetooth, Windows 10 Pro",Free Expedited Shipping,810.99,0.0,https://www.newegg.com/natural-silver-lenovo-ideapad-330s/p/1TS-000E-0FAF9,//c1.neweggimages.com/ProductImageCompressAll300/AA0S_1_20191107871328255.jpg
13,1TS-000A-04P74,Computer Systems,Laptops / Notebooks,16,DELL,"Dell Inspiron 5575 15.6"" FHD Notebook, AMD Quad-Core Ryzen 7 2700U Upto 3.8GHz, 8GB RAM, 256GB NVMe SSD + 1TB HDD, Radeon Vega 10, HDMI, Card Reader, LAN, Wi-Fi, Bluetooth, Windows 10 Home",Free Expedited Shipping,974.99,0.0,https://www.newegg.com/silver-dell-inspiron-5575-creating-designing/p/1TS-000A-04P74,//c1.neweggimages.com/ProductImageCompressAll300/AA0S_1_201905231432136847.jpg
14,1TS-000E-0FAJ8,Computer Systems,Laptops / Notebooks,16,Lenovo,"Lenovo IdeaPad 330s Notebook, 15.6"" HD Display, AMD Ryzen 5 2500U Upto 3.6GHz, 8GB RAM, 2TB NVMe SSD + 1TB HDD, Vega 8, HDMI, Card Reader, Wi-Fi, Bluetooth, Windows 10 Home",Free Expedited Shipping,1004.99,0.0,https://www.newegg.com/natural-silver-lenovo-ideapad-330s/p/1TS-000E-0FAJ8,//c1.neweggimages.com/ProductImageCompressAll300/AEYA_1_20191107654659785.jpg
15,1TS-000E-0FAE4,Computer Systems,Laptops / Notebooks,16,Lenovo,"Lenovo IdeaPad 330s Notebook, 15.6"" HD Display, AMD Ryzen 5 2500U Upto 3.6GHz, 12GB RAM, 128GB NVMe SSD + 1TB HDD, Vega 8, HDMI, Card Reader, Wi-Fi, Bluetooth, Windows 10 Pro",Free Expedited Shipping,706.99,0.0,https://www.newegg.com/natural-silver-lenovo-ideapad-330s/p/1TS-000E-0FAE4,//c1.neweggimages.com/ProductImageCompressAll300/AA0S_1_20191107400752503.jpg
16,1TS-000D-07XV9,Computer Systems,Laptops / Notebooks,16,HP,"HP 15 Notebook, 15.6"" HD Touch Display, AMD Ryzen 7 3700U Upto 4.0GHz, 16GB RAM, 2TB NVMe SSD, Vega 10, HDMI, Card Reader, Wi-Fi, Bluetooth, Windows 10 Pro",Free Expedited Shipping,1429.99,0.0,https://www.newegg.com/silver-hp-15/p/1TS-000D-07XV9,//c1.neweggimages.com/ProductImageCompressAll300/AA0S_1_20191223749074631.jpg
17,1TS-000E-0FAG7,Computer Systems,Laptops / Notebooks,16,Lenovo,"Lenovo IdeaPad 330s Notebook, 15.6"" HD Display, AMD Ryzen 5 2500U Upto 3.6GHz, 8GB RAM, 2TB NVMe SSD + 1TB HDD, Vega 8, HDMI, Card Reader, Wi-Fi, Bluetooth, Windows 10 Pro",Free Expedited Shipping,1004.99,0.0,https://www.newegg.com/natural-silver-lenovo-ideapad-330s/p/1TS-000E-0FAG7,//c1.neweggimages.com/ProductImageCompressAll300/AA0S_1_20191107857085414.jpg
18,1TS-000E-0DP49,Computer Systems,Laptops / Notebooks,16,Lenovo,"Lenovo ThinkPad E495 20NE0000US 14"" Notebook - 1920 x 1080 - Ryzen 7 3700U - 16 GB RAM - 512 GB SSD - Glossy Black",,1159.56,0.0,https://www.newegg.com/p/1TS-000E-0DP49,//c1.neweggimages.com/ProductImageCompressAll300/A24G_1_20191108335214125.jpg
19,1TS-000E-0FAJ7,Computer Systems,Laptops / Notebooks,16,Lenovo,"Lenovo IdeaPad 330s Notebook, 15.6"" HD Display, AMD Ryzen 5 2500U Upto 3.6GHz, 20GB RAM, 512GB NVMe SSD + 1TB HDD, Vega 8, HDMI, Card Reader, Wi-Fi, Bluetooth, Windows 10 Home",Free Expedited Shipping,797.99,0.0,https://www.newegg.com/natural-silver-lenovo-ideapad-330s/p/1TS-000E-0FAJ7,//c1.neweggimages.com/ProductImageCompressAll300/AEYA_1_201911071568186039.jpg
20,1TS-000A-04P76,Computer Systems,Laptops / Notebooks,16,DELL,"Dell Inspiron 5575 15.6"" FHD Notebook, AMD Quad-Core Ryzen 7 2700U Upto 3.8GHz, 8GB RAM, 512GB SSD, Radeon Vega 10, HDMI, Card Reader, LAN, Wi-Fi, Bluetooth, Windows 10 Home",Free Expedited Shipping,948.99,0.0,https://www.newegg.com/silver-dell-inspiron-5575-creating-designing/p/1TS-000A-04P76,//c1.neweggimages.com/ProductImageCompressAll300/AA0S_1_201905231432136847.jpg
21,1TS-000A-04P33,Computer Systems,Laptops / Notebooks,16,DELL,"Dell Inspiron 5575 15.6"" FHD Notebook, AMD Quad-Core Ryzen 7 2700U Upto 3.8GHz, 8GB RAM, 128GB NVMe SSD + 1TB HDD, Radeon Vega 10, HDMI, Card Reader, LAN, Wi-Fi, Bluetooth, Windows 10 Pro",Free Expedited Shipping,974.99,0.0,https://www.newegg.com/silver-dell-inspiron-5575-creating-designing/p/1TS-000A-04P33,//c1.neweggimages.com/ProductImageCompressAll300/AA0S_1_201905231282217582.jpg
22,1TS-000A-04P32,Computer Systems,Laptops / Notebooks,16,DELL,"Dell Inspiron 5575 15.6"" FHD Notebook, AMD Quad-Core Ryzen 7 2700U Upto 3.8GHz, 32GB RAM, 512GB SSD, Radeon Vega 10, HDMI, Card Reader, LAN, Wi-Fi, Bluetooth, Windows 10 Pro",Free Expedited Shipping,1143.99,0.0,https://www.newegg.com/silver-dell-inspiron-5575-creating-designing/p/1TS-000A-04P32,//c1.neweggimages.com/ProductImageCompressAll300/AA0S_1_201905231282217582.jpg
23,1TS-000E-0FAH7,Computer Systems,Laptops / Notebooks,16,Lenovo,"Lenovo IdeaPad 330s Notebook, 15.6"" HD Display, AMD Ryzen 5 2500U Upto 3.6GHz, 8GB RAM, 1TB NVMe SSD + 1TB HDD, Vega 8, HDMI, Card Reader, Wi-Fi, Bluetooth, Windows 10 Home",Free Expedited Shipping,804.99,0.0,https://www.newegg.com/natural-silver-lenovo-ideapad-330s/p/1TS-000E-0FAH7,//c1.neweggimages.com/ProductImageCompressAll300/AEYA_1_20191107511891376.jpg
24,1TS-000D-07XV2,Computer Systems,Laptops / Notebooks,16,HP,"HP 15 Notebook, 15.6"" HD Touch Display, AMD Ryzen 7 3700U Upto 4.0GHz, 8GB RAM, 2TB NVMe SSD, Vega 10, HDMI, Card Reader, Wi-Fi, Bluetooth, Windows 10 Pro",Free Expedited Shipping,1329.99,0.0,https://www.newegg.com/silver-hp-15/p/1TS-000D-07XV2,//c1.neweggimages.com/ProductImageCompressAll300/AA0S_1_201912231123865858.jpg
25,1TS-000A-04P68,Computer Systems,Laptops / Notebooks,16,DELL,"Dell Inspiron 5575 15.6"" FHD Notebook, AMD Quad-Core Ryzen 7 2700U Upto 3.8GHz, 32GB RAM, 512GB NVMe SSD + 1TB HDD, Radeon Vega 10, HDMI, Card Reader, LAN, Wi-Fi, Bluetooth, Windows 10 Home",Free Expedited Shipping,1215.49,0.0,https://www.newegg.com/silver-dell-inspiron-5575-creating-designing/p/1TS-000A-04P68,//c1.neweggimages.com/ProductImageCompressAll300/AA0S_1_201905231432136847.jpg
26,1TS-000E-0FAF0,Computer Systems,Laptops / Notebooks,16,Lenovo,"Lenovo IdeaPad 330s Notebook, 15.6"" HD Display, AMD Ryzen 5 2500U Upto 3.6GHz, 20GB RAM, 2TB NVMe SSD + 1TB HDD, Vega 8, HDMI, Card Reader, Wi-Fi, Bluetooth, Windows 10 Pro",Free Expedited Shipping,1044.99,0.0,https://www.newegg.com/natural-silver-lenovo-ideapad-330s/p/1TS-000E-0FAF0,//c1.neweggimages.com/ProductImageCompressAll300/AA0S_1_201911072072539872.jpg
27,1TS-000D-05J08,Computer Systems,Laptops / Notebooks,16,HP,"HP ENVY x360 - 15z Home and Business Laptop (AMD Ryzen 5 3500U 4-Core, 32GB RAM, 2TB PCIe SSD, 15.6"" Touch  Full HD (1920x1080), AMD Vega 8, Active Pen, Win 10 Pro) with HP Z5000 Mouse , ME2 Backpack",,2254.80,0.0,https://www.newegg.com/p/1TS-000D-05J08,//c1.neweggimages.com/ProductImageCompressAll300/V0F3_1_20190827164422094.jpg
28,1TS-000E-0FAG9,Computer Systems,Laptops / Notebooks,16,Lenovo,"Lenovo IdeaPad 330s Notebook, 15.6"" HD Display, AMD Ryzen 5 2500U Upto 3.6GHz, 12GB RAM, 2TB NVMe SSD + 1TB HDD, Vega 8, HDMI, Card Reader, Wi-Fi, Bluetooth, Windows 10 Pro",Free Expedited Shipping,992.99,0.0,https://www.newegg.com/natural-silver-lenovo-ideapad-330s/p/1TS-000E-0FAG9,//c1.neweggimages.com/ProductImageCompressAll300/AA0S_1_20191107391027506.jpg
29,1TS-000D-07XX5,Computer Systems,Laptops / Notebooks,16,HP,"HP 15 Notebook, 15.6"" HD Touch Display, AMD Ryzen 7 3700U Upto 4.0GHz, 16GB RAM, 2TB NVMe SSD, Vega 10, HDMI, Card Reader, Wi-Fi, Bluetooth, Windows 10 Home",Free Expedited Shipping,1429.99,0.0,https://www.newegg.com/silver-hp-15/p/1TS-000D-07XX5,//c1.neweggimages.com/ProductImageCompressAll300/AEYA_1_201912231464668388.jpg
30,1TS-000E-0FAK2,Computer Systems,Laptops / Notebooks,16,Lenovo,"Lenovo IdeaPad 330s Notebook, 15.6"" HD Display, AMD Ryzen 5 2500U Upto 3.6GHz, 8GB RAM, 2TB NVMe SSD, Vega 8, HDMI, Card Reader, Wi-Fi, Bluetooth, Windows 10 Home",Free Expedited Shipping,1004.99,0.0,https://www.newegg.com/natural-silver-lenovo-ideapad-330s/p/1TS-000E-0FAK2,//c1.neweggimages.com/ProductImageCompressAll300/AEYA_1_20191107147741918.jpg
31,1TS-000A-04P41,Computer Systems,Laptops / Notebooks,16,DELL,"Dell Inspiron 5575 15.6"" FHD Notebook, AMD Quad-Core Ryzen 7 2700U Upto 3.8GHz, 8GB RAM, 512GB NVMe SSD + 1TB HDD, Radeon Vega 10, HDMI, Card Reader, LAN, Wi-Fi, Bluetooth, Windows 10 Pro",Free Expedited Shipping,1072.49,0.0,https://www.newegg.com/silver-dell-inspiron-5575-creating-designing/p/1TS-000A-04P41,//c1.neweggimages.com/ProductImageCompressAll300/AA0S_1_201905231282217582.jpg
32,1TS-000A-04P62,Computer Systems,Laptops / Notebooks,16,DELL,"Dell Inspiron 5575 15.6"" FHD Notebook, AMD Quad-Core Ryzen 7 2700U Upto 3.8GHz, 32GB RAM, 1TB NVMe SSD + 1TB HDD, Radeon Vega 10, HDMI, Card Reader, LAN, Wi-Fi, Bluetooth, Windows 10 Home",Free Expedited Shipping,1345.49,0.0,https://www.newegg.com/silver-dell-inspiron-5575-creating-designing/p/1TS-000A-04P62,//c1.neweggimages.com/ProductImageCompressAll300/AA0S_1_201905231432136847.jpg
33,1TS-000A-04P70,Computer Systems,Laptops / Notebooks,16,DELL,"Dell Inspiron 5575 15.6"" FHD Notebook, AMD Quad-Core Ryzen 7 2700U Upto 3.8GHz, 8GB RAM, 128GB NVMe SSD + 1TB HDD, Radeon Vega 10, HDMI, Card Reader, LAN, Wi-Fi, Bluetooth, Windows 10 Home",Free Expedited Shipping,948.99,0.0,https://www.newegg.com/silver-dell-inspiron-5575-creating-designing/p/1TS-000A-04P70,//c1.neweggimages.com/ProductImageCompressAll300/AA0S_1_201905231432136847.jpg
34,1TS-000E-0FAK4,Computer Systems,Laptops / Notebooks,16,Lenovo,"Lenovo IdeaPad 330s Notebook, 15.6"" HD Display, AMD Ryzen 5 2500U Upto 3.6GHz, 20GB RAM, 1TB NVMe SSD, Vega 8, HDMI, Card Reader, Wi-Fi, Bluetooth, Windows 10 Home",Free Expedited Shipping,836.99,0.0,https://www.newegg.com/natural-silver-lenovo-ideapad-330s/p/1TS-000E-0FAK4,//c1.neweggimages.com/ProductImageCompressAll300/AEYA_1_20191107429844675.jpg
35,1TS-000A-04P30,Computer Systems,Laptops / Notebooks,16,DELL,"Dell Inspiron 5575 15.6"" FHD Notebook, AMD Quad-Core Ryzen 7 2700U Upto 3.8GHz, 32GB RAM, 2TB SSD, Radeon Vega 10, HDMI, Card Reader, LAN, Wi-Fi, Bluetooth, Windows 10 Pro",Free Expedited Shipping,1488.49,0.0,https://www.newegg.com/silver-dell-inspiron-5575-creating-designing/p/1TS-000A-04P30,//c1.neweggimages.com/ProductImageCompressAll300/AA0S_1_201905231282217582.jpg
