,item_number,general_category,product_category,page_number,brand,model_specifications,current_promotions,price,shipping,product_links,image_link
0,1TS-000E-06U85,Computer Systems,Laptops / Notebooks,15,Lenovo,"Lenovo ThinkPad T470s Windows 7 Pro Laptop - Intel Core i7-7600U, 12GB RAM, 128GB SSD, 14"" IPS WQHD (2560x1440) Matte Display, Fingerprint Reader, Smart Card Reader, Silver Color",,1539.99,0.0,https://www.newegg.com/p/1TS-000E-06U85?Item=9SIA8TK6CV2695,//c1.neweggimages.com/NeweggImage/ProductImageCompressAll300/A8TK_1_201709071888383141.jpg
1,1TS-000E-07Y11,Computer Systems,Laptops / Notebooks,15,Lenovo,"Lenovo ThinkPad T470s Windows 7 Pro LTE 4G Laptop - Intel Core i7-7600U, 20GB RAM, 256GB SSD, 14"" IPS WQHD (2560x1440) Matte Display, Fingerprint Reader, Smart Card Reader, Silver Color",,1814.99,0.0,https://www.newegg.com/p/1TS-000E-07Y11?Item=9SIA8TK6X36168,//c1.neweggimages.com/NeweggImage/ProductImageCompressAll300/A8TK_1_201709071888383141.jpg
2,1TS-000E-0FSK7,Computer Systems,Laptops / Notebooks,15,Lenovo,"Lenovo ThinkPad Touch T570 Windows 10 Pro - i7-7600U, 32GB RAM, 128GB SSD, 15.6"" IPS FHD (1920x1080) Matte Touchscreen, Fingerprint Reader, Black Color",,1979.99,0.0,https://www.newegg.com/p/1TS-000E-0FSK7?Item=9SIA8TKASX0706,//c1.neweggimages.com/ProductImageCompressAll300/A8TK_1_201801051728744162.jpg
3,1TS-000E-0A176,Computer Systems,Laptops / Notebooks,15,Lenovo,"2018 Lenovo ThinkPad T480s Windows 10 Pro Laptop - i7-8550U, 12GB RAM, 128GB SSD, 14"" IPS WQHD (2560x1440) Matte Display, Fingerprint Reader, Smart Card Reader, 4G LTE WWAN,  Black",,1814.99,0.0,https://www.newegg.com/p/1TS-000E-0A176?Item=9SIA8TK8A11758,//c1.neweggimages.com/NeweggImage/ProductImageCompressAll300/A8TK_1_20180727843708741.jpg
4,1TS-000E-0FSU9,Computer Systems,Laptops / Notebooks,15,Lenovo,"Lenovo ThinkPad T570 Windows 10 Pro - i7-6600U, 8GB RAM, 180GB SSD, 15.6"" IPS FHD (1920x1080) Matte Display, Fingerprint Reader, Black Color",,1649.99,0.0,https://www.newegg.com/p/1TS-000E-0FSU9?Item=9SIA8TKASX0829,//c1.neweggimages.com/ProductImageCompressAll300/A8TK_1_201801051728744162.jpg
5,1TS-000E-09Z59,Computer Systems,Laptops / Notebooks,15,Lenovo,"2018 Lenovo ThinkPad T480s Windows 10 Pro Laptop -  i7-8650U, 12GB RAM, 180GB SSD, 14"" IPS FHD (1920x1080) Touch Display w/ NVIDIA MX150 Graphics, Smart Card Reader, Black",,1759.99,0.0,https://www.newegg.com/p/1TS-000E-09Z59?Item=9SIA8TK8A11101,//c1.neweggimages.com/NeweggImage/ProductImageCompressAll300/A8TK_1_20180727843708741.jpg
6,1TS-000E-09XZ5,Computer Systems,Laptops / Notebooks,15,Lenovo,"2018 Lenovo ThinkPad T480s Windows 10 Pro Laptop -  i7-8650U, 24GB RAM, 256GB PCIe NVMe SSD, 14"" IPS FHD 1920x1080 Touch Display w/ NVIDIA MX150 Graphics, Smart Card Reader, 4G LTE WWAN, Black",,1979.99,0.0,https://www.newegg.com/p/1TS-000E-09XZ5?Item=9SIA8TK8A10717,//c1.neweggimages.com/NeweggImage/ProductImageCompressAll300/A8TK_1_20180727843708741.jpg
7,1TS-000E-09XK8,Computer Systems,Laptops / Notebooks,15,Lenovo,"2018 Lenovo ThinkPad T480s Windows 10 Pro Laptop - Intel Core i7-8550U, 12GB RAM, 180GB SSD, 14"" IPS FHD Touch (1920x1080)  Display, Fingerprint Reader, Smart Card Reader, Black",,1594.99,0.0,https://www.newegg.com/p/1TS-000E-09XK8?Item=9SIA8TK8A10600,//c1.neweggimages.com/NeweggImage/ProductImageCompressAll300/A8TK_1_20180727843708741.jpg
8,1TS-000E-09XT4,Computer Systems,Laptops / Notebooks,15,Lenovo,"2018 Lenovo ThinkPad T480s Windows 10 Pro Laptop - i7-8550U, 16GB RAM, 128GB SSD, 14"" IPS WQHD (2560x1440) Matte Display, Fingerprint Reader, Smart Card Reader,  Black",,1599.99,0.0,https://www.newegg.com/p/1TS-000E-09XT4?Item=9SIA8TK8A10656,//c1.neweggimages.com/NeweggImage/ProductImageCompressAll300/A8TK_1_20180727843708741.jpg
9,1TS-000E-0D3T4,Computer Systems,Laptops / Notebooks,15,Lenovo,"Lenovo Business 330S Laptop- Linux Mint Cinnamon, Intel i7-8550U, 12GB RAM, 256GB PCIe NVMe SSD , 14"" FHD IPS (1920x1080) Display, Fast Charging",,1374.99,0.0,https://www.newegg.com/gray-lenovo-330s/p/1TS-000E-0D3T4?Item=9SIA8TK8UH6080,//c1.neweggimages.com/ProductImageCompressAll300/A8TK_1_20190304562021573.jpg
10,1TS-000E-06V16,Computer Systems,Laptops / Notebooks,15,Lenovo,"2017 Lenovo ThinkPad X1 Carbon (5th Gen) - Windows 10 Pro - Modern Silver - Intel Core i7-7600U, 128GB SSD, 8GB RAM, 14"" FHD IPS (1920x1080) Display, Fingerprint Reader",,1352.99,0.0,https://www.newegg.com/p/1TS-000E-06V16?Item=9SIA8TK6D85560,//c1.neweggimages.com/NeweggImage/ProductImageCompressAll300/A8TK_1_20170915900681419.jpg
11,1TS-000E-07Y10,Computer Systems,Laptops / Notebooks,15,Lenovo,"Lenovo ThinkPad T470s Windows 7 Pro LTE 4G Laptop - Intel Core i7-7600U, 20GB RAM, 128GB SSD, 14"" IPS WQHD (2560x1440) Matte Display, Fingerprint Reader, Smart Card Reader, Silver Color",,1759.99,0.0,https://www.newegg.com/p/1TS-000E-07Y10?Item=9SIA8TK6X36167,//c1.neweggimages.com/NeweggImage/ProductImageCompressAll300/A8TK_1_201709071888383141.jpg
12,1TS-000E-0DB35,Computer Systems,Laptops / Notebooks,15,Lenovo,"Lenovo Yoga 730 2-in-1 15.6"" FHD IPS Touchscreen Customized Laptop Intel Core i7-8550U 8GB RAM 128GB SSD Backlit Keyboard Fingerprint Reader Upto 9 Hours Mixed Usage Windows 10 Iron Gray",,1012.84,0.0,https://www.newegg.com/p/1TS-000E-0DB35?Item=9SIAJZD91W1073,//c1.neweggimages.com/ProductImageCompressAll300/AJZD_1_201904071285560225.jpg
13,1TS-000E-06TX0,Computer Systems,Laptops / Notebooks,15,Lenovo,"Lenovo ThinkPad T470s Windows 10 Pro Laptop - Intel Core i7-7600U, 20GB RAM, 256GB SSD, 14"" IPS WQHD (2560x1440) Matte Display, Fingerprint Reader, Smart Card Reader, Silver Color",,1704.99,0.0,https://www.newegg.com/p/1TS-000E-06TX0?Item=9SIA8TK6CV2580,//c1.neweggimages.com/NeweggImage/ProductImageCompressAll300/A8TK_1_201709071888383141.jpg
14,1TS-000E-09YY9,Computer Systems,Laptops / Notebooks,15,Lenovo,"2018 Lenovo ThinkPad T480s Windows 10 Pro Laptop - Intel Core i7-8550U, 8GB RAM, 256GB SSD, 14"" IPS FHD Touch (1920x1080)  Display, Fingerprint Reader, Smart Card Reader, Black",,1539.99,0.0,https://www.newegg.com/p/1TS-000E-09YY9?Item=9SIA8TK8A11031,//c1.neweggimages.com/NeweggImage/ProductImageCompressAll300/A8TK_1_20180727843708741.jpg
15,1TS-000E-09XG8,Computer Systems,Laptops / Notebooks,15,Lenovo,"2018 Lenovo ThinkPad T480s Windows 10 Pro Laptop - Intel Core i7-8550U, 24GB RAM, 256GB SSD, 14"" IPS FHD Touch (1920x1080)  Display, Fingerprint Reader, Smart Card Reader, Black",,1704.99,0.0,https://www.newegg.com/p/1TS-000E-09XG8?Item=9SIA8TK8A10570,//c1.neweggimages.com/NeweggImage/ProductImageCompressAll300/A8TK_1_20180727843708741.jpg
16,1TS-000E-0D3M8,Computer Systems,Laptops / Notebooks,15,Lenovo,"Lenovo Business 330S Laptop- Windows 10 Pro, Intel i7-8550U, 12GB RAM, 256GB PCIe NVMe SSD + 1TB SSD, 14"" FHD IPS (1920x1080) Display, Fast Charging",,1704.99,0.0,https://www.newegg.com/gray-lenovo-330s/p/1TS-000E-0D3M8?Item=9SIA8TK8UH5973,//c1.neweggimages.com/ProductImageCompressAll300/A8TK_1_20190304562021573.jpg
17,1TS-000E-0D3A4,Computer Systems,Laptops / Notebooks,15,Lenovo,"Lenovo Business 330S Laptop - Windows 10 Home Premium - Intel i7-8550U, 8GB RAM, 250GB SSD, 14"" FHD IPS (1920x1080) Display, Fast Charging",,1319.99,0.0,https://www.newegg.com/gray-lenovo-330s/p/1TS-000E-0D3A4?Item=9SIA8TK8UH5740,//c1.neweggimages.com/ProductImageCompressAll300/A8TK_1_20190304562021573.jpg
18,1TS-000E-0A0F9,Computer Systems,Laptops / Notebooks,15,Lenovo,"2018 Lenovo ThinkPad T480s Windows 10 Pro Laptop - Intel Core i7-8550U, 12GB RAM, 128GB SSD, 14"" IPS FHD Touch 1920x1080 Display, Fingerprint Reader, Smart Card Reader, 4G LTE WWAN,  Black",,1704.99,0.0,https://www.newegg.com/p/1TS-000E-0A0F9?Item=9SIA8TK8A11521,//c1.neweggimages.com/NeweggImage/ProductImageCompressAll300/A8TK_1_20180727843708741.jpg
19,1TS-000E-09ZY5,Computer Systems,Laptops / Notebooks,15,Lenovo,"2018 Lenovo ThinkPad T480s Windows 10 Pro Laptop - i7-8550U, 12GB RAM, 180GB SSD, 14"" IPS WQHD (2560x1440) Matte Display, Fingerprint Reader, Smart Card Reader, 4G LTE WWAN,  Black",,1814.99,0.0,https://www.newegg.com/p/1TS-000E-09ZY5?Item=9SIA8TK8A11347,//c1.neweggimages.com/NeweggImage/ProductImageCompressAll300/A8TK_1_20180727843708741.jpg
20,1TS-000E-0D3A9,Computer Systems,Laptops / Notebooks,15,Lenovo,"Lenovo Business 330S Laptop- Windows 10 Home Premium, Intel i7-8550U, 8GB RAM, 256GB PCIe NVMe SSD , 14"" FHD IPS (1920x1080) Display, Fast Charging",,1319.99,0.0,https://www.newegg.com/gray-lenovo-330s/p/1TS-000E-0D3A9?Item=9SIA8TK8UH5746,//c1.neweggimages.com/ProductImageCompressAll300/A8TK_1_20190304562021573.jpg
21,1TS-000E-0DB36,Computer Systems,Laptops / Notebooks,15,Lenovo,"Lenovo Yoga 730 2-in-1 15.6"" FHD IPS Touchscreen Customized Laptop Intel Core i7-8550U 8GB RAM 256GB SSD Backlit Keyboard Fingerprint Reader Upto 9 Hours Mixed Usage Windows 10 Iron Gray",,1034.24,0.0,https://www.newegg.com/p/1TS-000E-0DB36?Item=9SIAJZD91W1091,//c1.neweggimages.com/ProductImageCompressAll300/AJZD_1_201904071285560225.jpg
22,1TS-000E-0D458,Computer Systems,Laptops / Notebooks,15,Lenovo,"Lenovo Business 330S Laptop- Linux Mint Cinnamon, Intel i7-8550U, 20GB RAM, 256GB PCIe NVMe SSD + 2TB HDD, 14"" FHD IPS (1920x1080) Display, Fast Charging",,1649.99,0.0,https://www.newegg.com/gray-lenovo-330s/p/1TS-000E-0D458?Item=9SIA8TK8UH6377,//c1.neweggimages.com/ProductImageCompressAll300/A8TK_1_20190304562021573.jpg
23,1TS-000E-0D433,Computer Systems,Laptops / Notebooks,15,Lenovo,"Lenovo Business 330S Laptop- Windows 10 Home Premium, Intel i7-8550U, 20GB RAM, 256GB PCIe NVMe SSD + 1TB SSD, 14"" FHD IPS (1920x1080) Display, Fast Charging",,1704.99,0.0,https://www.newegg.com/gray-lenovo-330s/p/1TS-000E-0D433?Item=9SIA8TK8UH6304,//c1.neweggimages.com/ProductImageCompressAll300/A8TK_1_20190304562021573.jpg
24,1TS-000X-00WX7,Computer Systems,Laptops / Notebooks,15,Acer America,"2019 Flagship Acer Predator Helios Gaming Laptop( Intel 6-Core i7-8750H,16GB DDR4 ,256G SSD)|15.6 FHD Widescreen IPS display 144Hz Refresh Rate|NVDIA GeForce GTX 1060 6GB|Backlit Keyboard |Windows 10",,1139.99,0.0,https://www.newegg.com/p/1TS-000X-00WX7?Item=9SIAEYJ8GH1317,//c1.neweggimages.com/NeweggImage/ProductImageCompressAll300/AEYJ_131877945021144565Wv80FobmAE.jpg
25,1TS-000E-0FSJ0,Computer Systems,Laptops / Notebooks,15,Lenovo,"Lenovo ThinkPad Touch T570 Windows 10 Pro - i7-7600U, 16GB RAM, 180GB SSD, 15.6"" IPS FHD (1920x1080) Matte Touchscreen, Fingerprint Reader, Black Color",,1814.99,0.0,https://www.newegg.com/p/1TS-000E-0FSJ0?Item=9SIA8TKASX0687,//c1.neweggimages.com/ProductImageCompressAll300/A8TK_1_201801051728744162.jpg
26,1TS-000E-077Y4,Computer Systems,Laptops / Notebooks,15,Lenovo,"2017 Lenovo ThinkPad X1 Carbon (5th Gen) - Windows 10 Pro - Intel Core i7-7500U, 256GB SSD, 8GB RAM, 14"" WQHD IPS (2560x1440) Display, Fingerprint Reader, (Classic Black)",,1374.99,0.0,https://www.newegg.com/p/1TS-000E-077Y4?Item=9SIA8TK6J48683,//c1.neweggimages.com/NeweggImage/ProductImageCompressAll300/A8TK_1_20170915238001060.jpg
27,1TS-000E-07YR8,Computer Systems,Laptops / Notebooks,15,Lenovo,"Lenovo ThinkPad T470s Windows 10 Pro LTE 4G Laptop - Intel Core i7-7600U, 12GB RAM, 180GB SSD, 14"" IPS WQHD (2560x1440) Matte Display, Fingerprint Reader, Smart Card Reader, Silver Color",,1649.99,0.0,https://www.newegg.com/p/1TS-000E-07YR8?Item=9SIA8TK6X36395,//c1.neweggimages.com/NeweggImage/ProductImageCompressAll300/A8TK_1_201709071888383141.jpg
28,1TS-000E-0CMG3,Computer Systems,Laptops / Notebooks,15,Lenovo,"Lenovo Business 330S Laptop- Windows 10 Pro, Intel i7-8550U, 12GB RAM, 256GB PCIe NVMe SSD + 2TB HDD, 15.6"" HD 1366x768 Display, Fast Charging",,1396.99,0.0,https://www.newegg.com/blue-lenovo-330s/p/1TS-000E-0CMG3?Item=9SIA8TK8MM1583,//c1.neweggimages.com/ProductImageCompressAll300/A8TK_1_20190111426895666.jpg
29,1TS-000E-07XW8,Computer Systems,Laptops / Notebooks,15,Lenovo,"Lenovo ThinkPad T470s Windows 7 Pro LTE 4G Laptop - Intel Core i7-7600U, 8GB RAM, 180GB SSD, 14"" IPS WQHD (2560x1440) Matte Display, Fingerprint Reader, Smart Card Reader, Silver Color",,1594.99,0.0,https://www.newegg.com/p/1TS-000E-07XW8?Item=9SIA8TK6X36125,//c1.neweggimages.com/NeweggImage/ProductImageCompressAll300/A8TK_1_201709071888383141.jpg
30,1TS-000E-09XK9,Computer Systems,Laptops / Notebooks,15,Lenovo,"2018 Lenovo ThinkPad T480s Windows 10 Pro Laptop -  i7-8650U, 16GB RAM, 256GB PCIe NVMe SSD, 14"" IPS FHD 1920x1080 Touch Display w/ NVIDIA MX150 Graphics, Smart Card Reader, 4G LTE WWAN, Black",,1924.99,0.0,https://www.newegg.com/p/1TS-000E-09XK9?Item=9SIA8TK8A10601,//c1.neweggimages.com/NeweggImage/ProductImageCompressAll300/A8TK_1_20180727843708741.jpg
31,1TS-000E-0CMR8,Computer Systems,Laptops / Notebooks,15,Lenovo,"Lenovo Business 330S Laptop - Windows 10 Home - Intel i7-8550U, 20GB RAM, 256GB SSD, 15.6"" HD 1366x768 Display, Fast Charging",,1319.99,0.0,https://www.newegg.com/blue-lenovo-330s/p/1TS-000E-0CMR8?Item=9SIA8TK8MM1735,//c1.neweggimages.com/ProductImageCompressAll300/A8TK_1_20190111426895666.jpg
32,1TS-001A-00DG0,Computer Systems,Laptops / Notebooks,15,ASUS,2018 ASUS ROG Strix Thin & Light Gaming Laptop | 15.6” Full HD | Intel Core i7-7700HQ |NVIDIA GTX 1060 6GB | 32GB DDR4 | 256SSD+1TSSHD |Mini DisplayPort |HDMI|RGB lighting keyboard|Windows 10,,1699.99,0.0,https://www.newegg.com/p/1TS-001A-00DG0?Item=9SIAEYJ89M8983,//c1.neweggimages.com/NeweggImage/ProductImageCompressAll300/AEYJ_1318492526886425154JQgfz6nsl.jpg
33,1TS-000E-07EC5,Computer Systems,Laptops / Notebooks,15,Lenovo,"2017 Lenovo ThinkPad X1 Carbon 4G LTE (5th Gen) - Windows 10 Pro - Intel Core i7-7600U, 180GB SSD, 8GB RAM, 14"" WQHD IPS (2560x1440) Display, Fingerprint Reader, (Classic Black)",,1759.99,0.0,https://www.newegg.com/p/1TS-000E-07EC5?Item=9SIA8TK6M30898,//c1.neweggimages.com/NeweggImage/ProductImageCompressAll300/A8TK_1_20170915238001060.jpg
34,1TS-000E-0D3R7,Computer Systems,Laptops / Notebooks,15,Lenovo,"Lenovo Business 330S Laptop- Windows 10 Home Premium, Intel i7-8550U, 12GB RAM, 256GB PCIe NVMe SSD + 1TB SSD, 14"" FHD IPS (1920x1080) Display, Fast Charging",,1594.99,0.0,https://www.newegg.com/gray-lenovo-330s/p/1TS-000E-0D3R7?Item=9SIA8TK8UH6057,//c1.neweggimages.com/ProductImageCompressAll300/A8TK_1_20190304562021573.jpg
35,1TS-000E-098X6,Computer Systems,Laptops / Notebooks,15,Lenovo,"2018 HDR Lenovo ThinkPad X1 Carbon (6th Gen) - Windows 10 Pro - Intel Quad Core i7-8550U, 256GB NVMe-PCIe SSD, 16GB RAM, 14"" HDR WQHD IPS (2560x1440) Non-Touch Display, Fingerprint Reader, Black",,1799.99,0.0,https://www.newegg.com/p/1TS-000E-098X6?Item=9SIA8TK7W88377,//c1.neweggimages.com/NeweggImage/ProductImageCompressAll300/A8TK_1_201806121971492725.jpg
