,item_number,general_category,product_category,page_number,brand,model_specifications,current_promotions,price,shipping,product_links,image_link
0,1TS-000E-0FSV2,Computer Systems,Laptops / Notebooks,13,Lenovo,"Lenovo ThinkPad T570 Windows 10 Pro - i7-6600U, 32GB RAM, 256GB SSD, 15.6"" IPS FHD (1920x1080) Matte Display, Fingerprint Reader, Black Color",,1869.99,0.0,https://www.newegg.com/p/1TS-000E-0FSV2?Item=9SIA8TKASX0832,//c1.neweggimages.com/ProductImageCompressAll300/A8TK_1_201801051728744162.jpg
1,1TS-000E-0A2V2,Computer Systems,Laptops / Notebooks,13,Lenovo,"2018 Lenovo ThinkPad T480s Windows 10 Pro Laptop -  i7-8650U, 16GB RAM, 180GB SSD, 14"" IPS FHD 1920x1080 Touch Display w/ NVIDIA MX150 Graphics, Smart Card Reader, 4G LTE WWAN,  Black",,1924.99,0.0,https://www.newegg.com/p/1TS-000E-0A2V2?Item=9SIA8TK8A12277,//c1.neweggimages.com/NeweggImage/ProductImageCompressAll300/A8TK_1_20180727843708741.jpg
2,1TS-000E-07EV5,Computer Systems,Laptops / Notebooks,13,Lenovo,"2017 Lenovo ThinkPad X1 Carbon 4G LTE (5th Gen) - Windows 10 Pro - Intel Core i7-7500U, 180GB SSD, 16GB RAM, 14"" WQHD IPS (2560x1440) Display, Fingerprint Reader, (Classic Black)",,1847.99,0.0,https://www.newegg.com/p/1TS-000E-07EV5?Item=9SIA8TK6M31048,//c1.neweggimages.com/NeweggImage/ProductImageCompressAll300/A8TK_1_20170915238001060.jpg
3,1TS-000E-0FSJ9,Computer Systems,Laptops / Notebooks,13,Lenovo,"Lenovo ThinkPad Touch T570 Windows 10 Pro - i7-7600U, 16GB RAM, 256GB SSD, 15.6"" IPS FHD (1920x1080) Matte Touchscreen, Fingerprint Reader, Black Color",,1814.99,0.0,https://www.newegg.com/p/1TS-000E-0FSJ9?Item=9SIA8TKASX0696,//c1.neweggimages.com/ProductImageCompressAll300/A8TK_1_201801051728744162.jpg
4,1TS-000E-0A2U6,Computer Systems,Laptops / Notebooks,13,Lenovo,"2018 Lenovo ThinkPad T480s Windows 10 Pro Laptop - i7-8550U, 8GB RAM, 256GB PCIe NVMe SSD, 14"" IPS WQHD (2560x1440) Matte Display, Fingerprint Reader, Smart Card Reader, 4G LTE WWAN, Black",,1759.99,0.0,https://www.newegg.com/p/1TS-000E-0A2U6?Item=9SIA8TK8A12271,//c1.neweggimages.com/NeweggImage/ProductImageCompressAll300/A8TK_1_20180727843708741.jpg
5,1TS-000E-0D3P0,Computer Systems,Laptops / Notebooks,13,Lenovo,"Lenovo Business 330S Laptop - Windows 10 Home Premium - Intel i7-8550U, 12GB RAM, 250GB SSD, 14"" FHD IPS (1920x1080) Display, Fast Charging",,1374.99,0.0,https://www.newegg.com/gray-lenovo-330s/p/1TS-000E-0D3P0?Item=9SIA8TK8UH6000,//c1.neweggimages.com/ProductImageCompressAll300/A8TK_1_20190304562021573.jpg
6,1TS-000D-022N1,Computer Systems,Laptops / Notebooks,13,HP,"HP 15-as120nr 15.6"" Touchscreen Envy Notebook - Intel Core i7-7500U 2 Core 2.70 GHz, 12 GB DDR4 SDRAM, 256 GB SSD, Windows 10 - Silver",,1028.25,0.0,https://www.newegg.com/p/1TS-000D-022N1?Item=9SIA1K66PX5155,//c1.neweggimages.com/NeweggImage/ProductImageCompressAll300/V009_1_201709271054513283.jpg
7,1TS-000E-0A055,Computer Systems,Laptops / Notebooks,13,Lenovo,"2018 Lenovo ThinkPad T480s Windows 10 Pro Laptop -  i7-8650U, 8GB RAM, 180GB SSD, 14"" IPS FHD 1920x1080 Touch Display w/ NVIDIA MX150 Graphics, Smart Card Reader, 4G LTE WWAN,  Black",,1814.99,0.0,https://www.newegg.com/p/1TS-000E-0A055?Item=9SIA8TK8A11417,//c1.neweggimages.com/NeweggImage/ProductImageCompressAll300/A8TK_1_20180727843708741.jpg
8,1TS-000E-0FSN3,Computer Systems,Laptops / Notebooks,13,Lenovo,"Lenovo ThinkPad Touch T570 Windows 10 Pro - i7-7600U, 32GB RAM, 256GB SSD, 15.6"" IPS FHD (1920x1080) Matte Touchscreen, Fingerprint Reader, Black Color",,1979.99,0.0,https://www.newegg.com/p/1TS-000E-0FSN3?Item=9SIA8TKASX0722,//c1.neweggimages.com/ProductImageCompressAll300/A8TK_1_201801051728744162.jpg
9,1TS-000E-0D3C1,Computer Systems,Laptops / Notebooks,13,Lenovo,"Lenovo Business 330S Laptop- Windows 10 Home Premium, Intel i7-8550U, 8GB RAM, 256GB PCIe NVMe SSD + 1TB SSD, 14"" FHD IPS (1920x1080) Display, Fast Charging",,1539.99,0.0,https://www.newegg.com/gray-lenovo-330s/p/1TS-000E-0D3C1?Item=9SIA8TK8UH5764,//c1.neweggimages.com/ProductImageCompressAll300/A8TK_1_20190304562021573.jpg
10,1TS-000E-07XE3,Computer Systems,Laptops / Notebooks,13,Lenovo,"Lenovo ThinkPad T470s Windows 10 Pro LTE 4G Laptop - Intel Core i7-7500U, 8GB RAM, 256GB PCIe NVMe SSD, 14"" IPS WQHD (2560x1440) Matte Display, Fingerprint Reader, Smart Card Reader, Black Color",,1704.99,0.0,https://www.newegg.com/p/1TS-000E-07XE3?Item=9SIA8TK6X35980,//c1.neweggimages.com/NeweggImage/ProductImageCompressAll300/A8TK_1_201709071196388703.jpg
11,1TS-000E-0D404,Computer Systems,Laptops / Notebooks,13,Lenovo,"Lenovo Business 330S Laptop- Windows 10 Pro, Intel i7-8550U, 20GB RAM, 256GB PCIe NVMe SSD + 1TB SSD, 14"" FHD IPS (1920x1080) Display, Fast Charging",,1814.99,0.0,https://www.newegg.com/gray-lenovo-330s/p/1TS-000E-0D404?Item=9SIA8TK8UH6242,//c1.neweggimages.com/ProductImageCompressAll300/A8TK_1_20190304562021573.jpg
12,1TS-000E-09ZF2,Computer Systems,Laptops / Notebooks,13,Lenovo,"2018 Lenovo ThinkPad T480s Windows 10 Pro Laptop - i7-8550U, 24GB RAM, 256GB SSD, 14"" IPS WQHD (2560x1440) Matte Display, Fingerprint Reader, Smart Card Reader, 4G LTE WWAN,  Black",,1924.99,0.0,https://www.newegg.com/p/1TS-000E-09ZF2?Item=9SIA8TK8A11194,//c1.neweggimages.com/NeweggImage/ProductImageCompressAll300/A8TK_1_20180727843708741.jpg
13,1TS-000E-0CMK7,Computer Systems,Laptops / Notebooks,13,Lenovo,"Lenovo Business 330S Laptop- Linux Mint 19 (Cinnamon), Intel i7-8550U, 12GB RAM, 256GB PCIe NVMe SSD , 15.6"" HD 1366x768 Display, Fast Charging",,1231.99,0.0,https://www.newegg.com/blue-lenovo-330s/p/1TS-000E-0CMK7?Item=9SIA8TK8MM1654,//c1.neweggimages.com/ProductImageCompressAll300/A8TK_1_20190111426895666.jpg
14,1TS-000E-0D454,Computer Systems,Laptops / Notebooks,13,Lenovo,"Lenovo Business 330S Laptop- Linux Mint Cinnamon, Intel i7-8550U, 20GB RAM, 256GB PCIe NVMe SSD + 1TB HDD, 14"" FHD IPS (1920x1080) Display, Fast Charging",,1594.99,0.0,https://www.newegg.com/gray-lenovo-330s/p/1TS-000E-0D454?Item=9SIA8TK8UH6350,//c1.neweggimages.com/ProductImageCompressAll300/A8TK_1_20190304562021573.jpg
15,1TS-000E-07T24,Computer Systems,Laptops / Notebooks,13,Lenovo,"Lenovo ThinkPad T470s Windows 10 Pro Laptop - Intel Core i7-7500U, 12GB RAM, 256GB PCIe NVMe SSD, 14"" IPS WQHD (2560x1440) Matte Display, Fingerprint Reader, Smart Card Reader, Black Color",,1649.99,0.0,https://www.newegg.com/p/1TS-000E-07T24?Item=9SIA8TK6UR0852,//c1.neweggimages.com/NeweggImage/ProductImageCompressAll300/A8TK_1_201709071196388703.jpg
16,1TS-000E-098W2,Computer Systems,Laptops / Notebooks,13,Lenovo,"2018 HDR Lenovo ThinkPad X1 Carbon (6th Gen) - Windows 10 Pro - Intel Quad Core i7-8650U, 256GB NVMe-PCIe SSD, 16GB RAM, 14"" HDR WQHD IPS (2560x1440) Non-Touch Display, Fingerprint Reader, Black",,1999.97,0.0,https://www.newegg.com/p/1TS-000E-098W2?Item=9SIA8TK7W88363,//c1.neweggimages.com/NeweggImage/ProductImageCompressAll300/A8TK_1_201806121971492725.jpg
17,1TS-000E-09Y20,Computer Systems,Laptops / Notebooks,13,Lenovo,"2018 Lenovo ThinkPad T480s Windows 10 Pro Laptop -  i7-8650U, 16GB RAM, 256GB SSD, 14"" IPS FHD 1920x1080 Touch Display w/ NVIDIA MX150 Graphics, Smart Card Reader, 4G LTE WWAN,  Black",,1924.99,0.0,https://www.newegg.com/p/1TS-000E-09Y20?Item=9SIA8TK8A10742,//c1.neweggimages.com/NeweggImage/ProductImageCompressAll300/A8TK_1_20180727843708741.jpg
18,1TS-000E-09Y02,Computer Systems,Laptops / Notebooks,13,Lenovo,"2018 Lenovo ThinkPad T480s Windows 10 Pro Laptop - Intel Core i7-8550U, 16GB RAM, 128GB SSD, 14"" IPS FHD Touch (1920x1080)  Display, Fingerprint Reader, Smart Card Reader, Black",,1499.99,0.0,https://www.newegg.com/p/1TS-000E-09Y02?Item=9SIA8TK8A10724,//c1.neweggimages.com/NeweggImage/ProductImageCompressAll300/A8TK_1_20180727843708741.jpg
19,1TS-000E-09B40,Computer Systems,Laptops / Notebooks,13,Lenovo,"2018 Lenovo ThinkPad T480s Windows 10 Pro Laptop - Intel Core i7-8650U, 16GB RAM, 256GB SSD, 14"" IPS FHD (1920x1080) Matte Display, Fingerprint Reader,  Black Color",,1759.99,0.0,https://www.newegg.com/p/1TS-000E-09B40?Item=9SIA8TK7ZM6685,//c1.neweggimages.com/NeweggImage/ProductImageCompressAll300/V0E4_1_20190130807883272.jpg
20,1TS-000E-07FE7,Computer Systems,Laptops / Notebooks,13,Lenovo,"2017 Lenovo ThinkPad X1 Carbon 4G LTE (5th Gen) - Windows 7 Pro - Intel Core i7-7600U, 128GB SSD, 16GB RAM, 14"" WQHD IPS (2560x1440) Display, Fingerprint Reader, (Classic Black)",,1924.99,0.0,https://www.newegg.com/p/1TS-000E-07FE7?Item=9SIA8TK6M31452,//c1.neweggimages.com/NeweggImage/ProductImageCompressAll300/A8TK_1_20170915238001060.jpg
21,1TS-000E-0A1C5,Computer Systems,Laptops / Notebooks,13,Lenovo,"2018 Lenovo ThinkPad T480s Windows 10 Pro Laptop - i7-8550U, 8GB RAM, 180GB SSD, 14"" IPS WQHD (2560x1440) Matte Display, Fingerprint Reader, Smart Card Reader, 4G LTE WWAN,  Black",,1759.99,0.0,https://www.newegg.com/p/1TS-000E-0A1C5?Item=9SIA8TK8A11807,//c1.neweggimages.com/NeweggImage/ProductImageCompressAll300/A8TK_1_20180727843708741.jpg
22,1TS-000E-0D3U2,Computer Systems,Laptops / Notebooks,13,Lenovo,"Lenovo Business 330S Laptop- Linux Mint Cinnamon, Intel i7-8550U, 12GB RAM, 256GB PCIe NVMe SSD + 2TB HDD, 14"" FHD IPS (1920x1080) Display, Fast Charging",,1539.99,0.0,https://www.newegg.com/gray-lenovo-330s/p/1TS-000E-0D3U2?Item=9SIA8TK8UH6098,//c1.neweggimages.com/ProductImageCompressAll300/A8TK_1_20190304562021573.jpg
23,1TS-000E-0FSM1,Computer Systems,Laptops / Notebooks,13,Lenovo,"Lenovo ThinkPad Touch T570 Windows 7 Pro - i7-7600U, 32GB RAM, 128GB SSD, 15.6"" IPS FHD (1920x1080) Matte Touchscreen, Fingerprint Reader, Black Color",,1979.99,0.0,https://www.newegg.com/p/1TS-000E-0FSM1?Item=9SIA8TKASX0710,//c1.neweggimages.com/ProductImageCompressAll300/A8TK_1_201801051728744162.jpg
24,1TS-000E-0A0F3,Computer Systems,Laptops / Notebooks,13,Lenovo,"2018 Lenovo ThinkPad T480s Windows 10 Pro Laptop - Intel Core i7-8550U, 24GB RAM, 180GB SSD, 14"" IPS FHD Touch 1920x1080 Display, Fingerprint Reader, Smart Card Reader, 4G LTE WWAN,  Black",,1814.99,0.0,https://www.newegg.com/p/1TS-000E-0A0F3?Item=9SIA8TK8A11515,//c1.neweggimages.com/NeweggImage/ProductImageCompressAll300/A8TK_1_20180727843708741.jpg
25,1TS-000E-0CM90,Computer Systems,Laptops / Notebooks,13,Lenovo,"Lenovo Business 330S Laptop- Windows 10 Pro, Intel i7-8550U, 8GB RAM, 256GB PCIe NVMe SSD + 1TB HDD, 15.6"" HD 1366x768 Display, Fast Charging",,1231.99,0.0,https://www.newegg.com/blue-lenovo-330s/p/1TS-000E-0CM90?Item=9SIA8TK8MM1385,//c1.neweggimages.com/ProductImageCompressAll300/A8TK_1_20190111426895666.jpg
26,1TS-000E-0DB35,Computer Systems,Laptops / Notebooks,13,Lenovo,"Lenovo Yoga 730 2-in-1 15.6"" FHD IPS Touchscreen Customized Laptop Intel Core i7-8550U 8GB RAM 128GB SSD Backlit Keyboard Fingerprint Reader Upto 9 Hours Mixed Usage Windows 10 Iron Gray",,1012.84,0.0,https://www.newegg.com/p/1TS-000E-0DB35?Item=9SIAJZD91W1073,//c1.neweggimages.com/ProductImageCompressAll300/AJZD_1_201904071285560225.jpg
27,1TS-000E-06TX0,Computer Systems,Laptops / Notebooks,13,Lenovo,"Lenovo ThinkPad T470s Windows 10 Pro Laptop - Intel Core i7-7600U, 20GB RAM, 256GB SSD, 14"" IPS WQHD (2560x1440) Matte Display, Fingerprint Reader, Smart Card Reader, Silver Color",,1704.99,0.0,https://www.newegg.com/p/1TS-000E-06TX0?Item=9SIA8TK6CV2580,//c1.neweggimages.com/NeweggImage/ProductImageCompressAll300/A8TK_1_201709071888383141.jpg
28,1TS-000E-09YY9,Computer Systems,Laptops / Notebooks,13,Lenovo,"2018 Lenovo ThinkPad T480s Windows 10 Pro Laptop - Intel Core i7-8550U, 8GB RAM, 256GB SSD, 14"" IPS FHD Touch (1920x1080)  Display, Fingerprint Reader, Smart Card Reader, Black",,1539.99,0.0,https://www.newegg.com/p/1TS-000E-09YY9?Item=9SIA8TK8A11031,//c1.neweggimages.com/NeweggImage/ProductImageCompressAll300/A8TK_1_20180727843708741.jpg
29,1TS-000E-09XG8,Computer Systems,Laptops / Notebooks,13,Lenovo,"2018 Lenovo ThinkPad T480s Windows 10 Pro Laptop - Intel Core i7-8550U, 24GB RAM, 256GB SSD, 14"" IPS FHD Touch (1920x1080)  Display, Fingerprint Reader, Smart Card Reader, Black",,1704.99,0.0,https://www.newegg.com/p/1TS-000E-09XG8?Item=9SIA8TK8A10570,//c1.neweggimages.com/NeweggImage/ProductImageCompressAll300/A8TK_1_20180727843708741.jpg
30,1TS-000E-0D3M8,Computer Systems,Laptops / Notebooks,13,Lenovo,"Lenovo Business 330S Laptop- Windows 10 Pro, Intel i7-8550U, 12GB RAM, 256GB PCIe NVMe SSD + 1TB SSD, 14"" FHD IPS (1920x1080) Display, Fast Charging",,1704.99,0.0,https://www.newegg.com/gray-lenovo-330s/p/1TS-000E-0D3M8?Item=9SIA8TK8UH5973,//c1.neweggimages.com/ProductImageCompressAll300/A8TK_1_20190304562021573.jpg
31,1TS-000E-0D3A4,Computer Systems,Laptops / Notebooks,13,Lenovo,"Lenovo Business 330S Laptop - Windows 10 Home Premium - Intel i7-8550U, 8GB RAM, 250GB SSD, 14"" FHD IPS (1920x1080) Display, Fast Charging",,1319.99,0.0,https://www.newegg.com/gray-lenovo-330s/p/1TS-000E-0D3A4?Item=9SIA8TK8UH5740,//c1.neweggimages.com/ProductImageCompressAll300/A8TK_1_20190304562021573.jpg
32,1TS-000E-0A0F9,Computer Systems,Laptops / Notebooks,13,Lenovo,"2018 Lenovo ThinkPad T480s Windows 10 Pro Laptop - Intel Core i7-8550U, 12GB RAM, 128GB SSD, 14"" IPS FHD Touch 1920x1080 Display, Fingerprint Reader, Smart Card Reader, 4G LTE WWAN,  Black",,1704.99,0.0,https://www.newegg.com/p/1TS-000E-0A0F9?Item=9SIA8TK8A11521,//c1.neweggimages.com/NeweggImage/ProductImageCompressAll300/A8TK_1_20180727843708741.jpg
33,1TS-000E-09ZY5,Computer Systems,Laptops / Notebooks,13,Lenovo,"2018 Lenovo ThinkPad T480s Windows 10 Pro Laptop - i7-8550U, 12GB RAM, 180GB SSD, 14"" IPS WQHD (2560x1440) Matte Display, Fingerprint Reader, Smart Card Reader, 4G LTE WWAN,  Black",,1814.99,0.0,https://www.newegg.com/p/1TS-000E-09ZY5?Item=9SIA8TK8A11347,//c1.neweggimages.com/NeweggImage/ProductImageCompressAll300/A8TK_1_20180727843708741.jpg
34,1TS-000E-0D3A9,Computer Systems,Laptops / Notebooks,13,Lenovo,"Lenovo Business 330S Laptop- Windows 10 Home Premium, Intel i7-8550U, 8GB RAM, 256GB PCIe NVMe SSD , 14"" FHD IPS (1920x1080) Display, Fast Charging",,1319.99,0.0,https://www.newegg.com/gray-lenovo-330s/p/1TS-000E-0D3A9?Item=9SIA8TK8UH5746,//c1.neweggimages.com/ProductImageCompressAll300/A8TK_1_20190304562021573.jpg
35,1TS-000E-0DB36,Computer Systems,Laptops / Notebooks,13,Lenovo,"Lenovo Yoga 730 2-in-1 15.6"" FHD IPS Touchscreen Customized Laptop Intel Core i7-8550U 8GB RAM 256GB SSD Backlit Keyboard Fingerprint Reader Upto 9 Hours Mixed Usage Windows 10 Iron Gray",,1034.24,0.0,https://www.newegg.com/p/1TS-000E-0DB36?Item=9SIAJZD91W1091,//c1.neweggimages.com/ProductImageCompressAll300/AJZD_1_201904071285560225.jpg
