,item_number,general_category,product_category,page_number,brand,model_specifications,current_promotions,price,shipping,product_links,image_link
0,,Computer Systems,Laptops / Notebooks,4,Lenovo,"Lenovo Legion Y7000P Notebook, 15.6"" FHD Display, Intel Core i7-8750H Upto 4.1GHz, 16GB RAM, 256GB NVMe SSD, NVIDIA GeForce GTX 1060, HDMI, Mini DisplayPort, Wi-Fi, Bluetooth, Windows 10 Pro",Free Expedited Shipping,1787.49,0.0,https://www.newegg.com/steel-gray-lenovo-legion-y7000p/p/1TS-000E-0FD58?Item=9SIAA0SAKB3864,//c1.neweggimages.com/ProductImageCompressAll300/AA0S_1_201911181028248551.jpg
1,1TS-001A-01326,Computer Systems,Laptops / Notebooks,4,ASUS,"ASUS VivoBook X512FA Notebook, 15.6"" FHD Display, Intel Core i7-8565U Upto 4.6GHz, 20GB RAM, 256GB NVMe SSD, HDMI, Card Reader, Wi-Fi, Bluetooth, Windows 10 Home",Free Expedited Shipping,1129.99,0.0,https://www.newegg.com/silver-asus-vivobook-x512fa/p/1TS-001A-01326?Item=9SIAEYAAKD7289,//c1.neweggimages.com/ProductImageCompressAll300/AEYA_1_201911191647012800.jpg
2,1TS-000D-06SB9,Computer Systems,Laptops / Notebooks,4,HP,"HP 15 Notebook, 15.6"" HD Touch Display, Intel Core i7-8565U Upto 4.6GHz, 32GB RAM, 256GB NVMe SSD, HDMI, Card Reader, Wi-Fi, Bluetooth, Windows 10 Home",Free Expedited Shipping,1049.99,0.0,https://www.newegg.com/silver-hp-15/p/1TS-000D-06SB9?Item=9SIAEYAAFV4567,//c1.neweggimages.com/ProductImageCompressAll300/V1VV_1_201910281463724905.jpg
3,1TS-000A-06H29,Computer Systems,Laptops / Notebooks,4,DELL,"Dell G7 Notebook, 15.6"" FHD Display, Intel Core i7-8750H Upto 4.1GHz, 16GB RAM, 256GB SSD + 1TB HDD, NVIDIA GeForce GTX 1060, HDMI, Thunderbolt, Card Reader, Wi-Fi, Bluetooth, Windows 10 Pro",Free Expedited Shipping,1139.99,0.0,https://www.newegg.com/black-dell-g7/p/1TS-000A-06H29?Item=9SIAA0SAD54138,//c1.neweggimages.com/ProductImageCompressAll300/AA0S_1_20191011111732183.jpg
4,1TS-000A-06H21,Computer Systems,Laptops / Notebooks,4,DELL,"Dell G7 Notebook, 15.6"" FHD Display, Intel Core i7-8750H Upto 4.1GHz, 8GB RAM, 256GB SSD + 1TB HDD, NVIDIA GeForce GTX 1060, HDMI, Thunderbolt, Card Reader, Wi-Fi, Bluetooth, Windows 10 Pro",Free Expedited Shipping,1099.99,0.0,https://www.newegg.com/black-dell-g7/p/1TS-000A-06H21?Item=9SIAA0SAD54112,//c1.neweggimages.com/ProductImageCompressAll300/AA0S_1_20191011660027751.jpg
5,1TS-000E-0DF28,Computer Systems,Laptops / Notebooks,4,Lenovo,"Lenovo Legion Y530 Gaming Laptop, 15.6"" FHD Display, Intel 6-Core i7-8750H Upto 4.1GHz, 32GB RAM, 256GB NVMe SSD + 1TB HDD, GTX 1050Ti 4GB, HDMI, MiniDP, Backlit Keys, Wi-Fi, Bluetooth, Windows 10 Pro",Free Expedited Shipping,1649.99,0.0,https://www.newegg.com/black-lenovo-legion-y530/p/1TS-000E-0DF28?Item=9SIAA0S97C2662,//c1.neweggimages.com/ProductImageCompressAll300/A35U_1_20190507445558850.jpg
6,1TS-000X-01ER7,Computer Systems,Laptops / Notebooks,4,Acer America,Acer Predator Helios 300 Customized Gaming Laptop | Intel Hexa Core i7-8750H | 32GB RAM 256GB SSD | Full HD IPS Display | NVIDIA GTX 1060 6GB GDDR5 | AeroBlade 3D Fan Cooling | Windows 10 Black,,1411.84,0.0,https://www.newegg.com/p/1TS-000X-01ER7?Item=9SIAJZDAG27243,//c1.neweggimages.com/ProductImageCompressAll300/AHBU_1_20190719523360128.jpg
7,1TS-000D-067U3,Computer Systems,Laptops / Notebooks,4,HP,"HP ENVY x360 Home and Business Laptop (Intel i7-8565U 4-Core, 16GB RAM, 16GB Intel Optane + 256GB  SATA SSD, 15.6"" Touch  4K UHD (3840x2160), NVIDIA GeForce MX150, Fingerprint, Wifi, Win 10 Pro)",Free Expedited Shipping,1846.80,0.0,https://www.newegg.com/p/1TS-000D-067U3?Item=9SIA7ABA2S2496,//c1.neweggimages.com/ProductImageCompressAll300/V0F3_1_2019091327061973.jpg
8,1TS-000D-04SP8,Computer Systems,Laptops / Notebooks,4,HP,"HP OMEN 15t Gaming and Entertainment Laptop (Intel i7-9750H 6-Core, 16GB RAM, 256GB  SATA SSD + 1TB  HDD , 15.6"" Full HD (1920x1080), NVIDIA GTX 1660 Ti, Wifi, Bluetooth, Webcam, Win 10 Home)",,1918.80,0.0,https://www.newegg.com/p/1TS-000D-04SP8?Item=9SIA7AB9EM5739,//c1.neweggimages.com/ProductImageCompressAll300/V0F3_1_201906211419103389.jpg
9,1TS-000D-067S4,Computer Systems,Laptops / Notebooks,4,HP,"HP ENVY x360 Home and Business Laptop (Intel i7-8565U 4-Core, 16GB RAM, 256GB  SATA SSD, 15.6"" Touch  4K UHD (3840x2160), NVIDIA GeForce MX150, Fingerprint, Wifi, Bluetooth, Webcam, Win 10 Pro)",,1798.80,0.0,https://www.newegg.com/p/1TS-000D-067S4?Item=9SIA7ABA2S2477,//c1.neweggimages.com/ProductImageCompressAll300/V0F3_1_2019091327061973.jpg
10,1TS-000X-01EW4,Computer Systems,Laptops / Notebooks,4,Acer America,Acer Predator Helios 300 Customized Gaming Laptop | Intel Hexa Core i7-8750H | 16GB RAM 128GB SSD 1TB HDD | Full HD IPS Display | NVIDIA GTX 1060 6GB GDDR5 | AeroBlade 3D Fan | Windows 10 Black,,1307.03,0.0,https://www.newegg.com/p/1TS-000X-01EW4?Item=9SIAJZDAG27465,//c1.neweggimages.com/ProductImageCompressAll300/AHBU_1_20190719523360128.jpg
11,1TS-000X-01EW2,Computer Systems,Laptops / Notebooks,4,Acer America,Acer Predator Helios 300 Customized Gaming Laptop | Intel Hexa Core i7-8750H | 12GB RAM 128GB SSD 1TB HDD | Full HD IPS Display | NVIDIA GTX 1060 6GB GDDR5 | AeroBlade 3D Fan | Windows 10 Black,,1282.37,0.0,https://www.newegg.com/p/1TS-000X-01EW2?Item=9SIAJZDAG27463,//c1.neweggimages.com/ProductImageCompressAll300/AHBU_1_20190719523360128.jpg
12,1TS-000X-01F20,Computer Systems,Laptops / Notebooks,4,Acer America,Acer Predator Helios 300 Customized Gaming Laptop | Intel Hexa Core i7-8750H | 8GB RAM 256GB SSD 500GB HDD | Full HD IPS Display | NVIDIA GTX 1060 6GB GDDR5 | AeroBlade 3D Fan | Windows 10 Black,,1257.71,0.0,https://www.newegg.com/p/1TS-000X-01F20?Item=9SIAJZDAG27571,//c1.neweggimages.com/ProductImageCompressAll300/AHBU_1_20190719523360128.jpg
13,1TS-000E-0C2W0,Computer Systems,Laptops / Notebooks,4,Lenovo,"Lenovo 14"" LCD Touchscreen ThinkPad X1 Carbon 6th Gen Ultrabook 1920 x 1080 Intel Core i7 8th Gen 8550U Quad core1.80GHz 8GB LPDDR3 256GB SSD Windows 10 Pro 64-bit",,1233.99,0.0,https://www.newegg.com/p/1TS-000E-0C2W0?Item=9SIAFJ8A162570,//c1.neweggimages.com/ProductImageCompressAll300/A1K6_131885079121136075phJhBYo9qT.jpg
14,1TS-000A-05NP0,Computer Systems,Laptops / Notebooks,4,DELL,"Dell Vostro 15 (5581) Business Laptop (Intel i7-8565U 4-Core, 32GB RAM, 256GB m.2 SATA SSD + 1TB  HDD, 15.6"" Full HD (1920x1080), NVIDIA GeForce MX130, Wifi, Bluetooth, Webcam, 2xUSB 3.1, Win 10 Pro)",,1702.80,0.0,https://www.newegg.com/p/1TS-000A-05NP0?Item=9SIA7AB9J13273,//c1.neweggimages.com/ProductImageCompressAll300/V0F3_1_20190714982549942.jpg
15,1TS-000D-05T95,Computer Systems,Laptops / Notebooks,4,HP,"HP 15-dw0035cl Home Office Laptop Silver (Intel i7-8565U 4-Core, 32GB RAM, 256GB PCIe SSD, 15.6"" Touch  HD (1366x768), Intel UHD 620, Wifi, Bluetooth, Webcam, 2xUSB 3.1, 1xHDMI, SD Card, Win 10 Home)",,1258.80,0.0,https://www.newegg.com/p/1TS-000D-05T95?Item=9SIA7AB9Z79464,//c1.neweggimages.com/ProductImageCompressAll300/V0F3_1_201909021189467840.jpg
16,1TS-001A-00Z07,Computer Systems,Laptops / Notebooks,4,ASUS,"2019 ASUS ROG G531GT 15.6"" Customized Gaming Laptop | Hexa Core Intel i7-9750H Mobile Processor | 32GB RAM 256GB SSD |GeForce GTX 1650 4GB GDDR5 | RGB Backlit Keyboard | Windows 10 Black",,1129.00,0.0,https://www.newegg.com/p/1TS-001A-00Z07?Item=9SIA7ABB5P1761,//c1.neweggimages.com/NeweggImage/ProductImageCompressAll300/AJZD_1_201910211890777557.jpg
17,1TS-000D-07J20,Computer Systems,Laptops / Notebooks,4,HP,"HP Pavilion 15.6"" Touchscreen Laptop - 10th Gen Intel Core i7-1065G7 - 4GB GeForce MX250 - 1080p - Windows 10 Professional Notebook Touch Screen 16GB Memory 1TB + 256GB SSD 15-cs3075cl",,1099.95,0.0,https://www.newegg.com/silver-hp-pavilion-15-cs3075cl/p/1TS-000D-07J20?Item=9SIAADFB907988,//c1.neweggimages.com/NeweggImage/ProductImageCompressAll300/A8X5S1912131KBdt.jpg
18,1TS-000D-05EB1,Computer Systems,Laptops / Notebooks,4,HP,"2019 HP Pavilion 15.6"" FHD IPS Touchscreen Business Laptop, Intel Quad Core i7-8550U upto 4.0GHz, 20GB RAM, 256GB SSD Boot + 2TB HDD, Backlit Keyboard, WiFi, HDMI, USB-C, Windows 10, Gold",,1093.99,0.0,https://www.newegg.com/gold-hp-pavilion-mainstream/p/1TS-000D-05EB1?Item=9SIAKYF9VU4571,//c1.neweggimages.com/ProductImageCompressAll300/AK1E_1_201907281825676211.jpg
19,1TS-000E-0D450,Computer Systems,Laptops / Notebooks,4,Lenovo,"Lenovo Business 330S Laptop- Linux Mint Cinnamon, Intel i7-8550U, 20GB RAM, 256GB PCIe NVMe SSD , 14"" FHD IPS (1920x1080) Display, Fast Charging",,1484.99,0.0,https://www.newegg.com/gray-lenovo-330s/p/1TS-000E-0D450?Item=9SIA8TK8UH6341,//c1.neweggimages.com/ProductImageCompressAll300/A8TK_1_20190304562021573.jpg
20,1TS-000E-06V63,Computer Systems,Laptops / Notebooks,4,Lenovo,"2017 Lenovo ThinkPad X1 Carbon (5th Gen) - Windows 10 Pro - Modern Silver - Intel Core i7-7600U, 180GB SSD, 8GB RAM, 14"" FHD IPS (1920x1080) Display, Fingerprint Reader",,1352.99,0.0,https://www.newegg.com/p/1TS-000E-06V63?Item=9SIA8TK6D85879,//c1.neweggimages.com/NeweggImage/ProductImageCompressAll300/A8TK_1_20170915900681419.jpg
21,1TS-000D-05E70,Computer Systems,Laptops / Notebooks,4,HP,"2019 HP Pavilion 15.6"" FHD IPS Touchscreen Business Laptop, Intel Quad Core i7-8550U upto 4.0GHz, 16GB RAM, 128GB SSD Boot + 1TB HDD, Backlit Keyboard, WiFi, HDMI, USB-C, Windows 10, Gold",,1003.99,0.0,https://www.newegg.com/gold-hp-pavilion-mainstream/p/1TS-000D-05E70?Item=9SIAKYF9VU4494,//c1.neweggimages.com/ProductImageCompressAll300/AK1E_1_201907281825676211.jpg
22,1TS-000D-05E51,Computer Systems,Laptops / Notebooks,4,HP,"2019 HP Pavilion 15.6"" FHD IPS Touchscreen Business Laptop, Intel Quad Core i7-8550U upto 4.0GHz, 12GB RAM, 256GB SSD Boot + 1TB HDD, Backlit Keyboard, WiFi, HDMI, USB-C, Windows 10, Gold",,1002.99,0.0,https://www.newegg.com/gold-hp-pavilion-mainstream/p/1TS-000D-05E51?Item=9SIAKYF9VU4471,//c1.neweggimages.com/ProductImageCompressAll300/AK1E_1_201907281825676211.jpg
23,1TS-000E-0CM77,Computer Systems,Laptops / Notebooks,4,Lenovo,"Lenovo Business 330S Laptop - Windows 10 Pro - Intel i7-8550U, 8GB RAM, 256GB SSD, 15.6"" HD 1366x768 Display, Fast Charging",,1099.99,0.0,https://www.newegg.com/blue-lenovo-330s/p/1TS-000E-0CM77?Item=9SIA8TK8MM1303,//c1.neweggimages.com/ProductImageCompressAll300/A8TK_1_20190111426895666.jpg
24,1TS-000D-034V7,Computer Systems,Laptops / Notebooks,4,HP,"HP Spectre x360 15t 4K UHD Convertible 2-in-1 Laptop (Intel 8th Gen i7-8705G, 32GB RAM, 256GB PCIe SSD, 15.6"" Touch UHD 3840x2160, Radeon RX Vega M, Win10 Pro) Two Year Warranty and Accidential Damage",,1949.00,0.0,https://www.newegg.com/p/1TS-000D-034V7?Item=9SIA7AB8HG3303,//c1.neweggimages.com/ProductImageCompressAll300/A7AB_1_20181201112318571.jpg
25,1TS-000E-06SD7,Computer Systems,Laptops / Notebooks,4,Lenovo,"Lenovo X1 Carbon (5th Gen) 14 inch QHD Preimum Ultrabook Laptop PC Intel i7 Processor, 16GB RAM, 128GB SSD, 14.0"" WQHD (2560x1440) Display, vPro, Figerprint, WiFi, Bluetooth, Thunderbolt 3, Win 10 Pro",,1759.99,0.0,https://www.newegg.com/p/1TS-000E-06SD7?Item=9SIA8TKAF86054,//c1.neweggimages.com/NeweggImage/ProductImageCompressAll300/A7AB_1_201708161478064656.jpg
26,1TS-000E-0DTE1,Computer Systems,Laptops / Notebooks,4,Lenovo,"Lenovo Yoga 730 2-in-1 15.6"" FHD IPS Touchscreen Customized Laptop Intel Core i7-8550U 8GB RAM 256GB SSD Backlit Keyboard Fingerprint Reader Upto 9 Hours Mixed Usage Windows 10 Iron Gray",,1034.24,0.0,https://www.newegg.com/p/1TS-000E-0DTE1?Item=9SIAJZD9C96464,//c1.neweggimages.com/ProductImageCompressAll300/AJZD_1_201904071285560225.jpg
27,1TS-000D-09FT7,Computer Systems,Laptops / Notebooks,4,HP,"HP Pavilion 15.6"" IPS FHD Premium Customized Laptop 10th Gen Intel Quad Core i7-1065G7 32GB RAM 128GB SSD Microedge Touchscreen Backlit Keyboard Upto 8 Hours Mixed Usage Windows 10 Silver",,1054.09,0.0,https://www.newegg.com/p/1TS-000D-09FT7?Item=9SIAJZDB899987,//c1.neweggimages.com/ProductImageCompressAll300/AJZD_1_202004021741127560.jpg
28,1TS-000E-0J0U5,Computer Systems,Laptops / Notebooks,4,Lenovo,"Lenovo ThinkPad X1 Carbon Notebook, 14"" FHD Display, Intel Core i7-8650U Upto 4.2GHz, 16GB RAM, 256GB NVMe SSD, HDMI, Thunderbolt, Wi-Fi, Bluetooth, Windows 10 Pro",Free Expedited Shipping,1569.99,0.0,https://www.newegg.com/black-lenovo-thinkpad-x1-carbon/p/1TS-000E-0J0U5?Item=9SIAA0SB6M7384,//c1.neweggimages.com/ProductImageCompressAll300/AA0S_1_202003171044534424.jpg
29,1TS-000E-0J0P1,Computer Systems,Laptops / Notebooks,4,Lenovo,"Lenovo ThinkPad T480s Notebook, 14"" FHD Display, Intel Core i7-8650U Upto 4.2GHz, 24GB RAM, 256GB NVMe SSD, HDMI, Thunderbolt, Card Reader, Wi-Fi, Bluetooth, Windows 10 Pro",Free Expedited Shipping,1229.99,0.0,https://www.newegg.com/black-lenovo-thinkpad-t480s/p/1TS-000E-0J0P1?Item=9SIAA0SB6M5948,//c1.neweggimages.com/ProductImageCompressAll300/AA0S_1_202003171173490520.jpg
30,1TS-000D-09G34,Computer Systems,Laptops / Notebooks,4,HP,"HP Pavilion 15.6"" IPS FHD Premium Customized Laptop 10th Gen Intel Quad Core i7-1065G7 24GB RAM 128GB SSD 500GB HDD Microedge Touchscreen Backlit Keyboard Upto 8 Hours Mixed Usage Windows 10 Silver",,1005.55,0.0,https://www.newegg.com/p/1TS-000D-09G34?Item=9SIAJZDB8A0206,//c1.neweggimages.com/ProductImageCompressAll300/AJZD_1_202004021741127560.jpg
31,1TS-000E-0J0F8,Computer Systems,Laptops / Notebooks,4,Lenovo,"Lenovo Legion Y540 15.6"" Customized Gaming Laptop | Hexa Core Intel i7-9750H Mobile Processor | 12GB RAM 128GB SSD 500GB HDD |GeForce GTX 1650 4GB GDDR5 | Backlit Keyboard | Windows 10 Black",,1112.52,0.0,https://www.newegg.com/p/1TS-000E-0J0F8?Item=9SIAJZDB6K7150,//c1.neweggimages.com/ProductImageCompressAll300/AJZD_1_20200316596143060.jpg
32,1TS-000D-09JD7,Computer Systems,Laptops / Notebooks,4,HP,"HP ProBook 650 G4 Notebook, 15.6"" FHD Display, Intel Core i7-8550U Upto 4.0GHz, 16GB RAM, 256GB NVMe SSD, DVDRW, HDMI, VGA, DisplayPort via USB-C, Wi-Fi, Bluetooth, Windows 10 Pro",Free Expedited Shipping,1139.99,0.0,https://www.newegg.com/silver-hp-probook-650-g4/p/1TS-000D-09JD7?Item=9SIAA0SB8F1104,//c1.neweggimages.com/ProductImageCompressAll300/AA0S_1_20200408829794534.jpg
33,1TS-000X-01TD2,Computer Systems,Laptops / Notebooks,4,Acer America,"Acer Nitro 7 15.6"" Customized Gaming Laptop | 15.6"" FHD IPS Display | Intel Hexa Core i7-9750H | 32GB RAM 128GB SSD 1TB HDD | GeForce GTX 1650 4GB GDDR5 | Backlit Keyboard | Windows 10 Black",,1194.33,0.0,https://www.newegg.com/p/1TS-000X-01TD2?Item=9SIAJZDAZB0076,//c1.neweggimages.com/ProductImageCompressAll300/AJZD_1_202001291051814696.jpg
34,1TS-000X-01TS9,Computer Systems,Laptops / Notebooks,4,Acer America,"Acer Aspire 5 Notebook, 14"" FHD Display, Intel Core i7-8565U Upto 4.6GHz, 20GB RAM, 256GB NVMe SSD, HDMI, Wi-Fi, Bluetooth, Windows 10 Home",Free Expedited Shipping,1179.99,0.0,https://www.newegg.com/dark-gray-acer-aspire-5/p/1TS-000X-01TS9?Item=9SIAEYAAZC1595,//c1.neweggimages.com/ProductImageCompressAll300/AEYA_1_202001301262275661.jpg
35,1TS-000A-08NW5,Computer Systems,Laptops / Notebooks,4,DELL,"Dell Inspiron i3583 i7 Home and Business Laptop (Intel i7-8565U 4-Core, 32GB RAM, 128GB PCIe SSD + 1TB  HDD, 15.6"" HD (1366x768), Intel UHD 620, Wifi, Bluetooth, Webcam, 2xUSB 3.1, Win 10 Home)",,1049.00,0.0,https://www.newegg.com/p/1TS-000A-08NW5?Item=9SIA7ABB1G5685,//c1.neweggimages.com/ProductImageCompressAll300/V0F3_1_20200201294478374.jpg
