,item_number,general_category,product_category,page_number,brand,model_specifications,current_promotions,price,shipping,product_links,image_link
0,1TS-001A-00J47,Computer Systems,Laptops / Notebooks,10,ASUS,"ASUS TUF TUF705DU-PB74 Gaming and Entertainment Laptop (AMD Ryzen 7 3750H 4-Core, 32GB RAM, 512GB  PCIe SSD, 17.3"" Full HD (1920x1080), NVIDIA GTX 1660 Ti, Wifi, Bluetooth, Webcam, Win 10 Pro)",Free Expedited Shipping,2039.99,0.0,https://www.newegg.com/p/1TS-001A-00J47,//c1.neweggimages.com/ProductImageCompressAll300/V0F3_1_201905191798296115.jpg
1,1TS-001A-00J61,Computer Systems,Laptops / Notebooks,10,ASUS,"ASUS TUF TUF705DU-PB74 Gaming and Entertainment Laptop (AMD Ryzen 7 3750H 4-Core, 16GB RAM, 2TB  PCIe SSD + 2TB  HDD , 17.3"" Full HD (1920x1080), NVIDIA GTX 1660 Ti, Wifi, Bluetooth, Win 10 Pro)",Free Expedited Shipping,2102.49,0.0,https://www.newegg.com/p/1TS-001A-00J61,//c1.neweggimages.com/ProductImageCompressAll300/V0F3_1_201905191798296115.jpg
2,1TS-001A-00J57,Computer Systems,Laptops / Notebooks,10,ASUS,"ASUS TUF TUF705DU-PB74 Gaming and Entertainment Laptop (AMD Ryzen 7 3750H 4-Core, 16GB RAM, 512GB  PCIe SSD + 2TB  HDD , 17.3"" Full HD (1920x1080), NVIDIA GTX 1660 Ti, Wifi, Bluetooth, Win 10 Pro)",Free Expedited Shipping,1602.49,0.0,https://www.newegg.com/p/1TS-001A-00J57,//c1.neweggimages.com/ProductImageCompressAll300/V0F3_1_201905191798296115.jpg
3,1TS-001A-00J50,Computer Systems,Laptops / Notebooks,10,ASUS,"ASUS TUF TUF705DU-PB74 Gaming and Entertainment Laptop (AMD Ryzen 7 3750H 4-Core, 64GB RAM, 512GB  PCIe SSD, 17.3"" Full HD (1920x1080), NVIDIA GTX 1660 Ti, Wifi, Bluetooth, Webcam, Win 10 Home)",Free Expedited Shipping,2099.99,0.0,https://www.newegg.com/p/1TS-001A-00J50,//c1.neweggimages.com/ProductImageCompressAll300/V0F3_1_201905191798296115.jpg
4,1TS-001A-00J51,Computer Systems,Laptops / Notebooks,10,ASUS,"ASUS TUF TUF705DU-PB74 Gaming and Entertainment Laptop (AMD Ryzen 7 3750H 4-Core, 64GB RAM, 1TB  PCIe SSD, 17.3"" Full HD (1920x1080), NVIDIA GTX 1660 Ti, Wifi, Bluetooth, Webcam, Win 10 Home)",Free Expedited Shipping,2459.99,0.0,https://www.newegg.com/p/1TS-001A-00J51,//c1.neweggimages.com/ProductImageCompressAll300/V0F3_1_201905191798296115.jpg
5,1TS-001A-00J49,Computer Systems,Laptops / Notebooks,10,ASUS,"ASUS TUF TUF705DU-PB74 Gaming and Entertainment Laptop (AMD Ryzen 7 3750H 4-Core, 32GB RAM, 2TB  PCIe SSD, 17.3"" Full HD (1920x1080), NVIDIA GTX 1660 Ti, Wifi, Bluetooth, Webcam, Win 10 Pro)",Free Expedited Shipping,2639.99,0.0,https://www.newegg.com/p/1TS-001A-00J49,//c1.neweggimages.com/ProductImageCompressAll300/V0F3_1_201905191798296115.jpg
6,1TS-001A-00J55,Computer Systems,Laptops / Notebooks,10,ASUS,"ASUS TUF TUF705DU-PB74 Gaming and Entertainment Laptop (AMD Ryzen 7 3750H 4-Core, 64GB RAM, 2TB  PCIe SSD, 17.3"" Full HD (1920x1080), NVIDIA GTX 1660 Ti, Wifi, Bluetooth, Webcam, Win 10 Pro)",Free Expedited Shipping,2879.99,0.0,https://www.newegg.com/p/1TS-001A-00J55,//c1.neweggimages.com/ProductImageCompressAll300/V0F3_1_201905191798296115.jpg
7,1TS-001A-00J66,Computer Systems,Laptops / Notebooks,10,ASUS,"ASUS TUF TUF705DU-PB74 Gaming and Entertainment Laptop (AMD Ryzen 7 3750H 4-Core, 32GB RAM, 2TB  PCIe SSD + 1TB  HDD , 17.3"" Full HD (1920x1080), NVIDIA GTX 1660 Ti, Wifi, Bluetooth, Win 10 Pro)",Free Expedited Shipping,2262.49,0.0,https://www.newegg.com/p/1TS-001A-00J66,//c1.neweggimages.com/ProductImageCompressAll300/V0F3_1_201905191798296115.jpg
8,1TS-001A-00J70,Computer Systems,Laptops / Notebooks,10,ASUS,"ASUS TUF TUF705DU-PB74 Gaming and Entertainment Laptop (AMD Ryzen 7 3750H 4-Core, 64GB RAM, 1TB  PCIe SSD + 1TB  HDD , 17.3"" Full HD (1920x1080), NVIDIA GTX 1660 Ti, Wifi, Bluetooth, Win 10 Pro)",Free Expedited Shipping,2711.99,0.0,https://www.newegg.com/p/1TS-001A-00J70,//c1.neweggimages.com/ProductImageCompressAll300/V0F3_1_201905191798296115.jpg
9,1TS-001A-00J77,Computer Systems,Laptops / Notebooks,10,ASUS,"ASUS TUF TUF705DU-PB74 Gaming and Entertainment Laptop (AMD Ryzen 7 3750H 4-Core, 64GB RAM, 1TB  PCIe SSD + 2TB  HDD , 17.3"" Full HD (1920x1080), NVIDIA GTX 1660 Ti, Wifi, Bluetooth, Win 10 Home)",Free Expedited Shipping,2579.99,0.0,https://www.newegg.com/p/1TS-001A-00J77,//c1.neweggimages.com/ProductImageCompressAll300/V0F3_1_201905191798296115.jpg
10,1TS-001A-00J62,Computer Systems,Laptops / Notebooks,10,ASUS,"ASUS TUF TUF705DU-PB74 Gaming and Entertainment Laptop (AMD Ryzen 7 3750H 4-Core, 32GB RAM, 512GB  PCIe SSD + 1TB  HDD , 17.3"" Full HD (1920x1080), NVIDIA GTX 1660 Ti, Wifi, Bluetooth, Win 10 Pro)",Free Expedited Shipping,2111.99,0.0,https://www.newegg.com/p/1TS-001A-00J62,//c1.neweggimages.com/ProductImageCompressAll300/V0F3_1_201905191798296115.jpg
11,1TS-001A-00J68,Computer Systems,Laptops / Notebooks,10,ASUS,"ASUS TUF TUF705DU-PB74 Gaming and Entertainment Laptop (AMD Ryzen 7 3750H 4-Core, 64GB RAM, 512GB  PCIe SSD + 1TB  HDD , 17.3"" Full HD (1920x1080), NVIDIA GTX 1660 Ti, Wifi, Bluetooth, Win 10 Pro)",Free Expedited Shipping,2351.99,0.0,https://www.newegg.com/p/1TS-001A-00J68,//c1.neweggimages.com/ProductImageCompressAll300/V0F3_1_201905191798296115.jpg
12,1TS-001A-00J72,Computer Systems,Laptops / Notebooks,10,ASUS,"ASUS TUF TUF705DU-PB74 Gaming and Entertainment Laptop (AMD Ryzen 7 3750H 4-Core, 64GB RAM, 2TB  PCIe SSD + 1TB  HDD , 17.3"" Full HD (1920x1080), NVIDIA GTX 1660 Ti, Wifi, Bluetooth, Win 10 Pro)",Free Expedited Shipping,2462.49,0.0,https://www.newegg.com/p/1TS-001A-00J72,//c1.neweggimages.com/ProductImageCompressAll300/V0F3_1_201905191798296115.jpg
13,1TS-001A-00J88,Computer Systems,Laptops / Notebooks,10,ASUS,"ASUS TUF TUF705DU-PB74 Gaming and Entertainment Laptop (AMD Ryzen 7 3750H 4-Core, 32GB RAM, 512GB  PCIe SSD, 17.3"" Full HD (1920x1080), NVIDIA GTX 1660 Ti, Wifi, Bluetooth, Webcam, Win 10 Home)",Free Expedited Shipping,1859.99,0.0,https://www.newegg.com/p/1TS-001A-00J88,//c1.neweggimages.com/ProductImageCompressAll300/V0F3_1_201905191798296115.jpg
14,1TS-001A-00J75,Computer Systems,Laptops / Notebooks,10,ASUS,"ASUS TUF TUF705DU-PB74 Gaming and Entertainment Laptop (AMD Ryzen 7 3750H 4-Core, 64GB RAM, 512GB  PCIe SSD + 2TB  HDD , 17.3"" Full HD (1920x1080), NVIDIA GTX 1660 Ti, Wifi, Bluetooth, Win 10 Home)",,1852.49,0.0,https://www.newegg.com/p/1TS-001A-00J75,//c1.neweggimages.com/ProductImageCompressAll300/V0F3_1_201905191798296115.jpg
15,1TS-001A-00J79,Computer Systems,Laptops / Notebooks,10,ASUS,"ASUS TUF TUF705DU-PB74 Gaming and Entertainment Laptop (AMD Ryzen 7 3750H 4-Core, 64GB RAM, 2TB  PCIe SSD + 2TB  HDD , 17.3"" Full HD (1920x1080), NVIDIA GTX 1660 Ti, Wifi, Bluetooth, Win 10 Home)",,2352.49,0.0,https://www.newegg.com/p/1TS-001A-00J79,//c1.neweggimages.com/ProductImageCompressAll300/V0F3_1_201905191798296115.jpg
16,1TS-001A-00J83,Computer Systems,Laptops / Notebooks,10,ASUS,"ASUS TUF TUF705DU-PB74 Gaming and Entertainment Laptop (AMD Ryzen 7 3750H 4-Core, 16GB RAM, 1TB  PCIe SSD + 1TB  HDD , 17.3"" Full HD (1920x1080), NVIDIA GTX 1660 Ti, Wifi, Bluetooth, Win 10 Home)",Free Expedited Shipping,2051.99,0.0,https://www.newegg.com/p/1TS-001A-00J83,//c1.neweggimages.com/ProductImageCompressAll300/V0F3_1_201905191798296115.jpg
17,1TS-001A-00J52,Computer Systems,Laptops / Notebooks,10,ASUS,"ASUS TUF TUF705DU-PB74 Gaming and Entertainment Laptop (AMD Ryzen 7 3750H 4-Core, 64GB RAM, 2TB  PCIe SSD, 17.3"" Full HD (1920x1080), NVIDIA GTX 1660 Ti, Wifi, Bluetooth, Webcam, Win 10 Home)",Free Expedited Shipping,2699.99,0.0,https://www.newegg.com/p/1TS-001A-00J52,//c1.neweggimages.com/ProductImageCompressAll300/V0F3_1_201905191798296115.jpg
18,1TS-001A-00J69,Computer Systems,Laptops / Notebooks,10,ASUS,"ASUS TUF TUF705DU-PB74 Gaming and Entertainment Laptop (AMD Ryzen 7 3750H 4-Core, 64GB RAM, 512GB  PCIe SSD + 2TB  HDD , 17.3"" Full HD (1920x1080), NVIDIA GTX 1660 Ti, Wifi, Bluetooth, Win 10 Pro)",Free Expedited Shipping,2002.49,0.0,https://www.newegg.com/p/1TS-001A-00J69,//c1.neweggimages.com/ProductImageCompressAll300/V0F3_1_201905191798296115.jpg
19,1TS-001A-00J91,Computer Systems,Laptops / Notebooks,10,ASUS,"ASUS TUF TUF705DU-PB74 Gaming and Entertainment Laptop (AMD Ryzen 7 3750H 4-Core, 32GB RAM, 1TB  PCIe SSD, 17.3"" Full HD (1920x1080), NVIDIA GTX 1660 Ti, Wifi, Bluetooth, Webcam, Win 10 Home)",Free Expedited Shipping,2219.99,0.0,https://www.newegg.com/p/1TS-001A-00J91,//c1.neweggimages.com/ProductImageCompressAll300/V0F3_1_201905191798296115.jpg
20,1TS-001A-00J89,Computer Systems,Laptops / Notebooks,10,ASUS,"ASUS TUF TUF705DU-PB74 Gaming and Entertainment Laptop (AMD Ryzen 7 3750H 4-Core, 32GB RAM, 512GB  PCIe SSD + 1TB  HDD , 17.3"" Full HD (1920x1080), NVIDIA GTX 1660 Ti, Wifi, Bluetooth, Win 10 Home)",Free Expedited Shipping,1931.99,0.0,https://www.newegg.com/p/1TS-001A-00J89,//c1.neweggimages.com/ProductImageCompressAll300/V0F3_1_201905191798296115.jpg
21,1TS-001A-00J90,Computer Systems,Laptops / Notebooks,10,ASUS,"ASUS TUF TUF705DU-PB74 Gaming and Entertainment Laptop (AMD Ryzen 7 3750H 4-Core, 32GB RAM, 512GB  PCIe SSD + 2TB  HDD , 17.3"" Full HD (1920x1080), NVIDIA GTX 1660 Ti, Wifi, Bluetooth, Win 10 Home)",Free Expedited Shipping,1652.49,0.0,https://www.newegg.com/p/1TS-001A-00J90,//c1.neweggimages.com/ProductImageCompressAll300/V0F3_1_201905191798296115.jpg
22,1TS-001A-00J81,Computer Systems,Laptops / Notebooks,10,ASUS,"ASUS TUF TUF705DU-PB74 Gaming and Entertainment Laptop (AMD Ryzen 7 3750H 4-Core, 16GB RAM, 512GB  PCIe SSD + 2TB  HDD , 17.3"" Full HD (1920x1080), NVIDIA GTX 1660 Ti, Wifi, Bluetooth, Win 10 Home)",Free Expedited Shipping,1452.49,0.0,https://www.newegg.com/p/1TS-001A-00J81,//c1.neweggimages.com/ProductImageCompressAll300/V0F3_1_201905191798296115.jpg
23,1TS-001A-00J78,Computer Systems,Laptops / Notebooks,10,ASUS,"ASUS TUF TUF705DU-PB74 Gaming and Entertainment Laptop (AMD Ryzen 7 3750H 4-Core, 64GB RAM, 2TB  PCIe SSD + 1TB  HDD , 17.3"" Full HD (1920x1080), NVIDIA GTX 1660 Ti, Wifi, Bluetooth, Win 10 Home)",Free Expedited Shipping,2312.49,0.0,https://www.newegg.com/p/1TS-001A-00J78,//c1.neweggimages.com/ProductImageCompressAll300/V0F3_1_201905191798296115.jpg
24,1TS-001A-00J96,Computer Systems,Laptops / Notebooks,10,ASUS,"ASUS TUF TUF705DU-PB74 Gaming and Entertainment Laptop (AMD Ryzen 7 3750H 4-Core, 32GB RAM, 2TB  PCIe SSD + 2TB  HDD , 17.3"" Full HD (1920x1080), NVIDIA GTX 1660 Ti, Wifi, Bluetooth, Win 10 Home)",Free Expedited Shipping,2152.49,0.0,https://www.newegg.com/p/1TS-001A-00J96,//c1.neweggimages.com/ProductImageCompressAll300/V0F3_1_201905191798296115.jpg
25,1TS-001A-00J64,Computer Systems,Laptops / Notebooks,10,ASUS,"ASUS TUF TUF705DU-PB74 Gaming and Entertainment Laptop (AMD Ryzen 7 3750H 4-Core, 32GB RAM, 1TB  PCIe SSD + 1TB  HDD , 17.3"" Full HD (1920x1080), NVIDIA GTX 1660 Ti, Wifi, Bluetooth, Win 10 Pro)",Free Expedited Shipping,2471.99,0.0,https://www.newegg.com/p/1TS-001A-00J64,//c1.neweggimages.com/ProductImageCompressAll300/V0F3_1_201905191798296115.jpg
26,1TS-000D-05XT0,Computer Systems,Laptops / Notebooks,10,HP,"HP Envy X360 2 in 1 Convertible 15.6"" Customized Laptop AMD Quad-Core Ryzen 5 3500U 24GB RAM 1024GB SSD FHD Edge-to-Edge IPS Touch Display Upto 10 Hours Battery Life Windows 10 Black Only 0.7"" Thin",,1152.07,0.0,https://www.newegg.com/p/1TS-000D-05XT0,//c1.neweggimages.com/ProductImageCompressAll300/AJZD_1_201909111671037504.jpg
27,1TS-0016-00NN1,Computer Systems,Laptops / Notebooks,10,MSI,"MSI ALPHA 15 A3DD-003 Gaming and Business Laptop (AMD Ryzen 7 3750H 4-Core, 16GB RAM, 1TB PCIe SSD + 1TB  HDD, 15.6"" Full HD (1920x1080), AMD Radeon RX5500M, Wifi, Bluetooth, Webcam, Win 10 Pro)",,1990.80,0.0,https://www.newegg.com/p/1TS-0016-00NN1,//c1.neweggimages.com/ProductImageCompressAll300/A7AB_1_20191104190185842.jpg
28,1TS-0016-00NM2,Computer Systems,Laptops / Notebooks,10,MSI,"MSI ALPHA 15 A3DD-003 Gaming and Business Laptop (AMD Ryzen 7 3750H 4-Core, 16GB RAM, 1TB PCIe SSD, 15.6"" Full HD (1920x1080), AMD Radeon RX5500M, Wifi, Bluetooth, Webcam, 3xUSB 3.2, Win 10 Home)",,1738.80,0.0,https://www.newegg.com/p/1TS-0016-00NM2,//c1.neweggimages.com/ProductImageCompressAll300/A7AB_1_20191104190185842.jpg
29,1TS-0016-00NM3,Computer Systems,Laptops / Notebooks,10,MSI,"MSI ALPHA 15 A3DD-003 Gaming and Business Laptop (AMD Ryzen 7 3750H 4-Core, 64GB RAM, 512GB PCIe SSD + 1TB  HDD, 15.6"" Full HD (1920x1080), AMD Radeon RX5500M, Wifi, Bluetooth, Webcam, Win 10 Pro)",,2110.80,0.0,https://www.newegg.com/p/1TS-0016-00NM3,//c1.neweggimages.com/ProductImageCompressAll300/A7AB_1_20191104190185842.jpg
30,1TS-0016-00NP0,Computer Systems,Laptops / Notebooks,10,MSI,"MSI ALPHA 15 A3DD-003 Gaming and Business Laptop (AMD Ryzen 7 3750H 4-Core, 64GB RAM, 2TB PCIe SSD + 1TB  HDD, 15.6"" Full HD (1920x1080), AMD Radeon RX5500M, Wifi, Bluetooth, Webcam, Win 10 Pro)",,2710.80,0.0,https://www.newegg.com/p/1TS-0016-00NP0,//c1.neweggimages.com/ProductImageCompressAll300/A7AB_1_20191104190185842.jpg
31,1TS-0016-00NS3,Computer Systems,Laptops / Notebooks,10,MSI,"MSI ALPHA 15 A3DD-003 Gaming and Business Laptop (AMD Ryzen 7 3750H 4-Core, 32GB RAM, 2TB PCIe SSD + 1TB  HDD, 15.6"" Full HD (1920x1080), AMD Radeon RX5500M, Wifi, Bluetooth, Webcam, Win 10 Home)",,2290.80,0.0,https://www.newegg.com/p/1TS-0016-00NS3,//c1.neweggimages.com/ProductImageCompressAll300/A7AB_1_20191104190185842.jpg
32,1TS-0016-00NN0,Computer Systems,Laptops / Notebooks,10,MSI,"MSI ALPHA 15 A3DD-003 Gaming and Business Laptop (AMD Ryzen 7 3750H 4-Core, 32GB RAM, 1TB PCIe SSD + 1TB  HDD, 15.6"" Full HD (1920x1080), AMD Radeon RX5500M, Wifi, Bluetooth, Webcam, Win 10 Pro)",,2230.80,0.0,https://www.newegg.com/p/1TS-0016-00NN0,//c1.neweggimages.com/ProductImageCompressAll300/A7AB_1_20191104190185842.jpg
33,1TS-0016-00NS5,Computer Systems,Laptops / Notebooks,10,MSI,"MSI ALPHA 15 A3DD-003 Gaming and Business Laptop (AMD Ryzen 7 3750H 4-Core, 64GB RAM, 2TB PCIe SSD + 1TB  HDD, 15.6"" Full HD (1920x1080), AMD Radeon RX5500M, Wifi, Bluetooth, Webcam, Win 10 Home)",,2530.80,0.0,https://www.newegg.com/p/1TS-0016-00NS5,//c1.neweggimages.com/ProductImageCompressAll300/A7AB_1_20191104190185842.jpg
34,1TS-0016-00NP4,Computer Systems,Laptops / Notebooks,10,MSI,"MSI ALPHA 15 A3DD-003 Gaming and Business Laptop (AMD Ryzen 7 3750H 4-Core, 32GB RAM, 2TB PCIe SSD + 2TB  HDD, 15.6"" Full HD (1920x1080), AMD Radeon RX5500M, Wifi, Bluetooth, Webcam, Win 10 Pro)",,2518.80,0.0,https://www.newegg.com/p/1TS-0016-00NP4,//c1.neweggimages.com/ProductImageCompressAll300/A7AB_1_20191104190185842.jpg
35,1TS-0016-00NM7,Computer Systems,Laptops / Notebooks,10,MSI,"MSI ALPHA 15 A3DD-003 Gaming and Business Laptop (AMD Ryzen 7 3750H 4-Core, 64GB RAM, 512GB PCIe SSD + 2TB  HDD, 15.6"" Full HD (1920x1080), AMD Radeon RX5500M, Wifi, Bluetooth, Webcam, Win 10 Pro)",,2158.80,0.0,https://www.newegg.com/p/1TS-0016-00NM7,//c1.neweggimages.com/ProductImageCompressAll300/A7AB_1_20191104190185842.jpg
