,item_number,general_category,product_category,page_number,brand,model_specifications,current_promotions,price,shipping,product_links,image_link
0,1TS-000D-07XV4,Computer Systems,Laptops / Notebooks,2,HP,"HP 15 Notebook, 15.6"" HD Touch Display, AMD Ryzen 7 3700U Upto 4.0GHz, 12GB RAM, 256GB NVMe SSD, Vega 10, HDMI, Card Reader, Wi-Fi, Bluetooth, Windows 10 Pro",Free Expedited Shipping,699.00,0.0,https://www.newegg.com/silver-hp-15/p/1TS-000D-07XV4,//c1.neweggimages.com/ProductImageCompressAll300/AA0S_1_20191223382086982.jpg
1,1TS-000D-07XW7,Computer Systems,Laptops / Notebooks,2,HP,"HP 15 Notebook, 15.6"" HD Touch Display, AMD Ryzen 7 3700U Upto 4.0GHz, 32GB RAM, 1TB NVMe SSD, Vega 10, HDMI, Card Reader, Wi-Fi, Bluetooth, Windows 10 Home",Free Expedited Shipping,1429.99,0.0,https://www.newegg.com/silver-hp-15/p/1TS-000D-07XW7,//c1.neweggimages.com/ProductImageCompressAll300/AEYA_1_201912231024761653.jpg
2,1TS-000E-0FAF2,Computer Systems,Laptops / Notebooks,2,Lenovo,"Lenovo IdeaPad 330s Notebook, 15.6"" HD Display, AMD Ryzen 5 2500U Upto 3.6GHz, 12GB RAM, 512GB NVMe SSD, Vega 8, HDMI, Card Reader, Wi-Fi, Bluetooth, Windows 10 Pro",Free Expedited Shipping,732.99,0.0,https://www.newegg.com/natural-silver-lenovo-ideapad-330s/p/1TS-000E-0FAF2,//c1.neweggimages.com/ProductImageCompressAll300/AA0S_1_20191107860315826.jpg
3,1TS-000E-0FAJ2,Computer Systems,Laptops / Notebooks,2,Lenovo,"Lenovo IdeaPad 330s Notebook, 15.6"" HD Display, AMD Ryzen 5 2500U Upto 3.6GHz, 12GB RAM, 512GB NVMe SSD, Vega 8, HDMI, Card Reader, Wi-Fi, Bluetooth, Windows 10 Home",Free Expedited Shipping,706.99,0.0,https://www.newegg.com/natural-silver-lenovo-ideapad-330s/p/1TS-000E-0FAJ2,//c1.neweggimages.com/ProductImageCompressAll300/AEYA_1_20191107808990306.jpg
4,1TS-000E-0FAE7,Computer Systems,Laptops / Notebooks,2,Lenovo,"Lenovo IdeaPad 330s Notebook, 15.6"" HD Display, AMD Ryzen 5 2500U Upto 3.6GHz, 20GB RAM, 256GB NVMe SSD, Vega 8, HDMI, Card Reader, Wi-Fi, Bluetooth, Windows 10 Pro",Free Expedited Shipping,745.99,0.0,https://www.newegg.com/natural-silver-lenovo-ideapad-330s/p/1TS-000E-0FAE7,//c1.neweggimages.com/ProductImageCompressAll300/AA0S_1_201911071509759320.jpg
5,1TS-000E-0FAH0,Computer Systems,Laptops / Notebooks,2,Lenovo,"Lenovo IdeaPad 330s Notebook, 15.6"" HD Display, AMD Ryzen 5 2500U Upto 3.6GHz, 8GB RAM, 128GB NVMe SSD, Vega 8, HDMI, Card Reader, Wi-Fi, Bluetooth, Windows 10 Pro",Free Expedited Shipping,504.99,0.0,https://www.newegg.com/natural-silver-lenovo-ideapad-330s/p/1TS-000E-0FAH0,//c1.neweggimages.com/ProductImageCompressAll300/AA0S_1_20191107578138973.jpg
6,1TS-000D-05XS9,Computer Systems,Laptops / Notebooks,2,HP,"HP Envy X360 2 in 1 Convertible 15.6"" Customized Laptop AMD Quad-Core Ryzen 5 3500U 16GB RAM 1024GB SSD FHD Edge-to-Edge IPS Touch Display Upto 10 Hours Battery Life Windows 10 Black Only 0.7"" Thin",,1075.27,0.0,https://www.newegg.com/p/1TS-000D-05XS9,//c1.neweggimages.com/ProductImageCompressAll300/AJZD_1_201909111671037504.jpg
7,1TS-000D-05XU2,Computer Systems,Laptops / Notebooks,2,HP,"HP Envy X360 2 in 1 Convertible 15.6"" Customized Laptop AMD Quad-Core Ryzen 5 3500U 16GB RAM 512GB SSD FHD Edge-to-Edge IPS Touch Display Upto 10 Hours Battery Life Windows 10 Black Only 0.7"" Thin",,983.10,0.0,https://www.newegg.com/p/1TS-000D-05XU2,//c1.neweggimages.com/ProductImageCompressAll300/AJZD_1_201909111671037504.jpg
8,1TS-000D-045N6,Computer Systems,Laptops / Notebooks,2,HP,"HP ProBook 645 G4 Notebook, 14"" HD, AMD Quad-Core Ryzen 7 2700U Upto 3.8GHz, 16GB RAM, 256GB SSD, Radeon RX Vega 10, VGA, HDMI, Card Reader, Backlit Keyboard, Wi-Fi, BT, Windows 10 Pro",Free Expedited Shipping,999.99,0.0,https://www.newegg.com/natural-silver-hp-probook-645-g4-standard/p/1TS-000D-045N6,//c1.neweggimages.com/ProductImageCompressAll300/V1DS_1_20190516926373216.jpg
9,1TS-000D-085F3,Computer Systems,Laptops / Notebooks,2,HP,"HP 15-EF0875MS Home and Business Laptop (AMD Ryzen 7 3700U 4-Core, 12GB RAM, 256GB SSD, 15.6"" Touch  HD (1366x768), AMD Radeon RX Vega 10, Wifi, Bluetooth, Webcam, 2xUSB 3.1, 1xHDMI, Win 10 Home)",,718.80,0.0,https://www.newegg.com/p/1TS-000D-085F3,//c1.neweggimages.com/ProductImageCompressAll300/V0F3_1_202001171143574657.jpg
10,1TS-001A-01U35,Computer Systems,Laptops / Notebooks,2,ASUS,"ASUS FX705DT 17.3"" Customized Gaming Laptop | AMD Ryzen 7 3750H Processor | 12GB RAM 128GB SSD 500GB HDD | GeForce GTX 1650 4GB GDDR5 | RGB Backlit Keyboard | Windows 10 Black",,998.55,0.0,https://www.newegg.com/p/1TS-001A-01U35,//c1.neweggimages.com/ProductImageCompressAll300/AJZD_1_202001281913377908.jpg
11,1TS-001A-01U75,Computer Systems,Laptops / Notebooks,2,ASUS,"ASUS FX705DT 17.3"" Customized Gaming Laptop | AMD Ryzen 7 3750H Processor | 24GB RAM 128GB SSD 1TB HDD | GeForce GTX 1650 4GB GDDR5 | RGB Backlit Keyboard | Windows 10 Black",,1121.56,0.0,https://www.newegg.com/p/1TS-001A-01U75,//c1.neweggimages.com/ProductImageCompressAll300/AJZD_1_202001281913377908.jpg
12,1TS-001A-01U30,Computer Systems,Laptops / Notebooks,2,ASUS,"ASUS FX705DT 17.3"" Customized Gaming Laptop | AMD Ryzen 7 3750H Processor | 12GB RAM 128GB SSD | GeForce GTX 1650 4GB GDDR5 | RGB Backlit Keyboard | Windows 10 Black",,976.85,0.0,https://www.newegg.com/p/1TS-001A-01U30,//c1.neweggimages.com/ProductImageCompressAll300/AJZD_1_202001281913377908.jpg
13,1TS-001A-01TN7,Computer Systems,Laptops / Notebooks,2,ASUS,"ASUS FX705DT 17.3"" Customized Gaming Laptop | AMD Ryzen 7 3750H Processor | 8GB RAM 500GB HDD | GeForce GTX 1650 4GB GDDR5 | RGB Backlit Keyboard | Windows 10 Black",,940.67,0.0,https://www.newegg.com/p/1TS-001A-01TN7,//c1.neweggimages.com/ProductImageCompressAll300/AJZD_1_202001281913377908.jpg
14,1TS-001A-01U73,Computer Systems,Laptops / Notebooks,2,ASUS,"ASUS FX705DT 17.3"" Customized Gaming Laptop | AMD Ryzen 7 3750H Processor | 32GB RAM 500GB HDD | GeForce GTX 1650 4GB GDDR5 | RGB Backlit Keyboard | Windows 10 Black",,1143.27,0.0,https://www.newegg.com/p/1TS-001A-01U73,//c1.neweggimages.com/ProductImageCompressAll300/AJZD_1_202001281913377908.jpg
15,1TS-001A-01U12,Computer Systems,Laptops / Notebooks,2,ASUS,"ASUS FX705DT 17.3"" Customized Gaming Laptop | AMD Ryzen 7 3750H Processor | 16GB RAM 128GB SSD 2TB HDD | GeForce GTX 1650 4GB GDDR5 | RGB Backlit Keyboard | Windows 10 Black",,1078.15,0.0,https://www.newegg.com/p/1TS-001A-01U12,//c1.neweggimages.com/ProductImageCompressAll300/AJZD_1_202001281913377908.jpg
16,1TS-001A-01U42,Computer Systems,Laptops / Notebooks,2,ASUS,"ASUS FX705DT 17.3"" Customized Gaming Laptop | AMD Ryzen 7 3750H Processor | 16GB RAM 512GB SSD 500GB HDD | GeForce GTX 1650 4GB GDDR5 | RGB Backlit Keyboard | Windows 10 Black",,1078.15,0.0,https://www.newegg.com/p/1TS-001A-01U42,//c1.neweggimages.com/ProductImageCompressAll300/AJZD_1_202001281913377908.jpg
17,1TS-001A-01U14,Computer Systems,Laptops / Notebooks,2,ASUS,"ASUS FX705DT 17.3"" Customized Gaming Laptop | AMD Ryzen 7 3750H Processor | 8GB RAM 1024GB SSD 2TB HDD | GeForce GTX 1650 4GB GDDR5 | RGB Backlit Keyboard | Windows 10 Black",,1164.98,0.0,https://www.newegg.com/p/1TS-001A-01U14,//c1.neweggimages.com/ProductImageCompressAll300/AJZD_1_202001281913377908.jpg
18,1TS-001A-01U09,Computer Systems,Laptops / Notebooks,2,ASUS,"ASUS FX705DT 17.3"" Customized Gaming Laptop | AMD Ryzen 7 3750H Processor | 8GB RAM 128GB SSD 1TB HDD | GeForce GTX 1650 4GB GDDR5 | RGB Backlit Keyboard | Windows 10 Black",,991.32,0.0,https://www.newegg.com/p/1TS-001A-01U09,//c1.neweggimages.com/ProductImageCompressAll300/AJZD_1_202001281913377908.jpg
19,1TS-001A-01U32,Computer Systems,Laptops / Notebooks,2,ASUS,"ASUS FX705DT 17.3"" Customized Gaming Laptop | AMD Ryzen 7 3750H Processor | 16GB RAM 256GB SSD 500GB HDD | GeForce GTX 1650 4GB GDDR5 | RGB Backlit Keyboard | Windows 10 Black",,1049.20,0.0,https://www.newegg.com/p/1TS-001A-01U32,//c1.neweggimages.com/ProductImageCompressAll300/AJZD_1_202001281913377908.jpg
20,1TS-001A-01U53,Computer Systems,Laptops / Notebooks,2,ASUS,"ASUS FX705DT 17.3"" Customized Gaming Laptop | AMD Ryzen 7 3750H Processor | 32GB RAM 256GB SSD 2TB HDD | GeForce GTX 1650 4GB GDDR5 | RGB Backlit Keyboard | Windows 10 Black",,1244.57,0.0,https://www.newegg.com/p/1TS-001A-01U53,//c1.neweggimages.com/ProductImageCompressAll300/AJZD_1_202001281913377908.jpg
21,1TS-001A-01U65,Computer Systems,Laptops / Notebooks,2,ASUS,"ASUS FX705DT 17.3"" Customized Gaming Laptop | AMD Ryzen 7 3750H Processor | 32GB RAM 128GB SSD 1TB HDD | GeForce GTX 1650 4GB GDDR5 | RGB Backlit Keyboard | Windows 10 Black",,1193.92,0.0,https://www.newegg.com/p/1TS-001A-01U65,//c1.neweggimages.com/ProductImageCompressAll300/AJZD_1_202001281913377908.jpg
22,1TS-001A-01U36,Computer Systems,Laptops / Notebooks,2,ASUS,"ASUS FX705DT 17.3"" Customized Gaming Laptop | AMD Ryzen 7 3750H Processor | 16GB RAM 256GB SSD 1TB HDD | GeForce GTX 1650 4GB GDDR5 | RGB Backlit Keyboard | Windows 10 Black",,1070.91,0.0,https://www.newegg.com/p/1TS-001A-01U36,//c1.neweggimages.com/ProductImageCompressAll300/AJZD_1_202001281913377908.jpg
23,1TS-001A-01U76,Computer Systems,Laptops / Notebooks,2,ASUS,"ASUS FX705DT 17.3"" Customized Gaming Laptop | AMD Ryzen 7 3750H Processor | 32GB RAM 1024GB SSD | GeForce GTX 1650 4GB GDDR5 | RGB Backlit Keyboard | Windows 10 Black",,1295.22,0.0,https://www.newegg.com/p/1TS-001A-01U76,//c1.neweggimages.com/ProductImageCompressAll300/AJZD_1_202001281913377908.jpg
24,1TS-001A-01U61,Computer Systems,Laptops / Notebooks,2,ASUS,"ASUS FX705DT 17.3"" Customized Gaming Laptop | AMD Ryzen 7 3750H Processor | 32GB RAM 128GB SSD 500GB HDD | GeForce GTX 1650 4GB GDDR5 | RGB Backlit Keyboard | Windows 10 Black",,1172.21,0.0,https://www.newegg.com/p/1TS-001A-01U61,//c1.neweggimages.com/ProductImageCompressAll300/AJZD_1_202001281913377908.jpg
25,1TS-001A-01U81,Computer Systems,Laptops / Notebooks,2,ASUS,"ASUS FX705DT 17.3"" Customized Gaming Laptop | AMD Ryzen 7 3750H Processor | 32GB RAM 2TB HDD | GeForce GTX 1650 4GB GDDR5 | RGB Backlit Keyboard | Windows 10 Black",,1193.92,0.0,https://www.newegg.com/p/1TS-001A-01U81,//c1.neweggimages.com/ProductImageCompressAll300/AJZD_1_202001281913377908.jpg
26,1TS-001A-01U37,Computer Systems,Laptops / Notebooks,2,ASUS,"ASUS FX705DT 17.3"" Customized Gaming Laptop | AMD Ryzen 7 3750H Processor | 8GB RAM 512GB SSD 500GB HDD | GeForce GTX 1650 4GB GDDR5 | RGB Backlit Keyboard | Windows 10 Black",,1020.26,0.0,https://www.newegg.com/p/1TS-001A-01U37,//c1.neweggimages.com/ProductImageCompressAll300/AJZD_1_202001281913377908.jpg
27,1TS-001A-01U56,Computer Systems,Laptops / Notebooks,2,ASUS,"ASUS FX705DT 17.3"" Customized Gaming Laptop | AMD Ryzen 7 3750H Processor | 24GB RAM 256GB SSD 500GB HDD | GeForce GTX 1650 4GB GDDR5 | RGB Backlit Keyboard | Windows 10 Black",,1121.56,0.0,https://www.newegg.com/p/1TS-001A-01U56,//c1.neweggimages.com/ProductImageCompressAll300/AJZD_1_202001281913377908.jpg
28,1TS-001A-01TZ3,Computer Systems,Laptops / Notebooks,2,ASUS,"ASUS FX705DT 17.3"" Customized Gaming Laptop | AMD Ryzen 7 3750H Processor | 12GB RAM 1024GB SSD 2TB HDD | GeForce GTX 1650 4GB GDDR5 | RGB Backlit Keyboard | Windows 10 Black",,1193.92,0.0,https://www.newegg.com/p/1TS-001A-01TZ3,//c1.neweggimages.com/ProductImageCompressAll300/AJZD_1_202001281913377908.jpg
29,1TS-001A-01U70,Computer Systems,Laptops / Notebooks,2,ASUS,"ASUS FX705DT 17.3"" Customized Gaming Laptop | AMD Ryzen 7 3750H Processor | 24GB RAM 512GB SSD 500GB HDD | GeForce GTX 1650 4GB GDDR5 | RGB Backlit Keyboard | Windows 10 Black",,1150.51,0.0,https://www.newegg.com/p/1TS-001A-01U70,//c1.neweggimages.com/ProductImageCompressAll300/AJZD_1_202001281913377908.jpg
30,1TS-001A-01U26,Computer Systems,Laptops / Notebooks,2,ASUS,"ASUS FX705DT 17.3"" Customized Gaming Laptop | AMD Ryzen 7 3750H Processor | 12GB RAM 2TB HDD | GeForce GTX 1650 4GB GDDR5 | RGB Backlit Keyboard | Windows 10 Black",,1020.26,0.0,https://www.newegg.com/p/1TS-001A-01U26,//c1.neweggimages.com/ProductImageCompressAll300/AJZD_1_202001281913377908.jpg
31,1TS-001A-01U69,Computer Systems,Laptops / Notebooks,2,ASUS,"ASUS FX705DT 17.3"" Customized Gaming Laptop | AMD Ryzen 7 3750H Processor | 32GB RAM 128GB SSD 2TB HDD | GeForce GTX 1650 4GB GDDR5 | RGB Backlit Keyboard | Windows 10 Black",,1222.87,0.0,https://www.newegg.com/p/1TS-001A-01U69,//c1.neweggimages.com/ProductImageCompressAll300/AJZD_1_202001281913377908.jpg
32,1TS-001A-01U23,Computer Systems,Laptops / Notebooks,2,ASUS,"ASUS FX705DT 17.3"" Customized Gaming Laptop | AMD Ryzen 7 3750H Processor | 12GB RAM 512GB SSD 1TB HDD | GeForce GTX 1650 4GB GDDR5 | RGB Backlit Keyboard | Windows 10 Black",,1070.91,0.0,https://www.newegg.com/p/1TS-001A-01U23,//c1.neweggimages.com/ProductImageCompressAll300/AJZD_1_202001281913377908.jpg
33,1TS-001A-01U83,Computer Systems,Laptops / Notebooks,2,ASUS,"ASUS FX705DT 17.3"" Customized Gaming Laptop | AMD Ryzen 7 3750H Processor | 24GB RAM 500GB HDD | GeForce GTX 1650 4GB GDDR5 | RGB Backlit Keyboard | Windows 10 Black",,1070.91,0.0,https://www.newegg.com/p/1TS-001A-01U83,//c1.neweggimages.com/ProductImageCompressAll300/AJZD_1_202001281913377908.jpg
34,1TS-001A-01U45,Computer Systems,Laptops / Notebooks,2,ASUS,"ASUS FX705DT 17.3"" Customized Gaming Laptop | AMD Ryzen 7 3750H Processor | 24GB RAM 1024GB SSD 500GB HDD | GeForce GTX 1650 4GB GDDR5 | RGB Backlit Keyboard | Windows 10 Black",,1244.57,0.0,https://www.newegg.com/p/1TS-001A-01U45,//c1.neweggimages.com/ProductImageCompressAll300/AJZD_1_202001281913377908.jpg
35,1TS-001A-01U60,Computer Systems,Laptops / Notebooks,2,ASUS,"ASUS FX705DT 17.3"" Customized Gaming Laptop | AMD Ryzen 7 3750H Processor | 24GB RAM 256GB SSD 1TB HDD | GeForce GTX 1650 4GB GDDR5 | RGB Backlit Keyboard | Windows 10 Black",,1143.27,0.0,https://www.newegg.com/p/1TS-001A-01U60,//c1.neweggimages.com/ProductImageCompressAll300/AJZD_1_202001281913377908.jpg
