,item_number,general_category,product_category,page_number,brand,model_specifications,current_promotions,price,shipping,product_links,image_link
0,1TS-000D-07XU2,Computer Systems,Laptops / Notebooks,1,HP,"HP 15 Notebook, 15.6"" HD Touch Display, AMD Ryzen 7 3700U Upto 4.0GHz, 16GB RAM, 512GB NVMe SSD, Vega 10, HDMI, Card Reader, Wi-Fi, Bluetooth, Windows 10 Pro",Free Expedited Shipping,829.99,0.0,https://www.newegg.com/silver-hp-15/p/1TS-000D-07XU2,//c1.neweggimages.com/ProductImageCompressAll300/AA0S_1_201912231592104651.jpg
1,1TS-000D-07XX0,Computer Systems,Laptops / Notebooks,1,HP,"HP 15 Notebook, 15.6"" HD Touch Display, AMD Ryzen 7 3700U Upto 4.0GHz, 16GB RAM, 256GB NVMe SSD, Vega 10, HDMI, Card Reader, Wi-Fi, Bluetooth, Windows 10 Home",Free Expedited Shipping,649.99,0.0,https://www.newegg.com/silver-hp-15/p/1TS-000D-07XX0,//c1.neweggimages.com/ProductImageCompressAll300/V1VV_1_201912231887637038.jpg
2,1TS-001A-01U16,Computer Systems,Laptops / Notebooks,1,ASUS,"ASUS FX705DT 17.3"" Customized Gaming Laptop | AMD Ryzen 7 3750H Processor | 16GB RAM 500GB HDD | GeForce GTX 1650 4GB GDDR5 | RGB Backlit Keyboard | Windows 10 Black",,998.55,0.0,https://www.newegg.com/p/1TS-001A-01U16,//c1.neweggimages.com/ProductImageCompressAll300/AJZD_1_202001281913377908.jpg
3,1TS-000D-07XV1,Computer Systems,Laptops / Notebooks,1,HP,"HP 15 Notebook, 15.6"" HD Touch Display, AMD Ryzen 7 3700U Upto 4.0GHz, 16GB RAM, 1TB NVMe SSD, Vega 10, HDMI, Card Reader, Wi-Fi, Bluetooth, Windows 10 Pro",Free Expedited Shipping,899.00,0.0,https://www.newegg.com/silver-hp-15/p/1TS-000D-07XV1,//c1.neweggimages.com/ProductImageCompressAll300/AA0S_1_201912231190136038.jpg
4,1TS-000D-05XU2,Computer Systems,Laptops / Notebooks,1,HP,"HP Envy X360 2 in 1 Convertible 15.6"" Customized Laptop AMD Quad-Core Ryzen 5 3500U 16GB RAM 512GB SSD FHD Edge-to-Edge IPS Touch Display Upto 10 Hours Battery Life Windows 10 Black Only 0.7"" Thin",,983.10,0.0,https://www.newegg.com/p/1TS-000D-05XU2,//c1.neweggimages.com/ProductImageCompressAll300/AJZD_1_201909111671037504.jpg
5,1TS-001A-01U40,Computer Systems,Laptops / Notebooks,1,ASUS,"ASUS FX705DT 17.3"" Customized Gaming Laptop | AMD Ryzen 7 3750H Processor | 16GB RAM 512GB SSD | GeForce GTX 1650 4GB GDDR5 | RGB Backlit Keyboard | Windows 10 Black",,1056.44,0.0,https://www.newegg.com/p/1TS-001A-01U40,//c1.neweggimages.com/ProductImageCompressAll300/AJZD_1_202001281913377908.jpg
6,1TS-001A-01U51,Computer Systems,Laptops / Notebooks,1,ASUS,"ASUS FX705DT 17.3"" Customized Gaming Laptop | AMD Ryzen 7 3750H Processor | 16GB RAM 1024GB SSD | GeForce GTX 1650 4GB GDDR5 | RGB Backlit Keyboard | Windows 10 Black",,1150.51,0.0,https://www.newegg.com/p/1TS-001A-01U51,//c1.neweggimages.com/ProductImageCompressAll300/AJZD_1_202001281913377908.jpg
7,1TS-000D-07XW2,Computer Systems,Laptops / Notebooks,1,HP,"HP 15 Notebook, 15.6"" HD Touch Display, AMD Ryzen 7 3700U Upto 4.0GHz, 16GB RAM, 512GB NVMe SSD, Vega 10, HDMI, Card Reader, Wi-Fi, Bluetooth, Windows 10 Home",Free Expedited Shipping,829.99,0.0,https://www.newegg.com/silver-hp-15/p/1TS-000D-07XW2,//c1.neweggimages.com/ProductImageCompressAll300/AEYA_1_20191223985220936.jpg
8,1TS-000D-04DT2,Computer Systems,Laptops / Notebooks,1,HP,"HP ENVY x360 - 15z Home and Business Laptop (AMD Ryzen 7 3700U 4-Core, 64GB RAM, 1TB  PCIe SSD, 15.6"" Touch  Full HD (1920x1080), AMD Vega 10, Fingerprint, Wifi, Bluetooth, Webcam, Win 10 Home)",,1978.80,0.0,https://www.newegg.com/p/1TS-000D-04DT2,//c1.neweggimages.com/ProductImageCompressAll300/V0F3_1_20190612637570189.jpg
9,1TS-000D-05XS9,Computer Systems,Laptops / Notebooks,1,HP,"HP Envy X360 2 in 1 Convertible 15.6"" Customized Laptop AMD Quad-Core Ryzen 5 3500U 16GB RAM 1024GB SSD FHD Edge-to-Edge IPS Touch Display Upto 10 Hours Battery Life Windows 10 Black Only 0.7"" Thin",,1075.27,0.0,https://www.newegg.com/p/1TS-000D-05XS9,//c1.neweggimages.com/ProductImageCompressAll300/AJZD_1_201909111671037504.jpg
10,1TS-000D-09929,Computer Systems,Laptops / Notebooks,1,HP,"HP ProBook 445R G6 Notebook, 14"" FHD Display, AMD Ryzen 5 3500U Upto 3.7GHz, 16GB RAM, 256GB NVMe SSD, Vega 8, HDMI, DisplayPort via USB-C, Card Reader, Wi-Fi, Bluetooth, Windows 10 Pro",Free Expedited Shipping,899.99,0.0,https://www.newegg.com/silver-hp-probook-445r-g6/p/1TS-000D-09929,//c1.neweggimages.com/ProductImageCompressAll300/AA0S_1_20200218199887400.jpg
11,1TS-000D-045N6,Computer Systems,Laptops / Notebooks,1,HP,"HP ProBook 645 G4 Notebook, 14"" HD, AMD Quad-Core Ryzen 7 2700U Upto 3.8GHz, 16GB RAM, 256GB SSD, Radeon RX Vega 10, VGA, HDMI, Card Reader, Backlit Keyboard, Wi-Fi, BT, Windows 10 Pro",Free Expedited Shipping,999.99,0.0,https://www.newegg.com/natural-silver-hp-probook-645-g4-standard/p/1TS-000D-045N6,//c1.neweggimages.com/ProductImageCompressAll300/V1DS_1_20190516926373216.jpg
12,1TS-001A-01U43,Computer Systems,Laptops / Notebooks,1,ASUS,"ASUS FX705DT 17.3"" Customized Gaming Laptop | AMD Ryzen 7 3750H Processor | 16GB RAM 512GB SSD 1TB HDD | GeForce GTX 1650 4GB GDDR5 | RGB Backlit Keyboard | Windows 10 Black",,1099.86,0.0,https://www.newegg.com/p/1TS-001A-01U43,//c1.neweggimages.com/ProductImageCompressAll300/AJZD_1_202001281913377908.jpg
13,1TS-001A-01U24,Computer Systems,Laptops / Notebooks,1,ASUS,"ASUS FX705DT 17.3"" Customized Gaming Laptop | AMD Ryzen 7 3750H Processor | 16GB RAM 2TB HDD | GeForce GTX 1650 4GB GDDR5 | RGB Backlit Keyboard | Windows 10 Black",,1049.20,0.0,https://www.newegg.com/p/1TS-001A-01U24,//c1.neweggimages.com/ProductImageCompressAll300/AJZD_1_202001281913377908.jpg
14,1TS-001A-01U20,Computer Systems,Laptops / Notebooks,1,ASUS,"ASUS FX705DT 17.3"" Customized Gaming Laptop | AMD Ryzen 7 3750H Processor | 16GB RAM 1TB HDD | GeForce GTX 1650 4GB GDDR5 | RGB Backlit Keyboard | Windows 10 Black",,1020.26,0.0,https://www.newegg.com/p/1TS-001A-01U20,//c1.neweggimages.com/ProductImageCompressAll300/AJZD_1_202001281913377908.jpg
15,1TS-001A-01U59,Computer Systems,Laptops / Notebooks,1,ASUS,"ASUS FX705DT 17.3"" Customized Gaming Laptop | AMD Ryzen 7 3750H Processor | 16GB RAM 1024GB SSD 1TB HDD | GeForce GTX 1650 4GB GDDR5 | RGB Backlit Keyboard | Windows 10 Black",,1193.92,0.0,https://www.newegg.com/p/1TS-001A-01U59,//c1.neweggimages.com/ProductImageCompressAll300/AJZD_1_202001281913377908.jpg
16,1TS-001A-01U00,Computer Systems,Laptops / Notebooks,1,ASUS,"ASUS FX705DT 17.3"" Customized Gaming Laptop | AMD Ryzen 7 3750H Processor | 16GB RAM 128GB SSD | GeForce GTX 1650 4GB GDDR5 | RGB Backlit Keyboard | Windows 10 Black",,1005.79,0.0,https://www.newegg.com/p/1TS-001A-01U00,//c1.neweggimages.com/ProductImageCompressAll300/AJZD_1_202001281913377908.jpg
17,1TS-001A-01U32,Computer Systems,Laptops / Notebooks,1,ASUS,"ASUS FX705DT 17.3"" Customized Gaming Laptop | AMD Ryzen 7 3750H Processor | 16GB RAM 256GB SSD 500GB HDD | GeForce GTX 1650 4GB GDDR5 | RGB Backlit Keyboard | Windows 10 Black",,1049.20,0.0,https://www.newegg.com/p/1TS-001A-01U32,//c1.neweggimages.com/ProductImageCompressAll300/AJZD_1_202001281913377908.jpg
18,1TS-001A-01U55,Computer Systems,Laptops / Notebooks,1,ASUS,"ASUS FX705DT 17.3"" Customized Gaming Laptop | AMD Ryzen 7 3750H Processor | 16GB RAM 1024GB SSD 500GB HDD | GeForce GTX 1650 4GB GDDR5 | RGB Backlit Keyboard | Windows 10 Black",,1172.21,0.0,https://www.newegg.com/p/1TS-001A-01U55,//c1.neweggimages.com/ProductImageCompressAll300/AJZD_1_202001281913377908.jpg
19,1TS-001A-01U41,Computer Systems,Laptops / Notebooks,1,ASUS,"ASUS FX705DT 17.3"" Customized Gaming Laptop | AMD Ryzen 7 3750H Processor | 16GB RAM 256GB SSD 2TB HDD | GeForce GTX 1650 4GB GDDR5 | RGB Backlit Keyboard | Windows 10 Black",,1099.86,0.0,https://www.newegg.com/p/1TS-001A-01U41,//c1.neweggimages.com/ProductImageCompressAll300/AJZD_1_202001281913377908.jpg
20,1TS-001A-01U36,Computer Systems,Laptops / Notebooks,1,ASUS,"ASUS FX705DT 17.3"" Customized Gaming Laptop | AMD Ryzen 7 3750H Processor | 16GB RAM 256GB SSD 1TB HDD | GeForce GTX 1650 4GB GDDR5 | RGB Backlit Keyboard | Windows 10 Black",,1070.91,0.0,https://www.newegg.com/p/1TS-001A-01U36,//c1.neweggimages.com/ProductImageCompressAll300/AJZD_1_202001281913377908.jpg
21,1TS-001A-01U12,Computer Systems,Laptops / Notebooks,1,ASUS,"ASUS FX705DT 17.3"" Customized Gaming Laptop | AMD Ryzen 7 3750H Processor | 16GB RAM 128GB SSD 2TB HDD | GeForce GTX 1650 4GB GDDR5 | RGB Backlit Keyboard | Windows 10 Black",,1078.15,0.0,https://www.newegg.com/p/1TS-001A-01U12,//c1.neweggimages.com/ProductImageCompressAll300/AJZD_1_202001281913377908.jpg
22,1TS-001A-01U64,Computer Systems,Laptops / Notebooks,1,ASUS,"ASUS FX705DT 17.3"" Customized Gaming Laptop | AMD Ryzen 7 3750H Processor | 16GB RAM 1024GB SSD 2TB HDD | GeForce GTX 1650 4GB GDDR5 | RGB Backlit Keyboard | Windows 10 Black",,1222.87,0.0,https://www.newegg.com/p/1TS-001A-01U64,//c1.neweggimages.com/ProductImageCompressAll300/AJZD_1_202001281913377908.jpg
23,1TS-001A-01U28,Computer Systems,Laptops / Notebooks,1,ASUS,"ASUS FX705DT 17.3"" Customized Gaming Laptop | AMD Ryzen 7 3750H Processor | 16GB RAM 256GB SSD | GeForce GTX 1650 4GB GDDR5 | RGB Backlit Keyboard | Windows 10 Black",,1027.50,0.0,https://www.newegg.com/p/1TS-001A-01U28,//c1.neweggimages.com/ProductImageCompressAll300/AJZD_1_202001281913377908.jpg
24,1TS-001A-01U08,Computer Systems,Laptops / Notebooks,1,ASUS,"ASUS FX705DT 17.3"" Customized Gaming Laptop | AMD Ryzen 7 3750H Processor | 16GB RAM 128GB SSD 1TB HDD | GeForce GTX 1650 4GB GDDR5 | RGB Backlit Keyboard | Windows 10 Black",,1049.20,0.0,https://www.newegg.com/p/1TS-001A-01U08,//c1.neweggimages.com/ProductImageCompressAll300/AJZD_1_202001281913377908.jpg
25,1TS-001A-01U04,Computer Systems,Laptops / Notebooks,1,ASUS,"ASUS FX705DT 17.3"" Customized Gaming Laptop | AMD Ryzen 7 3750H Processor | 16GB RAM 128GB SSD 500GB HDD | GeForce GTX 1650 4GB GDDR5 | RGB Backlit Keyboard | Windows 10 Black",,1027.50,0.0,https://www.newegg.com/p/1TS-001A-01U04,//c1.neweggimages.com/ProductImageCompressAll300/AJZD_1_202001281913377908.jpg
26,1TS-001A-01U42,Computer Systems,Laptops / Notebooks,1,ASUS,"ASUS FX705DT 17.3"" Customized Gaming Laptop | AMD Ryzen 7 3750H Processor | 16GB RAM 512GB SSD 500GB HDD | GeForce GTX 1650 4GB GDDR5 | RGB Backlit Keyboard | Windows 10 Black",,1078.15,0.0,https://www.newegg.com/p/1TS-001A-01U42,//c1.neweggimages.com/ProductImageCompressAll300/AJZD_1_202001281913377908.jpg
27,1TS-001A-01U48,Computer Systems,Laptops / Notebooks,1,ASUS,"ASUS FX705DT 17.3"" Customized Gaming Laptop | AMD Ryzen 7 3750H Processor | 16GB RAM 512GB SSD 2TB HDD | GeForce GTX 1650 4GB GDDR5 | RGB Backlit Keyboard | Windows 10 Black",,1128.80,0.0,https://www.newegg.com/p/1TS-001A-01U48,//c1.neweggimages.com/ProductImageCompressAll300/AJZD_1_202001281913377908.jpg
28,1TS-000D-08804,Computer Systems,Laptops / Notebooks,1,HP,"HP 15-EF0875MS Home and Business Laptop (AMD Ryzen 7 3700U 4-Core, 16GB RAM, 2TB PCIe SSD, 15.6"" Touch  HD (1366x768), AMD Radeon RX Vega 10, Wifi, Bluetooth, Webcam, 2xUSB 3.1, 1xHDMI, Win 10 Home)",,1438.80,0.0,https://www.newegg.com/p/1TS-000D-08804,//c1.neweggimages.com/ProductImageCompressAll300/V0F3_1_202001171143574657.jpg
29,1TS-000D-089D4,Computer Systems,Laptops / Notebooks,1,HP,"HP 17 Notebook, 17.3"" HD+ Display, AMD Ryzen 7 3700U Upto 4.0GHz, 16GB RAM, 256GB NVMe SSD + 1TB HDD, Vega 10, DVDRW, HDMI, Card Reader, Wi-Fi, Bluetooth, Windows 10 Pro",Free Expedited Shipping,999.99,0.0,https://www.newegg.com/black-textured-hp-17/p/1TS-000D-089D4,//c1.neweggimages.com/ProductImageCompressAll300/AA0S_1_202002041724796145.jpg
30,N82E16834736088,Computer Systems,Laptops / Notebooks,1,Microsoft,"Microsoft Surface Laptop 3 - 15"" Touch-Screen - AMD Ryzen 5 Microsoft Surface Edition - 16 GB Memory - 256 GB Solid State Drive - Platinum",,1529.00,0.0,https://www.newegg.com/platinum-microsoft-surface-laptop-3-v9r-00001-mainstream/p/N82E16834736088,//c1.neweggimages.com/ProductImageCompressAll300/34-736-088-V07.jpg
31,1TS-000X-01YE4,Computer Systems,Laptops / Notebooks,1,Acer America,"Acer Swift 3 Narrow Bezel Slim Laptop, 14"" FHD IPS, AMD Ryzen 5 3500U Quad-core up to 3.70 GHz, 16GB RAM, 256GB NVMe SSD, USB-C, Vega 8 Graphics, RJ-45 LAN, FP Reader, BT, WebCam, Win 10",,669.49,0.0,https://www.newegg.com/p/1TS-000X-01YE4,//c1.neweggimages.com/ProductImageCompressAll300/A6V6_1_202003051891880252.jpg
32,1TS-000D-07XW6,Computer Systems,Laptops / Notebooks,1,HP,"HP 15 Notebook, 15.6"" HD Touch Display, AMD Ryzen 7 3700U Upto 4.0GHz, 16GB RAM, 1TB NVMe SSD, Vega 10, HDMI, Card Reader, Wi-Fi, Bluetooth, Windows 10 Home",Free Expedited Shipping,899.00,0.0,https://www.newegg.com/silver-hp-15/p/1TS-000D-07XW6,//c1.neweggimages.com/ProductImageCompressAll300/AEYA_1_201912231716970152.jpg
33,1TS-000D-04DX0,Computer Systems,Laptops / Notebooks,1,HP,"HP ENVY x360 - 15z Home and Business Laptop (AMD Ryzen 7 3700U 4-Core, 64GB RAM, 2TB  SATA SSD, 15.6"" Touch  Full HD (1920x1080), AMD Vega 10, Fingerprint, Wifi, Bluetooth, Webcam, Win 10 Home)",,2218.80,0.0,https://www.newegg.com/p/1TS-000D-04DX0,//c1.neweggimages.com/ProductImageCompressAll300/V0F3_1_20190612637570189.jpg
34,1TS-000D-07XW1,Computer Systems,Laptops / Notebooks,1,HP,"HP 15 Notebook, 15.6"" HD Touch Display, AMD Ryzen 7 3700U Upto 4.0GHz, 16GB RAM, 128GB NVMe SSD, Vega 10, HDMI, Card Reader, Wi-Fi, Bluetooth, Windows 10 Home",Free Expedited Shipping,699.00,0.0,https://www.newegg.com/silver-hp-15/p/1TS-000D-07XW1,//c1.neweggimages.com/ProductImageCompressAll300/AEYA_1_20191223596576058.jpg
35,1TS-000A-04P24,Computer Systems,Laptops / Notebooks,1,DELL,"Dell Inspiron 5575 15.6"" FHD Notebook, AMD Quad-Core Ryzen 7 2700U Upto 3.8GHz, 16GB RAM, 512GB SSD, Radeon Vega 10, HDMI, Card Reader, LAN, Wi-Fi, Bluetooth, Windows 10 Pro",Free Expedited Shipping,1033.49,0.0,https://www.newegg.com/silver-dell-inspiron-5575-creating-designing/p/1TS-000A-04P24,//c1.neweggimages.com/ProductImageCompressAll300/AA0S_1_201905231282217582.jpg
