,item_number,general_category,product_category,page_number,brand,model_specifications,current_promotions,price,shipping,product_links,image_link
0,1TS-000E-07T18,Computer Systems,Laptops / Notebooks,21,Lenovo,"Lenovo ThinkPad T470s Windows 10 Pro Laptop - Intel Core i7-7500U, 16GB RAM, 256GB SSD, 14"" IPS WQHD (2560x1440) Matte Display, Fingerprint Reader, Smart Card Reader, Black Color",,1704.99,0.0,https://www.newegg.com/p/1TS-000E-07T18?Item=9SIA8TK6UR0846,//c1.neweggimages.com/NeweggImage/ProductImageCompressAll300/A8TK_1_201709071196388703.jpg
1,1TS-000E-07WM2,Computer Systems,Laptops / Notebooks,21,Lenovo,"Lenovo ThinkPad T470s Windows 10 Pro LTE 4G Laptop - Intel Core i7-7600U, 20GB RAM, 180GB SSD, 14"" IPS WQHD (2560x1440) Matte Display, Fingerprint Reader, Smart Card Reader, Silver Color",,1759.99,0.0,https://www.newegg.com/p/1TS-000E-07WM2?Item=9SIA8TK6X35718,//c1.neweggimages.com/NeweggImage/ProductImageCompressAll300/A8TK_1_201709071888383141.jpg
2,1TS-000E-0FSK4,Computer Systems,Laptops / Notebooks,21,Lenovo,"Lenovo ThinkPad Touch T570 Windows 10 Pro - i7-7600U, 8GB RAM, 128GB SSD, 15.6"" IPS FHD (1920x1080) Matte Touchscreen, Fingerprint Reader, Black Color",,1759.99,0.0,https://www.newegg.com/p/1TS-000E-0FSK4?Item=9SIA8TKASX0703,//c1.neweggimages.com/ProductImageCompressAll300/A8TK_1_201801051728744162.jpg
3,1TS-000E-09XF1,Computer Systems,Laptops / Notebooks,21,Lenovo,"2018 Lenovo ThinkPad T480s Windows 10 Pro Laptop - i7-8550U, 24GB RAM, 128GB SSD, 14"" IPS WQHD (2560x1440) Matte Display, Fingerprint Reader, Smart Card Reader,  Black",,1649.99,0.0,https://www.newegg.com/p/1TS-000E-09XF1?Item=9SIA8TK8A10553,//c1.neweggimages.com/NeweggImage/ProductImageCompressAll300/A8TK_1_20180727843708741.jpg
4,1TS-000E-0CMN5,Computer Systems,Laptops / Notebooks,21,Lenovo,"Lenovo Business 330S Laptop - Windows 10 Pro - Intel i7-8550U, 20GB RAM, 256GB SSD, 15.6"" HD 1366x768 Display, Fast Charging",,1319.99,0.0,https://www.newegg.com/blue-lenovo-330s/p/1TS-000E-0CMN5?Item=9SIA8TK8MM1689,//c1.neweggimages.com/ProductImageCompressAll300/A8TK_1_20190111426895666.jpg
5,1TS-000E-0CMM9,Computer Systems,Laptops / Notebooks,21,Lenovo,"Lenovo Business 330S Laptop- Linux Mint 19 (Cinnamon), Intel i7-8550U, 12GB RAM, 256GB PCIe NVMe SSD + 2TB HDD, 15.6"" HD 1366x768 Display, Fast Charging",,1396.99,0.0,https://www.newegg.com/blue-lenovo-330s/p/1TS-000E-0CMM9?Item=9SIA8TK8MM1677,//c1.neweggimages.com/ProductImageCompressAll300/A8TK_1_20190111426895666.jpg
6,1TS-000E-07FP0,Computer Systems,Laptops / Notebooks,21,Lenovo,"2017 Lenovo ThinkPad X1 Carbon 4G LTE (5th Gen) - Windows 7 Pro - Modern Silver - Intel Core i7-7600U, 256GB SSD, 8GB RAM, 14"" FHD IPS (1920x1080) Display, Fingerprint Reader",,1572.99,0.0,https://www.newegg.com/p/1TS-000E-07FP0?Item=9SIA8TK6M31535,//c1.neweggimages.com/NeweggImage/ProductImageCompressAll300/A8TK_1_20170915900681419.jpg
7,1TS-000E-0A2C2,Computer Systems,Laptops / Notebooks,21,Lenovo,"2018 Lenovo ThinkPad T480s Windows 10 Pro Laptop -  i7-8650U, 12GB RAM, 256GB PCIe NVMe SSD, 14"" IPS FHD (1920x1080) Touch Display w/ NVIDIA MX150 Graphics, Smart Card ReaderBlack",,1759.99,0.0,https://www.newegg.com/p/1TS-000E-0A2C2?Item=9SIA8TK8A12127,//c1.neweggimages.com/NeweggImage/ProductImageCompressAll300/A8TK_1_20180727843708741.jpg
8,1TS-000E-09AE5,Computer Systems,Laptops / Notebooks,21,Lenovo,"2018 Lenovo ThinkPad T480s Windows 10 Pro Laptop - Intel Core i7-8650U, 8GB RAM, 128GB SSD, 14"" IPS FHD 1920x1080 Matte Display, Fingerprint Reader, 4G LTE WWAN,  Black",,1759.99,0.0,https://www.newegg.com/p/1TS-000E-09AE5?Item=9SIA8TK7ZM6470,//c1.neweggimages.com/NeweggImage/ProductImageCompressAll300/V0E4_1_20190130807883272.jpg
9,1TS-000E-09B80,Computer Systems,Laptops / Notebooks,21,Lenovo,"2018 Lenovo ThinkPad T480s Windows 10 Pro Laptop - Intel Core i7-8650U, 8GB RAM, 180GB SSD, 14"" IPS FHD (1920x1080) Matte Display, Fingerprint Reader,  Black Color",,1649.99,0.0,https://www.newegg.com/p/1TS-000E-09B80?Item=9SIA8TK7ZM6725,//c1.neweggimages.com/NeweggImage/ProductImageCompressAll300/V0E4_1_20190130807883272.jpg
10,1TS-000E-0CMJ2,Computer Systems,Laptops / Notebooks,21,Lenovo,"Lenovo Business 330S Laptop- Windows 10 Home, Intel i7-8550U, 12GB RAM, 256GB PCIe NVMe SSD + 1TB HDD, 15.6"" HD 1366x768 Display, Fast Charging",,1341.99,0.0,https://www.newegg.com/blue-lenovo-330s/p/1TS-000E-0CMJ2?Item=9SIA8TK8MM1629,//c1.neweggimages.com/ProductImageCompressAll300/A8TK_1_20190111426895666.jpg
11,1TS-000E-0CMT1,Computer Systems,Laptops / Notebooks,21,Lenovo,"Lenovo Business 330S Laptop- Windows 10 Home, Intel i7-8550U, 20GB RAM, 256GB PCIe NVMe SSD + 1TB HDD, 15.6"" HD 1366x768 Display, Fast Charging",,1451.99,0.0,https://www.newegg.com/blue-lenovo-330s/p/1TS-000E-0CMT1?Item=9SIA8TK8MM1750,//c1.neweggimages.com/ProductImageCompressAll300/A8TK_1_20190111426895666.jpg
12,1TS-000E-0D3R7,Computer Systems,Laptops / Notebooks,21,Lenovo,"Lenovo Business 330S Laptop- Windows 10 Home Premium, Intel i7-8550U, 12GB RAM, 256GB PCIe NVMe SSD + 1TB SSD, 14"" FHD IPS (1920x1080) Display, Fast Charging",,1594.99,0.0,https://www.newegg.com/gray-lenovo-330s/p/1TS-000E-0D3R7?Item=9SIA8TK8UH6057,//c1.neweggimages.com/ProductImageCompressAll300/A8TK_1_20190304562021573.jpg
13,1TS-000E-0FSN2,Computer Systems,Laptops / Notebooks,21,Lenovo,"Lenovo ThinkPad Touch T570 Windows 10 Pro - i7-7600U, 16GB RAM, 256GB PCIe NVMe SSD, 15.6"" IPS FHD (1920x1080) Matte Touchscreen, Fingerprint Reader, Black Color",,1814.99,0.0,https://www.newegg.com/p/1TS-000E-0FSN2?Item=9SIA8TKASX0721,//c1.neweggimages.com/ProductImageCompressAll300/A8TK_1_201801051728744162.jpg
14,1TS-000E-09Z12,Computer Systems,Laptops / Notebooks,21,Lenovo,"2018 Lenovo ThinkPad T480s Windows 10 Pro Laptop -  i7-8650U, 8GB RAM, 128GB SSD, 14"" IPS FHD 1920x1080 Touch Display w/ NVIDIA MX150 Graphics, Smart Card Reader, 4G LTE WWAN,  Black",,1814.99,0.0,https://www.newegg.com/p/1TS-000E-09Z12?Item=9SIA8TK8A11054,//c1.neweggimages.com/NeweggImage/ProductImageCompressAll300/A8TK_1_20180727843708741.jpg
15,1TS-000E-0A322,Computer Systems,Laptops / Notebooks,21,Lenovo,"2018 Lenovo ThinkPad T480s Windows 10 Pro Laptop -  i7-8650U, 8GB RAM, 256GB PCIe NVMe SSD, 14"" IPS FHD 1920x1080 Touch Display w/ NVIDIA MX150 Graphics, Smart Card Reader, 4G LTE WWAN, Black",,1814.99,0.0,https://www.newegg.com/p/1TS-000E-0A322?Item=9SIA8TK8A12347,//c1.neweggimages.com/NeweggImage/ProductImageCompressAll300/A8TK_1_20180727843708741.jpg
16,1TS-000E-06UH4,Computer Systems,Laptops / Notebooks,21,Lenovo,"Lenovo ThinkPad T470s Windows 7 Pro Laptop - Intel Core i7-7600U, 20GB RAM, 180GB SSD, 14"" IPS WQHD (2560x1440) Matte Display, Fingerprint Reader, Smart Card Reader, Silver Color",,1649.99,0.0,https://www.newegg.com/p/1TS-000E-06UH4?Item=9SIA8TK6CV2784,//c1.neweggimages.com/NeweggImage/ProductImageCompressAll300/A8TK_1_201709071888383141.jpg
17,1TS-000E-0DB39,Computer Systems,Laptops / Notebooks,21,Lenovo,"Lenovo Yoga 730 2-in-1 15.6"" FHD IPS Touchscreen Customized Laptop Intel Core i7-8550U 12GB RAM 128GB SSD Backlit Keyboard Fingerprint Reader Upto 9 Hours Mixed Usage Windows 10 Iron Gray",,1041.37,0.0,https://www.newegg.com/p/1TS-000E-0DB39?Item=9SIAJZD91W1094,//c1.neweggimages.com/ProductImageCompressAll300/AJZD_1_201904071285560225.jpg
18,1TS-000E-098X6,Computer Systems,Laptops / Notebooks,21,Lenovo,"2018 HDR Lenovo ThinkPad X1 Carbon (6th Gen) - Windows 10 Pro - Intel Quad Core i7-8550U, 256GB NVMe-PCIe SSD, 16GB RAM, 14"" HDR WQHD IPS (2560x1440) Non-Touch Display, Fingerprint Reader, Black",,1799.99,0.0,https://www.newegg.com/p/1TS-000E-098X6?Item=9SIA8TK7W88377,//c1.neweggimages.com/NeweggImage/ProductImageCompressAll300/A8TK_1_201806121971492725.jpg
19,1TS-000E-07FD7,Computer Systems,Laptops / Notebooks,21,Lenovo,"2017 Lenovo ThinkPad X1 Carbon 4G LTE (5th Gen) - Windows 7 Pro - Intel Core i7-7600U, 256GB NVMe-PCIe SSD, 8GB RAM, 14"" WQHD IPS (2560x1440) Display, Fingerprint Reader, (Classic Black)",,1759.99,0.0,https://www.newegg.com/p/1TS-000E-07FD7?Item=9SIA8TK6M31442,//c1.neweggimages.com/NeweggImage/ProductImageCompressAll300/A8TK_1_20170915238001060.jpg
20,1TS-000E-0D3T8,Computer Systems,Laptops / Notebooks,21,Lenovo,"Lenovo Business 330S Laptop- Linux Mint Cinnamon, Intel i7-8550U, 12GB RAM, 256GB PCIe NVMe SSD + 1TB HDD, 14"" FHD IPS (1920x1080) Display, Fast Charging",,1484.99,0.0,https://www.newegg.com/gray-lenovo-330s/p/1TS-000E-0D3T8?Item=9SIA8TK8UH6090,//c1.neweggimages.com/ProductImageCompressAll300/A8TK_1_20190304562021573.jpg
21,1TS-000E-0CMF5,Computer Systems,Laptops / Notebooks,21,Lenovo,"Lenovo Business 330S Laptop- Windows 10 Pro, Intel i7-8550U, 12GB RAM, 256GB PCIe NVMe SSD + 500GB HDD, 15.6"" HD 1366x768 Display, Fast Charging",,1341.99,0.0,https://www.newegg.com/blue-lenovo-330s/p/1TS-000E-0CMF5?Item=9SIA8TK8MM1563,//c1.neweggimages.com/ProductImageCompressAll300/A8TK_1_20190111426895666.jpg
22,1TS-000E-06TZ4,Computer Systems,Laptops / Notebooks,21,Lenovo,"Lenovo ThinkPad T470s Windows 10 Pro Laptop - Intel Core i7-7600U, 20GB RAM, 128GB SSD, 14"" IPS WQHD (2560x1440) Matte Display, Fingerprint Reader, Smart Card Reader, Silver Color",,1649.99,0.0,https://www.newegg.com/p/1TS-000E-06TZ4?Item=9SIA8TK6CV2604,//c1.neweggimages.com/NeweggImage/ProductImageCompressAll300/A8TK_1_201709071888383141.jpg
23,1TS-000E-06UJ4,Computer Systems,Laptops / Notebooks,21,Lenovo,"Lenovo ThinkPad T470s Windows 7 Pro Laptop - Intel Core i7-7600U, 8GB RAM, 256GB PCIe NVMe SSD, 14"" IPS WQHD (2560x1440) Matte Display, Fingerprint Reader, Smart Card Reader, Silver Color",,1539.99,0.0,https://www.newegg.com/p/1TS-000E-06UJ4?Item=9SIA8TK6CV2794,//c1.neweggimages.com/NeweggImage/ProductImageCompressAll300/A8TK_1_201709071888383141.jpg
24,1TS-000E-07XC1,Computer Systems,Laptops / Notebooks,21,Lenovo,"Lenovo ThinkPad T470s Windows 7 Pro LTE 4G Laptop - Intel Core i7-7600U, 8GB RAM, 256GB SSD, 14"" IPS WQHD (2560x1440) Matte Display, Fingerprint Reader, Smart Card Reader, Silver Color",,1649.99,0.0,https://www.newegg.com/p/1TS-000E-07XC1?Item=9SIA8TK6X35958,//c1.neweggimages.com/NeweggImage/ProductImageCompressAll300/A8TK_1_201709071888383141.jpg
25,1TS-000E-0FSU8,Computer Systems,Laptops / Notebooks,21,Lenovo,"Lenovo ThinkPad T570 Windows 7 Pro - i7-6600U, 32GB RAM, 180GB SSD, 15.6"" IPS FHD (1920x1080) Matte Display, Fingerprint Reader, Black Color",,1869.99,0.0,https://www.newegg.com/p/1TS-000E-0FSU8?Item=9SIA8TKASX0828,//c1.neweggimages.com/ProductImageCompressAll300/A8TK_1_201801051728744162.jpg
26,1TS-000E-0FST8,Computer Systems,Laptops / Notebooks,21,Lenovo,"Lenovo ThinkPad T570 Windows 10 Pro - i7-6600U, 32GB RAM, 128GB SSD, 15.6"" IPS FHD (1920x1080) Matte Display, Fingerprint Reader, Black Color",,1869.99,0.0,https://www.newegg.com/p/1TS-000E-0FST8?Item=9SIA8TKASX0818,//c1.neweggimages.com/ProductImageCompressAll300/A8TK_1_201801051728744162.jpg
27,1TS-000E-09BP9,Computer Systems,Laptops / Notebooks,21,Lenovo,"2018 Lenovo ThinkPad T480s Windows 10 Pro Laptop - Intel Core i7-8650U, 24GB RAM, 256GB PCIe NVMe SSD, 14"" IPS FHD (1920x1080) Matte Display, Fingerprint Reader, Black Color",,1814.99,0.0,https://www.newegg.com/p/1TS-000E-09BP9?Item=9SIA8TK7ZM6874,//c1.neweggimages.com/NeweggImage/ProductImageCompressAll300/V0E4_1_20190130807883272.jpg
28,1TS-000E-0CMD2,Computer Systems,Laptops / Notebooks,21,Lenovo,"Lenovo Business 330S Laptop- Linux Mint 19 (Cinnamon), Intel i7-8550U, 8GB RAM, 256GB PCIe NVMe SSD + 500GB HDD, 15.6"" HD 1366x768 Display, Fast Charging",,1231.99,0.0,https://www.newegg.com/blue-lenovo-330s/p/1TS-000E-0CMD2?Item=9SIA8TK8MM1517,//c1.neweggimages.com/ProductImageCompressAll300/A8TK_1_20190111426895666.jpg
29,1TS-000E-06ZJ0,Computer Systems,Laptops / Notebooks,21,Lenovo,"Lenovo ThinkPad P51 Touch+Pen Workstation - Windows 7 Pro, Intel Quad-Core i7-7700HQ, 8GB RAM, 256GB SSD + 1TB HDD, 15.6"" FHD IPS 1920x1080 Touchscreen, NVIDIA Quadro M1200M 4GB, Smart Card Reader",,1979.99,0.0,https://www.newegg.com/black-lenovo-p51-thinkpad-workstation/p/1TS-000E-06ZJ0?Item=9SIA8TK6DW4304,//c1.neweggimages.com/NeweggImage/ProductImageCompressAll300/A8TK_1_201709211877739314.jpg
30,1TS-000E-0D375,Computer Systems,Laptops / Notebooks,21,Lenovo,"Lenovo Business 330S Laptop - Windows 10 Pro - Intel i7-8550U, 8GB RAM, 250GB SSD, 14"" FHD IPS (1920x1080) Display, Fast Charging",,1429.99,0.0,https://www.newegg.com/gray-lenovo-330s/p/1TS-000E-0D375?Item=9SIA8TK8UH5699,//c1.neweggimages.com/ProductImageCompressAll300/A8TK_1_20190304562021573.jpg
31,1TS-000E-06UJ8,Computer Systems,Laptops / Notebooks,21,Lenovo,"Lenovo ThinkPad T470s Windows 7 Pro Laptop - Intel Core i7-7600U, 12GB RAM, 256GB SSD, 14"" IPS WQHD (2560x1440) Matte Display, Fingerprint Reader, Smart Card Reader, Silver Color",,1594.99,0.0,https://www.newegg.com/p/1TS-000E-06UJ8?Item=9SIA8TK6CV2798,//c1.neweggimages.com/NeweggImage/ProductImageCompressAll300/A8TK_1_201709071888383141.jpg
32,1TS-000E-0D3B7,Computer Systems,Laptops / Notebooks,21,Lenovo,"Lenovo Business 330S Laptop- Windows 10 Home Premium, Intel i7-8550U, 8GB RAM, 256GB PCIe NVMe SSD + 2TB HDD, 14"" FHD IPS (1920x1080) Display, Fast Charging",,1484.99,0.0,https://www.newegg.com/gray-lenovo-330s/p/1TS-000E-0D3B7?Item=9SIA8TK8UH5756,//c1.neweggimages.com/ProductImageCompressAll300/A8TK_1_20190304562021573.jpg
33,1TS-000E-06UM3,Computer Systems,Laptops / Notebooks,21,Lenovo,"Lenovo ThinkPad T470s Windows 7 Pro Laptop - Intel Core i7-7600U, 20GB RAM, 256GB PCIe NVMe SSD, 14"" IPS WQHD (2560x1440) Matte Display, Fingerprint Reader, Smart Card Reader, Silver Color",,1704.99,0.0,https://www.newegg.com/p/1TS-000E-06UM3?Item=9SIA8TK6CV2813,//c1.neweggimages.com/NeweggImage/ProductImageCompressAll300/A8TK_1_201709071888383141.jpg
34,1TS-000E-06VY9,Computer Systems,Laptops / Notebooks,21,Lenovo,"2017 Lenovo ThinkPad X1 Carbon (5th Gen) - Windows 7 Pro - Modern Silver - Intel Core i7-7600U, 256GB NVMe-PCIe SSD, 8GB RAM, 14"" FHD IPS (1920x1080) Display, Fingerprint Reader",,1352.99,0.0,https://www.newegg.com/p/1TS-000E-06VY9?Item=9SIA8TK6DE9846,//c1.neweggimages.com/NeweggImage/ProductImageCompressAll300/A8TK_1_20170915900681419.jpg
35,1TS-000E-07Z08,Computer Systems,Laptops / Notebooks,21,Lenovo,"Lenovo ThinkPad T470s Windows 10 Pro LTE 4G Laptop - Intel Core i7-7600U, 8GB RAM, 180GB SSD, 14"" IPS WQHD (2560x1440) Matte Display, Fingerprint Reader, Smart Card Reader, Silver Color",,1594.99,0.0,https://www.newegg.com/p/1TS-000E-07Z08?Item=9SIA8TK6X36487,//c1.neweggimages.com/NeweggImage/ProductImageCompressAll300/A8TK_1_201709071888383141.jpg
