,item_number,general_category,product_category,page_number,brand,model_specifications,current_promotions,price,shipping,product_links,image_link
0,1TS-000X-01EY0,Computer Systems,Laptops / Notebooks,10,Acer America,Acer Predator Helios 300 Customized Gaming Laptop | Intel Hexa Core i7-8750H | 12GB RAM 128GB SSD 500GB HDD | Full HD IPS Display | NVIDIA GTX 1060 6GB GDDR5 | AeroBlade 3D Fan | Windows 10 Black,,1263.87,0.0,https://www.newegg.com/p/1TS-000X-01EY0?Item=9SIAJZDAG27481,//c1.neweggimages.com/ProductImageCompressAll300/AHBU_1_20190719523360128.jpg
1,1TS-000X-01EP3,Computer Systems,Laptops / Notebooks,10,Acer America,Acer Predator Helios 300 Customized Gaming Laptop | Intel Hexa Core i7-8750H | 16GB RAM 256GB SSD | Full HD IPS Display | NVIDIA GTX 1060 6GB GDDR5 | AeroBlade 3D Fan Cooling | Windows 10 Black,,1288.53,0.0,https://www.newegg.com/p/1TS-000X-01EP3?Item=9SIAJZDAG27179,//c1.neweggimages.com/ProductImageCompressAll300/AHBU_1_20190719523360128.jpg
2,1TS-000D-06524,Computer Systems,Laptops / Notebooks,10,HP,"HP 15-dw0035cl Home Office Laptop (Intel i7-8565U 4-Core, 16GB RAM, 256GB PCIe SSD, 15.6"" Touch  HD (1366x768), Intel UHD 620, Wifi, Bluetooth, Win 10 Home) with 2YR Ext Warranty+Damage Protection",,1174.80,0.0,https://www.newegg.com/p/1TS-000D-06524?Item=9SIA7ABA2N0310,//c1.neweggimages.com/ProductImageCompressAll300/V0F3_1_201909181065508147.jpg
3,1TS-000A-045R5,Computer Systems,Laptops / Notebooks,10,DELL,"Alienware 15 R3 Gaming Notebook, 15.6"" IPS FHD, Intel Quad-Core i7-7700HQ Upto 3.8GHz, 8GB RAM, 256GB SSD, GeForce GTX 1070 8GB, HDMI, MiniDP, Wi-Fi, Bluetooth, Windows 10 Pro",Free Expedited Shipping,1543.86,0.0,https://www.newegg.com/silver-alienware-15-r3-gaming-notebook/p/1TS-000A-045R5?Item=9SIAA0S8U32214,//c1.neweggimages.com/ProductImageCompressAll300/AH3P_1_20190226188505568.jpg
4,1TS-000X-01EY7,Computer Systems,Laptops / Notebooks,10,Acer America,Acer Predator Helios 300 Customized Gaming Laptop | Intel Hexa Core i7-8750H | 16GB RAM 128GB SSD 500GB HDD | Full HD IPS Display | NVIDIA GTX 1060 6GB GDDR5 | AeroBlade 3D Fan | Windows 10 Black,,1288.53,0.0,https://www.newegg.com/p/1TS-000X-01EY7?Item=9SIAJZDAG27488,//c1.neweggimages.com/ProductImageCompressAll300/AHBU_1_20190719523360128.jpg
5,1TS-000X-01EX2,Computer Systems,Laptops / Notebooks,10,Acer America,Acer Predator Helios 300 Customized Gaming Laptop | Intel Hexa Core i7-8750H | 16GB RAM 256GB SSD 500GB HDD | Full HD IPS Display | NVIDIA GTX 1060 6GB GDDR5 | AeroBlade 3D Fan | Windows 10 Black,,1307.03,0.0,https://www.newegg.com/p/1TS-000X-01EX2?Item=9SIAJZDAG27473,//c1.neweggimages.com/ProductImageCompressAll300/AHBU_1_20190719523360128.jpg
6,1TS-000D-04KV3,Computer Systems,Laptops / Notebooks,10,HP,"HP OMEN 15t Gaming and Entertainment Laptop (Intel i7-9750H 6-Core, 8GB RAM, 256GB  PCIe SSD + 1TB  HDD , 15.6"" Full HD (1920x1080), NVIDIA GTX 1660 Ti, Wifi, Bluetooth, Webcam, 3xUSB 3.1, Win 10 Pro)",,1978.80,0.0,https://www.newegg.com/p/1TS-000D-04KV3?Item=9SIA7AB9EE9694,//c1.neweggimages.com/ProductImageCompressAll300/V0F3_1_201906211419103389.jpg
7,1TS-000X-01ER4,Computer Systems,Laptops / Notebooks,10,Acer America,Acer Predator Helios 300 Customized Gaming Laptop | Intel Hexa Core i7-8750H | 32GB RAM 128GB SSD | Full HD IPS Display | NVIDIA GTX 1060 6GB GDDR5 | AeroBlade 3D Fan Cooling | Windows 10 Black,,1393.34,0.0,https://www.newegg.com/p/1TS-000X-01ER4?Item=9SIAJZDAG27240,//c1.neweggimages.com/ProductImageCompressAll300/AHBU_1_20190719523360128.jpg
8,1TS-000X-01F12,Computer Systems,Laptops / Notebooks,10,Acer America,Acer Predator Helios 300 Customized Gaming Laptop | Intel Hexa Core i7-8750H | 24GB RAM 256GB SSD 500GB HDD | Full HD IPS Display | NVIDIA GTX 1060 6GB GDDR5 | AeroBlade 3D Fan | Windows 10 Black,,1368.68,0.0,https://www.newegg.com/p/1TS-000X-01F12?Item=9SIAJZDAG27514,//c1.neweggimages.com/ProductImageCompressAll300/AHBU_1_20190719523360128.jpg
9,1TS-000A-045S1,Computer Systems,Laptops / Notebooks,10,DELL,"Alienware 15 R3 Gaming Notebook, 15.6"" IPS FHD, Intel Quad-Core i7-7700HQ Upto 3.8GHz, 16GB RAM, 256GB SSD, GeForce GTX 1070 8GB, HDMI, MiniDP, Wi-Fi, Bluetooth, Windows 10 Home",Free Expedited Shipping,1567.62,0.0,https://www.newegg.com/silver-alienware-15-r3-gaming-notebook/p/1TS-000A-045S1?Item=9SIAEYA8U33477,//c1.neweggimages.com/ProductImageCompressAll300/AEYA_1_201902261678432284.jpg
10,1TS-000A-045N7,Computer Systems,Laptops / Notebooks,10,DELL,"Alienware 15 R3 Gaming Notebook, 15.6"" IPS FHD, Intel Quad-Core i7-7700HQ Upto 3.8GHz, 16GB RAM, 128GB SSD + 1TB HDD, GeForce GTX 1070 8GB, HDMI, MiniDP, Wi-Fi, Bluetooth, Windows 10 Home",Free Expedited Shipping,1583.28,0.0,https://www.newegg.com/silver-alienware-15-r3-gaming-notebook/p/1TS-000A-045N7?Item=9SIAA0S8U32177,//c1.neweggimages.com/ProductImageCompressAll300/AA0S_1_20190226491906708.jpg
11,1TS-000X-01EZ5,Computer Systems,Laptops / Notebooks,10,Acer America,Acer Predator Helios 300 Customized Gaming Laptop | Intel Hexa Core i7-8750H | 32GB RAM 256GB SSD 2TB HDD | Full HD IPS Display | NVIDIA GTX 1060 6GB GDDR5 | AeroBlade 3D Fan | Windows 10 Black,,1473.49,0.0,https://www.newegg.com/p/1TS-000X-01EZ5?Item=9SIAJZDAG27496,//c1.neweggimages.com/ProductImageCompressAll300/AHBU_1_20190719523360128.jpg
12,1TS-000X-01EX9,Computer Systems,Laptops / Notebooks,10,Acer America,Acer Predator Helios 300 Customized Gaming Laptop | Intel Hexa Core i7-8750H | 16GB RAM 256GB SSD 2TB HDD | Full HD IPS Display | NVIDIA GTX 1060 6GB GDDR5 | AeroBlade 3D Fan | Windows 10 Black,,1350.18,0.0,https://www.newegg.com/p/1TS-000X-01EX9?Item=9SIAJZDAG27480,//c1.neweggimages.com/ProductImageCompressAll300/AHBU_1_20190719523360128.jpg
13,1TS-000X-01EX8,Computer Systems,Laptops / Notebooks,10,Acer America,Acer Predator Helios 300 Customized Gaming Laptop | Intel Hexa Core i7-8750H | 12GB RAM 256GB SSD 2TB HDD | Full HD IPS Display | NVIDIA GTX 1060 6GB GDDR5 | AeroBlade 3D Fan | Windows 10 Black,,1325.52,0.0,https://www.newegg.com/p/1TS-000X-01EX8?Item=9SIAJZDAG27479,//c1.neweggimages.com/ProductImageCompressAll300/AHBU_1_20190719523360128.jpg
14,1TS-000X-01EM1,Computer Systems,Laptops / Notebooks,10,Acer America,Acer Predator Helios 300 Customized Gaming Laptop | Intel Hexa Core i7-8750H | 8GB RAM 128GB SSD | Full HD IPS Display | NVIDIA GTX 1060 6GB GDDR5 | AeroBlade 3D Fan Cooling | Windows 10 Black,,1220.72,0.0,https://www.newegg.com/p/1TS-000X-01EM1?Item=9SIAJZDAG27157,//c1.neweggimages.com/ProductImageCompressAll300/AHBU_1_20190719523360128.jpg
15,1TS-000X-01F00,Computer Systems,Laptops / Notebooks,10,Acer America,Acer Predator Helios 300 Customized Gaming Laptop | Intel Hexa Core i7-8750H | 32GB RAM 128GB SSD 500GB HDD | Full HD IPS Display | NVIDIA GTX 1060 6GB GDDR5 | AeroBlade 3D Fan | Windows 10 Black,,1411.84,0.0,https://www.newegg.com/p/1TS-000X-01F00?Item=9SIAJZDAG27501,//c1.neweggimages.com/ProductImageCompressAll300/AHBU_1_20190719523360128.jpg
16,1TS-000X-01EX6,Computer Systems,Laptops / Notebooks,10,Acer America,Acer Predator Helios 300 Customized Gaming Laptop | Intel Hexa Core i7-8750H | 16GB RAM 256GB SSD 1TB HDD | Full HD IPS Display | NVIDIA GTX 1060 6GB GDDR5 | AeroBlade 3D Fan | Windows 10 Black,,1325.52,0.0,https://www.newegg.com/p/1TS-000X-01EX6?Item=9SIAJZDAG27477,//c1.neweggimages.com/ProductImageCompressAll300/AHBU_1_20190719523360128.jpg
17,1TS-000X-01F08,Computer Systems,Laptops / Notebooks,10,Acer America,Acer Predator Helios 300 Customized Gaming Laptop | Intel Hexa Core i7-8750H | 24GB RAM 128GB SSD 2TB HDD | Full HD IPS Display | NVIDIA GTX 1060 6GB GDDR5 | AeroBlade 3D Fan | Windows 10 Black,,1393.34,0.0,https://www.newegg.com/p/1TS-000X-01F08?Item=9SIAJZDAG27510,//c1.neweggimages.com/ProductImageCompressAll300/AHBU_1_20190719523360128.jpg
18,1TS-000X-01EN0,Computer Systems,Laptops / Notebooks,10,Acer America,Acer Predator Helios 300 Customized Gaming Laptop | Intel Hexa Core i7-8750H | 8GB RAM 128GB SSD 2TB HDD | Full HD IPS Display | NVIDIA GTX 1060 6GB GDDR5 | AeroBlade 3D Fan Cooling | Windows 10 Black,,1282.37,0.0,https://www.newegg.com/p/1TS-000X-01EN0?Item=9SIAJZDAG27166,//c1.neweggimages.com/ProductImageCompressAll300/AHBU_1_20190719523360128.jpg
19,1TS-000X-01F07,Computer Systems,Laptops / Notebooks,10,Acer America,Acer Predator Helios 300 Customized Gaming Laptop | Intel Hexa Core i7-8750H | 32GB RAM 128GB SSD 2TB HDD | Full HD IPS Display | NVIDIA GTX 1060 6GB GDDR5 | AeroBlade 3D Fan | Windows 10 Black,,1454.99,0.0,https://www.newegg.com/p/1TS-000X-01F07?Item=9SIAJZDAG27509,//c1.neweggimages.com/ProductImageCompressAll300/AHBU_1_20190719523360128.jpg
20,1TS-000A-045T5,Computer Systems,Laptops / Notebooks,10,DELL,"Alienware 15 R3 Gaming Notebook, 15.6"" IPS FHD, Intel Quad-Core i7-7700HQ Upto 3.8GHz, 8GB RAM, 256GB SSD, GeForce GTX 1070 8GB, HDMI, MiniDP, Wi-Fi, Bluetooth, Windows 10 Home",Free Expedited Shipping,1537.38,0.0,https://www.newegg.com/silver-alienware-15-r3-gaming-notebook/p/1TS-000A-045T5?Item=9SIAEYA8U33513,//c1.neweggimages.com/ProductImageCompressAll300/AEYA_1_20190226314916244.jpg
21,1TS-000A-045P1,Computer Systems,Laptops / Notebooks,10,DELL,"Alienware 15 R3 Gaming Notebook, 15.6"" IPS FHD, Intel Quad-Core i7-7700HQ Upto 3.8GHz, 16GB RAM, 256GB SSD, GeForce GTX 1070 8GB, HDMI, MiniDP, Wi-Fi, Bluetooth, Windows 10 Pro",Free Expedited Shipping,1574.10,0.0,https://www.newegg.com/silver-alienware-15-r3-gaming-notebook/p/1TS-000A-045P1?Item=9SIAA0S8U32186,//c1.neweggimages.com/ProductImageCompressAll300/AA0S_1_201902261219681479.jpg
22,1TS-000X-01EN4,Computer Systems,Laptops / Notebooks,10,Acer America,Acer Predator Helios 300 Customized Gaming Laptop | Intel Hexa Core i7-8750H | 12GB RAM 128GB SSD | Full HD IPS Display | NVIDIA GTX 1060 6GB GDDR5 | AeroBlade 3D Fan Cooling | Windows 10 Black,,1245.38,0.0,https://www.newegg.com/p/1TS-000X-01EN4?Item=9SIAJZDAG27170,//c1.neweggimages.com/ProductImageCompressAll300/AHBU_1_20190719523360128.jpg
23,1TS-000A-045P0,Computer Systems,Laptops / Notebooks,10,DELL,"Alienware 15 R3 Gaming Notebook, 15.6"" IPS FHD, Intel Quad-Core i7-7700HQ Upto 3.8GHz, 16GB RAM, 256GB SSD + 1TB HDD, GeForce GTX 1070 8GB, HDMI, MiniDP, Wi-Fi, Bluetooth, Windows 10 Pro",Free Expedited Shipping,1599.48,0.0,https://www.newegg.com/silver-alienware-15-r3-gaming-notebook/p/1TS-000A-045P0?Item=9SIAA0S8U32185,//c1.neweggimages.com/ProductImageCompressAll300/AF4V_1_20190226744415700.jpg
24,1TS-000D-067W1,Computer Systems,Laptops / Notebooks,10,HP,"HP ENVY x360 Home and Business Laptop (Intel i7-8565U 4-Core, 8GB RAM, 256GB PCIe SSD, 15.6"" Touch  4K UHD (3840x2160), NVIDIA GeForce MX150, Fingerprint, Wifi, Bluetooth, Webcam, Win 10 Pro)",,1738.80,0.0,https://www.newegg.com/p/1TS-000D-067W1?Item=9SIA7ABA2S2516,//c1.neweggimages.com/ProductImageCompressAll300/V0F3_1_2019091327061973.jpg
25,1TS-000X-01ER0,Computer Systems,Laptops / Notebooks,10,Acer America,Acer Predator Helios 300 Customized Gaming Laptop | Intel Hexa Core i7-8750H | 24GB RAM 128GB SSD | Full HD IPS Display | NVIDIA GTX 1060 6GB GDDR5 | AeroBlade 3D Fan Cooling | Windows 10 Black,,1331.69,0.0,https://www.newegg.com/p/1TS-000X-01ER0?Item=9SIAJZDAG27236,//c1.neweggimages.com/ProductImageCompressAll300/AHBU_1_20190719523360128.jpg
26,1TS-000X-01EM9,Computer Systems,Laptops / Notebooks,10,Acer America,Acer Predator Helios 300 Customized Gaming Laptop | Intel Hexa Core i7-8750H | 16GB RAM 128GB SSD | Full HD IPS Display | NVIDIA GTX 1060 6GB GDDR5 | AeroBlade 3D Fan Cooling | Windows 10 Black,,1270.04,0.0,https://www.newegg.com/p/1TS-000X-01EM9?Item=9SIAJZDAG27165,//c1.neweggimages.com/ProductImageCompressAll300/AHBU_1_20190719523360128.jpg
27,1TS-000X-01EW7,Computer Systems,Laptops / Notebooks,10,Acer America,Acer Predator Helios 300 Customized Gaming Laptop | Intel Hexa Core i7-8750H | 16GB RAM 128GB SSD 2TB HDD | Full HD IPS Display | NVIDIA GTX 1060 6GB GDDR5 | AeroBlade 3D Fan | Windows 10 Black,,1331.69,0.0,https://www.newegg.com/p/1TS-000X-01EW7?Item=9SIAJZDAG27468,//c1.neweggimages.com/ProductImageCompressAll300/AHBU_1_20190719523360128.jpg
28,1TS-000A-045T2,Computer Systems,Laptops / Notebooks,10,DELL,"Alienware 15 R3 Gaming Notebook, 15.6"" IPS FHD, Intel Quad-Core i7-7700HQ Upto 3.8GHz, 8GB RAM, 128GB SSD + 1TB HDD, GeForce GTX 1070 8GB, HDMI, MiniDP, Wi-Fi, Bluetooth, Windows 10 Home",Free Expedited Shipping,1553.04,0.0,https://www.newegg.com/silver-alienware-15-r3-gaming-notebook/p/1TS-000A-045T2?Item=9SIAEYA8U33505,//c1.neweggimages.com/ProductImageCompressAll300/AEYA_1_201902262075009161.jpg
29,1TS-000X-01EN2,Computer Systems,Laptops / Notebooks,10,Acer America,Acer Predator Helios 300 Customized Gaming Laptop | Intel Hexa Core i7-8750H | 8GB RAM 256GB SSD | Full HD IPS Display | NVIDIA GTX 1060 6GB GDDR5 | AeroBlade 3D Fan Cooling | Windows 10 Black,,1239.21,0.0,https://www.newegg.com/p/1TS-000X-01EN2?Item=9SIAJZDAG27168,//c1.neweggimages.com/ProductImageCompressAll300/AHBU_1_20190719523360128.jpg
30,1TS-000X-01EX0,Computer Systems,Laptops / Notebooks,10,Acer America,Acer Predator Helios 300 Customized Gaming Laptop | Intel Hexa Core i7-8750H | 12GB RAM 256GB SSD 500GB HDD | Full HD IPS Display | NVIDIA GTX 1060 6GB GDDR5 | AeroBlade 3D Fan | Windows 10 Black,,1282.37,0.0,https://www.newegg.com/p/1TS-000X-01EX0?Item=9SIAJZDAG27471,//c1.neweggimages.com/ProductImageCompressAll300/AHBU_1_20190719523360128.jpg
31,1TS-000X-01F04,Computer Systems,Laptops / Notebooks,10,Acer America,Acer Predator Helios 300 Customized Gaming Laptop | Intel Hexa Core i7-8750H | 32GB RAM 128GB SSD 1TB HDD | Full HD IPS Display | NVIDIA GTX 1060 6GB GDDR5 | AeroBlade 3D Fan | Windows 10 Black,,1430.33,0.0,https://www.newegg.com/p/1TS-000X-01F04?Item=9SIAJZDAG27506,//c1.neweggimages.com/ProductImageCompressAll300/AHBU_1_20190719523360128.jpg
32,1TS-000X-01EZ4,Computer Systems,Laptops / Notebooks,10,Acer America,Acer Predator Helios 300 Customized Gaming Laptop | Intel Hexa Core i7-8750H | 24GB RAM 256GB SSD 2TB HDD | Full HD IPS Display | NVIDIA GTX 1060 6GB GDDR5 | AeroBlade 3D Fan | Windows 10 Black,,1411.84,0.0,https://www.newegg.com/p/1TS-000X-01EZ4?Item=9SIAJZDAG27495,//c1.neweggimages.com/ProductImageCompressAll300/AHBU_1_20190719523360128.jpg
33,1TS-000A-045S7,Computer Systems,Laptops / Notebooks,10,DELL,"Alienware 15 R3 Gaming Notebook, 15.6"" IPS FHD, Intel Quad-Core i7-7700HQ Upto 3.8GHz, 32GB RAM, 256GB SSD + 1TB HDD, GeForce GTX 1070 8GB, HDMI, MiniDP, Wi-Fi, Bluetooth, Windows 10 Home",Free Expedited Shipping,1647.00,0.0,https://www.newegg.com/silver-alienware-15-r3-gaming-notebook/p/1TS-000A-045S7?Item=9SIAEYA8U33494,//c1.neweggimages.com/ProductImageCompressAll300/AEYA_1_201902261117426942.jpg
34,1TS-000X-01EW6,Computer Systems,Laptops / Notebooks,10,Acer America,Acer Predator Helios 300 Customized Gaming Laptop | Intel Hexa Core i7-8750H | 12GB RAM 128GB SSD 2TB HDD | Full HD IPS Display | NVIDIA GTX 1060 6GB GDDR5 | AeroBlade 3D Fan | Windows 10 Black,,1307.03,0.0,https://www.newegg.com/p/1TS-000X-01EW6?Item=9SIAJZDAG27467,//c1.neweggimages.com/ProductImageCompressAll300/AHBU_1_20190719523360128.jpg
35,1TS-000A-045P5,Computer Systems,Laptops / Notebooks,10,DELL,"Alienware 15 R3 Gaming Notebook, 15.6"" IPS FHD, Intel Quad-Core i7-7700HQ Upto 3.8GHz, 32GB RAM, 128GB SSD + 1TB HDD, GeForce GTX 1070 8GB, HDMI, MiniDP, Wi-Fi, Bluetooth, Windows 10 Pro",Free Expedited Shipping,1643.76,0.0,https://www.newegg.com/silver-alienware-15-r3-gaming-notebook/p/1TS-000A-045P5?Item=9SIAA0S8U32193,//c1.neweggimages.com/ProductImageCompressAll300/A9YN_1_201902261236913719.jpg
