,item_number,general_category,product_category,page_number,brand,model_specifications,current_promotions,price,shipping,product_links,image_link
0,1TS-001A-00V01,Computer Systems,Laptops / Notebooks,7,ASUS,"ASUS TUF705 Gaming and Entertainment Laptop (AMD Ryzen 7 3750H 4-Core, 32GB RAM, 512GB  SATA SSD, 17.3"" Full HD (1920x1080), NVIDIA GTX 1660 Ti, ) with ROG CASE , GT300 Mouse , GM50 Mouse pad",Free Expedited Shipping,2327.99,0.0,https://www.newegg.com/p/1TS-001A-00V01,//c1.neweggimages.com/ProductImageCompressAll300/A7AB_1_201908161622343265.jpg
1,1TS-000A-04P72,Computer Systems,Laptops / Notebooks,7,DELL,"Dell Inspiron 5575 15.6"" FHD Notebook, AMD Quad-Core Ryzen 7 2700U Upto 3.8GHz, 8GB RAM, 1TB SSD, Radeon Vega 10, HDMI, Card Reader, LAN, Wi-Fi, Bluetooth, Windows 10 Home",Free Expedited Shipping,1059.49,0.0,https://www.newegg.com/silver-dell-inspiron-5575-creating-designing/p/1TS-000A-04P72,//c1.neweggimages.com/ProductImageCompressAll300/AA0S_1_201905231432136847.jpg
2,1TS-000E-0FAF6,Computer Systems,Laptops / Notebooks,7,Lenovo,"Lenovo IdeaPad 330s Notebook, 15.6"" HD Display, AMD Ryzen 5 2500U Upto 3.6GHz, 20GB RAM, 128GB NVMe SSD + 1TB HDD, Vega 8, HDMI, Card Reader, Wi-Fi, Bluetooth, Windows 10 Pro",Free Expedited Shipping,758.99,0.0,https://www.newegg.com/natural-silver-lenovo-ideapad-330s/p/1TS-000E-0FAF6,//c1.neweggimages.com/ProductImageCompressAll300/AA0S_1_20191107569829573.jpg
3,1TS-001A-02207,Computer Systems,Laptops / Notebooks,7,ASUS,"ASUS ZenBook 14 UM433DA-DH75 Home and Business Laptop (AMD Ryzen 7 3700U 4-Core, 8GB RAM, 1TB PCIe SSD, 14.0"" Full HD (1920x1080), AMD Radeon RX Vega 10, Wifi, Bluetooth, Webcam, 1xHDMI, Win 10 Pro)",,1546.80,0.0,https://www.newegg.com/p/1TS-001A-02207,//c1.neweggimages.com/ProductImageCompressAll300/V0F3_1_202002131011343831.jpg
4,1TS-001A-02208,Computer Systems,Laptops / Notebooks,7,ASUS,"ASUS ZenBook 14 UM433DA-DH75 Home and Business Laptop (AMD Ryzen 7 3700U 4-Core, 8GB RAM, 2TB PCIe SSD, 14.0"" Full HD (1920x1080), AMD Radeon RX Vega 10, Wifi, Bluetooth, Webcam, 1xHDMI, Win 10 Home)",,1606.80,0.0,https://www.newegg.com/p/1TS-001A-02208,//c1.neweggimages.com/ProductImageCompressAll300/V0F3_1_202002131011343831.jpg
5,1TS-001A-02209,Computer Systems,Laptops / Notebooks,7,ASUS,"ASUS ZenBook 14 UM433DA-DH75 Home and Business Laptop (AMD Ryzen 7 3700U 4-Core, 8GB RAM, 1TB PCIe SSD, 14.0"" Full HD (1920x1080), AMD Radeon RX Vega 10, Wifi, Bluetooth, Webcam, 1xHDMI, Win 10 Home)",,1366.80,0.0,https://www.newegg.com/p/1TS-001A-02209,//c1.neweggimages.com/ProductImageCompressAll300/V0F3_1_202002131011343831.jpg
6,1TS-001A-02210,Computer Systems,Laptops / Notebooks,7,ASUS,"ASUS ZenBook 14 UM433DA-DH75 Home and Business Laptop (AMD Ryzen 7 3700U 4-Core, 8GB RAM, 2TB PCIe SSD, 14.0"" Full HD (1920x1080), AMD Radeon RX Vega 10, Wifi, Bluetooth, Webcam, 1xHDMI, Win 10 Pro)",,1786.80,0.0,https://www.newegg.com/p/1TS-001A-02210,//c1.neweggimages.com/ProductImageCompressAll300/V0F3_1_202002131011343831.jpg
7,1TS-001A-02201,Computer Systems,Laptops / Notebooks,7,ASUS,"ASUS ZenBook 14 UM433DA-DH75 Home and Business Laptop (AMD Ryzen 7 3700U 4-Core, 8GB RAM, 512GB SSD, 14.0"" Full HD (1920x1080), AMD Radeon RX Vega 10, Wifi, Bluetooth, Webcam, 1xHDMI, Win 10 Home)",,946.80,0.0,https://www.newegg.com/p/1TS-001A-02201,//c1.neweggimages.com/ProductImageCompressAll300/V0F3_1_202002131011343831.jpg
8,1TS-000D-09931,Computer Systems,Laptops / Notebooks,7,HP,"HP ProBook 445R G6 Notebook, 14"" FHD Display, AMD Ryzen 5 3500U Upto 3.7GHz, 8GB RAM, 512GB NVMe SSD + 1TB HDD, Vega 8, HDMI, DisplayPort via USB-C, Card Reader, Wi-Fi, Bluetooth, Windows 10 Pro",Free Expedited Shipping,929.99,0.0,https://www.newegg.com/silver-hp-probook-445r-g6/p/1TS-000D-09931,//c1.neweggimages.com/ProductImageCompressAll300/AA0S_1_20200218193768495.jpg
9,1TS-000D-089D8,Computer Systems,Laptops / Notebooks,7,HP,"HP 17 Notebook, 17.3"" HD+ Display, AMD Ryzen 7 3700U Upto 4.0GHz, 8GB RAM, 128GB NVMe SSD + 1TB HDD, Vega 10, DVDRW, HDMI, Card Reader, Wi-Fi, Bluetooth, Windows 10 Pro",Free Expedited Shipping,829.99,0.0,https://www.newegg.com/black-textured-hp-17/p/1TS-000D-089D8,//c1.neweggimages.com/ProductImageCompressAll300/AA0S_1_20200204494889376.jpg
10,1TS-000D-089G6,Computer Systems,Laptops / Notebooks,7,HP,"HP 17 Notebook, 17.3"" HD+ Display, AMD Ryzen 7 3700U Upto 4.0GHz, 8GB RAM, 256GB NVMe SSD + 1TB HDD, Vega 10, DVDRW, HDMI, Card Reader, Wi-Fi, Bluetooth, Windows 10 Home",Free Expedited Shipping,899.99,0.0,https://www.newegg.com/black-textured-hp-17/p/1TS-000D-089G6,//c1.neweggimages.com/ProductImageCompressAll300/AEYA_1_20200204809149623.jpg
11,1TS-000D-089D0,Computer Systems,Laptops / Notebooks,7,HP,"HP 17 Notebook, 17.3"" HD+ Display, AMD Ryzen 7 3700U Upto 4.0GHz, 32GB RAM, 512GB NVMe SSD + 1TB HDD, Vega 10, DVDRW, HDMI, Card Reader, Wi-Fi, Bluetooth, Windows 10 Pro",Free Expedited Shipping,1329.99,0.0,https://www.newegg.com/black-textured-hp-17/p/1TS-000D-089D0,//c1.neweggimages.com/ProductImageCompressAll300/AA0S_1_202002041917028356.jpg
12,1TS-001A-024D5,Computer Systems,Laptops / Notebooks,7,ASUS,"ASUS TUF Gaming FX505D 15.6"" Quad Core AMD Ryzen 7 up to 4.0GHz, 32GB DDR4, 512GB NVME SSD, Nvidia GeForce GTX 1650 4GB, HDMI, Wi-Fi, Bluetooth, USB 3.1, Windows 10 Pro (Black) Laptop",,1139.99,0.0,https://www.newegg.com/black-asus-tuf-fx505dt-wb72/p/1TS-001A-024D5,//c1.neweggimages.com/ProductImageCompressAll300/A65E_1_20200311335006281.jpg
13,1TS-001A-01TU5,Computer Systems,Laptops / Notebooks,7,ASUS,"ASUS FX705DT 17.3"" Customized Gaming Laptop | AMD Ryzen 7 3750H Processor | 16GB RAM 128GB SSD 500GB HDD | GeForce GTX 1650 4GB GDDR5 | RGB Backlit Keyboard | Windows 10 Black",,1027.50,0.0,https://www.newegg.com/p/1TS-001A-01TU5,//c1.neweggimages.com/ProductImageCompressAll300/AJZD_1_202001281913377908.jpg
14,1TS-000D-089F7,Computer Systems,Laptops / Notebooks,7,HP,"HP 17 Notebook, 17.3"" HD+ Display, AMD Ryzen 7 3700U Upto 4.0GHz, 32GB RAM, 2TB SSD, Vega 10, DVDRW, HDMI, Card Reader, Wi-Fi, Bluetooth, Windows 10 Home",Free Expedited Shipping,1629.99,0.0,https://www.newegg.com/black-textured-hp-17/p/1TS-000D-089F7,//c1.neweggimages.com/ProductImageCompressAll300/AEYA_1_202002043490071.jpg
15,1TS-000D-089G5,Computer Systems,Laptops / Notebooks,7,HP,"HP 17 Notebook, 17.3"" HD+ Display, AMD Ryzen 7 3700U Upto 4.0GHz, 32GB RAM, 1TB SSD, Vega 10, DVDRW, HDMI, Card Reader, Wi-Fi, Bluetooth, Windows 10 Home",Free Expedited Shipping,1429.99,0.0,https://www.newegg.com/black-textured-hp-17/p/1TS-000D-089G5,//c1.neweggimages.com/ProductImageCompressAll300/AEYA_1_202002041503315776.jpg
16,1TS-001A-01TS0,Computer Systems,Laptops / Notebooks,7,ASUS,"ASUS FX705DT 17.3"" Customized Gaming Laptop | AMD Ryzen 7 3750H Processor | 16GB RAM 256GB SSD | GeForce GTX 1650 4GB GDDR5 | RGB Backlit Keyboard | Windows 10 Black",,1027.50,0.0,https://www.newegg.com/p/1TS-001A-01TS0,//c1.neweggimages.com/ProductImageCompressAll300/AJZD_1_202001281913377908.jpg
17,1TS-000D-089G2,Computer Systems,Laptops / Notebooks,7,HP,"HP 17 Notebook, 17.3"" HD+ Display, AMD Ryzen 7 3700U Upto 4.0GHz, 16GB RAM, 256GB NVMe SSD + 1TB HDD, Vega 10, DVDRW, HDMI, Card Reader, Wi-Fi, Bluetooth, Windows 10 Home",Free Expedited Shipping,999.99,0.0,https://www.newegg.com/black-textured-hp-17/p/1TS-000D-089G2,//c1.neweggimages.com/ProductImageCompressAll300/AEYA_1_202002041420954086.jpg
18,1TS-001A-024D4,Computer Systems,Laptops / Notebooks,7,ASUS,"ASUS TUF Gaming FX505D 15.6"" Quad Core AMD Ryzen 7 up to 4.0GHz, 8GB DDR4, 256GB NVME SSD, Nvidia GeForce GTX 1650 4GB, HDMI, Wi-Fi, Bluetooth, USB 3.1, Windows 10 Pro (Black) Laptop",,999.99,0.0,https://www.newegg.com/black-asus-tuf-fx505dt-wb72/p/1TS-001A-024D4,//c1.neweggimages.com/ProductImageCompressAll300/A65E_1_20200311335006281.jpg
19,N82E16834235206,Computer Systems,Laptops / Notebooks,7,ASUS,"ASUS Laptop VivoBook F512DA-EB51 AMD Ryzen 5 2nd Gen 3500U (2.10 GHz) 8 GB Memory 256 GB SSD AMD Radeon Vega 8 15.6"" Windows 10 Home 64-bit",,954.14,0.0,https://www.newegg.com/slate-gray-asus-vivobook-f512da-eb51-mainstream/p/N82E16834235206,//c1.neweggimages.com/ProductImageCompressAll300/34-235-206-V16.jpg
20,1TS-000A-06ED9,Computer Systems,Laptops / Notebooks,7,DELL,"Dell Inspiron 13 2-in-1 7000 13.3"" Premium Customized Laptop, AMD Quad Core Ryzen 5 2500U Processor 24GB RAM 256GB SSD Full HD Touchscreen, AMD Radeon Vega 8, Backlit Keyboard, Windows 10 Black",,814.13,0.0,https://www.newegg.com/p/1TS-000A-06ED9,//c1.neweggimages.com/ProductImageCompressAll300/AJZD_1_20191003830412028.jpg
21,N82E16834847185,Computer Systems,Laptops / Notebooks,7,Lenovo,"Lenovo Laptop ThinkPad E585 20KV000WUS AMD Ryzen 5 1st Gen 2500U (2.00 GHz) 8 GB Memory 256 GB SSD AMD Radeon Vega 8 15.6"" Windows 10 Pro 64-bit",,849.00,5.49,https://www.newegg.com/glossy-black-lenovo-thinkpad-e585-20kv000wus-mainstream/p/N82E16834847185,//c1.neweggimages.com/NeweggImage/ProductImageCompressAll300/A0ZX_1_201901101449182423.jpg
22,1TS-000A-02WF6,Computer Systems,Laptops / Notebooks,7,DELL,"Dell - Inspiron 2-in-1 13.3"" Touch-Screen Laptop - AMD Ryzen 5 - 8GB Memory - 256GB Solid State Drive - Era Gray I7375-A439GRY-PUS Notebook PC Computer Tablet",,789.00,0.0,https://www.newegg.com/gray-dell-inspiron-i7375-a439gry-pus-everyday-value/p/1TS-000A-02WF6,//c1.neweggimages.com/NeweggImage/ProductImageCompressAll300/A85V_1_201905161340422240.jpg
23,1TS-000D-05HV0,Computer Systems,Laptops / Notebooks,7,HP,"HP ENVY x360 - 15z Home and Business Laptop (AMD Ryzen 7 3700U 4-Core, 16GB RAM, 256GB SSD, 15.6"" Touch  Full HD (1920x1080), AMD Vega 10, Fingerprint, Win 10 Home) with HP Z5000 Mouse , ME2 Backpack",,1174.80,0.0,https://www.newegg.com/p/1TS-000D-05HV0,//c1.neweggimages.com/ProductImageCompressAll300/V0F3_1_20190827164422094.jpg
24,1TS-000A-04P60,Computer Systems,Laptops / Notebooks,7,DELL,"Dell Inspiron 5575 15.6"" FHD Notebook, AMD Quad-Core Ryzen 7 2700U Upto 3.8GHz, 16GB RAM, 512GB NVMe SSD + 1TB HDD, Radeon Vega 10, HDMI, Card Reader, LAN, Wi-Fi, Bluetooth, Windows 10 Home",Free Expedited Shipping,1104.99,0.0,https://www.newegg.com/silver-dell-inspiron-5575-creating-designing/p/1TS-000A-04P60,//c1.neweggimages.com/ProductImageCompressAll300/AA0S_1_201905231432136847.jpg
25,1TS-000A-04P52,Computer Systems,Laptops / Notebooks,7,DELL,"Dell Inspiron 5575 15.6"" FHD Notebook, AMD Quad-Core Ryzen 7 2700U Upto 3.8GHz, 16GB RAM, 128GB SSD, Radeon Vega 10, HDMI, Card Reader, LAN, Wi-Fi, Bluetooth, Windows 10 Home",Free Expedited Shipping,916.49,0.0,https://www.newegg.com/silver-dell-inspiron-5575-creating-designing/p/1TS-000A-04P52,//c1.neweggimages.com/ProductImageCompressAll300/AA0S_1_201905231432136847.jpg
26,1TS-000D-07XX4,Computer Systems,Laptops / Notebooks,7,HP,"HP 15 Notebook, 15.6"" HD Touch Display, AMD Ryzen 7 3700U Upto 4.0GHz, 32GB RAM, 2TB NVMe SSD, Vega 10, HDMI, Card Reader, Wi-Fi, Bluetooth, Windows 10 Home",Free Expedited Shipping,1629.99,0.0,https://www.newegg.com/silver-hp-15/p/1TS-000D-07XX4,//c1.neweggimages.com/ProductImageCompressAll300/AEYA_1_20191223440596222.jpg
27,1TS-000A-04P53,Computer Systems,Laptops / Notebooks,7,DELL,"Dell Inspiron 5575 15.6"" FHD Notebook, AMD Quad-Core Ryzen 7 2700U Upto 3.8GHz, 16GB RAM, 128GB NVMe SSD + 1TB HDD, Radeon Vega 10, HDMI, Card Reader, LAN, Wi-Fi, Bluetooth, Windows 10 Home",Free Expedited Shipping,1000.99,0.0,https://www.newegg.com/silver-dell-inspiron-5575-creating-designing/p/1TS-000A-04P53,//c1.neweggimages.com/ProductImageCompressAll300/AA0S_1_201905231432136847.jpg
28,1TS-000A-04P42,Computer Systems,Laptops / Notebooks,7,DELL,"Dell Inspiron 5575 15.6"" FHD Notebook, AMD Quad-Core Ryzen 7 2700U Upto 3.8GHz, 8GB RAM, 512GB SSD, Radeon Vega 10, HDMI, Card Reader, LAN, Wi-Fi, Bluetooth, Windows 10 Pro",Free Expedited Shipping,903.49,0.0,https://www.newegg.com/silver-dell-inspiron-5575-creating-designing/p/1TS-000A-04P42,//c1.neweggimages.com/ProductImageCompressAll300/AA0S_1_201905231282217582.jpg
29,1TS-000D-07XX1,Computer Systems,Laptops / Notebooks,7,HP,"HP 15 Notebook, 15.6"" HD Touch Display, AMD Ryzen 7 3700U Upto 4.0GHz, 32GB RAM, 256GB NVMe SSD, Vega 10, HDMI, Card Reader, Wi-Fi, Bluetooth, Windows 10 Home",Free Expedited Shipping,1199.99,0.0,https://www.newegg.com/silver-hp-15/p/1TS-000D-07XX1,//c1.neweggimages.com/ProductImageCompressAll300/V1VV_1_201912231143122306.jpg
30,1TS-000A-04P67,Computer Systems,Laptops / Notebooks,7,DELL,"Dell Inspiron 5575 15.6"" FHD Notebook, AMD Quad-Core Ryzen 7 2700U Upto 3.8GHz, 32GB RAM, 512GB SSD, Radeon Vega 10, HDMI, Card Reader, LAN, Wi-Fi, Bluetooth, Windows 10 Home",Free Expedited Shipping,1117.99,0.0,https://www.newegg.com/silver-dell-inspiron-5575-creating-designing/p/1TS-000A-04P67,//c1.neweggimages.com/ProductImageCompressAll300/AA0S_1_201905231432136847.jpg
31,1TS-000A-04P18,Computer Systems,Laptops / Notebooks,7,DELL,"Dell Inspiron 5575 15.6"" FHD Notebook, AMD Quad-Core Ryzen 7 2700U Upto 3.8GHz, 16GB RAM, 1TB NVMe SSD + 1TB HDD, Radeon Vega 10, HDMI, Card Reader, LAN, Wi-Fi, Bluetooth, Windows 10 Pro",Free Expedited Shipping,1260.99,0.0,https://www.newegg.com/silver-dell-inspiron-5575-creating-designing/p/1TS-000A-04P18,//c1.neweggimages.com/ProductImageCompressAll300/AA0S_1_201905231282217582.jpg
32,1TS-000D-04M59,Computer Systems,Laptops / Notebooks,7,HP,"HP ENVY x360 - 15z Home and Business Laptop (AMD Ryzen 5 3500U 4-Core, 32GB RAM, 512GB  SATA SSD, 15.6"" Touch  Full HD (1920x1080), AMD Vega 8, Active Pen, Fingerprint, Wifi, Bluetooth, Win 10 Pro)",,1798.80,0.0,https://www.newegg.com/p/1TS-000D-04M59,//c1.neweggimages.com/ProductImageCompressAll300/V0F3_1_20190612637570189.jpg
33,1TS-000A-04P16,Computer Systems,Laptops / Notebooks,7,DELL,"Dell Inspiron 5575 15.6"" FHD Notebook, AMD Quad-Core Ryzen 7 2700U Upto 3.8GHz, 16GB RAM, 128GB NVMe SSD + 1TB HDD, Radeon Vega 10, HDMI, Card Reader, LAN, Wi-Fi, Bluetooth, Windows 10 Pro",Free Expedited Shipping,1033.49,0.0,https://www.newegg.com/silver-dell-inspiron-5575-creating-designing/p/1TS-000A-04P16,//c1.neweggimages.com/ProductImageCompressAll300/AA0S_1_201905231282217582.jpg
34,1TS-000D-07XX3,Computer Systems,Laptops / Notebooks,7,HP,"HP 15 Notebook, 15.6"" HD Touch Display, AMD Ryzen 7 3700U Upto 4.0GHz, 8GB RAM, 256GB NVMe SSD, Vega 10, HDMI, Card Reader, Wi-Fi, Bluetooth, Windows 10 Home",Free Expedited Shipping,899.99,0.0,https://www.newegg.com/silver-hp-15/p/1TS-000D-07XX3,//c1.neweggimages.com/ProductImageCompressAll300/AEYA_1_201912231812649638.jpg
35,1TS-000A-04P29,Computer Systems,Laptops / Notebooks,7,DELL,"Dell Inspiron 5575 15.6"" FHD Notebook, AMD Quad-Core Ryzen 7 2700U Upto 3.8GHz, 32GB RAM, 256GB SSD, Radeon Vega 10, HDMI, Card Reader, LAN, Wi-Fi, Bluetooth, Windows 10 Pro",Free Expedited Shipping,1091.99,0.0,https://www.newegg.com/silver-dell-inspiron-5575-creating-designing/p/1TS-000A-04P29,//c1.neweggimages.com/ProductImageCompressAll300/AA0S_1_201905231282217582.jpg
