,item_number,general_category,product_category,page_number,brand,model_specifications,current_promotions,price,shipping,product_links,image_link
0,1TS-000E-0A0N8,Computer Systems,Laptops / Notebooks,20,Lenovo,"2018 Lenovo ThinkPad T480s Windows 10 Pro Laptop - i7-8550U, 12GB RAM, 128GB SSD, 14"" IPS WQHD (2560x1440) Matte Display, Fingerprint Reader, Smart Card Reader,  Black",,1549.99,0.0,https://www.newegg.com/p/1TS-000E-0A0N8?Item=9SIA8TK8A11580,//c1.neweggimages.com/NeweggImage/ProductImageCompressAll300/A8TK_1_20180727843708741.jpg
1,1TS-000E-0FSP4,Computer Systems,Laptops / Notebooks,20,Lenovo,"Lenovo ThinkPad Touch T570 Windows 7 Pro - i7-7600U, 16GB RAM, 128GB SSD, 15.6"" IPS FHD (1920x1080) Matte Touchscreen, Fingerprint Reader, Black Color",,1814.99,0.0,https://www.newegg.com/p/1TS-000E-0FSP4?Item=9SIA8TKASX0733,//c1.neweggimages.com/ProductImageCompressAll300/A8TK_1_201801051728744162.jpg
2,1TS-000E-07X83,Computer Systems,Laptops / Notebooks,20,Lenovo,"Lenovo ThinkPad T470s Windows 10 Pro LTE 4G Laptop - Intel Core i7-7500U, 12GB RAM, 128GB SSD, 14"" IPS WQHD (2560x1440) Matte Display, Fingerprint Reader, Smart Card Reader, Black Color",,1704.99,0.0,https://www.newegg.com/p/1TS-000E-07X83?Item=9SIA8TK6X35920,//c1.neweggimages.com/NeweggImage/ProductImageCompressAll300/A8TK_1_201709071196388703.jpg
3,1TS-000E-07EZ2,Computer Systems,Laptops / Notebooks,20,Lenovo,"2017 Lenovo ThinkPad X1 Carbon 4G LTE (5th Gen) - Windows 10 Pro - Intel Core i7-7600U, 128GB SSD, 16GB RAM, 14"" WQHD IPS (2560x1440) Display, Fingerprint Reader, (Classic Black)",,1924.99,0.0,https://www.newegg.com/p/1TS-000E-07EZ2?Item=9SIA8TK6M31085,//c1.neweggimages.com/NeweggImage/ProductImageCompressAll300/A8TK_1_20170915238001060.jpg
4,1TS-000E-0CMV8,Computer Systems,Laptops / Notebooks,20,Lenovo,"Lenovo Business 330S Laptop- Linux Mint 19 (Cinnamon), Intel i7-8550U, 20GB RAM, 256GB PCIe NVMe SSD + 2TB HDD, 15.6"" HD 1366x768 Display, Fast Charging",,1506.99,0.0,https://www.newegg.com/blue-lenovo-330s/p/1TS-000E-0CMV8?Item=9SIA8TK8MM1783,//c1.neweggimages.com/ProductImageCompressAll300/A8TK_1_20190111426895666.jpg
5,1TS-000E-0D3E6,Computer Systems,Laptops / Notebooks,20,Lenovo,"Lenovo Business 330S Laptop- Linux Mint Cinnamon, Intel i7-8550U, 8GB RAM, 256GB PCIe NVMe SSD + 2TB HDD, 14"" FHD IPS (1920x1080) Display, Fast Charging",,1484.99,0.0,https://www.newegg.com/gray-lenovo-330s/p/1TS-000E-0D3E6?Item=9SIA8TK8UH5842,//c1.neweggimages.com/ProductImageCompressAll300/A8TK_1_20190304562021573.jpg
6,1TS-000E-07FX1,Computer Systems,Laptops / Notebooks,20,Lenovo,"2017 Lenovo ThinkPad X1 Carbon 4G LTE (5th Gen) - Windows 7 Pro - Intel Core i7-7600U, 128GB SSD, 8GB RAM, 14"" WQHD IPS (2560x1440) Display, Fingerprint Reader, (Classic Black)",,1759.99,0.0,https://www.newegg.com/p/1TS-000E-07FX1?Item=9SIA8TK6M31606,//c1.neweggimages.com/NeweggImage/ProductImageCompressAll300/A8TK_1_20170915238001060.jpg
7,1TS-000E-06W18,Computer Systems,Laptops / Notebooks,20,Lenovo,"2017 Lenovo ThinkPad X1 Carbon (5th Gen) - Windows 7 Pro - Intel Core i7-7600U, 256GB NVMe-PCIe SSD, 8GB RAM, 14"" WQHD IPS (2560x1440) Display, Fingerprint Reader, (Classic Black)",,1539.99,0.0,https://www.newegg.com/p/1TS-000E-06W18?Item=9SIA8TK6DE9875,//c1.neweggimages.com/NeweggImage/ProductImageCompressAll300/A8TK_1_20170915238001060.jpg
8,1TS-000E-0D3F4,Computer Systems,Laptops / Notebooks,20,Lenovo,"Lenovo Business 330S Laptop- Linux Mint Cinnamon, Intel i7-8550U, 8GB RAM, 256GB PCIe NVMe SSD + 2TB SSD, 14"" FHD IPS (1920x1080) Display, Fast Charging",,1649.99,0.0,https://www.newegg.com/gray-lenovo-330s/p/1TS-000E-0D3F4?Item=9SIA8TK8UH5853,//c1.neweggimages.com/ProductImageCompressAll300/A8TK_1_20190304562021573.jpg
9,1TS-000E-0FSS3,Computer Systems,Laptops / Notebooks,20,Lenovo,"Lenovo ThinkPad T570 Windows 7 Pro - i7-6600U, 16GB RAM, 128GB SSD, 15.6"" IPS FHD (1920x1080) Matte Display, Fingerprint Reader, Black Color",,1704.99,0.0,https://www.newegg.com/p/1TS-000E-0FSS3?Item=9SIA8TKASX0803,//c1.neweggimages.com/ProductImageCompressAll300/A8TK_1_201801051728744162.jpg
10,1TS-000E-07F40,Computer Systems,Laptops / Notebooks,20,Lenovo,"2017 Lenovo ThinkPad X1 Carbon 4G LTE (5th Gen) - Windows 10 Pro - Intel Core i7-7600U, 180GB SSD, 16GB RAM, 14"" WQHD IPS (2560x1440) Display, Fingerprint Reader, (Classic Black)",,1957.99,0.0,https://www.newegg.com/p/1TS-000E-07F40?Item=9SIA8TK6M31135,//c1.neweggimages.com/NeweggImage/ProductImageCompressAll300/A8TK_1_20170915238001060.jpg
11,1TS-000E-07FS4,Computer Systems,Laptops / Notebooks,20,Lenovo,"2017 Lenovo ThinkPad X1 Carbon 4G LTE (5th Gen) - Windows 7 Pro - Modern Silver - Intel Core i7-7600U, 256GB NVMe-PCIe SSD, 8GB RAM, 14"" FHD IPS (1920x1080) Display, Fingerprint Reader",,1572.99,0.0,https://www.newegg.com/p/1TS-000E-07FS4?Item=9SIA8TK6M31559,//c1.neweggimages.com/NeweggImage/ProductImageCompressAll300/A8TK_1_20170915900681419.jpg
12,1TS-000E-07U07,Computer Systems,Laptops / Notebooks,20,Lenovo,"Lenovo ThinkPad T470s Windows 10 Pro Laptop - Intel Core i7-7500U, 24GB RAM, 256GB SSD, 14"" IPS WQHD (2560x1440) Matte Display, Fingerprint Reader, Smart Card Reader, Black Color",,1759.99,0.0,https://www.newegg.com/p/1TS-000E-07U07?Item=9SIA8TK6UR1157,//c1.neweggimages.com/NeweggImage/ProductImageCompressAll300/A8TK_1_201709071196388703.jpg
13,1TS-000E-0FSR4,Computer Systems,Laptops / Notebooks,20,Lenovo,"Lenovo ThinkPad Touch T570 Windows 7 Pro - i7-7600U, 32GB RAM, 256GB PCIe NVMe SSD, 15.6"" IPS FHD (1920x1080) Matte Touchscreen, Fingerprint Reader, Black Color",,1979.99,0.0,https://www.newegg.com/p/1TS-000E-0FSR4?Item=9SIA8TKASX0794,//c1.neweggimages.com/ProductImageCompressAll300/A8TK_1_201801051728744162.jpg
14,1TS-000E-09Z51,Computer Systems,Laptops / Notebooks,20,Lenovo,"2018 Lenovo ThinkPad T480s Windows 10 Pro Laptop - Intel Core i7-8550U, 24GB RAM, 128GB SSD, 14"" IPS FHD Touch 1920x1080 Display, Fingerprint Reader, Smart Card Reader, 4G LTE WWAN,  Black",,1814.99,0.0,https://www.newegg.com/p/1TS-000E-09Z51?Item=9SIA8TK8A11093,//c1.neweggimages.com/NeweggImage/ProductImageCompressAll300/A8TK_1_20180727843708741.jpg
15,1TS-000E-09AV8,Computer Systems,Laptops / Notebooks,20,Lenovo,"2018 Lenovo ThinkPad T480s Windows 10 Pro Laptop - Intel Core i7-8650U, 8GB RAM, 128GB SSD, 14"" IPS FHD (1920x1080) Matte Display, Fingerprint Reader,  Black Color",,1649.99,0.0,https://www.newegg.com/p/1TS-000E-09AV8?Item=9SIA8TK7ZM6603,//c1.neweggimages.com/NeweggImage/ProductImageCompressAll300/V0E4_1_20190130807883272.jpg
16,1TS-000E-09Y65,Computer Systems,Laptops / Notebooks,20,Lenovo,"2018 Lenovo ThinkPad T480s Windows 10 Pro Laptop - i7-8550U, 24GB RAM, 256GB SSD, 14"" IPS WQHD (2560x1440) Matte Display, Fingerprint Reader, Smart Card Reader,  Black",,1814.99,0.0,https://www.newegg.com/p/1TS-000E-09Y65?Item=9SIA8TK8A10787,//c1.neweggimages.com/NeweggImage/ProductImageCompressAll300/A8TK_1_20180727843708741.jpg
17,1TS-000E-09XS6,Computer Systems,Laptops / Notebooks,20,Lenovo,"2018 Lenovo ThinkPad T480s Windows 10 Pro Laptop -  i7-8650U, 24GB RAM, 256GB SSD, 14"" IPS FHD 1920x1080 Touch Display w/ NVIDIA MX150 Graphics, Smart Card Reader, 4G LTE WWAN,  Black",,1979.99,0.0,https://www.newegg.com/p/1TS-000E-09XS6?Item=9SIA8TK8A10648,//c1.neweggimages.com/NeweggImage/ProductImageCompressAll300/A8TK_1_20180727843708741.jpg
18,1TS-000E-07FJ8,Computer Systems,Laptops / Notebooks,20,Lenovo,"2017 Lenovo ThinkPad X1 Carbon 4G LTE (5th Gen) - Windows 7 Pro - Intel Core i7-7500U, 180GB SSD, 16GB RAM, 14"" FHD IPS (1920x1080) Display, Fingerprint Reader, (Classic Black)",,1737.99,0.0,https://www.newegg.com/p/1TS-000E-07FJ8?Item=9SIA8TK6M31503,//c1.neweggimages.com/NeweggImage/ProductImageCompressAll300/A8TK_1_20170915238001060.jpg
19,1TS-000E-0A241,Computer Systems,Laptops / Notebooks,20,Lenovo,"2018 Lenovo ThinkPad T480s Windows 10 Pro Laptop - Intel Core i7-8550U, 8GB RAM, 256GB NVMe SSD, 14"" IPS FHD Touch 1920x1080 Display, Fingerprint Reader, Smart Card Reader, 4G LTE WWAN, Black",,1649.99,0.0,https://www.newegg.com/p/1TS-000E-0A241?Item=9SIA8TK8A12046,//c1.neweggimages.com/NeweggImage/ProductImageCompressAll300/A8TK_1_20180727843708741.jpg
20,1TS-000E-07XF1,Computer Systems,Laptops / Notebooks,20,Lenovo,"Lenovo ThinkPad T470s Windows 10 Pro LTE 4G Laptop - Intel Core i7-7500U, 24GB RAM, 128GB SSD, 14"" IPS WQHD (2560x1440) Matte Display, Fingerprint Reader, Smart Card Reader, Black Color",,1814.99,0.0,https://www.newegg.com/p/1TS-000E-07XF1?Item=9SIA8TK6X35988,//c1.neweggimages.com/NeweggImage/ProductImageCompressAll300/A8TK_1_201709071196388703.jpg
21,1TS-000E-0CM82,Computer Systems,Laptops / Notebooks,20,Lenovo,"Lenovo Business 330S Laptop- Windows 10 Pro, Intel i7-8550U, 8GB RAM, 256GB PCIe NVMe SSD , 15.6"" HD 1366x768 Display, Fast Charging",,1121.99,0.0,https://www.newegg.com/blue-lenovo-330s/p/1TS-000E-0CM82?Item=9SIA8TK8MM1365,//c1.neweggimages.com/ProductImageCompressAll300/A8TK_1_20190111426895666.jpg
22,1TS-000E-07TB9,Computer Systems,Laptops / Notebooks,20,Lenovo,"Lenovo ThinkPad T470s Windows 10 Pro Laptop - Intel Core i7-7500U, 8GB RAM, 256GB PCIe NVMe SSD, 14"" IPS WQHD (2560x1440) Matte Display, Fingerprint Reader, Smart Card Reader, Black Color",,1594.99,0.0,https://www.newegg.com/p/1TS-000E-07TB9?Item=9SIA8TK6UR0947,//c1.neweggimages.com/NeweggImage/ProductImageCompressAll300/A8TK_1_201709071196388703.jpg
23,1TS-000E-0CMA0,Computer Systems,Laptops / Notebooks,20,Lenovo,"Lenovo Business 330S Laptop - Windows 10 Home - Intel i7-8550U, 8GB RAM, 256GB SSD, 15.6"" HD 1366x768 Display, Fast Charging",,1099.99,0.0,https://www.newegg.com/blue-lenovo-330s/p/1TS-000E-0CMA0?Item=9SIA8TK8MM1410,//c1.neweggimages.com/ProductImageCompressAll300/A8TK_1_20190111426895666.jpg
24,1TS-000E-09ZC1,Computer Systems,Laptops / Notebooks,20,Lenovo,"2018 Lenovo ThinkPad T480s Windows 10 Pro Laptop - i7-8550U, 24GB RAM, 128GB SSD, 14"" IPS WQHD (2560x1440) Matte Display, Fingerprint Reader, Smart Card Reader, 4G LTE WWAN,  Black",,1924.99,0.0,https://www.newegg.com/p/1TS-000E-09ZC1?Item=9SIA8TK8A11163,//c1.neweggimages.com/NeweggImage/ProductImageCompressAll300/A8TK_1_20180727843708741.jpg
25,1TS-000E-07FA4,Computer Systems,Laptops / Notebooks,20,Lenovo,"2017 Lenovo ThinkPad X1 Carbon 4G LTE (5th Gen) - Windows 7 Pro - Intel Core i7-7500U, 180GB SSD, 16GB RAM, 14"" WQHD IPS (2560x1440) Display, Fingerprint Reader, (Classic Black)",,1847.99,0.0,https://www.newegg.com/p/1TS-000E-07FA4?Item=9SIA8TK6M31409,//c1.neweggimages.com/NeweggImage/ProductImageCompressAll300/A8TK_1_20170915238001060.jpg
26,1TS-000E-09B12,Computer Systems,Laptops / Notebooks,20,Lenovo,"2018 Lenovo ThinkPad T480s Windows 10 Pro Laptop - Intel Core i7-8650U, 16GB RAM, 256GB PCIe NVMe SSD, 14"" IPS FHD (1920x1080) Matte Display, Fingerprint Reader, Black Color",,1759.99,0.0,https://www.newegg.com/p/1TS-000E-09B12?Item=9SIA8TK7ZM6657,//c1.neweggimages.com/NeweggImage/ProductImageCompressAll300/V0E4_1_20190130807883272.jpg
27,1TS-000E-07EJ6,Computer Systems,Laptops / Notebooks,20,Lenovo,"2017 Lenovo ThinkPad X1 Carbon 4G LTE (5th Gen) - Windows 10 Pro - Modern Silver - Intel Core i7-7600U, 256GB NVMe-PCIe SSD, 8GB RAM, 14"" FHD IPS (1920x1080) Display, Fingerprint Reader",,1572.99,0.0,https://www.newegg.com/p/1TS-000E-07EJ6?Item=9SIA8TK6M30959,//c1.neweggimages.com/NeweggImage/ProductImageCompressAll300/A8TK_1_20170915900681419.jpg
28,1TS-000E-06TZ7,Computer Systems,Laptops / Notebooks,20,Lenovo,"Lenovo ThinkPad T470s Windows 10 Pro Laptop - Intel Core i7-7600U, 8GB RAM, 180GB SSD, 14"" IPS WQHD (2560x1440) Matte Display, Fingerprint Reader, Smart Card Reader, Silver Color",,1484.99,0.0,https://www.newegg.com/p/1TS-000E-06TZ7?Item=9SIA8TK6CV2607,//c1.neweggimages.com/NeweggImage/ProductImageCompressAll300/A8TK_1_201709071888383141.jpg
29,1TS-000E-0FSV2,Computer Systems,Laptops / Notebooks,20,Lenovo,"Lenovo ThinkPad T570 Windows 10 Pro - i7-6600U, 32GB RAM, 256GB SSD, 15.6"" IPS FHD (1920x1080) Matte Display, Fingerprint Reader, Black Color",,1869.99,0.0,https://www.newegg.com/p/1TS-000E-0FSV2?Item=9SIA8TKASX0832,//c1.neweggimages.com/ProductImageCompressAll300/A8TK_1_201801051728744162.jpg
30,1TS-000E-0A2V2,Computer Systems,Laptops / Notebooks,20,Lenovo,"2018 Lenovo ThinkPad T480s Windows 10 Pro Laptop -  i7-8650U, 16GB RAM, 180GB SSD, 14"" IPS FHD 1920x1080 Touch Display w/ NVIDIA MX150 Graphics, Smart Card Reader, 4G LTE WWAN,  Black",,1924.99,0.0,https://www.newegg.com/p/1TS-000E-0A2V2?Item=9SIA8TK8A12277,//c1.neweggimages.com/NeweggImage/ProductImageCompressAll300/A8TK_1_20180727843708741.jpg
31,1TS-000E-07EV5,Computer Systems,Laptops / Notebooks,20,Lenovo,"2017 Lenovo ThinkPad X1 Carbon 4G LTE (5th Gen) - Windows 10 Pro - Intel Core i7-7500U, 180GB SSD, 16GB RAM, 14"" WQHD IPS (2560x1440) Display, Fingerprint Reader, (Classic Black)",,1847.99,0.0,https://www.newegg.com/p/1TS-000E-07EV5?Item=9SIA8TK6M31048,//c1.neweggimages.com/NeweggImage/ProductImageCompressAll300/A8TK_1_20170915238001060.jpg
32,1TS-000E-0FSJ9,Computer Systems,Laptops / Notebooks,20,Lenovo,"Lenovo ThinkPad Touch T570 Windows 10 Pro - i7-7600U, 16GB RAM, 256GB SSD, 15.6"" IPS FHD (1920x1080) Matte Touchscreen, Fingerprint Reader, Black Color",,1814.99,0.0,https://www.newegg.com/p/1TS-000E-0FSJ9?Item=9SIA8TKASX0696,//c1.neweggimages.com/ProductImageCompressAll300/A8TK_1_201801051728744162.jpg
33,1TS-000E-0A2U6,Computer Systems,Laptops / Notebooks,20,Lenovo,"2018 Lenovo ThinkPad T480s Windows 10 Pro Laptop - i7-8550U, 8GB RAM, 256GB PCIe NVMe SSD, 14"" IPS WQHD (2560x1440) Matte Display, Fingerprint Reader, Smart Card Reader, 4G LTE WWAN, Black",,1759.99,0.0,https://www.newegg.com/p/1TS-000E-0A2U6?Item=9SIA8TK8A12271,//c1.neweggimages.com/NeweggImage/ProductImageCompressAll300/A8TK_1_20180727843708741.jpg
34,1TS-000E-0D3P0,Computer Systems,Laptops / Notebooks,20,Lenovo,"Lenovo Business 330S Laptop - Windows 10 Home Premium - Intel i7-8550U, 12GB RAM, 250GB SSD, 14"" FHD IPS (1920x1080) Display, Fast Charging",,1374.99,0.0,https://www.newegg.com/gray-lenovo-330s/p/1TS-000E-0D3P0?Item=9SIA8TK8UH6000,//c1.neweggimages.com/ProductImageCompressAll300/A8TK_1_20190304562021573.jpg
35,1TS-000D-022N1,Computer Systems,Laptops / Notebooks,20,HP,"HP 15-as120nr 15.6"" Touchscreen Envy Notebook - Intel Core i7-7500U 2 Core 2.70 GHz, 12 GB DDR4 SDRAM, 256 GB SSD, Windows 10 - Silver",,1028.25,0.0,https://www.newegg.com/p/1TS-000D-022N1?Item=9SIA1K66PX5155,//c1.neweggimages.com/NeweggImage/ProductImageCompressAll300/V009_1_201709271054513283.jpg
