,item_number,general_category,product_category,page_number,brand,model_specifications,current_promotions,price,shipping,product_links,image_link
0,1TS-000E-0CMF9,Computer Systems,Laptops / Notebooks,16,Lenovo,"Lenovo Business 330S Laptop- Windows 10 Pro, Intel i7-8550U, 12GB RAM, 256GB PCIe NVMe SSD + 1TB HDD, 15.6"" HD 1366x768 Display, Fast Charging",,1341.99,0.0,https://www.newegg.com/blue-lenovo-330s/p/1TS-000E-0CMF9?Item=9SIA8TK8MM1574,//c1.neweggimages.com/ProductImageCompressAll300/A8TK_1_20190111426895666.jpg
1,1TS-000E-09YR4,Computer Systems,Laptops / Notebooks,16,Lenovo,"2018 Lenovo ThinkPad T480s Windows 10 Pro Laptop - i7-8550U, 16GB RAM, 180GB SSD, 14"" IPS WQHD (2560x1440) Matte Display, Fingerprint Reader, Smart Card Reader,  Black",,1759.99,0.0,https://www.newegg.com/p/1TS-000E-09YR4?Item=9SIA8TK8A10956,//c1.neweggimages.com/NeweggImage/ProductImageCompressAll300/A8TK_1_20180727843708741.jpg
2,1TS-000E-07FJ7,Computer Systems,Laptops / Notebooks,16,Lenovo,"2017 Lenovo ThinkPad X1 Carbon 4G LTE (5th Gen) - Windows 7 Pro - Intel Core i7-7500U, 256GB SSD, 16GB RAM, 14"" FHD IPS (1920x1080) Display, Fingerprint Reader, (Classic Black)",,1759.99,0.0,https://www.newegg.com/p/1TS-000E-07FJ7?Item=9SIA8TK6M31502,//c1.neweggimages.com/NeweggImage/ProductImageCompressAll300/A8TK_1_20170915238001060.jpg
3,1TS-000E-07Y27,Computer Systems,Laptops / Notebooks,16,Lenovo,"Lenovo ThinkPad T470s Windows 10 Pro LTE 4G Laptop - Intel Core i7-7500U, 8GB RAM, 256GB SSD, 14"" IPS WQHD (2560x1440) Matte Display, Fingerprint Reader, Smart Card Reader, Black Color",,1704.99,0.0,https://www.newegg.com/p/1TS-000E-07Y27?Item=9SIA8TK6X36184,//c1.neweggimages.com/NeweggImage/ProductImageCompressAll300/A8TK_1_201709071196388703.jpg
4,1TS-000E-09XW9,Computer Systems,Laptops / Notebooks,16,Lenovo,"2018 Lenovo ThinkPad T480s Windows 10 Pro Laptop -  i7-8650U, 12GB RAM, 180GB SSD, 14"" IPS FHD 1920x1080 Touch Display w/ NVIDIA MX150 Graphics, Smart Card Reader, 4G LTE WWAN,  Black",,1869.99,0.0,https://www.newegg.com/p/1TS-000E-09XW9?Item=9SIA8TK8A10691,//c1.neweggimages.com/NeweggImage/ProductImageCompressAll300/A8TK_1_20180727843708741.jpg
5,1TS-000E-0FSU5,Computer Systems,Laptops / Notebooks,16,Lenovo,"Lenovo ThinkPad T570 Windows 7 Pro - i7-6600U, 8GB RAM, 128GB SSD, 15.6"" IPS FHD (1920x1080) Matte Display, Fingerprint Reader, Black Color",,1649.99,0.0,https://www.newegg.com/p/1TS-000E-0FSU5?Item=9SIA8TKASX0825,//c1.neweggimages.com/ProductImageCompressAll300/A8TK_1_201801051728744162.jpg
6,1TS-000E-0CMT5,Computer Systems,Laptops / Notebooks,16,Lenovo,"Lenovo Business 330S Laptop- Windows 10 Home, Intel i7-8550U, 20GB RAM, 256GB PCIe NVMe SSD + 2TB HDD, 15.6"" HD 1366x768 Display, Fast Charging",,1506.99,0.0,https://www.newegg.com/blue-lenovo-330s/p/1TS-000E-0CMT5?Item=9SIA8TK8MM1757,//c1.neweggimages.com/ProductImageCompressAll300/A8TK_1_20190111426895666.jpg
7,1TS-000E-09ZA9,Computer Systems,Laptops / Notebooks,16,Lenovo,"2018 Lenovo ThinkPad T480s Windows 10 Pro Laptop - Intel Core i7-8550U, 12GB RAM, 180GB SSD, 14"" IPS FHD Touch 1920x1080 Display, Fingerprint Reader, Smart Card Reader, 4G LTE WWAN,  Black",,1704.99,0.0,https://www.newegg.com/p/1TS-000E-09ZA9?Item=9SIA8TK8A11151,//c1.neweggimages.com/NeweggImage/ProductImageCompressAll300/A8TK_1_20180727843708741.jpg
8,1TS-000E-07FN0,Computer Systems,Laptops / Notebooks,16,Lenovo,"2017 Lenovo ThinkPad X1 Carbon 4G LTE (5th Gen) - Windows 7 Pro - Intel Core i7-7500U, 256GB SSD, 16GB RAM, 14"" WQHD IPS (2560x1440) Display, Fingerprint Reader, (Classic Black)",,1869.99,0.0,https://www.newegg.com/p/1TS-000E-07FN0?Item=9SIA8TK6M31525,//c1.neweggimages.com/NeweggImage/ProductImageCompressAll300/A8TK_1_20170915238001060.jpg
9,1TS-000E-09BC9,Computer Systems,Laptops / Notebooks,16,Lenovo,"2018 Lenovo ThinkPad T480s Windows 10 Pro Laptop - Intel Core i7-8650U, 12GB RAM, 256GB SSD, 14"" IPS FHD 1920x1080 Matte Display, Fingerprint Reader, 4G LTE WWAN,  Black",,1814.99,0.0,https://www.newegg.com/p/1TS-000E-09BC9?Item=9SIA8TK7ZM6774,//c1.neweggimages.com/NeweggImage/ProductImageCompressAll300/V0E4_1_20190130807883272.jpg
10,1TS-000E-0D3S1,Computer Systems,Laptops / Notebooks,16,Lenovo,"Lenovo Business 330S Laptop- Windows 10 Home Premium, Intel i7-8550U, 12GB RAM, 256GB PCIe NVMe SSD + 2TB SSD, 14"" FHD IPS (1920x1080) Display, Fast Charging",,1704.99,0.0,https://www.newegg.com/gray-lenovo-330s/p/1TS-000E-0D3S1?Item=9SIA8TK8UH6061,//c1.neweggimages.com/ProductImageCompressAll300/A8TK_1_20190304562021573.jpg
11,1TS-000E-0D3D8,Computer Systems,Laptops / Notebooks,16,Lenovo,"Lenovo Business 330S Laptop- Linux Mint Cinnamon, Intel i7-8550U, 8GB RAM, 256GB PCIe NVMe SSD , 14"" FHD IPS (1920x1080) Display, Fast Charging",,1319.99,0.0,https://www.newegg.com/gray-lenovo-330s/p/1TS-000E-0D3D8?Item=9SIA8TK8UH5833,//c1.neweggimages.com/ProductImageCompressAll300/A8TK_1_20190304562021573.jpg
12,1TS-000E-09BN8,Computer Systems,Laptops / Notebooks,16,Lenovo,"2018 Lenovo ThinkPad T480s Windows 10 Pro Laptop - Intel Core i7-8650U, 24GB RAM, 128GB SSD, 14"" IPS FHD (1920x1080) Matte Display, Fingerprint Reader,  Black Color",,1814.99,0.0,https://www.newegg.com/p/1TS-000E-09BN8?Item=9SIA8TK7ZM6863,//c1.neweggimages.com/NeweggImage/ProductImageCompressAll300/V0E4_1_20190130807883272.jpg
13,1TS-000E-09BD6,Computer Systems,Laptops / Notebooks,16,Lenovo,"2018 Lenovo ThinkPad T480s Windows 10 Pro Laptop - Intel Core i7-8650U, 24GB RAM, 180GB SSD, 14"" IPS FHD (1920x1080) Matte Display, Fingerprint Reader,  Black Color",,1814.99,0.0,https://www.newegg.com/p/1TS-000E-09BD6?Item=9SIA8TK7ZM6781,//c1.neweggimages.com/NeweggImage/ProductImageCompressAll300/V0E4_1_20190130807883272.jpg
14,1TS-000E-06U85,Computer Systems,Laptops / Notebooks,16,Lenovo,"Lenovo ThinkPad T470s Windows 7 Pro Laptop - Intel Core i7-7600U, 12GB RAM, 128GB SSD, 14"" IPS WQHD (2560x1440) Matte Display, Fingerprint Reader, Smart Card Reader, Silver Color",,1539.99,0.0,https://www.newegg.com/p/1TS-000E-06U85?Item=9SIA8TK6CV2695,//c1.neweggimages.com/NeweggImage/ProductImageCompressAll300/A8TK_1_201709071888383141.jpg
15,1TS-000E-0A321,Computer Systems,Laptops / Notebooks,16,Lenovo,"2018 Lenovo ThinkPad T480s Windows 10 Pro Laptop - i7-8550U, 8GB RAM, 256GB SSD, 14"" IPS WQHD (2560x1440) Matte Display, Fingerprint Reader, Smart Card Reader, 4G LTE WWAN,  Black",,1759.99,0.0,https://www.newegg.com/p/1TS-000E-0A321?Item=9SIA8TK8A12346,//c1.neweggimages.com/NeweggImage/ProductImageCompressAll300/A8TK_1_20180727843708741.jpg
16,1TS-000E-07FD2,Computer Systems,Laptops / Notebooks,16,Lenovo,"2017 Lenovo ThinkPad X1 Carbon 4G LTE (5th Gen) - Windows 7 Pro - Intel Core i7-7500U, 128GB SSD, 16GB RAM, 14"" FHD IPS (1920x1080) Display, Fingerprint Reader, (Classic Black)",,1704.99,0.0,https://www.newegg.com/p/1TS-000E-07FD2?Item=9SIA8TK6M31437,//c1.neweggimages.com/NeweggImage/ProductImageCompressAll300/A8TK_1_20170915238001060.jpg
17,1TS-000E-0FSJ6,Computer Systems,Laptops / Notebooks,16,Lenovo,"Lenovo ThinkPad Touch T570 Windows 10 Pro - i7-7600U, 8GB RAM, 256GB PCIe NVMe SSD, 15.6"" IPS FHD (1920x1080) Matte Touchscreen, Fingerprint Reader, Black Color",,1599.99,0.0,https://www.newegg.com/p/1TS-000E-0FSJ6?Item=9SIA8TKASX0693,//c1.neweggimages.com/ProductImageCompressAll300/A8TK_1_201801051728744162.jpg
18,1TS-000E-09B93,Computer Systems,Laptops / Notebooks,16,Lenovo,"2018 Lenovo ThinkPad T480s Windows 10 Pro Laptop - Intel Core i7-8650U, 12GB RAM, 256GB PCIe NVMe SSD, 14"" IPS FHD 1920x1080 Matte Display, Fingerprint Reader, 4G LTE WWAN, Black",,1814.99,0.0,https://www.newegg.com/p/1TS-000E-09B93?Item=9SIA8TK7ZM6738,//c1.neweggimages.com/NeweggImage/ProductImageCompressAll300/V0E4_1_20190130807883272.jpg
19,1TS-000E-07X83,Computer Systems,Laptops / Notebooks,16,Lenovo,"Lenovo ThinkPad T470s Windows 10 Pro LTE 4G Laptop - Intel Core i7-7500U, 12GB RAM, 128GB SSD, 14"" IPS WQHD (2560x1440) Matte Display, Fingerprint Reader, Smart Card Reader, Black Color",,1704.99,0.0,https://www.newegg.com/p/1TS-000E-07X83?Item=9SIA8TK6X35920,//c1.neweggimages.com/NeweggImage/ProductImageCompressAll300/A8TK_1_201709071196388703.jpg
20,1TS-000E-0A0N8,Computer Systems,Laptops / Notebooks,16,Lenovo,"2018 Lenovo ThinkPad T480s Windows 10 Pro Laptop - i7-8550U, 12GB RAM, 128GB SSD, 14"" IPS WQHD (2560x1440) Matte Display, Fingerprint Reader, Smart Card Reader,  Black",,1549.99,0.0,https://www.newegg.com/p/1TS-000E-0A0N8?Item=9SIA8TK8A11580,//c1.neweggimages.com/NeweggImage/ProductImageCompressAll300/A8TK_1_20180727843708741.jpg
21,1TS-000E-0FSP4,Computer Systems,Laptops / Notebooks,16,Lenovo,"Lenovo ThinkPad Touch T570 Windows 7 Pro - i7-7600U, 16GB RAM, 128GB SSD, 15.6"" IPS FHD (1920x1080) Matte Touchscreen, Fingerprint Reader, Black Color",,1814.99,0.0,https://www.newegg.com/p/1TS-000E-0FSP4?Item=9SIA8TKASX0733,//c1.neweggimages.com/ProductImageCompressAll300/A8TK_1_201801051728744162.jpg
22,1TS-000E-07EZ2,Computer Systems,Laptops / Notebooks,16,Lenovo,"2017 Lenovo ThinkPad X1 Carbon 4G LTE (5th Gen) - Windows 10 Pro - Intel Core i7-7600U, 128GB SSD, 16GB RAM, 14"" WQHD IPS (2560x1440) Display, Fingerprint Reader, (Classic Black)",,1924.99,0.0,https://www.newegg.com/p/1TS-000E-07EZ2?Item=9SIA8TK6M31085,//c1.neweggimages.com/NeweggImage/ProductImageCompressAll300/A8TK_1_20170915238001060.jpg
23,1TS-000E-07X67,Computer Systems,Laptops / Notebooks,16,Lenovo,"Lenovo ThinkPad T470s Windows 7 Pro LTE 4G Laptop - Intel Core i7-7600U, 20GB RAM, 256GB PCIe NVMe SSD, 14"" IPS WQHD (2560x1440) Matte Display, Fingerprint Reader, Smart Card Reader, Silver Color",,1814.99,0.0,https://www.newegg.com/p/1TS-000E-07X67?Item=9SIA8TK6X35904,//c1.neweggimages.com/NeweggImage/ProductImageCompressAll300/A8TK_1_201709071888383141.jpg
24,1TS-000E-09Y53,Computer Systems,Laptops / Notebooks,16,Lenovo,"2018 Lenovo ThinkPad T480s Windows 10 Pro Laptop - Intel Core i7-8550U, 24GB RAM, 128GB SSD, 14"" IPS FHD Touch (1920x1080)  Display, Fingerprint Reader, Smart Card Reader, Black",,1549.99,0.0,https://www.newegg.com/p/1TS-000E-09Y53?Item=9SIA8TK8A10775,//c1.neweggimages.com/NeweggImage/ProductImageCompressAll300/A8TK_1_20180727843708741.jpg
25,1TS-000E-0CMF1,Computer Systems,Laptops / Notebooks,16,Lenovo,"Lenovo Business 330S Laptop- Windows 10 Pro, Intel i7-8550U, 12GB RAM, 256GB PCIe NVMe SSD , 15.6"" HD 1366x768 Display, Fast Charging",,1231.99,0.0,https://www.newegg.com/blue-lenovo-330s/p/1TS-000E-0CMF1?Item=9SIA8TK8MM1557,//c1.neweggimages.com/ProductImageCompressAll300/A8TK_1_20190111426895666.jpg
26,1TS-000E-07XS6,Computer Systems,Laptops / Notebooks,16,Lenovo,"Lenovo ThinkPad T470s Windows 10 Pro LTE 4G Laptop - Intel Core i7-7500U, 24GB RAM, 256GB PCIe NVMe SSD, 14"" IPS WQHD (2560x1440) Matte Display, Fingerprint Reader, Smart Card Reader, Black Color",,1869.99,0.0,https://www.newegg.com/p/1TS-000E-07XS6?Item=9SIA8TK6X36083,//c1.neweggimages.com/NeweggImage/ProductImageCompressAll300/A8TK_1_201709071196388703.jpg
27,1TS-000E-0FSK1,Computer Systems,Laptops / Notebooks,16,Lenovo,"Lenovo ThinkPad Touch T570 Windows 7 Pro - i7-7600U, 16GB RAM, 256GB SSD, 15.6"" IPS FHD (1920x1080) Matte Touchscreen, Fingerprint Reader, Black Color",,1814.99,0.0,https://www.newegg.com/p/1TS-000E-0FSK1?Item=9SIA8TKASX0698,//c1.neweggimages.com/ProductImageCompressAll300/A8TK_1_201801051728744162.jpg
28,1TS-000E-09ZZ0,Computer Systems,Laptops / Notebooks,16,Lenovo,"2018 Lenovo ThinkPad T480s Windows 10 Pro Laptop - Intel Core i7-8550U, 24GB RAM, 256GB NVMe SSD, 14"" IPS FHD Touch 1920x1080 Display, Fingerprint Reader, Smart Card Reader, 4G LTE WWAN, Black",,1814.99,0.0,https://www.newegg.com/p/1TS-000E-09ZZ0?Item=9SIA8TK8A11352,//c1.neweggimages.com/NeweggImage/ProductImageCompressAll300/A8TK_1_20180727843708741.jpg
29,1TS-000E-0CMA9,Computer Systems,Laptops / Notebooks,16,Lenovo,"Lenovo Business 330S Laptop- Windows 10 Home, Intel i7-8550U, 8GB RAM, 256GB PCIe NVMe SSD + 500GB HDD, 15.6"" HD 1366x768 Display, Fast Charging",,1231.99,0.0,https://www.newegg.com/blue-lenovo-330s/p/1TS-000E-0CMA9?Item=9SIA8TK8MM1430,//c1.neweggimages.com/ProductImageCompressAll300/A8TK_1_20190111426895666.jpg
30,1TS-000E-07YP2,Computer Systems,Laptops / Notebooks,16,Lenovo,"Lenovo ThinkPad T470s Windows 10 Pro LTE 4G Laptop - Intel Core i7-7600U, 8GB RAM, 128GB SSD, 14"" IPS WQHD (2560x1440) Matte Display, Fingerprint Reader, Smart Card Reader, Silver Color",,1594.99,0.0,https://www.newegg.com/p/1TS-000E-07YP2?Item=9SIA8TK6X36379,//c1.neweggimages.com/NeweggImage/ProductImageCompressAll300/A8TK_1_201709071888383141.jpg
31,1TS-000E-07TD3,Computer Systems,Laptops / Notebooks,16,Lenovo,"Lenovo ThinkPad T470s Windows 10 Pro Laptop - Intel Core i7-7500U, 12GB RAM, 256GB SSD, 14"" IPS WQHD (2560x1440) Matte Display, Fingerprint Reader, Smart Card Reader, Black Color",,1649.99,0.0,https://www.newegg.com/p/1TS-000E-07TD3?Item=9SIA8TK6UR0961,//c1.neweggimages.com/NeweggImage/ProductImageCompressAll300/A8TK_1_201709071196388703.jpg
32,1TS-000E-09B11,Computer Systems,Laptops / Notebooks,16,Lenovo,"2018 Lenovo ThinkPad T480s Windows 10 Pro Laptop - Intel Core i7-8650U, 8GB RAM, 180GB SSD, 14"" IPS FHD 1920x1080 Matte Display, Fingerprint Reader, 4G LTE WWAN,  Black",,1759.99,0.0,https://www.newegg.com/p/1TS-000E-09B11?Item=9SIA8TK7ZM6656,//c1.neweggimages.com/NeweggImage/ProductImageCompressAll300/V0E4_1_20190130807883272.jpg
33,1TS-000E-0D396,Computer Systems,Laptops / Notebooks,16,Lenovo,"Lenovo Business 330S Laptop- Windows 10 Pro, Intel i7-8550U, 8GB RAM, 256GB PCIe NVMe SSD + 2TB SSD, 14"" FHD IPS (1920x1080) Display, Fast Charging",,1759.99,0.0,https://www.newegg.com/gray-lenovo-330s/p/1TS-000E-0D396?Item=9SIA8TK8UH5731,//c1.neweggimages.com/ProductImageCompressAll300/A8TK_1_20190304562021573.jpg
34,1TS-000E-07XS0,Computer Systems,Laptops / Notebooks,16,Lenovo,"Lenovo ThinkPad T470s Windows 10 Pro LTE 4G Laptop - Intel Core i7-7500U, 8GB RAM, 128GB SSD, 14"" IPS WQHD (2560x1440) Matte Display, Fingerprint Reader, Smart Card Reader, Black Color",,1649.99,0.0,https://www.newegg.com/p/1TS-000E-07XS0?Item=9SIA8TK6X36077,//c1.neweggimages.com/NeweggImage/ProductImageCompressAll300/A8TK_1_201709071196388703.jpg
35,1TS-000E-0A361,Computer Systems,Laptops / Notebooks,16,Lenovo,"2018 Lenovo ThinkPad T480s Windows 10 Pro Laptop - i7-8550U, 16GB RAM, 180GB SSD, 14"" IPS WQHD (2560x1440) Matte Display, Fingerprint Reader, Smart Card Reader, 4G LTE WWAN,  Black",,1869.99,0.0,https://www.newegg.com/p/1TS-000E-0A361?Item=9SIA8TK8A12386,//c1.neweggimages.com/NeweggImage/ProductImageCompressAll300/A8TK_1_20180727843708741.jpg
