,item_number,general_category,product_category,page_number,brand,model_specifications,current_promotions,price,shipping,product_links,image_link
0,1TS-000D-05XU8,Computer Systems,Laptops / Notebooks,2,HP,"HP Envy X360 2 in 1 Convertible 15.6"" Customized Laptop AMD Quad-Core Ryzen 5 3500U 16GB RAM 128GB SSD FHD Edge-to-Edge IPS Touch Display Upto 10 Hours Battery Life Windows 10 Black Only 0.7"" Thin",,921.66,0.0,https://www.newegg.com/p/1TS-000D-05XU8,//c1.neweggimages.com/ProductImageCompressAll300/AJZD_1_201909111671037504.jpg
1,1TS-000X-01YD9,Computer Systems,Laptops / Notebooks,2,Acer America,"Acer Swift 3 Narrow Bezel Slim Laptop, 14"" FHD IPS, AMD Ryzen 5 3500U Quad-core up to 3.70 GHz, 16GB DDR4 RAM, 256GB NVMe SSD, USB-C, Vega 8 Graphics, FP Reader, BT, WebCam, Win 10",,661.25,0.0,https://www.newegg.com/p/1TS-000X-01YD9,//c1.neweggimages.com/ProductImageCompressAll300/A6V6_1_202003051305089599.jpg
2,1TS-000D-09912,Computer Systems,Laptops / Notebooks,2,HP,"HP ProBook 445R G6 Notebook, 14"" FHD Display, AMD Ryzen 5 3500U Upto 3.7GHz, 16GB RAM, 128GB NVMe SSD + 1TB HDD, Vega 8, HDMI, DisplayPort via USB-C, Card Reader, Wi-Fi, Bluetooth, Windows 10 Pro",Free Expedited Shipping,849.99,0.0,https://www.newegg.com/silver-hp-probook-445r-g6/p/1TS-000D-09912,//c1.neweggimages.com/ProductImageCompressAll300/AA0S_1_20200218506713667.jpg
3,1TS-000D-089E5,Computer Systems,Laptops / Notebooks,2,HP,"HP 17 Notebook, 17.3"" HD+ Display, AMD Ryzen 7 3700U Upto 4.0GHz, 16GB RAM, 128GB NVMe SSD + 1TB HDD, Vega 10, DVDRW, HDMI, Card Reader, Wi-Fi, Bluetooth, Windows 10 Home",Free Expedited Shipping,929.99,0.0,https://www.newegg.com/black-textured-hp-17/p/1TS-000D-089E5,//c1.neweggimages.com/ProductImageCompressAll300/AEYA_1_20200204699271047.jpg
4,1TS-000D-089C8,Computer Systems,Laptops / Notebooks,2,HP,"HP 17 Notebook, 17.3"" HD+ Display, AMD Ryzen 7 3700U Upto 4.0GHz, 16GB RAM, 512GB SSD, Vega 10, DVDRW, HDMI, Card Reader, Wi-Fi, Bluetooth, Windows 10 Pro",Free Expedited Shipping,1129.99,0.0,https://www.newegg.com/black-textured-hp-17/p/1TS-000D-089C8,//c1.neweggimages.com/ProductImageCompressAll300/AA0S_1_20200204334659806.jpg
5,1TS-000D-07XU7,Computer Systems,Laptops / Notebooks,2,HP,"HP 15 Notebook, 15.6"" HD Touch Display, AMD Ryzen 7 3700U Upto 4.0GHz, 16GB RAM, 128GB NVMe SSD, Vega 10, HDMI, Card Reader, Wi-Fi, Bluetooth, Windows 10 Pro",Free Expedited Shipping,699.00,0.0,https://www.newegg.com/silver-hp-15/p/1TS-000D-07XU7,//c1.neweggimages.com/ProductImageCompressAll300/AA0S_1_20191223347110925.jpg
6,1TS-000D-07XV5,Computer Systems,Laptops / Notebooks,2,HP,"HP 15 Notebook, 15.6"" HD Touch Display, AMD Ryzen 7 3700U Upto 4.0GHz, 16GB RAM, 256GB NVMe SSD, Vega 10, HDMI, Card Reader, Wi-Fi, Bluetooth, Windows 10 Pro",Free Expedited Shipping,999.99,0.0,https://www.newegg.com/silver-hp-15/p/1TS-000D-07XV5,//c1.neweggimages.com/ProductImageCompressAll300/AA0S_1_201912231160884898.jpg
7,1TS-000D-05XT8,Computer Systems,Laptops / Notebooks,2,HP,"HP Envy X360 2 in 1 Convertible 15.6"" Customized Laptop AMD Quad-Core Ryzen 5 3500U 16GB RAM 256GB SSD FHD Edge-to-Edge IPS Touch Display Upto 10 Hours Battery Life Windows 10 Black Only 0.7"" Thin",,944.70,0.0,https://www.newegg.com/p/1TS-000D-05XT8,//c1.neweggimages.com/ProductImageCompressAll300/AJZD_1_201909111671037504.jpg
8,1TS-000A-0A2J0,Computer Systems,Laptops / Notebooks,2,DELL,"Dell Inspiron 17 3785 Laptop, 17.3"" HD Widescreen, AMD Ryzen 5 2500U Quad-Core 2.0 GHz 16GB RAM 256GB SSD + 1TB HDD Radeon Vega 8 Graphics, DVDRW MaxxAudio Pro Audio Webcam Windows 10 Home",,839.00,0.0,https://www.newegg.com/black-dell-inspiron-17-3785-everyday-value/p/1TS-000A-0A2J0,//c1.neweggimages.com/ProductImageCompressAll300/AMRP_1_20200410723496455.jpg
9,1TS-000D-089C2,Computer Systems,Laptops / Notebooks,2,HP,"HP 17 Notebook, 17.3"" HD+ Display, AMD Ryzen 7 3700U Upto 4.0GHz, 16GB RAM, 1TB HDD, Vega 10, DVDRW, HDMI, Card Reader, Wi-Fi, Bluetooth, Windows 10 Home (9SV61UA)",Free Expedited Shipping,1169.99,0.0,https://www.newegg.com/black-textured-hp-17/p/1TS-000D-089C2,//c1.neweggimages.com/ProductImageCompressAll300/AA0S_1_202002041221904891.jpg
10,1TS-000D-09920,Computer Systems,Laptops / Notebooks,2,HP,"HP ProBook 445R G6 Notebook, 14"" FHD Display, AMD Ryzen 5 3500U Upto 3.7GHz, 16GB RAM, 512GB NVMe SSD, Vega 8, HDMI, DisplayPort via USB-C, Card Reader, Wi-Fi, Bluetooth, Windows 10 Pro",Free Expedited Shipping,979.99,0.0,https://www.newegg.com/silver-hp-probook-445r-g6/p/1TS-000D-09920,//c1.neweggimages.com/ProductImageCompressAll300/AA0S_1_20200218853731708.jpg
11,1TS-001A-00V07,Computer Systems,Laptops / Notebooks,2,ASUS,"ASUS TUF705 Gaming and Entertainment Laptop (AMD Ryzen 7 3750H 4-Core, 16GB RAM, 4TB  SATA SSD, 17.3"" Full HD (1920x1080), NVIDIA GTX 1660 Ti, Win 10 Home) with ROG CASE , GT300 Mouse , GM50 Mouse pad",,2807.99,0.0,https://www.newegg.com/p/1TS-001A-00V07,//c1.neweggimages.com/ProductImageCompressAll300/A7AB_1_201908161622343265.jpg
12,1TS-001A-00V19,Computer Systems,Laptops / Notebooks,2,ASUS,"ASUS TUF705 Gaming and Entertainment Laptop (AMD Ryzen 7 3750H 4-Core, 64GB RAM, 1TB  SATA SSD, 17.3"" Full HD (1920x1080), NVIDIA GTX 1660 Ti, Win 10 Pro) with ROG CASE , GT300 Mouse , GM50 Mouse pad",,2687.99,0.0,https://www.newegg.com/p/1TS-001A-00V19,//c1.neweggimages.com/ProductImageCompressAll300/A7AB_1_201908161622343265.jpg
13,1TS-001A-00UY6,Computer Systems,Laptops / Notebooks,2,ASUS,"ASUS TUF705 Gaming and Entertainment Laptop (AMD Ryzen 7 3750H 4-Core, 16GB RAM, 512GB  SATA SSD, 17.3"" Full HD (1920x1080), NVIDIA GTX 1660 Ti, ) with ROG CASE , GT300 Mouse , GM50 Mouse pad",,1907.99,0.0,https://www.newegg.com/p/1TS-001A-00UY6,//c1.neweggimages.com/ProductImageCompressAll300/A7AB_1_201908161622343265.jpg
14,1TS-001A-00V10,Computer Systems,Laptops / Notebooks,2,ASUS,"ASUS TUF705 Gaming and Entertainment Laptop (AMD Ryzen 7 3750H 4-Core, 64GB RAM, 512GB  SATA SSD, 17.3"" Full HD (1920x1080), NVIDIA GTX 1660 Ti, ) with ROG CASE , GT300 Mouse , GM50 Mouse pad",,2387.99,0.0,https://www.newegg.com/p/1TS-001A-00V10,//c1.neweggimages.com/ProductImageCompressAll300/A7AB_1_201908161622343265.jpg
15,1TS-001A-00V20,Computer Systems,Laptops / Notebooks,2,ASUS,"ASUS TUF705 Gaming and Entertainment Laptop (AMD Ryzen 7 3750H 4-Core, 64GB RAM, 2TB  SATA SSD, 17.3"" Full HD (1920x1080), NVIDIA GTX 1660 Ti, Win 10 Pro) with ROG CASE , GT300 Mouse , GM50 Mouse pad",,2867.99,0.0,https://www.newegg.com/p/1TS-001A-00V20,//c1.neweggimages.com/ProductImageCompressAll300/A7AB_1_201908161622343265.jpg
16,1TS-001A-00V02,Computer Systems,Laptops / Notebooks,2,ASUS,"ASUS TUF705 Gaming and Entertainment Laptop (AMD Ryzen 7 3750H 4-Core, 64GB RAM, 4TB  SATA SSD, 17.3"" Full HD (1920x1080), NVIDIA GTX 1660 Ti, Win 10 Home) with ROG CASE , GT300 Mouse , GM50 Mouse pad",,3287.99,0.0,https://www.newegg.com/p/1TS-001A-00V02,//c1.neweggimages.com/ProductImageCompressAll300/A7AB_1_201908161622343265.jpg
17,1TS-001A-00V08,Computer Systems,Laptops / Notebooks,2,ASUS,"ASUS TUF705 Gaming and Entertainment Laptop (AMD Ryzen 7 3750H 4-Core, 16GB RAM, 1TB  SATA SSD, 17.3"" Full HD (1920x1080), NVIDIA GTX 1660 Ti, Win 10 Pro) with ROG CASE , GT300 Mouse , GM50 Mouse pad",,2207.99,0.0,https://www.newegg.com/p/1TS-001A-00V08,//c1.neweggimages.com/ProductImageCompressAll300/A7AB_1_201908161622343265.jpg
18,1TS-001A-00V14,Computer Systems,Laptops / Notebooks,2,ASUS,"ASUS TUF705 Gaming and Entertainment Laptop (AMD Ryzen 7 3750H 4-Core, 64GB RAM, 1TB  SATA SSD, 17.3"" Full HD (1920x1080), NVIDIA GTX 1660 Ti, Win 10 Home) with ROG CASE , GT300 Mouse , GM50 Mouse pad",,2507.99,0.0,https://www.newegg.com/p/1TS-001A-00V14,//c1.neweggimages.com/ProductImageCompressAll300/A7AB_1_201908161622343265.jpg
19,1TS-001A-00V21,Computer Systems,Laptops / Notebooks,2,ASUS,"ASUS TUF705 Gaming and Entertainment Laptop (AMD Ryzen 7 3750H 4-Core, 64GB RAM, 4TB  SATA SSD, 17.3"" Full HD (1920x1080), NVIDIA GTX 1660 Ti, Win 10 Pro) with ROG CASE , GT300 Mouse , GM50 Mouse pad",,3467.99,0.0,https://www.newegg.com/p/1TS-001A-00V21,//c1.neweggimages.com/ProductImageCompressAll300/A7AB_1_201908161622343265.jpg
20,1TS-001A-00V00,Computer Systems,Laptops / Notebooks,2,ASUS,"ASUS TUF705 Gaming and Entertainment Laptop (AMD Ryzen 7 3750H 4-Core, 16GB RAM, 1TB  SATA SSD, 17.3"" Full HD (1920x1080), NVIDIA GTX 1660 Ti, Win 10 Home) with ROG CASE , GT300 Mouse , GM50 Mouse pad",Free Expedited Shipping,2027.99,0.0,https://www.newegg.com/p/1TS-001A-00V00,//c1.neweggimages.com/ProductImageCompressAll300/A7AB_1_201908161622343265.jpg
21,1TS-001A-00V13,Computer Systems,Laptops / Notebooks,2,ASUS,"ASUS TUF705 Gaming and Entertainment Laptop (AMD Ryzen 7 3750H 4-Core, 16GB RAM, 2TB  SATA SSD, 17.3"" Full HD (1920x1080), NVIDIA GTX 1660 Ti, Win 10 Pro) with ROG CASE , GT300 Mouse , GM50 Mouse pad",Free Expedited Shipping,2387.99,0.0,https://www.newegg.com/p/1TS-001A-00V13,//c1.neweggimages.com/ProductImageCompressAll300/A7AB_1_201908161622343265.jpg
22,1TS-001A-00V04,Computer Systems,Laptops / Notebooks,2,ASUS,"ASUS TUF705 Gaming and Entertainment Laptop (AMD Ryzen 7 3750H 4-Core, 16GB RAM, 2TB  SATA SSD, 17.3"" Full HD (1920x1080), NVIDIA GTX 1660 Ti, Win 10 Home) with ROG CASE , GT300 Mouse , GM50 Mouse pad",Free Expedited Shipping,2207.99,0.0,https://www.newegg.com/p/1TS-001A-00V04,//c1.neweggimages.com/ProductImageCompressAll300/A7AB_1_201908161622343265.jpg
23,1TS-001A-00V17,Computer Systems,Laptops / Notebooks,2,ASUS,"ASUS TUF705 Gaming and Entertainment Laptop (AMD Ryzen 7 3750H 4-Core, 16GB RAM, 4TB  SATA SSD, 17.3"" Full HD (1920x1080), NVIDIA GTX 1660 Ti, Win 10 Pro) with ROG CASE , GT300 Mouse , GM50 Mouse pad",Free Expedited Shipping,2987.99,0.0,https://www.newegg.com/p/1TS-001A-00V17,//c1.neweggimages.com/ProductImageCompressAll300/A7AB_1_201908161622343265.jpg
24,1TS-001A-00V18,Computer Systems,Laptops / Notebooks,2,ASUS,"ASUS TUF705 Gaming and Entertainment Laptop (AMD Ryzen 7 3750H 4-Core, 64GB RAM, 2TB  SATA SSD, 17.3"" Full HD (1920x1080), NVIDIA GTX 1660 Ti, Win 10 Home) with ROG CASE , GT300 Mouse , GM50 Mouse pad",Free Expedited Shipping,2687.99,0.0,https://www.newegg.com/p/1TS-001A-00V18,//c1.neweggimages.com/ProductImageCompressAll300/A7AB_1_201908161622343265.jpg
25,1TS-001A-00V16,Computer Systems,Laptops / Notebooks,2,ASUS,"ASUS TUF705 Gaming and Entertainment Laptop (AMD Ryzen 7 3750H 4-Core, 64GB RAM, 512GB  SATA SSD, 17.3"" Full HD (1920x1080), NVIDIA GTX 1660 Ti, ) with ROG CASE , GT300 Mouse , GM50 Mouse pad",,2567.99,0.0,https://www.newegg.com/p/1TS-001A-00V16,//c1.neweggimages.com/ProductImageCompressAll300/A7AB_1_201908161622343265.jpg
26,1TS-001A-00V03,Computer Systems,Laptops / Notebooks,2,ASUS,"ASUS TUF705 Gaming and Entertainment Laptop (AMD Ryzen 7 3750H 4-Core, 16GB RAM, 512GB  SATA SSD, 17.3"" Full HD (1920x1080), NVIDIA GTX 1660 Ti, ) with ROG CASE , GT300 Mouse , GM50 Mouse pad",Free Expedited Shipping,2087.99,0.0,https://www.newegg.com/p/1TS-001A-00V03,//c1.neweggimages.com/ProductImageCompressAll300/A7AB_1_201908161622343265.jpg
27,1TS-000A-06EC2,Computer Systems,Laptops / Notebooks,2,DELL,"Dell Inspiron 13 2-in-1 7000 13.3"" Premium Customized Laptop, AMD Quad Core Ryzen 5 2500U Processor 16GB RAM 512GB SSD Full HD Touchscreen, AMD Radeon Vega 8, Backlit Keyboard, Windows 10 Black",,775.73,0.0,https://www.newegg.com/p/1TS-000A-06EC2,//c1.neweggimages.com/ProductImageCompressAll300/AJZD_1_20191003830412028.jpg
28,1TS-000D-089G2,Computer Systems,Laptops / Notebooks,2,HP,"HP 17 Notebook, 17.3"" HD+ Display, AMD Ryzen 7 3700U Upto 4.0GHz, 16GB RAM, 256GB NVMe SSD + 1TB HDD, Vega 10, DVDRW, HDMI, Card Reader, Wi-Fi, Bluetooth, Windows 10 Home",Free Expedited Shipping,999.99,0.0,https://www.newegg.com/black-textured-hp-17/p/1TS-000D-089G2,//c1.neweggimages.com/ProductImageCompressAll300/AEYA_1_202002041420954086.jpg
29,1TS-001A-01TS0,Computer Systems,Laptops / Notebooks,2,ASUS,"ASUS FX705DT 17.3"" Customized Gaming Laptop | AMD Ryzen 7 3750H Processor | 16GB RAM 256GB SSD | GeForce GTX 1650 4GB GDDR5 | RGB Backlit Keyboard | Windows 10 Black",,1027.50,0.0,https://www.newegg.com/p/1TS-001A-01TS0,//c1.neweggimages.com/ProductImageCompressAll300/AJZD_1_202001281913377908.jpg
30,1TS-000D-089C4,Computer Systems,Laptops / Notebooks,2,HP,"HP 17 Notebook, 17.3"" HD+ Display, AMD Ryzen 7 3700U Upto 4.0GHz, 16GB RAM, 512GB NVMe SSD + 1TB HDD, Vega 10, DVDRW, HDMI, Card Reader, Wi-Fi, Bluetooth, Windows 10 Pro",Free Expedited Shipping,1129.99,0.0,https://www.newegg.com/black-textured-hp-17/p/1TS-000D-089C4,//c1.neweggimages.com/ProductImageCompressAll300/AA0S_1_20200204590808874.jpg
31,1TS-001A-01TU5,Computer Systems,Laptops / Notebooks,2,ASUS,"ASUS FX705DT 17.3"" Customized Gaming Laptop | AMD Ryzen 7 3750H Processor | 16GB RAM 128GB SSD 500GB HDD | GeForce GTX 1650 4GB GDDR5 | RGB Backlit Keyboard | Windows 10 Black",,1027.50,0.0,https://www.newegg.com/p/1TS-001A-01TU5,//c1.neweggimages.com/ProductImageCompressAll300/AJZD_1_202001281913377908.jpg
32,1TS-000D-087W0,Computer Systems,Laptops / Notebooks,2,HP,"Newest HP 15.6"" HD Touchscreen Premium Business Laptop PC, AMD Ryzen 7 3700U Quad-Core upto 4.0GHz, 16GB RAM, 128GB SSD, AMD Radeon RX Vega 10 Graphics, 802_11_AC, HDMI, Bluetooth, USB-C, Windows 10",,667.99,0.0,https://www.newegg.com/silver-hp-mainstream/p/1TS-000D-087W0,//c1.neweggimages.com/ProductImageCompressAll300/AK1E_1_202001221664199281.jpg
33,1TS-001A-00J18,Computer Systems,Laptops / Notebooks,2,ASUS,"ASUS - 15.6"" Gaming Laptop - AMD Ryzen 7 - 16GB Memory - NVIDIA GeForce GTX 1660 Ti Max-Q - 512GB Solid State Drive - Metalic Hairline Black Notebook PC Computer GA502DU-BR7N6",,1149.99,0.0,https://www.newegg.com/black-asus-ga502d-gaming-entertainment/p/1TS-001A-00J18,//c1.neweggimages.com/NeweggImage/ProductImageCompressAll300/A8X5_132027963884381429WLMcMlBE2M.jpg
34,1TS-000A-04P55,Computer Systems,Laptops / Notebooks,2,DELL,"Dell Inspiron 5575 15.6"" FHD Notebook, AMD Quad-Core Ryzen 7 2700U Upto 3.8GHz, 16GB RAM, 1TB SSD, Radeon Vega 10, HDMI, Card Reader, LAN, Wi-Fi, Bluetooth, Windows 10 Home",Free Expedited Shipping,1117.99,0.0,https://www.newegg.com/silver-dell-inspiron-5575-creating-designing/p/1TS-000A-04P55,//c1.neweggimages.com/ProductImageCompressAll300/AA0S_1_201905231432136847.jpg
35,1TS-000A-04P60,Computer Systems,Laptops / Notebooks,2,DELL,"Dell Inspiron 5575 15.6"" FHD Notebook, AMD Quad-Core Ryzen 7 2700U Upto 3.8GHz, 16GB RAM, 512GB NVMe SSD + 1TB HDD, Radeon Vega 10, HDMI, Card Reader, LAN, Wi-Fi, Bluetooth, Windows 10 Home",Free Expedited Shipping,1104.99,0.0,https://www.newegg.com/silver-dell-inspiron-5575-creating-designing/p/1TS-000A-04P60,//c1.neweggimages.com/ProductImageCompressAll300/AA0S_1_201905231432136847.jpg
