,item_number,general_category,product_category,page_number,brand,model_specifications,current_promotions,price,shipping,product_links,image_link
0,1TS-002F-002Z9,Computer Systems,Laptops / Notebooks,7,GIGABYTE,"GIGABYTE Aorus 5 Notebook, 15.6"" FHD Display, Intel Core i7-9750H Upto 4.5GHz, 32GB RAM, 256GB NVMe SSD, NVIDIA GeForce GTX 1650, HDMI, Card Reader, Wi-Fi, Bluetooth, Windows 10 Pro",Free Expedited Shipping,1339.99,0.0,https://www.newegg.com/charcoal-gray-gigabyte-aorus-5/p/1TS-002F-002Z9?Item=9SIAA0SAFY8721,//c1.neweggimages.com/ProductImageCompressAll300/AA0S_1_201910301827669505.jpg
1,1TS-002F-00338,Computer Systems,Laptops / Notebooks,7,GIGABYTE,"GIGABYTE Aorus 5 Notebook, 15.6"" FHD Display, Intel Core i7-9750H Upto 4.5GHz, 8GB RAM, 256GB NVMe SSD, NVIDIA GeForce GTX 1650, HDMI, Card Reader, Wi-Fi, Bluetooth, Windows 10 Home",Free Expedited Shipping,1209.99,0.0,https://www.newegg.com/charcoal-gray-gigabyte-aorus-5/p/1TS-002F-00338?Item=9SIAEYAAFY8904,//c1.neweggimages.com/ProductImageCompressAll300/V1VV_1_20191030232156603.jpg
2,1TS-000X-00Y19,Computer Systems,Laptops / Notebooks,7,Acer America,"2019 Newest Premium High Performance Acer Predator Helios 300 Gaming Laptop, 15.6"" Full HD IPS Display, Intel 6-Core i7-8750H, GeForce GTX 1060 6GB, 16GB DDR4, 256GB NVMe SSD, Aeroblade Metal Fans",,1299.00,17.50,https://www.newegg.com/p/1TS-000X-00Y19?Item=9SIAJUB8VX8846,//c1.neweggimages.com/NeweggImage/ProductImageCompressAll300/AJUB_131966562396534372NHTY5AAFPK.jpg
3,1TS-000A-03258,Computer Systems,Laptops / Notebooks,7,DELL,"Dell G7 Series 15.6"" IPS Full HD Laptop, Intel 6-Core i7-8750H Upto 4.10GHz, 16GB DDR4, 256GB SSD Plus 1TB HDD, NVIDIA GeForce GTX 1060 Max Q 6GB, Thunderbolt 3, HDMI, Card Reader, Windows 10 Pro",Free Expedited Shipping,1349.99,0.0,https://www.newegg.com/black-dell-g-series-7588-gaming-amp-entertainment/p/1TS-000A-03258?Item=9SIAA0S7EF6503,//c1.neweggimages.com/NeweggImage/ProductImageCompressAll300/AA0S_1_201904031317845281.jpg
4,,Computer Systems,Laptops / Notebooks,7,Lenovo,"Lenovo Legion Y7000P Notebook, 15.6"" FHD Display, Intel Core i7-8750H Upto 4.1GHz, 8GB RAM, 256GB NVMe SSD + 1TB HDD, NVIDIA GeForce GTX 1060, HDMI, Mini DisplayPort, Wi-Fi, Bluetooth, Windows 10 Pro",Free Expedited Shipping,1774.49,0.0,https://www.newegg.com/steel-gray-lenovo-legion-y7000p/p/1TS-000E-0FD51?Item=9SIAA0SAKB3857,//c1.neweggimages.com/ProductImageCompressAll300/AA0S_1_201911182120486444.jpg
5,1TS-000A-07167,Computer Systems,Laptops / Notebooks,7,DELL,"Alienware 15 R4 Hexa-Core Premium Gaming Laptop, 8th Gen Intel Core i7 Processor, 15.6'' FHD 60Hz IPS Display, 16GB DDR4 256GB PCIe SSD, HDMI WiFi BT 5.0 6G GTX 1060 Thunderbolt Backlit KB Win 10",,1139.00,0.0,https://www.newegg.com/p/1TS-000A-07167?Item=9SIADRFAM96998,//c1.neweggimages.com/ProductImageCompressAll300/ADRF_1_201911211029648062.jpg
6,1TS-000E-0DZG4,Computer Systems,Laptops / Notebooks,7,Lenovo,"Lenovo S145-15IWL Home and Business Laptop (Intel i7-8565U 4-Core, 20GB RAM, 256GB m.2 SATA SSD + 1TB  HDD, 15.6"" Full HD (1920x1080), Intel UHD 620, Wifi, Bluetooth, Webcam, 2xUSB 3.0, Win 10 Pro)",,1319.99,0.0,https://www.newegg.com/p/1TS-000E-0DZG4?Item=9SIA8TKAHT7863,//c1.neweggimages.com/NeweggImage/ProductImageCompressAll300/V0F3_1_201907041140460628.jpg
7,1TS-000D-067A1,Computer Systems,Laptops / Notebooks,7,HP,"HP ProBook 440 G6 Notebook, 14"" FHD Display, Intel Core i7-8565U Upto 4.6GHz, 16GB RAM, 256GB NVMe SSD, HDMI, Card Reader, Wi-Fi, Bluetooth, Windows 10 Pro",Free Expedited Shipping,1399.99,0.0,https://www.newegg.com/silver-hp-probook-440-g6/p/1TS-000D-067A1?Item=9SIAA0SA6V6315,//c1.neweggimages.com/ProductImageCompressAll300/AA0S_1_20190918218173709.jpg
8,1TS-002F-00319,Computer Systems,Laptops / Notebooks,7,GIGABYTE,"GIGABYTE Aorus 5 Notebook, 15.6"" FHD Display, Intel Core i7-9750H Upto 4.5GHz, 8GB RAM, 128GB NVMe SSD, NVIDIA GeForce GTX 1650, HDMI, Card Reader, Wi-Fi, Bluetooth, Windows 10 Home",Free Expedited Shipping,1189.99,0.0,https://www.newegg.com/charcoal-gray-gigabyte-aorus-5/p/1TS-002F-00319?Item=9SIAEYAAFY8885,//c1.neweggimages.com/ProductImageCompressAll300/AEYA_1_20191030949904780.jpg
9,1TS-000A-038D5,Computer Systems,Laptops / Notebooks,7,DELL,"Dell G7 Series 15.6"" IPS Full HD Laptop, Intel 6-Core i7-8750H Upto 4.10GHz, 16GB DDR4, 256GB SSD, NVIDIA GeForce GTX 1060 Max Q 6GB, Thunderbolt 3, HDMI, Card Reader, Windows 10 Pro",Free Expedited Shipping,1319.99,0.0,https://www.newegg.com/black-dell-g-series-7588-gaming-amp-entertainment/p/1TS-000A-038D5?Item=9SIAA0S7YU2239,//c1.neweggimages.com/NeweggImage/ProductImageCompressAll300/AA0S_1_201904031317845281.jpg
10,1TS-000A-06H28,Computer Systems,Laptops / Notebooks,7,DELL,"Dell G7 Notebook, 15.6"" FHD Display, Intel Core i7-8750H Upto 4.1GHz, 8GB RAM, 256GB SSD, NVIDIA GeForce GTX 1060, HDMI, Thunderbolt, Card Reader, Wi-Fi, Bluetooth, Windows 10 Pro",Free Expedited Shipping,1069.99,0.0,https://www.newegg.com/black-dell-g7/p/1TS-000A-06H28?Item=9SIAA0SAD54132,//c1.neweggimages.com/ProductImageCompressAll300/AA0S_1_20191011761608629.jpg
11,1TS-000A-06YB6,Computer Systems,Laptops / Notebooks,7,DELL,"Dell Inspiron 3000 Notebook, 15.6"" HD Display, Intel Core i7-8565U Upto 4.6GHz, 32GB RAM, 128GB NVMe SSD + 1TB HDD, HDMI, Card Reader, Wi-Fi, Bluetooth, Windows 10 Home",Free Expedited Shipping,1129.99,0.0,https://www.newegg.com/black-textured-dell-inspiron-3000/p/1TS-000A-06YB6?Item=9SIAEYAAKC3366,//c1.neweggimages.com/ProductImageCompressAll300/AEYA_1_20191118572469209.jpg
12,1TS-000E-0F2E1,Computer Systems,Laptops / Notebooks,7,Lenovo,"Lenovo ThinkPad P53s Home and Business Laptop (Intel i7-8565U 4-Core, 16GB RAM, 256GB m.2 SATA SSD, 15.6"" Full HD (1920x1080), NVIDIA Quadro P520, Fingerprint, Wifi, Bluetooth, Webcam, Win 10 Pro)",,1678.80,0.0,https://www.newegg.com/p/1TS-000E-0F2E1?Item=9SIA7ABA6C2088,//c1.neweggimages.com/ProductImageCompressAll300/V0F3_1_20191008977374025.jpg
13,1TS-002F-00314,Computer Systems,Laptops / Notebooks,7,GIGABYTE,"GIGABYTE Aorus 5 Notebook, 15.6"" FHD Display, Intel Core i7-9750H Upto 4.5GHz, 8GB RAM, 128GB NVMe SSD + 1TB HDD, NVIDIA GeForce GTX 1650, HDMI, Card Reader, Wi-Fi, Bluetooth, Windows 10 Home",Free Expedited Shipping,1219.99,0.0,https://www.newegg.com/charcoal-gray-gigabyte-aorus-5/p/1TS-002F-00314?Item=9SIAEYAAFY8880,//c1.neweggimages.com/ProductImageCompressAll300/AEYA_1_201910301526723613.jpg
14,1TS-000D-067A3,Computer Systems,Laptops / Notebooks,7,HP,"HP ProBook 440 G6 Notebook, 14"" FHD Display, Intel Core i7-8565U Upto 4.6GHz, 8GB RAM, 256GB NVMe SSD, HDMI, Card Reader, Wi-Fi, Bluetooth, Windows 10 Pro",Free Expedited Shipping,1299.99,0.0,https://www.newegg.com/silver-hp-probook-440-g6/p/1TS-000D-067A3?Item=9SIAA0SA6V6318,//c1.neweggimages.com/ProductImageCompressAll300/AA0S_1_201909181734989106.jpg
15,1TS-000D-05N43,Computer Systems,Laptops / Notebooks,7,HP,"HP OMEN 15t Gaming and Entertainment Laptop (Intel i7-9750H 6-Core, 8GB RAM, 256GB PCIe SSD + 1TB  HDD , 15.6"" Full HD (1920x1080), NVIDIA GTX 1660 Ti, Win 10 Home) with HP Z5000 Mouse , ME2 Backpack",,1894.80,0.0,https://www.newegg.com/p/1TS-000D-05N43?Item=9SIA7AB9YM8156,//c1.neweggimages.com/ProductImageCompressAll300/V0F3_1_20190829551240668.jpg
16,1TS-000D-062W7,Computer Systems,Laptops / Notebooks,7,HP,"HP OMEN 15 Notebook, 15.6"" FHD Display, Intel Core i7-9750H Upto 4.5GHz, 8GB RAM, 128GB SSD, GeForce GTX 1660 Ti, HDMI, Mini DisplayPort, OMEN Mouse + Headset, Wi-Fi, BT, Windows 10 Home",Free Expedited Shipping,1389.99,0.0,https://www.newegg.com/black-hp-omen-15/p/1TS-000D-062W7?Item=9SIAEYAA6E5850,//c1.neweggimages.com/ProductImageCompressAll300/V08D_1_20190916617951119.jpg
17,,Computer Systems,Laptops / Notebooks,7,Lenovo,"Lenovo Legion Y7000P Notebook, 15.6"" FHD Display, Intel Core i7-8750H Upto 4.1GHz, 16GB RAM, 256GB NVMe SSD +1TB HDD, NVIDIA GeForce GTX 1060, HDMI, Mini DisplayPort, Wi-Fi, Bluetooth, Windows 10 Home",Free Expedited Shipping,1806.99,0.0,https://www.newegg.com/steel-gray-lenovo-legion-y7000p/p/1TS-000E-0FD79?Item=9SIAEYAAKB4168,//c1.neweggimages.com/ProductImageCompressAll300/AEYA_1_20191118553512748.jpg
18,1TS-000D-062V1,Computer Systems,Laptops / Notebooks,7,HP,"HP OMEN 15 Notebook, 15.6"" FHD Display, Intel Core i7-9750H Upto 4.5GHz, 8GB RAM, 128GB SSD, GeForce GTX 1660 Ti, HDMI, Mini DisplayPort, OMEN Mouse + Headset, Wi-Fi, BT, Windows 10 Pro",Free Expedited Shipping,1409.99,0.0,https://www.newegg.com/black-hp-omen-15/p/1TS-000D-062V1?Item=9SIAA0SA6E4137,//c1.neweggimages.com/ProductImageCompressAll300/A4M5_1_201909161847627127.jpg
19,1TS-000A-038E2,Computer Systems,Laptops / Notebooks,7,DELL,"Dell G7 Series 15.6"" IPS Full HD Laptop, Intel 6-Core i7-8750H Upto 4.10GHz, 16GB DDR4, 240GB SSD, NVIDIA GeForce GTX 1060 Max Q 6GB, Thunderbolt 3, HDMI, Card Reader, Windows 10 Pro",Free Expedited Shipping,1299.99,0.0,https://www.newegg.com/black-dell-g-series-7588-gaming-amp-entertainment/p/1TS-000A-038E2?Item=9SIAA0S7YU2261,//c1.neweggimages.com/NeweggImage/ProductImageCompressAll300/AA0S_1_201904031317845281.jpg
20,1TS-002F-002X9,Computer Systems,Laptops / Notebooks,7,GIGABYTE,"GIGABYTE Aorus 5 Notebook, 15.6"" FHD Display, Intel Core i7-9750H Upto 4.5GHz, 8GB RAM, 128GB NVMe SSD + 1TB HDD, NVIDIA GeForce GTX 1650, HDMI, Card Reader, Wi-Fi, Bluetooth, Windows 10 Pro",Free Expedited Shipping,1239.99,0.0,https://www.newegg.com/charcoal-gray-gigabyte-aorus-5/p/1TS-002F-002X9?Item=9SIAA0SAFY8700,//c1.neweggimages.com/ProductImageCompressAll300/AA0S_1_20191030932371019.jpg
21,1TS-000A-06H63,Computer Systems,Laptops / Notebooks,7,DELL,"Dell G7 Notebook, 15.6"" FHD Display, Intel Core i7-8750H Upto 4.1GHz, 8GB RAM, 128GB SSD + 1TB HDD, NVIDIA GeForce GTX 1060, HDMI, Thunderbolt, Card Reader, Wi-Fi, Bluetooth, Windows 10 Home",Free Expedited Shipping,1059.99,0.0,https://www.newegg.com/black-dell-g7/p/1TS-000A-06H63?Item=9SIAEYAAD56766,//c1.neweggimages.com/ProductImageCompressAll300/AEYA_1_201910111112348650.jpg
22,1TS-000A-06H37,Computer Systems,Laptops / Notebooks,7,DELL,"Dell G7 Notebook, 15.6"" FHD Display, Intel Core i7-8750H Upto 4.1GHz, 8GB RAM, 128GB SSD + 1TB HDD, NVIDIA GeForce GTX 1060, HDMI, Thunderbolt, Card Reader, Wi-Fi, Bluetooth, Windows 10 Pro",Free Expedited Shipping,1079.99,0.0,https://www.newegg.com/black-dell-g7/p/1TS-000A-06H37?Item=9SIAA0SAD54158,//c1.neweggimages.com/ProductImageCompressAll300/AA0S_1_201910111240652179.jpg
23,1TS-000A-038G1,Computer Systems,Laptops / Notebooks,7,DELL,"Dell G Series 15.6"" IPS Full HD Laptop, Intel 6-Core i7-8750H Upto 4.10GHz, 16GB DDR4, 128GB SSD, NVIDIA GeForce GTX 1060 Max Q 6GB, Thunderbolt 3, HDMI, Card Reader, Windows 10 Home",Free Expedited Shipping,1229.98,0.0,https://www.newegg.com/black-dell-g-series-7588-gaming-entertainment/p/1TS-000A-038G1?Item=9SIAEYA7YU2419,//c1.neweggimages.com/NeweggImage/ProductImageCompressAll300/AA0S_1_201904031317845281.jpg
24,,Computer Systems,Laptops / Notebooks,7,Lenovo,"Lenovo Legion Y7000P Notebook, 15.6"" FHD Display, Intel Core i7-8750H Upto 4.1GHz, 8GB RAM, 256GB NVMe SSD, NVIDIA GeForce GTX 1060, HDMI, Mini DisplayPort, Wi-Fi, Bluetooth, Windows 10 Pro",Free Expedited Shipping,1735.49,0.0,https://www.newegg.com/steel-gray-lenovo-legion-y7000p/p/1TS-000E-0FD56?Item=9SIAA0SAKB3862,//c1.neweggimages.com/ProductImageCompressAll300/AA0S_1_201911181805341837.jpg
25,1TS-000A-038E6,Computer Systems,Laptops / Notebooks,7,DELL,"Dell G7 Series 15.6"" IPS Full HD Laptop, Intel 6-Core i7-8750H Upto 4.10GHz, 32GB DDR4, 256GB SSD, NVIDIA GeForce GTX 1060 Max Q 6GB, Thunderbolt 3, HDMI, Card Reader, Windows 10 Pro",Free Expedited Shipping,1479.99,0.0,https://www.newegg.com/black-dell-g-series-7588-gaming-amp-entertainment/p/1TS-000A-038E6?Item=9SIAA0S7YU2285,//c1.neweggimages.com/NeweggImage/ProductImageCompressAll300/AA0S_1_201904031317845281.jpg
26,1TS-000E-0DF15,Computer Systems,Laptops / Notebooks,7,Lenovo,"Lenovo Legion Y530 Gaming Laptop, 15.6"" FHD Display, Intel 6-Core i7-8750H Upto 4.1GHz, 16GB RAM, 128GB NVMe SSD + 1TB HDD, GTX 1050Ti 4GB, HDMI, MiniDP, Backlit Keys, Wi-Fi, Bluetooth, Windows 10 Pro",Free Expedited Shipping,1129.99,0.0,https://www.newegg.com/black-lenovo-legion-y530/p/1TS-000E-0DF15?Item=9SIAA0S97C2643,//c1.neweggimages.com/ProductImageCompressAll300/AA0S_1_20190507322613500.jpg
27,1TS-000E-0DZF0,Computer Systems,Laptops / Notebooks,7,Lenovo,"Lenovo S145-15IWL Home and Business Laptop  (Intel i7-8565U 4-Core, 20GB RAM, 256GB PCIe SSD, 15.6"" Full HD (1920x1080), Intel UHD 620, Wifi, Bluetooth, Webcam, 2xUSB 3.0, 1xHDMI, SD Card, Win 10 Pro)",,1264.99,0.0,https://www.newegg.com/p/1TS-000E-0DZF0?Item=9SIA8TKAHZ1973,//c1.neweggimages.com/NeweggImage/ProductImageCompressAll300/V0F3_1_201907041140460628.jpg
28,1TS-000D-06SC2,Computer Systems,Laptops / Notebooks,7,HP,"HP 15 Notebook, 15.6"" HD Touch Display, Intel Core i7-8565U Upto 4.6GHz, 32GB RAM, 128GB NVMe SSD, HDMI, Card Reader, Wi-Fi, Bluetooth, Windows 10 Home",Free Expedited Shipping,1079.99,0.0,https://www.newegg.com/silver-hp-15/p/1TS-000D-06SC2?Item=9SIAEYAAFV4569,//c1.neweggimages.com/ProductImageCompressAll300/V1VV_1_20191028599899766.jpg
29,,Computer Systems,Laptops / Notebooks,7,Lenovo,"Lenovo Legion Y7000P Notebook, 15.6"" FHD Display, Intel Core i7-8750H Upto 4.1GHz, 16GB RAM, 256GB NVMe SSD, NVIDIA GeForce GTX 1060, HDMI, Mini DisplayPort, Wi-Fi, Bluetooth, Windows 10 Home",Free Expedited Shipping,1761.49,0.0,https://www.newegg.com/steel-gray-lenovo-legion-y7000p/p/1TS-000E-0FD83?Item=9SIAEYAAKB4172,//c1.neweggimages.com/ProductImageCompressAll300/AEYA_1_20191118450838751.jpg
30,1TS-000A-038G3,Computer Systems,Laptops / Notebooks,7,DELL,"Dell G Series 15.6"" IPS Full HD Laptop, Intel 6-Core i7-8750H Upto 4.10GHz, 8GB DDR4, 128GB SSD, NVIDIA GeForce GTX 1060 Max Q 6GB, Thunderbolt 3, HDMI, Card Reader, Windows 10 Home",Free Expedited Shipping,1129.98,0.0,https://www.newegg.com/black-dell-g-series-7588-gaming-entertainment/p/1TS-000A-038G3?Item=9SIAEYA7YU2426,//c1.neweggimages.com/NeweggImage/ProductImageCompressAll300/AA0S_1_201904031317845281.jpg
31,1TS-000E-0F1Z6,Computer Systems,Laptops / Notebooks,7,Lenovo,"Lenovo ThinkPad E490 Notebook, 14"" FHD Display, Intel Core i7-8565U Upto 4.6GHz, 8GB RAM, 256GB NVMe SSD + 1TB HDD, HDMI, Card Reader, Wi-Fi, Bluetooth, Windows 10 Pro",Free Expedited Shipping,1299.99,0.0,https://www.newegg.com/black-lenovo-thinkpad-e490/p/1TS-000E-0F1Z6?Item=9SIAA0SAC78953,//c1.neweggimages.com/ProductImageCompressAll300/AA0S_1_20191004983261235.jpg
32,1TS-000E-0DF65,Computer Systems,Laptops / Notebooks,7,Lenovo,"Lenovo Legion Y530 Gaming Laptop, 15.6"" FHD Display, Intel 6-Core i7-8750H Upto 4.1GHz, 8GB RAM, 128GB NVMe SSD + 1TB HDD, GTX 1050Ti 4GB, HDMI, MiniDP, Backlit Keys, Wi-Fi, Bluetooth, Windows 10 Home",Free Expedited Shipping,1029.99,0.0,https://www.newegg.com/black-lenovo-legion-y530/p/1TS-000E-0DF65?Item=9SIAEYA97C3247,//c1.neweggimages.com/ProductImageCompressAll300/AEYA_1_20190507453913195.jpg
33,,Computer Systems,Laptops / Notebooks,7,Lenovo,"Lenovo Legion Y7000P Notebook, 15.6"" FHD Display, Intel Core i7-8750H Upto 4.1GHz, 16GB RAM, 256GB NVMe SSD + 1TB HDD, NVIDIA GeForce GTX 1060, HDMI, Mini DisplayPort, Wi-Fi, Bluetooth, Windows 10 Pro",Free Expedited Shipping,1832.99,0.0,https://www.newegg.com/steel-gray-lenovo-legion-y7000p/p/1TS-000E-0FD54?Item=9SIAA0SAKB3860,//c1.neweggimages.com/ProductImageCompressAll300/AA0S_1_2019111878922227.jpg
34,,Computer Systems,Laptops / Notebooks,7,Lenovo,"Lenovo Legion Y7000P Notebook, 15.6"" FHD Display, Intel Core i7-8750H Upto 4.1GHz, 16GB RAM, 128GB NVMe SSD + 1TB HDD, NVIDIA GeForce GTX 1060, HDMI, Mini DisplayPort, Wi-Fi, Bluetooth, Windows 10 Pro",Free Expedited Shipping,1806.99,0.0,https://www.newegg.com/steel-gray-lenovo-legion-y7000p/p/1TS-000E-0FD42?Item=9SIAA0SAKB3848,//c1.neweggimages.com/ProductImageCompressAll300/AA0S_1_20191118652430715.jpg
35,N82E16834235212,Computer Systems,Laptops / Notebooks,7,ASUS,"ASUS VivoBook S15 S512 Thin and Light 15.6"" FHD, Intel Core i7-8565U CPU, 8 GB DDR4 RAM, 1 TB (5400 RPM) + 256 GB PCIe Gen3x2 SSD, Windows 10 Home, S512FA-DB71, Silver Metal",,1344.54,0.0,https://www.newegg.com/silver-metal-asus-vivobook-s-s512fa-db71-mainstream/p/N82E16834235212?Item=9SIAMF7B6M8187,//c1.neweggimages.com/ProductImageCompressAll300/34-235-212-V04.jpg
