,item_number,general_category,product_category,page_number,brand,model_specifications,current_promotions,price,shipping,product_links,image_link
0,1TS-000E-0CM82,Computer Systems,Laptops / Notebooks,17,Lenovo,"Lenovo Business 330S Laptop- Windows 10 Pro, Intel i7-8550U, 8GB RAM, 256GB PCIe NVMe SSD , 15.6"" HD 1366x768 Display, Fast Charging",,1121.99,0.0,https://www.newegg.com/blue-lenovo-330s/p/1TS-000E-0CM82?Item=9SIA8TK8MM1365,//c1.neweggimages.com/ProductImageCompressAll300/A8TK_1_20190111426895666.jpg
1,1TS-000E-07TB9,Computer Systems,Laptops / Notebooks,17,Lenovo,"Lenovo ThinkPad T470s Windows 10 Pro Laptop - Intel Core i7-7500U, 8GB RAM, 256GB PCIe NVMe SSD, 14"" IPS WQHD (2560x1440) Matte Display, Fingerprint Reader, Smart Card Reader, Black Color",,1594.99,0.0,https://www.newegg.com/p/1TS-000E-07TB9?Item=9SIA8TK6UR0947,//c1.neweggimages.com/NeweggImage/ProductImageCompressAll300/A8TK_1_201709071196388703.jpg
2,1TS-000E-0CMA0,Computer Systems,Laptops / Notebooks,17,Lenovo,"Lenovo Business 330S Laptop - Windows 10 Home - Intel i7-8550U, 8GB RAM, 256GB SSD, 15.6"" HD 1366x768 Display, Fast Charging",,1099.99,0.0,https://www.newegg.com/blue-lenovo-330s/p/1TS-000E-0CMA0?Item=9SIA8TK8MM1410,//c1.neweggimages.com/ProductImageCompressAll300/A8TK_1_20190111426895666.jpg
3,1TS-000E-09ZC1,Computer Systems,Laptops / Notebooks,17,Lenovo,"2018 Lenovo ThinkPad T480s Windows 10 Pro Laptop - i7-8550U, 24GB RAM, 128GB SSD, 14"" IPS WQHD (2560x1440) Matte Display, Fingerprint Reader, Smart Card Reader, 4G LTE WWAN,  Black",,1924.99,0.0,https://www.newegg.com/p/1TS-000E-09ZC1?Item=9SIA8TK8A11163,//c1.neweggimages.com/NeweggImage/ProductImageCompressAll300/A8TK_1_20180727843708741.jpg
4,1TS-000E-0A1P0,Computer Systems,Laptops / Notebooks,17,Lenovo,"2018 Lenovo ThinkPad T480s Windows 10 Pro Laptop -  i7-8650U, 24GB RAM, 180GB SSD, 14"" IPS FHD (1920x1080) Touch Display w/ NVIDIA MX150 Graphics, Smart Card Reader, Black",,1869.99,0.0,https://www.newegg.com/p/1TS-000E-0A1P0?Item=9SIA8TK8A11905,//c1.neweggimages.com/NeweggImage/ProductImageCompressAll300/A8TK_1_20180727843708741.jpg
5,1TS-000E-099A5,Computer Systems,Laptops / Notebooks,17,Lenovo,"2018 Lenovo ThinkPad X1 Carbon (6th Gen) - Windows 10 Pro - Intel Quad Core i7-8550U, 256GB NVMe-PCIe SSD, 8GB RAM, 14"" FHD IPS (1920x1080) Display, Fingerprint Reader, 4G LTE WWAN",,1849.99,0.0,https://www.newegg.com/p/1TS-000E-099A5?Item=9SIA8TK7WE2036,//c1.neweggimages.com/NeweggImage/ProductImageCompressAll300/A8TK_1_201806121971492725.jpg
6,1TS-000E-0D3E2,Computer Systems,Laptops / Notebooks,17,Lenovo,"Lenovo Business 330S Laptop- Linux Mint Cinnamon, Intel i7-8550U, 8GB RAM, 256GB PCIe NVMe SSD + 1TB HDD, 14"" FHD IPS (1920x1080) Display, Fast Charging",,1429.99,0.0,https://www.newegg.com/gray-lenovo-330s/p/1TS-000E-0D3E2?Item=9SIA8TK8UH5838,//c1.neweggimages.com/ProductImageCompressAll300/A8TK_1_20190304562021573.jpg
7,1TS-000E-07FK9,Computer Systems,Laptops / Notebooks,17,Lenovo,"2017 Lenovo ThinkPad X1 Carbon 4G LTE (5th Gen) - Windows 7 Pro - Intel Core i7-7500U, 256GB NVMe-PCIe SSD, 16GB RAM, 14"" FHD IPS (1920x1080) Display, Fingerprint Reader, (Classic Black)",,1759.99,0.0,https://www.newegg.com/p/1TS-000E-07FK9?Item=9SIA8TK6M31514,//c1.neweggimages.com/NeweggImage/ProductImageCompressAll300/A8TK_1_20170915238001060.jpg
8,1TS-000E-06Y01,Computer Systems,Laptops / Notebooks,17,Lenovo,"Lenovo ThinkPad P51 Mobile Workstation Laptop - Windows 10 Pro - Intel Quad-Core i7-7700HQ, 8GB RAM, 256GB SSD, 15.6"" FHD IPS 1920x1080 Display, NVIDIA Quadro M1200M 4GB, Fingerprint Reader",,1999.99,0.0,https://www.newegg.com/black-lenovo-p51-thinkpad-workstation/p/1TS-000E-06Y01?Item=9SIA8TK6DW3758,//c1.neweggimages.com/NeweggImage/ProductImageCompressAll300/A8TK_1_201709211877739314.jpg
9,1TS-000E-09ZC6,Computer Systems,Laptops / Notebooks,17,Lenovo,"2018 Lenovo ThinkPad T480s Windows 10 Pro Laptop - i7-8550U, 24GB RAM, 256GB PCIe NVMe SSD, 14"" IPS WQHD (2560x1440) Matte Display, Fingerprint Reader, Smart Card Reader, 4G LTE WWAN, Black",,1924.99,0.0,https://www.newegg.com/p/1TS-000E-09ZC6?Item=9SIA8TK8A11168,//c1.neweggimages.com/NeweggImage/ProductImageCompressAll300/A8TK_1_20180727843708741.jpg
10,1TS-000E-06XS0,Computer Systems,Laptops / Notebooks,17,Lenovo,"Lenovo ThinkPad P51 Touch+Pen Workstation - Windows 10 Pro - Intel Quad-Core i7-7700HQ, 8GB RAM, 256GB SSD, 15.6"" FHD IPS 1920x1080 Touchscreen, NVIDIA Quadro M1200M 4GB GPU, Smart Card Reader",,1924.99,0.0,https://www.newegg.com/black-lenovo-p51-thinkpad-workstation/p/1TS-000E-06XS0?Item=9SIA8TK6DW3676,//c1.neweggimages.com/NeweggImage/ProductImageCompressAll300/A8TK_1_201709211877739314.jpg
11,1TS-000E-0D3C5,Computer Systems,Laptops / Notebooks,17,Lenovo,"Lenovo Business 330S Laptop- Windows 10 Home Premium, Intel i7-8550U, 8GB RAM, 256GB PCIe NVMe SSD + 2TB SSD, 14"" FHD IPS (1920x1080) Display, Fast Charging",,1649.99,0.0,https://www.newegg.com/gray-lenovo-330s/p/1TS-000E-0D3C5?Item=9SIA8TK8UH5813,//c1.neweggimages.com/ProductImageCompressAll300/A8TK_1_20190304562021573.jpg
12,1TS-000E-07U00,Computer Systems,Laptops / Notebooks,17,Lenovo,"Lenovo ThinkPad T470s Windows 10 Pro Laptop - Intel Core i7-7500U, 12GB RAM, 128GB SSD, 14"" IPS WQHD (2560x1440) Matte Display, Fingerprint Reader, Smart Card Reader, Black Color",,1594.99,0.0,https://www.newegg.com/p/1TS-000E-07U00?Item=9SIA8TK6UR1150,//c1.neweggimages.com/NeweggImage/ProductImageCompressAll300/A8TK_1_201709071196388703.jpg
13,1TS-000E-0A030,Computer Systems,Laptops / Notebooks,17,Lenovo,"2018 Lenovo ThinkPad T480s Windows 10 Pro Laptop -  i7-8650U, 12GB RAM, 128GB SSD, 14"" IPS FHD (1920x1080) Touch Display w/ NVIDIA MX150 Graphics, Smart Card Reader, Black",,1599.99,0.0,https://www.newegg.com/p/1TS-000E-0A030?Item=9SIA8TK8A11392,//c1.neweggimages.com/NeweggImage/ProductImageCompressAll300/A8TK_1_20180727843708741.jpg
14,1TS-000E-07WY0,Computer Systems,Laptops / Notebooks,17,Lenovo,"Lenovo ThinkPad T470s Windows 10 Pro LTE 4G Laptop - Intel Core i7-7600U, 20GB RAM, 256GB PCIe NVMe SSD, 14"" IPS WQHD (2560x1440) Matte Display, Fingerprint Reader, Smart Card Reader, Silver Color",,1814.99,0.0,https://www.newegg.com/p/1TS-000E-07WY0?Item=9SIA8TK6X35816,//c1.neweggimages.com/NeweggImage/ProductImageCompressAll300/A8TK_1_201709071888383141.jpg
15,1TS-000E-0D380,Computer Systems,Laptops / Notebooks,17,Lenovo,"Lenovo Business 330S Laptop- Windows 10 Pro, Intel i7-8550U, 8GB RAM, 256GB PCIe NVMe SSD , 14"" FHD IPS (1920x1080) Display, Fast Charging",,1429.99,0.0,https://www.newegg.com/gray-lenovo-330s/p/1TS-000E-0D380?Item=9SIA8TK8UH5710,//c1.neweggimages.com/ProductImageCompressAll300/A8TK_1_20190304562021573.jpg
16,1TS-000E-0FSU1,Computer Systems,Laptops / Notebooks,17,Lenovo,"Lenovo ThinkPad T570 Windows 10 Pro - i7-6600U, 8GB RAM, 128GB SSD, 15.6"" IPS FHD (1920x1080) Matte Display, Fingerprint Reader, Black Color",,1649.99,0.0,https://www.newegg.com/p/1TS-000E-0FSU1?Item=9SIA8TKASX0821,//c1.neweggimages.com/ProductImageCompressAll300/A8TK_1_201801051728744162.jpg
17,1TS-000D-02MF0,Computer Systems,Laptops / Notebooks,17,HP,"HP Spectre x360 15t 2-in-1 Convertible Laptop (8th Gen i7-8705G, 16GB RAM, 256GB PCIe SSD, 15.6"" UHD micro-edge Touch Corning Gorilla, Radeon RX Vega, Win10 Pro) Dark Ash with HP Z5000 Bluetooth Mouse",Free Expedited Shipping,1679.00,0.0,https://www.newegg.com/p/1TS-000D-02MF0?Item=9SIA7AB7B95838,//c1.neweggimages.com/NeweggImage/ProductImageCompressAll300/A7AB_131718409882490197op5EX0nJYO.jpg
18,1TS-000E-07Z78,Computer Systems,Laptops / Notebooks,17,Lenovo,"Lenovo ThinkPad T470s Windows 10 Pro LTE 4G Laptop - Intel Core i7-7600U, 12GB RAM, 256GB SSD, 14"" IPS WQHD (2560x1440) Matte Display, Fingerprint Reader, Smart Card Reader, Silver Color",,1704.99,0.0,https://www.newegg.com/p/1TS-000E-07Z78?Item=9SIA8TK6X36557,//c1.neweggimages.com/NeweggImage/ProductImageCompressAll300/A8TK_1_201709071888383141.jpg
19,1TS-000E-06V46,Computer Systems,Laptops / Notebooks,17,Lenovo,"2017 Lenovo ThinkPad X1 Carbon (5th Gen) - Windows 10 Pro - Intel Core i7-7600U, 256GB SSD, 8GB RAM, 14"" WQHD IPS (2560x1440) Display, Fingerprint Reader, (Classic Black)",,1539.99,0.0,https://www.newegg.com/p/1TS-000E-06V46?Item=9SIA8TK6D85613,//c1.neweggimages.com/NeweggImage/ProductImageCompressAll300/A8TK_1_20170915238001060.jpg
20,1TS-000E-0A203,Computer Systems,Laptops / Notebooks,17,Lenovo,"2018 Lenovo ThinkPad T480s Windows 10 Pro Laptop -  i7-8650U, 16GB RAM, 180GB SSD, 14"" IPS FHD (1920x1080) Touch Display w/ NVIDIA MX150 Graphics, Smart Card Reader, Black",,1814.99,0.0,https://www.newegg.com/p/1TS-000E-0A203?Item=9SIA8TK8A12008,//c1.neweggimages.com/NeweggImage/ProductImageCompressAll300/A8TK_1_20180727843708741.jpg
21,1TS-000E-0D462,Computer Systems,Laptops / Notebooks,17,Lenovo,"Lenovo Business 330S Laptop- Linux Mint Cinnamon, Intel i7-8550U, 20GB RAM, 256GB PCIe NVMe SSD + 1TB SSD, 14"" FHD IPS (1920x1080) Display, Fast Charging",,1704.99,0.0,https://www.newegg.com/gray-lenovo-330s/p/1TS-000E-0D462?Item=9SIA8TK8UH6382,//c1.neweggimages.com/ProductImageCompressAll300/A8TK_1_20190304562021573.jpg
22,1TS-000E-09ZX0,Computer Systems,Laptops / Notebooks,17,Lenovo,"2018 Lenovo ThinkPad T480s Windows 10 Pro Laptop - i7-8550U, 8GB RAM, 180GB SSD, 14"" IPS WQHD (2560x1440) Matte Display, Fingerprint Reader, Smart Card Reader,  Black",,1649.99,0.0,https://www.newegg.com/p/1TS-000E-09ZX0?Item=9SIA8TK8A11332,//c1.neweggimages.com/NeweggImage/ProductImageCompressAll300/A8TK_1_20180727843708741.jpg
23,1TS-000E-0A108,Computer Systems,Laptops / Notebooks,17,Lenovo,"2018 Lenovo ThinkPad T480s Windows 10 Pro Laptop - i7-8550U, 8GB RAM, 256GB SSD, 14"" IPS WQHD (2560x1440) Matte Display, Fingerprint Reader, Smart Card Reader,  Black",,1649.99,0.0,https://www.newegg.com/p/1TS-000E-0A108?Item=9SIA8TK8A11690,//c1.neweggimages.com/NeweggImage/ProductImageCompressAll300/A8TK_1_20180727843708741.jpg
24,1TS-000E-0D445,Computer Systems,Laptops / Notebooks,17,Lenovo,"Lenovo Business 330S Laptop - Linux Mint Cinnamon - Intel i7-8550U, 20GB RAM, 250GB SSD, 14"" FHD IPS (1920x1080) Display, Fast Charging",,1484.99,0.0,https://www.newegg.com/gray-lenovo-330s/p/1TS-000E-0D445?Item=9SIA8TK8UH6329,//c1.neweggimages.com/ProductImageCompressAll300/A8TK_1_20190304562021573.jpg
25,1TS-000E-0FST4,Computer Systems,Laptops / Notebooks,17,Lenovo,"Lenovo ThinkPad T570 Windows 10 Pro - i7-6600U, 8GB RAM, 256GB PCIe NVMe SSD, 15.6"" IPS FHD (1920x1080) Matte Display, Fingerprint Reader, Black Color",,1649.99,0.0,https://www.newegg.com/p/1TS-000E-0FST4?Item=9SIA8TKASX0814,//c1.neweggimages.com/ProductImageCompressAll300/A8TK_1_201801051728744162.jpg
26,1TS-000E-07Z49,Computer Systems,Laptops / Notebooks,17,Lenovo,"Lenovo ThinkPad T470s Windows 10 Pro LTE 4G Laptop - Intel Core i7-7600U, 8GB RAM, 256GB SSD, 14"" IPS WQHD (2560x1440) Matte Display, Fingerprint Reader, Smart Card Reader, Silver Color",,1649.99,0.0,https://www.newegg.com/p/1TS-000E-07Z49?Item=9SIA8TK6X36528,//c1.neweggimages.com/NeweggImage/ProductImageCompressAll300/A8TK_1_201709071888383141.jpg
27,1TS-000E-07ES9,Computer Systems,Laptops / Notebooks,17,Lenovo,"2017 Lenovo ThinkPad X1 Carbon 4G LTE (5th Gen) - Windows 10 Pro - Modern Silver - Intel Core i7-7600U, 256GB SSD, 8GB RAM, 14"" FHD IPS (1920x1080) Display, Fingerprint Reader",,1572.99,0.0,https://www.newegg.com/p/1TS-000E-07ES9?Item=9SIA8TK6M31022,//c1.neweggimages.com/NeweggImage/ProductImageCompressAll300/A8TK_1_20170915900681419.jpg
28,1TS-000E-0A192,Computer Systems,Laptops / Notebooks,17,Lenovo,"2018 Lenovo ThinkPad T480s Windows 10 Pro Laptop - Intel Core i7-8550U, 16GB RAM, 128GB SSD, 14"" IPS FHD Touch 1920x1080 Display, Fingerprint Reader, Smart Card Reader, 4G LTE WWAN,  Black",,1759.99,0.0,https://www.newegg.com/p/1TS-000E-0A192?Item=9SIA8TK8A11774,//c1.neweggimages.com/NeweggImage/ProductImageCompressAll300/A8TK_1_20180727843708741.jpg
29,1TS-000E-0FSM9,Computer Systems,Laptops / Notebooks,17,Lenovo,"Lenovo ThinkPad Touch T570 Windows 7 Pro - i7-7600U, 32GB RAM, 180GB SSD, 15.6"" IPS FHD (1920x1080) Matte Touchscreen, Fingerprint Reader, Black Color",,1979.99,0.0,https://www.newegg.com/p/1TS-000E-0FSM9?Item=9SIA8TKASX0718,//c1.neweggimages.com/ProductImageCompressAll300/A8TK_1_201801051728744162.jpg
30,1TS-000E-07Y11,Computer Systems,Laptops / Notebooks,17,Lenovo,"Lenovo ThinkPad T470s Windows 7 Pro LTE 4G Laptop - Intel Core i7-7600U, 20GB RAM, 256GB SSD, 14"" IPS WQHD (2560x1440) Matte Display, Fingerprint Reader, Smart Card Reader, Silver Color",,1814.99,0.0,https://www.newegg.com/p/1TS-000E-07Y11?Item=9SIA8TK6X36168,//c1.neweggimages.com/NeweggImage/ProductImageCompressAll300/A8TK_1_201709071888383141.jpg
31,1TS-000E-0FSK7,Computer Systems,Laptops / Notebooks,17,Lenovo,"Lenovo ThinkPad Touch T570 Windows 10 Pro - i7-7600U, 32GB RAM, 128GB SSD, 15.6"" IPS FHD (1920x1080) Matte Touchscreen, Fingerprint Reader, Black Color",,1979.99,0.0,https://www.newegg.com/p/1TS-000E-0FSK7?Item=9SIA8TKASX0706,//c1.neweggimages.com/ProductImageCompressAll300/A8TK_1_201801051728744162.jpg
32,1TS-000E-0A176,Computer Systems,Laptops / Notebooks,17,Lenovo,"2018 Lenovo ThinkPad T480s Windows 10 Pro Laptop - i7-8550U, 12GB RAM, 128GB SSD, 14"" IPS WQHD (2560x1440) Matte Display, Fingerprint Reader, Smart Card Reader, 4G LTE WWAN,  Black",,1814.99,0.0,https://www.newegg.com/p/1TS-000E-0A176?Item=9SIA8TK8A11758,//c1.neweggimages.com/NeweggImage/ProductImageCompressAll300/A8TK_1_20180727843708741.jpg
33,1TS-000E-0FSU9,Computer Systems,Laptops / Notebooks,17,Lenovo,"Lenovo ThinkPad T570 Windows 10 Pro - i7-6600U, 8GB RAM, 180GB SSD, 15.6"" IPS FHD (1920x1080) Matte Display, Fingerprint Reader, Black Color",,1649.99,0.0,https://www.newegg.com/p/1TS-000E-0FSU9?Item=9SIA8TKASX0829,//c1.neweggimages.com/ProductImageCompressAll300/A8TK_1_201801051728744162.jpg
34,1TS-000E-09Z59,Computer Systems,Laptops / Notebooks,17,Lenovo,"2018 Lenovo ThinkPad T480s Windows 10 Pro Laptop -  i7-8650U, 12GB RAM, 180GB SSD, 14"" IPS FHD (1920x1080) Touch Display w/ NVIDIA MX150 Graphics, Smart Card Reader, Black",,1759.99,0.0,https://www.newegg.com/p/1TS-000E-09Z59?Item=9SIA8TK8A11101,//c1.neweggimages.com/NeweggImage/ProductImageCompressAll300/A8TK_1_20180727843708741.jpg
35,1TS-000E-09XZ5,Computer Systems,Laptops / Notebooks,17,Lenovo,"2018 Lenovo ThinkPad T480s Windows 10 Pro Laptop -  i7-8650U, 24GB RAM, 256GB PCIe NVMe SSD, 14"" IPS FHD 1920x1080 Touch Display w/ NVIDIA MX150 Graphics, Smart Card Reader, 4G LTE WWAN, Black",,1979.99,0.0,https://www.newegg.com/p/1TS-000E-09XZ5?Item=9SIA8TK8A10717,//c1.neweggimages.com/NeweggImage/ProductImageCompressAll300/A8TK_1_20180727843708741.jpg
