,item_number,general_category,product_category,page_number,brand,model_specifications,current_promotions,price,shipping,product_links,image_link
0,1TS-001A-00J78,Computer Systems,Laptops / Notebooks,4,ASUS,"ASUS TUF TUF705DU-PB74 Gaming and Entertainment Laptop (AMD Ryzen 7 3750H 4-Core, 64GB RAM, 2TB  PCIe SSD + 1TB  HDD , 17.3"" Full HD (1920x1080), NVIDIA GTX 1660 Ti, Wifi, Bluetooth, Win 10 Home)",Free Expedited Shipping,2312.49,0.0,https://www.newegg.com/p/1TS-001A-00J78,//c1.neweggimages.com/ProductImageCompressAll300/V0F3_1_201905191798296115.jpg
1,1TS-001A-00J59,Computer Systems,Laptops / Notebooks,4,ASUS,"ASUS TUF TUF705DU-PB74 Gaming and Entertainment Laptop (AMD Ryzen 7 3750H 4-Core, 16GB RAM, 1TB  PCIe SSD + 2TB  HDD , 17.3"" Full HD (1920x1080), NVIDIA GTX 1660 Ti, Wifi, Bluetooth, Win 10 Pro)",,2279.99,0.0,https://www.newegg.com/p/1TS-001A-00J59,//c1.neweggimages.com/ProductImageCompressAll300/V0F3_1_201905191798296115.jpg
2,1TS-001A-00J71,Computer Systems,Laptops / Notebooks,4,ASUS,"ASUS TUF TUF705DU-PB74 Gaming and Entertainment Laptop (AMD Ryzen 7 3750H 4-Core, 64GB RAM, 1TB  PCIe SSD + 2TB  HDD , 17.3"" Full HD (1920x1080), NVIDIA GTX 1660 Ti, Wifi, Bluetooth, Win 10 Pro)",,2759.99,0.0,https://www.newegg.com/p/1TS-001A-00J71,//c1.neweggimages.com/ProductImageCompressAll300/V0F3_1_201905191798296115.jpg
3,1TS-001A-00J70,Computer Systems,Laptops / Notebooks,4,ASUS,"ASUS TUF TUF705DU-PB74 Gaming and Entertainment Laptop (AMD Ryzen 7 3750H 4-Core, 64GB RAM, 1TB  PCIe SSD + 1TB  HDD , 17.3"" Full HD (1920x1080), NVIDIA GTX 1660 Ti, Wifi, Bluetooth, Win 10 Pro)",Free Expedited Shipping,2711.99,0.0,https://www.newegg.com/p/1TS-001A-00J70,//c1.neweggimages.com/ProductImageCompressAll300/V0F3_1_201905191798296115.jpg
4,1TS-001A-00J72,Computer Systems,Laptops / Notebooks,4,ASUS,"ASUS TUF TUF705DU-PB74 Gaming and Entertainment Laptop (AMD Ryzen 7 3750H 4-Core, 64GB RAM, 2TB  PCIe SSD + 1TB  HDD , 17.3"" Full HD (1920x1080), NVIDIA GTX 1660 Ti, Wifi, Bluetooth, Win 10 Pro)",Free Expedited Shipping,2462.49,0.0,https://www.newegg.com/p/1TS-001A-00J72,//c1.neweggimages.com/ProductImageCompressAll300/V0F3_1_201905191798296115.jpg
5,1TS-001A-00J53,Computer Systems,Laptops / Notebooks,4,ASUS,"ASUS TUF TUF705DU-PB74 Gaming and Entertainment Laptop (AMD Ryzen 7 3750H 4-Core, 64GB RAM, 512GB  PCIe SSD, 17.3"" Full HD (1920x1080), NVIDIA GTX 1660 Ti, Wifi, Bluetooth, Webcam, Win 10 Pro)",,2279.99,0.0,https://www.newegg.com/p/1TS-001A-00J53,//c1.neweggimages.com/ProductImageCompressAll300/V0F3_1_201905191798296115.jpg
6,1TS-001A-00J61,Computer Systems,Laptops / Notebooks,4,ASUS,"ASUS TUF TUF705DU-PB74 Gaming and Entertainment Laptop (AMD Ryzen 7 3750H 4-Core, 16GB RAM, 2TB  PCIe SSD + 2TB  HDD , 17.3"" Full HD (1920x1080), NVIDIA GTX 1660 Ti, Wifi, Bluetooth, Win 10 Pro)",Free Expedited Shipping,2102.49,0.0,https://www.newegg.com/p/1TS-001A-00J61,//c1.neweggimages.com/ProductImageCompressAll300/V0F3_1_201905191798296115.jpg
7,1TS-001A-00J79,Computer Systems,Laptops / Notebooks,4,ASUS,"ASUS TUF TUF705DU-PB74 Gaming and Entertainment Laptop (AMD Ryzen 7 3750H 4-Core, 64GB RAM, 2TB  PCIe SSD + 2TB  HDD , 17.3"" Full HD (1920x1080), NVIDIA GTX 1660 Ti, Wifi, Bluetooth, Win 10 Home)",,2352.49,0.0,https://www.newegg.com/p/1TS-001A-00J79,//c1.neweggimages.com/ProductImageCompressAll300/V0F3_1_201905191798296115.jpg
8,1TS-001A-00J84,Computer Systems,Laptops / Notebooks,4,ASUS,"ASUS TUF TUF705DU-PB74 Gaming and Entertainment Laptop (AMD Ryzen 7 3750H 4-Core, 16GB RAM, 1TB  PCIe SSD + 2TB  HDD , 17.3"" Full HD (1920x1080), NVIDIA GTX 1660 Ti, Wifi, Bluetooth, Win 10 Home)",,2099.99,0.0,https://www.newegg.com/p/1TS-001A-00J84,//c1.neweggimages.com/ProductImageCompressAll300/V0F3_1_201905191798296115.jpg
9,1TS-001A-00J55,Computer Systems,Laptops / Notebooks,4,ASUS,"ASUS TUF TUF705DU-PB74 Gaming and Entertainment Laptop (AMD Ryzen 7 3750H 4-Core, 64GB RAM, 2TB  PCIe SSD, 17.3"" Full HD (1920x1080), NVIDIA GTX 1660 Ti, Wifi, Bluetooth, Webcam, Win 10 Pro)",Free Expedited Shipping,2879.99,0.0,https://www.newegg.com/p/1TS-001A-00J55,//c1.neweggimages.com/ProductImageCompressAll300/V0F3_1_201905191798296115.jpg
10,1TS-001A-00J77,Computer Systems,Laptops / Notebooks,4,ASUS,"ASUS TUF TUF705DU-PB74 Gaming and Entertainment Laptop (AMD Ryzen 7 3750H 4-Core, 64GB RAM, 1TB  PCIe SSD + 2TB  HDD , 17.3"" Full HD (1920x1080), NVIDIA GTX 1660 Ti, Wifi, Bluetooth, Win 10 Home)",Free Expedited Shipping,2579.99,0.0,https://www.newegg.com/p/1TS-001A-00J77,//c1.neweggimages.com/ProductImageCompressAll300/V0F3_1_201905191798296115.jpg
11,1TS-001A-00J82,Computer Systems,Laptops / Notebooks,4,ASUS,"ASUS TUF TUF705DU-PB74 Gaming and Entertainment Laptop (AMD Ryzen 7 3750H 4-Core, 16GB RAM, 1TB  PCIe SSD, 17.3"" Full HD (1920x1080), NVIDIA GTX 1660 Ti, Wifi, Bluetooth, Webcam, Win 10 Home)",,1979.99,0.0,https://www.newegg.com/p/1TS-001A-00J82,//c1.neweggimages.com/ProductImageCompressAll300/V0F3_1_201905191798296115.jpg
12,1TS-001A-00J80,Computer Systems,Laptops / Notebooks,4,ASUS,"ASUS TUF TUF705DU-PB74 Gaming and Entertainment Laptop (AMD Ryzen 7 3750H 4-Core, 16GB RAM, 512GB  PCIe SSD + 1TB  HDD , 17.3"" Full HD (1920x1080), NVIDIA GTX 1660 Ti, Wifi, Bluetooth, Win 10 Home)",,1691.99,0.0,https://www.newegg.com/p/1TS-001A-00J80,//c1.neweggimages.com/ProductImageCompressAll300/V0F3_1_201905191798296115.jpg
13,1TS-001A-00J75,Computer Systems,Laptops / Notebooks,4,ASUS,"ASUS TUF TUF705DU-PB74 Gaming and Entertainment Laptop (AMD Ryzen 7 3750H 4-Core, 64GB RAM, 512GB  PCIe SSD + 2TB  HDD , 17.3"" Full HD (1920x1080), NVIDIA GTX 1660 Ti, Wifi, Bluetooth, Win 10 Home)",,1852.49,0.0,https://www.newegg.com/p/1TS-001A-00J75,//c1.neweggimages.com/ProductImageCompressAll300/V0F3_1_201905191798296115.jpg
14,1TS-001A-00J58,Computer Systems,Laptops / Notebooks,4,ASUS,"ASUS TUF TUF705DU-PB74 Gaming and Entertainment Laptop (AMD Ryzen 7 3750H 4-Core, 16GB RAM, 1TB  PCIe SSD + 1TB  HDD , 17.3"" Full HD (1920x1080), NVIDIA GTX 1660 Ti, Wifi, Bluetooth, Win 10 Pro)",,2231.99,0.0,https://www.newegg.com/p/1TS-001A-00J58,//c1.neweggimages.com/ProductImageCompressAll300/V0F3_1_201905191798296115.jpg
15,1TS-001A-00J54,Computer Systems,Laptops / Notebooks,4,ASUS,"ASUS TUF TUF705DU-PB74 Gaming and Entertainment Laptop (AMD Ryzen 7 3750H 4-Core, 64GB RAM, 1TB  PCIe SSD, 17.3"" Full HD (1920x1080), NVIDIA GTX 1660 Ti, Wifi, Bluetooth, Webcam, Win 10 Pro)",,2639.99,0.0,https://www.newegg.com/p/1TS-001A-00J54,//c1.neweggimages.com/ProductImageCompressAll300/V0F3_1_201905191798296115.jpg
16,1TS-001A-00J45,Computer Systems,Laptops / Notebooks,4,ASUS,"ASUS TUF TUF705DU-PB74 Gaming and Entertainment Laptop (AMD Ryzen 7 3750H 4-Core, 16GB RAM, 1TB  PCIe SSD, 17.3"" Full HD (1920x1080), NVIDIA GTX 1660 Ti, Wifi, Bluetooth, Webcam, Win 10 Pro)",,2159.99,0.0,https://www.newegg.com/p/1TS-001A-00J45,//c1.neweggimages.com/ProductImageCompressAll300/V0F3_1_201905191798296115.jpg
17,1TS-001A-00J57,Computer Systems,Laptops / Notebooks,4,ASUS,"ASUS TUF TUF705DU-PB74 Gaming and Entertainment Laptop (AMD Ryzen 7 3750H 4-Core, 16GB RAM, 512GB  PCIe SSD + 2TB  HDD , 17.3"" Full HD (1920x1080), NVIDIA GTX 1660 Ti, Wifi, Bluetooth, Win 10 Pro)",Free Expedited Shipping,1602.49,0.0,https://www.newegg.com/p/1TS-001A-00J57,//c1.neweggimages.com/ProductImageCompressAll300/V0F3_1_201905191798296115.jpg
18,1TS-001A-00J69,Computer Systems,Laptops / Notebooks,4,ASUS,"ASUS TUF TUF705DU-PB74 Gaming and Entertainment Laptop (AMD Ryzen 7 3750H 4-Core, 64GB RAM, 512GB  PCIe SSD + 2TB  HDD , 17.3"" Full HD (1920x1080), NVIDIA GTX 1660 Ti, Wifi, Bluetooth, Win 10 Pro)",Free Expedited Shipping,2002.49,0.0,https://www.newegg.com/p/1TS-001A-00J69,//c1.neweggimages.com/ProductImageCompressAll300/V0F3_1_201905191798296115.jpg
19,1TS-001A-00J52,Computer Systems,Laptops / Notebooks,4,ASUS,"ASUS TUF TUF705DU-PB74 Gaming and Entertainment Laptop (AMD Ryzen 7 3750H 4-Core, 64GB RAM, 2TB  PCIe SSD, 17.3"" Full HD (1920x1080), NVIDIA GTX 1660 Ti, Wifi, Bluetooth, Webcam, Win 10 Home)",Free Expedited Shipping,2699.99,0.0,https://www.newegg.com/p/1TS-001A-00J52,//c1.neweggimages.com/ProductImageCompressAll300/V0F3_1_201905191798296115.jpg
20,1TS-001A-00J56,Computer Systems,Laptops / Notebooks,4,ASUS,"ASUS TUF TUF705DU-PB74 Gaming and Entertainment Laptop (AMD Ryzen 7 3750H 4-Core, 16GB RAM, 512GB  PCIe SSD + 1TB  HDD , 17.3"" Full HD (1920x1080), NVIDIA GTX 1660 Ti, Wifi, Bluetooth, Win 10 Pro)",Free Expedited Shipping,1871.99,0.0,https://www.newegg.com/p/1TS-001A-00J56,//c1.neweggimages.com/ProductImageCompressAll300/V0F3_1_201905191798296115.jpg
21,1TS-001A-00J81,Computer Systems,Laptops / Notebooks,4,ASUS,"ASUS TUF TUF705DU-PB74 Gaming and Entertainment Laptop (AMD Ryzen 7 3750H 4-Core, 16GB RAM, 512GB  PCIe SSD + 2TB  HDD , 17.3"" Full HD (1920x1080), NVIDIA GTX 1660 Ti, Wifi, Bluetooth, Win 10 Home)",Free Expedited Shipping,1452.49,0.0,https://www.newegg.com/p/1TS-001A-00J81,//c1.neweggimages.com/ProductImageCompressAll300/V0F3_1_201905191798296115.jpg
22,1TS-001A-00J46,Computer Systems,Laptops / Notebooks,4,ASUS,"ASUS TUF TUF705DU-PB74 Gaming and Entertainment Laptop (AMD Ryzen 7 3750H 4-Core, 16GB RAM, 2TB  PCIe SSD, 17.3"" Full HD (1920x1080), NVIDIA GTX 1660 Ti, Wifi, Bluetooth, Webcam, Win 10 Pro)",Free Expedited Shipping,2399.99,0.0,https://www.newegg.com/p/1TS-001A-00J46,//c1.neweggimages.com/ProductImageCompressAll300/V0F3_1_201905191798296115.jpg
23,1TS-001A-00J50,Computer Systems,Laptops / Notebooks,4,ASUS,"ASUS TUF TUF705DU-PB74 Gaming and Entertainment Laptop (AMD Ryzen 7 3750H 4-Core, 64GB RAM, 512GB  PCIe SSD, 17.3"" Full HD (1920x1080), NVIDIA GTX 1660 Ti, Wifi, Bluetooth, Webcam, Win 10 Home)",Free Expedited Shipping,2099.99,0.0,https://www.newegg.com/p/1TS-001A-00J50,//c1.neweggimages.com/ProductImageCompressAll300/V0F3_1_201905191798296115.jpg
24,1TS-001A-00J51,Computer Systems,Laptops / Notebooks,4,ASUS,"ASUS TUF TUF705DU-PB74 Gaming and Entertainment Laptop (AMD Ryzen 7 3750H 4-Core, 64GB RAM, 1TB  PCIe SSD, 17.3"" Full HD (1920x1080), NVIDIA GTX 1660 Ti, Wifi, Bluetooth, Webcam, Win 10 Home)",Free Expedited Shipping,2459.99,0.0,https://www.newegg.com/p/1TS-001A-00J51,//c1.neweggimages.com/ProductImageCompressAll300/V0F3_1_201905191798296115.jpg
25,1TS-0016-00NV5,Computer Systems,Laptops / Notebooks,4,MSI,"MSI ALPHA 15 A3DD-003 Gaming and Business Laptop (AMD Ryzen 7 3750H 4-Core, 16GB RAM, 512GB m.2 SATA SSD + 2TB  HDD, 15.6"" Full HD (1920x1080), AMD Radeon RX5500M, Wifi, Bluetooth, Win 10 Home)",,1738.80,0.0,https://www.newegg.com/p/1TS-0016-00NV5,//c1.neweggimages.com/ProductImageCompressAll300/A7AB_1_20191104190185842.jpg
26,1TS-0016-00NW8,Computer Systems,Laptops / Notebooks,4,MSI,"MSI ALPHA 15 A3DD-003 Gaming and Business Laptop (AMD Ryzen 7 3750H 4-Core, 64GB RAM, 2TB m.2 SATA SSD + 1TB  HDD, 15.6"" Full HD (1920x1080), AMD Radeon RX5500M, Wifi, Bluetooth, Webcam, Win 10 Home)",,2530.80,0.0,https://www.newegg.com/p/1TS-0016-00NW8,//c1.neweggimages.com/ProductImageCompressAll300/A7AB_1_20191104190185842.jpg
27,1TS-0016-00NT4,Computer Systems,Laptops / Notebooks,4,MSI,"MSI ALPHA 15 A3DD-003 Gaming and Business Laptop (AMD Ryzen 7 3750H 4-Core, 16GB RAM, 4TB  SATA SSD, 15.6"" Full HD (1920x1080), AMD Radeon RX5500M, Wifi, Bluetooth, Webcam, 3xUSB 3.2, Win 10 Home)",,2458.80,0.0,https://www.newegg.com/p/1TS-0016-00NT4,//c1.neweggimages.com/ProductImageCompressAll300/A7AB_1_20191104190185842.jpg
28,1TS-0016-00NV1,Computer Systems,Laptops / Notebooks,4,MSI,"MSI ALPHA 15 A3DD-003 Gaming and Business Laptop (AMD Ryzen 7 3750H 4-Core, 64GB RAM, 512GB m.2 SATA SSD + 1TB  HDD, 15.6"" Full HD (1920x1080), AMD Radeon RX5500M, Wifi, Bluetooth, Win 10 Home)",,2170.80,0.0,https://www.newegg.com/p/1TS-0016-00NV1,//c1.neweggimages.com/ProductImageCompressAll300/A7AB_1_20191104190185842.jpg
29,1TS-0016-00NV3,Computer Systems,Laptops / Notebooks,4,MSI,"MSI ALPHA 15 A3DD-003 Gaming and Business Laptop (AMD Ryzen 7 3750H 4-Core, 64GB RAM, 1TB  SATA SSD, 15.6"" Full HD (1920x1080), AMD Radeon RX5500M, Wifi, Bluetooth, Webcam, 3xUSB 3.2, Win 10 Home)",,2158.80,0.0,https://www.newegg.com/p/1TS-0016-00NV3,//c1.neweggimages.com/ProductImageCompressAll300/A7AB_1_20191104190185842.jpg
30,1TS-0016-00NY4,Computer Systems,Laptops / Notebooks,4,MSI,"MSI ALPHA 15 A3DD-003 Gaming and Business Laptop (AMD Ryzen 7 3750H 4-Core, 64GB RAM, 2TB m.2 SATA SSD + 1TB  HDD, 15.6"" Full HD (1920x1080), AMD Radeon RX5500M, Wifi, Bluetooth, Webcam, Win 10 Pro)",,2710.80,0.0,https://www.newegg.com/p/1TS-0016-00NY4,//c1.neweggimages.com/ProductImageCompressAll300/A7AB_1_20191104190185842.jpg
31,1TS-0016-00NW6,Computer Systems,Laptops / Notebooks,4,MSI,"MSI ALPHA 15 A3DD-003 Gaming and Business Laptop (AMD Ryzen 7 3750H 4-Core, 16GB RAM, 2TB m.2 SATA SSD + 1TB  HDD, 15.6"" Full HD (1920x1080), AMD Radeon RX5500M, Wifi, Bluetooth, Webcam, Win 10 Home)",,2050.80,0.0,https://www.newegg.com/p/1TS-0016-00NW6,//c1.neweggimages.com/ProductImageCompressAll300/A7AB_1_20191104190185842.jpg
32,1TS-0016-00NU8,Computer Systems,Laptops / Notebooks,4,MSI,"MSI ALPHA 15 A3DD-003 Gaming and Business Laptop (AMD Ryzen 7 3750H 4-Core, 64GB RAM, 4TB  SATA SSD, 15.6"" Full HD (1920x1080), AMD Radeon RX5500M, Wifi, Bluetooth, Webcam, 3xUSB 3.2, Win 10 Pro)",,3118.80,0.0,https://www.newegg.com/p/1TS-0016-00NU8,//c1.neweggimages.com/ProductImageCompressAll300/A7AB_1_20191104190185842.jpg
33,1TS-0016-00NV9,Computer Systems,Laptops / Notebooks,4,MSI,"MSI ALPHA 15 A3DD-003 Gaming and Business Laptop (AMD Ryzen 7 3750H 4-Core, 16GB RAM, 1TB m.2 SATA SSD + 1TB  HDD, 15.6"" Full HD (1920x1080), AMD Radeon RX5500M, Wifi, Bluetooth, Webcam, Win 10 Home)",,1750.80,0.0,https://www.newegg.com/p/1TS-0016-00NV9,//c1.neweggimages.com/ProductImageCompressAll300/A7AB_1_20191104190185842.jpg
34,1TS-0016-00NU7,Computer Systems,Laptops / Notebooks,4,MSI,"MSI ALPHA 15 A3DD-003 Gaming and Business Laptop (AMD Ryzen 7 3750H 4-Core, 16GB RAM, 2TB m.2 SATA SSD + 2TB  HDD, 15.6"" Full HD (1920x1080), AMD Radeon RX5500M, Wifi, Bluetooth, Webcam, Win 10 Pro)",,2278.80,0.0,https://www.newegg.com/p/1TS-0016-00NU7,//c1.neweggimages.com/ProductImageCompressAll300/A7AB_1_20191104190185842.jpg
35,1TS-0016-00NX2,Computer Systems,Laptops / Notebooks,4,MSI,"MSI ALPHA 15 A3DD-003 Gaming and Business Laptop (AMD Ryzen 7 3750H 4-Core, 16GB RAM, 4TB  SATA SSD, 15.6"" Full HD (1920x1080), AMD Radeon RX5500M, Wifi, Bluetooth, Webcam, 3xUSB 3.2, Win 10 Pro)",,2638.80,0.0,https://www.newegg.com/p/1TS-0016-00NX2,//c1.neweggimages.com/ProductImageCompressAll300/A7AB_1_20191104190185842.jpg
