,item_number,general_category,product_category,page_number,brand,model_specifications,current_promotions,price,shipping,product_links,image_link
0,,Computer Systems,Laptops / Notebooks,9,Lenovo,"Lenovo Legion Y7000P Notebook, 15.6"" FHD Display, Intel Core i7-8750H Upto 4.1GHz, 8GB RAM, 256GB NVMe SSD + 1TB HDD, NVIDIA GeForce GTX 1060, HDMI, Mini DisplayPort, Wi-Fi, Bluetooth, Windows 10 Home",Free Expedited Shipping,1748.49,0.0,https://www.newegg.com/steel-gray-lenovo-legion-y7000p/p/1TS-000E-0FD72?Item=9SIAEYAAKB4161,//c1.neweggimages.com/ProductImageCompressAll300/AEYA_1_20191118169381229.jpg
1,1TS-000A-038F9,Computer Systems,Laptops / Notebooks,9,DELL,"Dell G Series 15.6"" IPS Full HD Laptop, Intel 6-Core i7-8750H Upto 4.10GHz, 32GB DDR4, 256GB SSD, NVIDIA GeForce GTX 1060 Max Q 6GB, Thunderbolt 3, HDMI, Card Reader, Windows 10 Home",Free Expedited Shipping,1429.98,0.0,https://www.newegg.com/black-dell-g-series-7588-gaming-entertainment/p/1TS-000A-038F9?Item=9SIAEYA7YU2413,//c1.neweggimages.com/NeweggImage/ProductImageCompressAll300/AEYA_1_20190403351088422.jpg
2,1TS-000D-06799,Computer Systems,Laptops / Notebooks,9,HP,"HP ProBook 440 G6 Notebook, 14"" FHD Display, Intel Core i7-8565U Upto 4.6GHz, 32GB RAM, 128GB NVMe SSD, HDMI, Card Reader, Wi-Fi, Bluetooth, Windows 10 Pro",Free Expedited Shipping,1399.99,0.0,https://www.newegg.com/silver-hp-probook-440-g6/p/1TS-000D-06799?Item=9SIAA0SA6V6314,//c1.neweggimages.com/ProductImageCompressAll300/AA0S_1_201909182042244414.jpg
3,1TS-000A-038F0,Computer Systems,Laptops / Notebooks,9,DELL,"Dell G Series 15.6"" IPS Full HD Laptop, Intel 6-Core i7-8750H Upto 4.10GHz, 32GB DDR4, 240GB SSD, NVIDIA GeForce GTX 1060 Max Q 6GB, Thunderbolt 3, HDMI, Card Reader, Windows 10 Home",Free Expedited Shipping,1409.98,0.0,https://www.newegg.com/black-dell-g-series-7588-gaming-entertainment/p/1TS-000A-038F0?Item=9SIAEYA7YU2366,//c1.neweggimages.com/NeweggImage/ProductImageCompressAll300/AA0S_1_201904031317845281.jpg
4,1TS-000A-03V50,Computer Systems,Laptops / Notebooks,9,DELL,"Dell Alienware 15 R4 15.6"" IPS FHD Gaming Notebook, Intel 6-Core i7-8750H Upto 4.1GHz, 8GB DDR4, 256GB NVMe SSD, NVIDIA GeForce GTX 1060 6GB, ThunderBolt, Mini DisplayPort, Windows 10 Home",Free Expedited Shipping,1239.99,0.0,https://www.newegg.com/silver-dell-alienware-15-r4-gaming-notebook/p/1TS-000A-03V50?Item=9SIAA0S8H36790,//c1.neweggimages.com/ProductImageCompressAll300/AA0S_1_20181203621188024.jpg
5,,Computer Systems,Laptops / Notebooks,9,Lenovo,"Lenovo Legion Y7000P Notebook, 15.6"" FHD Display, Intel Core i7-8750H Upto 4.1GHz, 8GB RAM, 128GB NVMe SSD, NVIDIA GeForce GTX 1060, HDMI, Mini DisplayPort, Wi-Fi, Bluetooth, Windows 10 Pro",Free Expedited Shipping,1702.99,0.0,https://www.newegg.com/steel-gray-lenovo-legion-y7000p/p/1TS-000E-0FD38?Item=9SIAA0SAKB3845,//c1.neweggimages.com/ProductImageCompressAll300/AA0S_1_201911182097966328.jpg
6,1TS-000D-05N76,Computer Systems,Laptops / Notebooks,9,HP,"HP OMEN 15t Gaming and Entertainment Laptop (Intel i7-9750H 6-Core, 8GB RAM, 256GB m.2 SATA SSD + 1TB  HDD , 15.6"" Full HD (1920x1080), NVIDIA GTX 1660 Ti, ) with HP Z5000 Mouse , ME2 Backpack",,1894.80,0.0,https://www.newegg.com/p/1TS-000D-05N76?Item=9SIA7AB9YM8181,//c1.neweggimages.com/ProductImageCompressAll300/V0F3_1_20190829551240668.jpg
7,1TS-000A-02Y87,Computer Systems,Laptops / Notebooks,9,DELL,"Dell XPS 15 - 15.6"" Laptop - i7 - 256 GB SSD - 8 GB RAM - GTX 1050 Graphics - Win 10 Home",,1499.11,0.0,https://www.newegg.com/dell-xps-fndoxb1610s/p/1TS-000A-02Y87?Item=9SIADDT78A5926,//c1.neweggimages.com/NeweggImage/ProductImageCompressAll300/ADYY_1_20171206492661230.jpg
8,,Computer Systems,Laptops / Notebooks,9,Lenovo,"Lenovo Legion Y7000P Notebook, 15.6"" FHD Display, Intel Core i7-8750H Upto 4.1GHz, 8GB RAM, 128GB NVMe SSD + 1TB HDD, NVIDIA GeForce GTX 1060, HDMI, Mini DisplayPort, Wi-Fi, Bluetooth, Windows 10 Home",Free Expedited Shipping,1715.99,0.0,https://www.newegg.com/steel-gray-lenovo-legion-y7000p/p/1TS-000E-0FD84?Item=9SIAEYAAKB4173,//c1.neweggimages.com/ProductImageCompressAll300/AEYA_1_201911181450283697.jpg
9,1TS-000D-06SA4,Computer Systems,Laptops / Notebooks,9,HP,"HP 15 Notebook, 15.6"" HD Touch Display, Intel Core i7-8565U Upto 4.6GHz, 32GB RAM, 128GB NVMe SSD, HDMI, Card Reader, Wi-Fi, Bluetooth, Windows 10 Pro",Free Expedited Shipping,1099.99,0.0,https://www.newegg.com/silver-hp-15/p/1TS-000D-06SA4?Item=9SIAA0SAFT5676,//c1.neweggimages.com/ProductImageCompressAll300/AA0S_1_20191028729831556.jpg
10,1TS-000A-03263,Computer Systems,Laptops / Notebooks,9,DELL,"Dell G Series 15.6"" IPS Full HD Laptop, Intel 6-Core i7-8750H Upto 4.10GHz, 16GB DDR4, 256GB SSD Plus 1TB HDD, NVIDIA GeForce GTX 1060 Max Q 6GB, Thunderbolt 3, HDMI, Card Reader, Windows 10 Home",Free Expedited Shipping,1479.98,0.0,https://www.newegg.com/black-dell-g-series-7588-gaming-entertainment/p/1TS-000A-03263?Item=9SIAEYA7EF6531,//c1.neweggimages.com/NeweggImage/ProductImageCompressAll300/AA0S_1_201904031317845281.jpg
11,1TS-000D-06798,Computer Systems,Laptops / Notebooks,9,HP,"HP ProBook 440 G6 Notebook, 14"" FHD Display, Intel Core i7-8565U Upto 4.6GHz, 32GB RAM, 256GB NVMe SSD, HDMI, Card Reader, Wi-Fi, Bluetooth, Windows 10 Pro",Free Expedited Shipping,1499.99,0.0,https://www.newegg.com/silver-hp-probook-440-g6/p/1TS-000D-06798?Item=9SIAA0SA6V6313,//c1.neweggimages.com/ProductImageCompressAll300/AA0S_1_201909182030538274.jpg
12,1TS-000A-038F1,Computer Systems,Laptops / Notebooks,9,DELL,"Dell G Series 15.6"" IPS Full HD Laptop, Intel 6-Core i7-8750H Upto 4.10GHz, 32GB DDR4, 128GB SSD, NVIDIA GeForce GTX 1060 Max Q 6GB, Thunderbolt 3, HDMI, Card Reader, Windows 10 Home",Free Expedited Shipping,1389.98,0.0,https://www.newegg.com/black-dell-g-series-7588-gaming-entertainment/p/1TS-000A-038F1?Item=9SIAEYA7YU2367,//c1.neweggimages.com/NeweggImage/ProductImageCompressAll300/AA0S_1_201904031317845281.jpg
13,1TS-000D-062U7,Computer Systems,Laptops / Notebooks,9,HP,"HP OMEN 15 Notebook, 15.6"" FHD Display, Intel Core i7-9750H Upto 4.5GHz, 8GB RAM, 128GB NVMe SSD + 1TB HDD, GeForce GTX 1660 Ti, HDMI, Mini DisplayPort, OMEN Mouse + Headset, Wi-Fi, BT, Windows 10 Pro",Free Expedited Shipping,1449.99,0.0,https://www.newegg.com/black-hp-omen-15/p/1TS-000D-062U7?Item=9SIAA0SA6E4129,//c1.neweggimages.com/ProductImageCompressAll300/AHKW_1_20190916111690707.jpg
14,1TS-000A-06H45,Computer Systems,Laptops / Notebooks,9,DELL,"Dell G7 Notebook, 15.6"" FHD Display, Intel Core i7-8750H Upto 4.1GHz, 16GB RAM, 128GB SSD + 1TB HDD, NVIDIA GeForce GTX 1060, HDMI, Thunderbolt, Card Reader, Wi-Fi, Bluetooth, Windows 10 Home",Free Expedited Shipping,1099.99,0.0,https://www.newegg.com/black-dell-g7/p/1TS-000A-06H45?Item=9SIAEYAAD56717,//c1.neweggimages.com/ProductImageCompressAll300/AEYA_1_201910112085246420.jpg
15,1TS-000D-06791,Computer Systems,Laptops / Notebooks,9,HP,"HP ProBook 440 G6 Notebook, 14"" FHD Display, Intel Core i7-8565U Upto 4.6GHz, 16GB RAM, 128GB NVMe SSD, HDMI, Card Reader, Wi-Fi, Bluetooth, Windows 10 Pro",Free Expedited Shipping,1299.99,0.0,https://www.newegg.com/silver-hp-probook-440-g6/p/1TS-000D-06791?Item=9SIAA0SA6V6306,//c1.neweggimages.com/ProductImageCompressAll300/AA0S_1_201909181231134276.jpg
16,1TS-002F-002Z6,Computer Systems,Laptops / Notebooks,9,GIGABYTE,"GIGABYTE Aorus 5 Notebook, 15.6"" FHD Display, Intel Core i7-9750H Upto 4.5GHz, 16GB RAM, 256GB NVMe SSD, NVIDIA GeForce GTX 1650, HDMI, Card Reader, Wi-Fi, Bluetooth, Windows 10 Pro",Free Expedited Shipping,1269.99,0.0,https://www.newegg.com/charcoal-gray-gigabyte-aorus-5/p/1TS-002F-002Z6?Item=9SIAA0SAFY8718,//c1.neweggimages.com/ProductImageCompressAll300/AA0S_1_20191030899627129.jpg
17,1TS-000E-08537,Computer Systems,Laptops / Notebooks,9,Lenovo,"Lenovo Yoga 910 2-in-1 14"" FHD IPS Touch-Screen Ultrabook, Intel Core i7-7500U, 8GB DDR4 RAM, 256GB SSD, HDMI, Bluetooth, 802.11ac, Fingerprint Reader, Backlit Keyboard, No DVD -Windows10",,1093.42,0.0,https://www.newegg.com/p/1TS-000E-08537?Item=9SIA17P7JU4817,//c1.neweggimages.com/NeweggImage/ProductImageCompressAll300/V0SF_131643283048163469atdKr4NT9d.jpg
18,1TS-000X-01F11,Computer Systems,Laptops / Notebooks,9,Acer America,Acer Predator Helios 300 Customized Gaming Laptop | Intel Hexa Core i7-8750H | 32GB RAM 256GB SSD 500GB HDD | Full HD IPS Display | NVIDIA GTX 1060 6GB GDDR5 | AeroBlade 3D Fan | Windows 10 Black,,1430.33,0.0,https://www.newegg.com/p/1TS-000X-01F11?Item=9SIAJZDAG27512,//c1.neweggimages.com/ProductImageCompressAll300/AHBU_1_20190719523360128.jpg
19,1TS-000A-045P7,Computer Systems,Laptops / Notebooks,9,DELL,"Alienware 15 R3 Gaming Notebook, 15.6"" IPS FHD, Intel Quad-Core i7-7700HQ Upto 3.8GHz, 32GB RAM, 256GB SSD + 1TB HDD, GeForce GTX 1070 8GB, HDMI, MiniDP, Wi-Fi, Bluetooth, Windows 10 Pro",Free Expedited Shipping,1653.48,0.0,https://www.newegg.com/silver-alienware-15-r3-gaming-notebook/p/1TS-000A-045P7?Item=9SIAA0S8U32199,//c1.neweggimages.com/ProductImageCompressAll300/AH3P_1_201902261992990742.jpg
20,,Computer Systems,Laptops / Notebooks,9,Lenovo,"Lenovo Legion Y7000P Notebook, 15.6"" FHD Display, Intel Core i7-8750H Upto 4.1GHz, 8GB RAM, 256GB NVMe SSD, NVIDIA GeForce GTX 1060, HDMI, Mini DisplayPort, Wi-Fi, Bluetooth, Windows 10 Home",Free Expedited Shipping,1702.99,0.0,https://www.newegg.com/steel-gray-lenovo-legion-y7000p/p/1TS-000E-0FD76?Item=9SIAEYAAKB4165,//c1.neweggimages.com/ProductImageCompressAll300/AEYA_1_201911181073031631.jpg
21,1TS-000A-045R4,Computer Systems,Laptops / Notebooks,9,DELL,"Alienware 15 R3 Gaming Notebook, 15.6"" IPS FHD, Intel Quad-Core i7-7700HQ Upto 3.8GHz, 8GB RAM, 256GB SSD + 1TB HDD, GeForce GTX 1070 8GB, HDMI, MiniDP, Wi-Fi, Bluetooth, Windows 10 Pro",Free Expedited Shipping,1569.24,0.0,https://www.newegg.com/silver-alienware-15-r3-gaming-notebook/p/1TS-000A-045R4?Item=9SIAA0S8U32210,//c1.neweggimages.com/ProductImageCompressAll300/AH3P_1_20190226460194510.jpg
22,1TS-000A-045P8,Computer Systems,Laptops / Notebooks,9,DELL,"Alienware 15 R3 Gaming Notebook, 15.6"" IPS FHD, Intel Quad-Core i7-7700HQ Upto 3.8GHz, 32GB RAM, 256GB SSD, GeForce GTX 1070 8GB, HDMI, MiniDP, Wi-Fi, Bluetooth, Windows 10 Pro",Free Expedited Shipping,1628.10,0.0,https://www.newegg.com/silver-alienware-15-r3-gaming-notebook/p/1TS-000A-045P8?Item=9SIAA0S8U32200,//c1.neweggimages.com/ProductImageCompressAll300/AA0S_1_20190226825170751.jpg
23,1TS-000X-01EY7,Computer Systems,Laptops / Notebooks,9,Acer America,Acer Predator Helios 300 Customized Gaming Laptop | Intel Hexa Core i7-8750H | 16GB RAM 128GB SSD 500GB HDD | Full HD IPS Display | NVIDIA GTX 1060 6GB GDDR5 | AeroBlade 3D Fan | Windows 10 Black,,1288.53,0.0,https://www.newegg.com/p/1TS-000X-01EY7?Item=9SIAJZDAG27488,//c1.neweggimages.com/ProductImageCompressAll300/AHBU_1_20190719523360128.jpg
24,1TS-000X-01EX2,Computer Systems,Laptops / Notebooks,9,Acer America,Acer Predator Helios 300 Customized Gaming Laptop | Intel Hexa Core i7-8750H | 16GB RAM 256GB SSD 500GB HDD | Full HD IPS Display | NVIDIA GTX 1060 6GB GDDR5 | AeroBlade 3D Fan | Windows 10 Black,,1307.03,0.0,https://www.newegg.com/p/1TS-000X-01EX2?Item=9SIAJZDAG27473,//c1.neweggimages.com/ProductImageCompressAll300/AHBU_1_20190719523360128.jpg
25,1TS-000A-045N8,Computer Systems,Laptops / Notebooks,9,DELL,"Alienware 15 R3 Gaming Notebook, 15.6"" IPS FHD, Intel Quad-Core i7-7700HQ Upto 3.8GHz, 16GB RAM, 128GB SSD + 1TB HDD, GeForce GTX 1070 8GB, HDMI, MiniDP, Wi-Fi, Bluetooth, Windows 10 Pro",Free Expedited Shipping,1589.76,0.0,https://www.newegg.com/silver-alienware-15-r3-gaming-notebook/p/1TS-000A-045N8?Item=9SIAA0S8U32179,//c1.neweggimages.com/ProductImageCompressAll300/AA0S_1_201902261245332976.jpg
26,1TS-000A-045S0,Computer Systems,Laptops / Notebooks,9,DELL,"Alienware 15 R3 Gaming Notebook, 15.6"" IPS FHD, Intel Quad-Core i7-7700HQ Upto 3.8GHz, 16GB RAM, 256GB SSD + 1TB HDD, GeForce GTX 1070 8GB, HDMI, MiniDP, Wi-Fi, Bluetooth, Windows 10 Home",Free Expedited Shipping,1593.00,0.0,https://www.newegg.com/silver-alienware-15-r3-gaming-notebook/p/1TS-000A-045S0?Item=9SIAEYA8U33476,//c1.neweggimages.com/ProductImageCompressAll300/AEYA_1_201902261905930644.jpg
27,1TS-000X-01F03,Computer Systems,Laptops / Notebooks,9,Acer America,Acer Predator Helios 300 Customized Gaming Laptop | Intel Hexa Core i7-8750H | 24GB RAM 128GB SSD 1TB HDD | Full HD IPS Display | NVIDIA GTX 1060 6GB GDDR5 | AeroBlade 3D Fan | Windows 10 Black,,1368.68,0.0,https://www.newegg.com/p/1TS-000X-01F03?Item=9SIAJZDAG27505,//c1.neweggimages.com/ProductImageCompressAll300/AHBU_1_20190719523360128.jpg
28,1TS-000A-045R5,Computer Systems,Laptops / Notebooks,9,DELL,"Alienware 15 R3 Gaming Notebook, 15.6"" IPS FHD, Intel Quad-Core i7-7700HQ Upto 3.8GHz, 8GB RAM, 256GB SSD, GeForce GTX 1070 8GB, HDMI, MiniDP, Wi-Fi, Bluetooth, Windows 10 Pro",Free Expedited Shipping,1543.86,0.0,https://www.newegg.com/silver-alienware-15-r3-gaming-notebook/p/1TS-000A-045R5?Item=9SIAA0S8U32214,//c1.neweggimages.com/ProductImageCompressAll300/AH3P_1_20190226188505568.jpg
29,1TS-000X-01EZ2,Computer Systems,Laptops / Notebooks,9,Acer America,Acer Predator Helios 300 Customized Gaming Laptop | Intel Hexa Core i7-8750H | 24GB RAM 256GB SSD 1TB HDD | Full HD IPS Display | NVIDIA GTX 1060 6GB GDDR5 | AeroBlade 3D Fan | Windows 10 Black,,1387.18,0.0,https://www.newegg.com/p/1TS-000X-01EZ2?Item=9SIAJZDAG27493,//c1.neweggimages.com/ProductImageCompressAll300/AHBU_1_20190719523360128.jpg
30,1TS-000X-01ER3,Computer Systems,Laptops / Notebooks,9,Acer America,Acer Predator Helios 300 Customized Gaming Laptop | Intel Hexa Core i7-8750H | 24GB RAM 256GB SSD | Full HD IPS Display | NVIDIA GTX 1060 6GB GDDR5 | AeroBlade 3D Fan Cooling | Windows 10 Black,,1350.18,0.0,https://www.newegg.com/p/1TS-000X-01ER3?Item=9SIAJZDAG27239,//c1.neweggimages.com/ProductImageCompressAll300/AHBU_1_20190719523360128.jpg
31,1TS-000X-01EY0,Computer Systems,Laptops / Notebooks,9,Acer America,Acer Predator Helios 300 Customized Gaming Laptop | Intel Hexa Core i7-8750H | 12GB RAM 128GB SSD 500GB HDD | Full HD IPS Display | NVIDIA GTX 1060 6GB GDDR5 | AeroBlade 3D Fan | Windows 10 Black,,1263.87,0.0,https://www.newegg.com/p/1TS-000X-01EY0?Item=9SIAJZDAG27481,//c1.neweggimages.com/ProductImageCompressAll300/AHBU_1_20190719523360128.jpg
32,1TS-000X-01EW6,Computer Systems,Laptops / Notebooks,9,Acer America,Acer Predator Helios 300 Customized Gaming Laptop | Intel Hexa Core i7-8750H | 12GB RAM 128GB SSD 2TB HDD | Full HD IPS Display | NVIDIA GTX 1060 6GB GDDR5 | AeroBlade 3D Fan | Windows 10 Black,,1307.03,0.0,https://www.newegg.com/p/1TS-000X-01EW6?Item=9SIAJZDAG27467,//c1.neweggimages.com/ProductImageCompressAll300/AHBU_1_20190719523360128.jpg
33,1TS-000A-045P5,Computer Systems,Laptops / Notebooks,9,DELL,"Alienware 15 R3 Gaming Notebook, 15.6"" IPS FHD, Intel Quad-Core i7-7700HQ Upto 3.8GHz, 32GB RAM, 128GB SSD + 1TB HDD, GeForce GTX 1070 8GB, HDMI, MiniDP, Wi-Fi, Bluetooth, Windows 10 Pro",Free Expedited Shipping,1643.76,0.0,https://www.newegg.com/silver-alienware-15-r3-gaming-notebook/p/1TS-000A-045P5?Item=9SIAA0S8U32193,//c1.neweggimages.com/ProductImageCompressAll300/A9YN_1_201902261236913719.jpg
34,1TS-000A-045R2,Computer Systems,Laptops / Notebooks,9,DELL,"Alienware 15 R3 Gaming Notebook, 15.6"" IPS FHD, Intel Quad-Core i7-7700HQ Upto 3.8GHz, 8GB RAM, 128GB SSD + 1TB HDD, GeForce GTX 1070 8GB, HDMI, MiniDP, Wi-Fi, Bluetooth, Windows 10 Pro",Free Expedited Shipping,1559.52,0.0,https://www.newegg.com/silver-alienware-15-r3-gaming-notebook/p/1TS-000A-045R2?Item=9SIAA0S8U32207,//c1.neweggimages.com/ProductImageCompressAll300/AA0S_1_201902261698329572.jpg
35,1TS-000X-01EN4,Computer Systems,Laptops / Notebooks,9,Acer America,Acer Predator Helios 300 Customized Gaming Laptop | Intel Hexa Core i7-8750H | 12GB RAM 128GB SSD | Full HD IPS Display | NVIDIA GTX 1060 6GB GDDR5 | AeroBlade 3D Fan Cooling | Windows 10 Black,,1245.38,0.0,https://www.newegg.com/p/1TS-000X-01EN4?Item=9SIAJZDAG27170,//c1.neweggimages.com/ProductImageCompressAll300/AHBU_1_20190719523360128.jpg
