,item_number,general_category,product_category,page_number,brand,model_specifications,current_promotions,price,shipping,product_links,image_link
0,1TS-001A-01U67,Computer Systems,Laptops / Notebooks,4,ASUS,"ASUS FX705DT 17.3"" Customized Gaming Laptop | AMD Ryzen 7 3750H Processor | 24GB RAM 512GB SSD | GeForce GTX 1650 4GB GDDR5 | RGB Backlit Keyboard | Windows 10 Black",,1128.80,0.0,https://www.newegg.com/p/1TS-001A-01U67,//c1.neweggimages.com/ProductImageCompressAll300/AJZD_1_202001281913377908.jpg
1,1TS-001A-01U49,Computer Systems,Laptops / Notebooks,4,ASUS,"ASUS FX705DT 17.3"" Customized Gaming Laptop | AMD Ryzen 7 3750H Processor | 24GB RAM 1024GB SSD 1TB HDD | GeForce GTX 1650 4GB GDDR5 | RGB Backlit Keyboard | Windows 10 Black",,1266.28,0.0,https://www.newegg.com/p/1TS-001A-01U49,//c1.neweggimages.com/ProductImageCompressAll300/AJZD_1_202001281913377908.jpg
2,1TS-001A-01U39,Computer Systems,Laptops / Notebooks,4,ASUS,"ASUS FX705DT 17.3"" Customized Gaming Laptop | AMD Ryzen 7 3750H Processor | 12GB RAM 128GB SSD 1TB HDD | GeForce GTX 1650 4GB GDDR5 | RGB Backlit Keyboard | Windows 10 Black",,1020.26,0.0,https://www.newegg.com/p/1TS-001A-01U39,//c1.neweggimages.com/ProductImageCompressAll300/AJZD_1_202001281913377908.jpg
3,1TS-001A-01U57,Computer Systems,Laptops / Notebooks,4,ASUS,"ASUS FX705DT 17.3"" Customized Gaming Laptop | AMD Ryzen 7 3750H Processor | 32GB RAM 512GB SSD | GeForce GTX 1650 4GB GDDR5 | RGB Backlit Keyboard | Windows 10 Black",,1201.16,0.0,https://www.newegg.com/p/1TS-001A-01U57,//c1.neweggimages.com/ProductImageCompressAll300/AJZD_1_202001281913377908.jpg
4,1TS-001A-01U54,Computer Systems,Laptops / Notebooks,4,ASUS,"ASUS FX705DT 17.3"" Customized Gaming Laptop | AMD Ryzen 7 3750H Processor | 24GB RAM 256GB SSD | GeForce GTX 1650 4GB GDDR5 | RGB Backlit Keyboard | Windows 10 Black",,1099.86,0.0,https://www.newegg.com/p/1TS-001A-01U54,//c1.neweggimages.com/ProductImageCompressAll300/AJZD_1_202001281913377908.jpg
5,1TS-001A-01U04,Computer Systems,Laptops / Notebooks,4,ASUS,"ASUS FX705DT 17.3"" Customized Gaming Laptop | AMD Ryzen 7 3750H Processor | 16GB RAM 128GB SSD 500GB HDD | GeForce GTX 1650 4GB GDDR5 | RGB Backlit Keyboard | Windows 10 Black",,1027.50,0.0,https://www.newegg.com/p/1TS-001A-01U04,//c1.neweggimages.com/ProductImageCompressAll300/AJZD_1_202001281913377908.jpg
6,1TS-001A-01U74,Computer Systems,Laptops / Notebooks,4,ASUS,"ASUS FX705DT 17.3"" Customized Gaming Laptop | AMD Ryzen 7 3750H Processor | 24GB RAM 512GB SSD 1TB HDD | GeForce GTX 1650 4GB GDDR5 | RGB Backlit Keyboard | Windows 10 Black",,1172.21,0.0,https://www.newegg.com/p/1TS-001A-01U74,//c1.neweggimages.com/ProductImageCompressAll300/AJZD_1_202001281913377908.jpg
7,1TS-001A-01U80,Computer Systems,Laptops / Notebooks,4,ASUS,"ASUS FX705DT 17.3"" Customized Gaming Laptop | AMD Ryzen 7 3750H Processor | 32GB RAM 1024GB SSD 500GB HDD | GeForce GTX 1650 4GB GDDR5 | RGB Backlit Keyboard | Windows 10 Black",,1316.93,0.0,https://www.newegg.com/p/1TS-001A-01U80,//c1.neweggimages.com/ProductImageCompressAll300/AJZD_1_202001281913377908.jpg
8,1TS-001A-01U71,Computer Systems,Laptops / Notebooks,4,ASUS,"ASUS FX705DT 17.3"" Customized Gaming Laptop | AMD Ryzen 7 3750H Processor | 24GB RAM 128GB SSD 500GB HDD | GeForce GTX 1650 4GB GDDR5 | RGB Backlit Keyboard | Windows 10 Black",,1099.86,0.0,https://www.newegg.com/p/1TS-001A-01U71,//c1.neweggimages.com/ProductImageCompressAll300/AJZD_1_202001281913377908.jpg
9,1TS-001A-01U07,Computer Systems,Laptops / Notebooks,4,ASUS,"ASUS FX705DT 17.3"" Customized Gaming Laptop | AMD Ryzen 7 3750H Processor | 8GB RAM 1024GB SSD 500GB HDD | GeForce GTX 1650 4GB GDDR5 | RGB Backlit Keyboard | Windows 10 Black",,1114.33,0.0,https://www.newegg.com/p/1TS-001A-01U07,//c1.neweggimages.com/ProductImageCompressAll300/AJZD_1_202001281913377908.jpg
10,1TS-001A-01U31,Computer Systems,Laptops / Notebooks,4,ASUS,"ASUS FX705DT 17.3"" Customized Gaming Laptop | AMD Ryzen 7 3750H Processor | 12GB RAM 1024GB SSD | GeForce GTX 1650 4GB GDDR5 | RGB Backlit Keyboard | Windows 10 Black",,1121.56,0.0,https://www.newegg.com/p/1TS-001A-01U31,//c1.neweggimages.com/ProductImageCompressAll300/AJZD_1_202001281913377908.jpg
11,1TS-001A-01U19,Computer Systems,Laptops / Notebooks,4,ASUS,"ASUS FX705DT 17.3"" Customized Gaming Laptop | AMD Ryzen 7 3750H Processor | 12GB RAM 512GB SSD 500GB HDD | GeForce GTX 1650 4GB GDDR5 | RGB Backlit Keyboard | Windows 10 Black",,1049.20,0.0,https://www.newegg.com/p/1TS-001A-01U19,//c1.neweggimages.com/ProductImageCompressAll300/AJZD_1_202001281913377908.jpg
12,1TS-001A-01U82,Computer Systems,Laptops / Notebooks,4,ASUS,"ASUS FX705DT 17.3"" Customized Gaming Laptop | AMD Ryzen 7 3750H Processor | 24GB RAM 1024GB SSD | GeForce GTX 1650 4GB GDDR5 | RGB Backlit Keyboard | Windows 10 Black",,1222.87,0.0,https://www.newegg.com/p/1TS-001A-01U82,//c1.neweggimages.com/ProductImageCompressAll300/AJZD_1_202001281913377908.jpg
13,1TS-001A-01U55,Computer Systems,Laptops / Notebooks,4,ASUS,"ASUS FX705DT 17.3"" Customized Gaming Laptop | AMD Ryzen 7 3750H Processor | 16GB RAM 1024GB SSD 500GB HDD | GeForce GTX 1650 4GB GDDR5 | RGB Backlit Keyboard | Windows 10 Black",,1172.21,0.0,https://www.newegg.com/p/1TS-001A-01U55,//c1.neweggimages.com/ProductImageCompressAll300/AJZD_1_202001281913377908.jpg
14,1TS-001A-01TZ5,Computer Systems,Laptops / Notebooks,4,ASUS,"ASUS FX705DT 17.3"" Customized Gaming Laptop | AMD Ryzen 7 3750H Processor | 8GB RAM 512GB SSD 1TB HDD | GeForce GTX 1650 4GB GDDR5 | RGB Backlit Keyboard | Windows 10 Black",,1041.97,0.0,https://www.newegg.com/p/1TS-001A-01TZ5,//c1.neweggimages.com/ProductImageCompressAll300/AJZD_1_202001281913377908.jpg
15,1TS-001A-01U06,Computer Systems,Laptops / Notebooks,4,ASUS,"ASUS FX705DT 17.3"" Customized Gaming Laptop | AMD Ryzen 7 3750H Processor | 12GB RAM 256GB SSD 1TB HDD | GeForce GTX 1650 4GB GDDR5 | RGB Backlit Keyboard | Windows 10 Black",,1041.97,0.0,https://www.newegg.com/p/1TS-001A-01U06,//c1.neweggimages.com/ProductImageCompressAll300/AJZD_1_202001281913377908.jpg
16,1TS-001A-01U44,Computer Systems,Laptops / Notebooks,4,ASUS,"ASUS FX705DT 17.3"" Customized Gaming Laptop | AMD Ryzen 7 3750H Processor | 24GB RAM 1TB HDD | GeForce GTX 1650 4GB GDDR5 | RGB Backlit Keyboard | Windows 10 Black",,1092.62,0.0,https://www.newegg.com/p/1TS-001A-01U44,//c1.neweggimages.com/ProductImageCompressAll300/AJZD_1_202001281913377908.jpg
17,1TS-001A-01U17,Computer Systems,Laptops / Notebooks,4,ASUS,"ASUS FX705DT 17.3"" Customized Gaming Laptop | AMD Ryzen 7 3750H Processor | 8GB RAM 256GB SSD | GeForce GTX 1650 4GB GDDR5 | RGB Backlit Keyboard | Windows 10 Black",,969.61,0.0,https://www.newegg.com/p/1TS-001A-01U17,//c1.neweggimages.com/ProductImageCompressAll300/AJZD_1_202001281913377908.jpg
18,1TS-001A-01U58,Computer Systems,Laptops / Notebooks,4,ASUS,"ASUS FX705DT 17.3"" Customized Gaming Laptop | AMD Ryzen 7 3750H Processor | 32GB RAM 128GB SSD | GeForce GTX 1650 4GB GDDR5 | RGB Backlit Keyboard | Windows 10 Black",,1150.51,0.0,https://www.newegg.com/p/1TS-001A-01U58,//c1.neweggimages.com/ProductImageCompressAll300/AJZD_1_202001281913377908.jpg
19,1TS-001A-01U21,Computer Systems,Laptops / Notebooks,4,ASUS,"ASUS FX705DT 17.3"" Customized Gaming Laptop | AMD Ryzen 7 3750H Processor | 8GB RAM 256GB SSD 500GB HDD | GeForce GTX 1650 4GB GDDR5 | RGB Backlit Keyboard | Windows 10 Black",,991.32,0.0,https://www.newegg.com/p/1TS-001A-01U21,//c1.neweggimages.com/ProductImageCompressAll300/AJZD_1_202001281913377908.jpg
20,1TS-001A-01U00,Computer Systems,Laptops / Notebooks,4,ASUS,"ASUS FX705DT 17.3"" Customized Gaming Laptop | AMD Ryzen 7 3750H Processor | 16GB RAM 128GB SSD | GeForce GTX 1650 4GB GDDR5 | RGB Backlit Keyboard | Windows 10 Black",,1005.79,0.0,https://www.newegg.com/p/1TS-001A-01U00,//c1.neweggimages.com/ProductImageCompressAll300/AJZD_1_202001281913377908.jpg
21,1TS-001A-01U28,Computer Systems,Laptops / Notebooks,4,ASUS,"ASUS FX705DT 17.3"" Customized Gaming Laptop | AMD Ryzen 7 3750H Processor | 16GB RAM 256GB SSD | GeForce GTX 1650 4GB GDDR5 | RGB Backlit Keyboard | Windows 10 Black",,1027.50,0.0,https://www.newegg.com/p/1TS-001A-01U28,//c1.neweggimages.com/ProductImageCompressAll300/AJZD_1_202001281913377908.jpg
22,1TS-001A-01U25,Computer Systems,Laptops / Notebooks,4,ASUS,"ASUS FX705DT 17.3"" Customized Gaming Laptop | AMD Ryzen 7 3750H Processor | 8GB RAM 256GB SSD 1TB HDD | GeForce GTX 1650 4GB GDDR5 | RGB Backlit Keyboard | Windows 10 Black",,1013.02,0.0,https://www.newegg.com/p/1TS-001A-01U25,//c1.neweggimages.com/ProductImageCompressAll300/AJZD_1_202001281913377908.jpg
23,1TS-001A-01U41,Computer Systems,Laptops / Notebooks,4,ASUS,"ASUS FX705DT 17.3"" Customized Gaming Laptop | AMD Ryzen 7 3750H Processor | 16GB RAM 256GB SSD 2TB HDD | GeForce GTX 1650 4GB GDDR5 | RGB Backlit Keyboard | Windows 10 Black",,1099.86,0.0,https://www.newegg.com/p/1TS-001A-01U41,//c1.neweggimages.com/ProductImageCompressAll300/AJZD_1_202001281913377908.jpg
24,1TS-001A-024D9,Computer Systems,Laptops / Notebooks,4,ASUS,"ASUS TUF Gaming FX505D 15.6"" Quad Core AMD Ryzen 7 up to 4.0GHz, 32GB DDR4, 1TB NVME SSD, Nvidia GeForce GTX 1650 4GB, HDMI, Wi-Fi, Bluetooth, USB 3.1, Windows 10 Pro (Black) Laptop",,1209.99,0.0,https://www.newegg.com/black-asus-tuf-fx505dt-wb72/p/1TS-001A-024D9,//c1.neweggimages.com/ProductImageCompressAll300/A65E_1_20200311335006281.jpg
25,N82E16834736088,Computer Systems,Laptops / Notebooks,4,Microsoft,"Microsoft Surface Laptop 3 - 15"" Touch-Screen - AMD Ryzen 5 Microsoft Surface Edition - 16 GB Memory - 256 GB Solid State Drive - Platinum",,1529.00,0.0,https://www.newegg.com/platinum-microsoft-surface-laptop-3-v9r-00001-mainstream/p/N82E16834736088,//c1.neweggimages.com/ProductImageCompressAll300/34-736-088-V07.jpg
26,1TS-000A-03PH8,Computer Systems,Laptops / Notebooks,4,DELL,"Dell Inspiron 15 Full HD Touchscreen Premium Home and Business Laptop (AMD Ryzen 5 2500U Quad-Core, 8GB RAM, 1TB HDD, 15.6"" Full HD 1920x1080 Touch, AMD Radeon Vega 8, Win 10 Home)",,599.98,0.0,https://www.newegg.com/p/1TS-000A-03PH8,//c1.neweggimages.com/NeweggImage/ProductImageCompressAll300/A7AB_1_201810252044272454.jpg
27,1TS-000D-07XU9,Computer Systems,Laptops / Notebooks,4,HP,"HP 15 Notebook, 15.6"" HD Touch Display, AMD Ryzen 7 3700U Upto 4.0GHz, 12GB RAM, 256GB NVMe SSD, Vega 10, HDMI, Card Reader, Wi-Fi, Bluetooth, Windows 10 Home (9LK80UA)",Free Expedited Shipping,649.00,0.0,https://www.newegg.com/silver-hp-15/p/1TS-000D-07XU9,//c1.neweggimages.com/ProductImageCompressAll300/AA0S_1_20191223414925342.jpg
28,1TS-000D-07XX7,Computer Systems,Laptops / Notebooks,4,HP,"HP 15 Notebook, 15.6"" HD Touch Display, AMD Ryzen 7 3700U Upto 4.0GHz, 8GB RAM, 512GB NVMe SSD, Vega 10, HDMI, Card Reader, Wi-Fi, Bluetooth, Windows 10 Home",Free Expedited Shipping,699.00,0.0,https://www.newegg.com/silver-hp-15/p/1TS-000D-07XX7,//c1.neweggimages.com/ProductImageCompressAll300/AEYA_1_201912231629331373.jpg
29,1TS-000D-089D4,Computer Systems,Laptops / Notebooks,4,HP,"HP 17 Notebook, 17.3"" HD+ Display, AMD Ryzen 7 3700U Upto 4.0GHz, 16GB RAM, 256GB NVMe SSD + 1TB HDD, Vega 10, DVDRW, HDMI, Card Reader, Wi-Fi, Bluetooth, Windows 10 Pro",Free Expedited Shipping,999.99,0.0,https://www.newegg.com/black-textured-hp-17/p/1TS-000D-089D4,//c1.neweggimages.com/ProductImageCompressAll300/AA0S_1_202002041724796145.jpg
30,N82E16834850877,Computer Systems,Laptops / Notebooks,4,Lenovo,"Lenovo Laptop IdeaPad 330 81D2005CUS AMD Ryzen 5 1st Gen 2500U (2.00 GHz) 8 GB Memory 256 GB SSD AMD Radeon Vega 8 15.6"" Windows 10 Home 64-Bit",,1589.97,0.0,https://www.newegg.com/platinum-gray-lenovo-ideapad-330-81d2005cus-mainstream/p/N82E16834850877,//c1.neweggimages.com/NeweggImage/ProductImageCompressAll300/34-850-877-V14.jpg
31,1TS-000A-03BJ5,Computer Systems,Laptops / Notebooks,4,DELL,"Dell I5575-A214SLV-PUS Notebook Inspiron 15.6"" Touch-Screen Laptop - AMD Ryzen 5 - 8GB Memory - 1TB Hard Drive - Platinum Silver PC Computer TouchScreen",,599.99,0.0,https://www.newegg.com/silver-dell-inspiron-15-everyday-value/p/1TS-000A-03BJ5,//c1.neweggimages.com/NeweggImage/ProductImageCompressAll300/AFVD_1_201808221597750058.jpg
32,1TS-000D-07XW6,Computer Systems,Laptops / Notebooks,4,HP,"HP 15 Notebook, 15.6"" HD Touch Display, AMD Ryzen 7 3700U Upto 4.0GHz, 16GB RAM, 1TB NVMe SSD, Vega 10, HDMI, Card Reader, Wi-Fi, Bluetooth, Windows 10 Home",Free Expedited Shipping,899.00,0.0,https://www.newegg.com/silver-hp-15/p/1TS-000D-07XW6,//c1.neweggimages.com/ProductImageCompressAll300/AEYA_1_201912231716970152.jpg
33,1TS-000A-04P28,Computer Systems,Laptops / Notebooks,4,DELL,"Dell Inspiron 5575 15.6"" FHD Notebook, AMD Quad-Core Ryzen 7 2700U Upto 3.8GHz, 32GB RAM, 256GB NVMe SSD + 1TB HDD, Radeon Vega 10, HDMI, Card Reader, LAN, Wi-Fi, Bluetooth, Windows 10 Pro",Free Expedited Shipping,1176.49,0.0,https://www.newegg.com/silver-dell-inspiron-5575-creating-designing/p/1TS-000A-04P28,//c1.neweggimages.com/ProductImageCompressAll300/AA0S_1_201905231282217582.jpg
34,1TS-000D-07XV3,Computer Systems,Laptops / Notebooks,4,HP,"HP 15 Notebook, 15.6"" HD Touch Display, AMD Ryzen 7 3700U Upto 4.0GHz, 32GB RAM, 2TB NVMe SSD, Vega 10, HDMI, Card Reader, Wi-Fi, Bluetooth, Windows 10 Pro",Free Expedited Shipping,1629.99,0.0,https://www.newegg.com/silver-hp-15/p/1TS-000D-07XV3,//c1.neweggimages.com/ProductImageCompressAll300/AA0S_1_201912231476544210.jpg
35,1TS-000E-0FAH3,Computer Systems,Laptops / Notebooks,4,Lenovo,"Lenovo IdeaPad 330s Notebook, 15.6"" HD Display, AMD Ryzen 5 2500U Upto 3.6GHz, 8GB RAM, 512GB NVMe SSD, Vega 8, HDMI, Card Reader, Wi-Fi, Bluetooth, Windows 10 Pro",Free Expedited Shipping,704.99,0.0,https://www.newegg.com/natural-silver-lenovo-ideapad-330s/p/1TS-000E-0FAH3,//c1.neweggimages.com/ProductImageCompressAll300/AA0S_1_20191107170805030.jpg
