,item_number,general_category,product_category,page_number,brand,model_specifications,current_promotions,price,shipping,product_links,image_link
0,1TS-000A-08J30,Computer Systems,Laptops / Notebooks,11,DELL,"Dell Inspiron 5000 Series 15.6"" Customized Laptop | AMD Ryzen 5 2500U Quad-Core | 8GB RAM 256GB SSD 1TB HDD | Full HD | Radeon Vega 8 Graphics | Windows 10 Home Blue",OUT OF STOCK,610.14,0.0,https://www.newegg.com/p/1TS-000A-08J30,//c1.neweggimages.com/ProductImageCompressAll300/AJZD_1_202001211550666590.jpg
1,1TS-001A-024H3,Computer Systems,Laptops / Notebooks,11,ASUS,"Asus TUF 17.3"" Customized Gaming Laptop | AMD Quad Core Ryzen 5 3550H Processor | 8GB RAM 1024GB SSD 2TB HDD | Full HD | AMD Radeon RX560X Graphics | Backlit Keyboard | Windows 10 Black",OUT OF STOCK,1054.21,0.0,https://www.newegg.com/p/1TS-001A-024H3,//c1.neweggimages.com/ProductImageCompressAll300/AJZD_1_20200320577526606.jpg
2,1TS-000A-08J33,Computer Systems,Laptops / Notebooks,11,DELL,"Dell Inspiron 5000 Series 15.6"" Customized Laptop | AMD Ryzen 5 2500U Quad-Core | 8GB RAM 256GB SSD 2TB HDD | Full HD | Radeon Vega 8 Graphics | Windows 10 Home Blue",OUT OF STOCK,641.84,0.0,https://www.newegg.com/p/1TS-000A-08J33,//c1.neweggimages.com/ProductImageCompressAll300/AJZD_1_202001211550666590.jpg
3,1TS-001A-024G4,Computer Systems,Laptops / Notebooks,11,ASUS,"Asus TUF 17.3"" Customized Gaming Laptop | AMD Quad Core Ryzen 5 3550H Processor | 8GB RAM 1TB HDD | Full HD | AMD Radeon RX560X Graphics | Backlit Keyboard | Windows 10 Black",OUT OF STOCK,854.49,0.0,https://www.newegg.com/p/1TS-001A-024G4,//c1.neweggimages.com/ProductImageCompressAll300/AJZD_1_20200320577526606.jpg
4,1TS-001A-024H4,Computer Systems,Laptops / Notebooks,11,ASUS,"Asus TUF 17.3"" Customized Gaming Laptop | AMD Quad Core Ryzen 5 3550H Processor | 8GB RAM 128GB SSD 2TB HDD | Full HD | AMD Radeon RX560X Graphics | Backlit Keyboard | Windows 10 Black",OUT OF STOCK,911.55,0.0,https://www.newegg.com/p/1TS-001A-024H4,//c1.neweggimages.com/ProductImageCompressAll300/AJZD_1_20200320577526606.jpg
5,1TS-000A-08HZ8,Computer Systems,Laptops / Notebooks,11,DELL,"Dell Inspiron 5000 Series 15.6"" Customized Laptop | AMD Ryzen 5 2500U Quad-Core | 8GB RAM 1TB HDD | Full HD | Radeon Vega 8 Graphics | Windows 10 Home Blue",OUT OF STOCK,554.68,0.0,https://www.newegg.com/p/1TS-000A-08HZ8,//c1.neweggimages.com/ProductImageCompressAll300/AJZD_1_202001211550666590.jpg
6,1TS-001A-024G6,Computer Systems,Laptops / Notebooks,11,ASUS,"Asus TUF 17.3"" Customized Gaming Laptop | AMD Quad Core Ryzen 5 3550H Processor | 8GB RAM 2TB HDD | Full HD | AMD Radeon RX560X Graphics | Backlit Keyboard | Windows 10 Black",OUT OF STOCK,883.02,0.0,https://www.newegg.com/p/1TS-001A-024G6,//c1.neweggimages.com/ProductImageCompressAll300/AJZD_1_20200320577526606.jpg
7,1TS-000A-08J42,Computer Systems,Laptops / Notebooks,11,DELL,"Dell Inspiron 5000 Series 15.6"" Customized Laptop | AMD Ryzen 5 2500U Quad-Core | 8GB RAM 512GB SSD 500GB HDD | Full HD | Radeon Vega 8 Graphics | Windows 10 Home Blue",OUT OF STOCK,618.07,0.0,https://www.newegg.com/p/1TS-000A-08J42,//c1.neweggimages.com/ProductImageCompressAll300/AJZD_1_202001211550666590.jpg
8,1TS-000E-0J1Z1,Computer Systems,Laptops / Notebooks,11,Lenovo,"Lenovo IdeaPad S340-15API 81NC00BGUS 15.6"" Notebook - 1366 x + Office 365 Bundle",OUT OF STOCK,518.22,0.0,https://www.newegg.com/p/1TS-000E-0J1Z1,//c1.neweggimages.com/ProductImageCompressAll300/V009_1_202004041102726255.jpg
9,1TS-001A-024G7,Computer Systems,Laptops / Notebooks,11,ASUS,"Asus TUF 17.3"" Customized Gaming Laptop | AMD Quad Core Ryzen 5 3550H Processor | 8GB RAM 1024GB SSD 1TB HDD | Full HD | AMD Radeon RX560X Graphics | Backlit Keyboard | Windows 10 Black",,1025.68,0.0,https://www.newegg.com/p/1TS-001A-024G7,//c1.neweggimages.com/ProductImageCompressAll300/AJZD_1_20200320577526606.jpg
10,1TS-001A-024M9,Computer Systems,Laptops / Notebooks,11,ASUS,"Asus TUF 17.3"" Customized Gaming Laptop | AMD Quad Core Ryzen 5 3550H Processor | 8GB RAM 1024GB SSD | Full HD | AMD Radeon RX560X Graphics | Backlit Keyboard | Windows 10 Black",OUT OF STOCK,982.88,0.0,https://www.newegg.com/p/1TS-001A-024M9,//c1.neweggimages.com/ProductImageCompressAll300/AJZD_1_20200320577526606.jpg
11,1TS-001A-024G5,Computer Systems,Laptops / Notebooks,11,ASUS,"Asus TUF 17.3"" Customized Gaming Laptop | AMD Quad Core Ryzen 5 3550H Processor | 8GB RAM 128GB SSD | Full HD | AMD Radeon RX560X Graphics | Backlit Keyboard | Windows 10 Black",OUT OF STOCK,840.23,0.0,https://www.newegg.com/p/1TS-001A-024G5,//c1.neweggimages.com/ProductImageCompressAll300/AJZD_1_20200320577526606.jpg
12,1TS-001A-024K3,Computer Systems,Laptops / Notebooks,11,ASUS,"Asus TUF 17.3"" Customized Gaming Laptop | AMD Quad Core Ryzen 5 3550H Processor | 8GB RAM 512GB SSD | Full HD | AMD Radeon RX560X Graphics | Backlit Keyboard | Windows 10 Black",OUT OF STOCK,897.29,0.0,https://www.newegg.com/p/1TS-001A-024K3,//c1.neweggimages.com/ProductImageCompressAll300/AJZD_1_20200320577526606.jpg
13,1TS-000A-08J09,Computer Systems,Laptops / Notebooks,11,DELL,"Dell Inspiron 5000 Series 15.6"" Customized Laptop | AMD Ryzen 5 2500U Quad-Core | 8GB RAM 128GB SSD 500GB HDD | Full HD | Radeon Vega 8 Graphics | Windows 10 Home Blue",OUT OF STOCK,562.60,0.0,https://www.newegg.com/p/1TS-000A-08J09,//c1.neweggimages.com/ProductImageCompressAll300/AJZD_1_202001211550666590.jpg
14,1TS-001A-024J4,Computer Systems,Laptops / Notebooks,11,ASUS,"Asus TUF 17.3"" Customized Gaming Laptop | AMD Quad Core Ryzen 5 3550H Processor | 8GB RAM 256GB SSD 1TB HDD | Full HD | AMD Radeon RX560X Graphics | Backlit Keyboard | Windows 10 Black",,904.42,0.0,https://www.newegg.com/p/1TS-001A-024J4,//c1.neweggimages.com/ProductImageCompressAll300/AJZD_1_20200320577526606.jpg
15,1TS-000A-08JA7,Computer Systems,Laptops / Notebooks,11,DELL,"Dell Inspiron 5000 Series 15.6"" Customized Laptop | AMD Ryzen 5 2500U Quad-Core | 8GB RAM 1024GB SSD 1TB HDD | Full HD | Radeon Vega 8 Graphics | Windows 10 Home Blue",OUT OF STOCK,744.85,0.0,https://www.newegg.com/p/1TS-000A-08JA7,//c1.neweggimages.com/ProductImageCompressAll300/AJZD_1_202001211550666590.jpg
16,1TS-001A-010H9,Computer Systems,Laptops / Notebooks,11,ASUS,"Refurbished: Asus VivoBook F512DA-RS51 15.6"" Laptop AMD Ryzen 5 3500U 8GB DDR4 512GB SSD AMD Radeon Vega 8 Graphics Windows 10",OUT OF STOCK,599.00,0.0,https://www.newegg.com/slate-gray-asus-vivobook-f512da-rs51/p/1TS-001A-010H9,//c1.neweggimages.com/NeweggImage/ProductImageCompressAll300/AKVU_132164199624131140R6uMTI88u8.jpg
