,item_number,general_category,product_category,page_number,brand,model_specifications,current_promotions,price,shipping,product_links,image_link
0,1TS-000D-089E2,Computer Systems,Laptops / Notebooks,9,HP,"HP 17 Notebook, 17.3"" HD+ Display, AMD Ryzen 7 3700U Upto 4.0GHz, 8GB RAM, 128GB SSD, Vega 10, DVDRW, HDMI, Card Reader, Wi-Fi, Bluetooth, Windows 10 Pro","Due to holiday observance, orders placed between 4/7 – 4/19 will experience shipping delays",829.99,0.0,https://www.newegg.com/black-textured-hp-17/p/1TS-000D-089E2,//c1.neweggimages.com/ProductImageCompressAll300/AA0S_1_20200204277663308.jpg
1,1TS-000E-0HZS0,Computer Systems,Laptops / Notebooks,9,Lenovo,"Lenovo ThinkPad E595 Notebook, 15.6"" FHD Display, AMD Ryzen 7 3700U, 8GB RAM, 256GB NVMe SSD + 1TB HDD, Vega 10, HDMI, Card Reader, Wi-Fi, BT, Windows 10 Pro","Due to holiday observance, orders placed between 4/7 – 4/19 will experience shipping delays",1049.99,0.0,https://www.newegg.com/black-lenovo-thinkpad-e595/p/1TS-000E-0HZS0,//c1.neweggimages.com/ProductImageCompressAll300/AA0S_1_20200313404470533.jpg
2,1TS-000D-09JB3,Computer Systems,Laptops / Notebooks,9,HP,"Refurbished: HP Laptop EliteBook 745 G5 (4JB83UT#ABA) AMD Ryzen 5 1st Gen 2500U (2.00 GHz) 8 GB Memory 256 GB PCIe NVMe SSD AMD Radeon Vega 8 14.0"" Windows 10 Pro 64-Bit",,509.99,Special,https://www.newegg.com/hp-elitebook-745-g5-mainstream/p/1TS-000D-09JB3,//c1.neweggimages.com/NeweggImage/ProductImageCompressAll300/ACNFS200405zVVP9.jpg
3,1TS-000E-0HYH2,Computer Systems,Laptops / Notebooks,9,Lenovo,"Refurbished: Lenovo IdeaPad 330s Notebook, 15.6"" FHD Display, AMD Ryzen Quad-Core Ryzen 5 2500U Upto 3.6 GHz, 8GB RAM, 256GB SSD, HDMI, Card Reader, WiFi, Bluetooth, Windows 10 Pro","Due to holiday observance, orders placed between 4/7 – 4/19 will experience shipping delays",649.99,0.0,https://www.newegg.com/gray-lenovo-ideapad-330s-notebook/p/1TS-000E-0HYH2,//c1.neweggimages.com/ProductImageCompressAll300/AA0S_1_20200306724651160.jpg
4,N82E16834271890,Computer Systems,Laptops / Notebooks,9,HP,"Refurbished: HP Laptop ProBook 645 G4 4LB42UTR#ABA AMD Ryzen 7 1st Gen 2700U (2.20 GHz) 8 GB Memory 256 GB SSD AMD Radeon RX Vega 10 14.0"" Windows 10 Pro 64-bit",,1403.99,0.0,https://www.newegg.com/hp-probook-645-g4-4lb42utr-aba/p/N82E16834271890,//c1.neweggimages.com/ProductImageCompressAll300/34-271-890-S01.jpg
5,1TS-000A-09XF6,Computer Systems,Laptops / Notebooks,9,DELL,"Refurbished: Dell Inspiron 5485 Notebook, 14"" FHD Touch Display, AMD Ryzen 5 3500U Upto 3.7GHz, 8GB RAM, 512GB NVMe SSD + 1TB HDD, Vega 8, HDMI, DP via USB-C, Card Reader, Wi-Fi, BT, Windows 10 Pro","Due to holiday observance, orders placed between 4/7 – 4/19 will experience shipping delays",879.99,0.0,https://www.newegg.com/silver-dell-inspiron-5485/p/1TS-000A-09XF6,//c1.neweggimages.com/ProductImageCompressAll300/AA0S_1_20200318227384373.jpg
6,1TS-000A-09XF8,Computer Systems,Laptops / Notebooks,9,DELL,"Refurbished: Dell Inspiron 5485 Notebook, 14"" FHD Touch Display, AMD Ryzen 5 3500U Upto 3.7GHz, 8GB RAM, 512GB NVMe SSD, Vega 8, HDMI, DP via USB-C, Card Reader, Wi-Fi, BT, Windows 10 Pro","Due to holiday observance, orders placed between 4/7 – 4/19 will experience shipping delays",879.99,0.0,https://www.newegg.com/silver-dell-inspiron-5485/p/1TS-000A-09XF8,//c1.neweggimages.com/ProductImageCompressAll300/AA0S_1_20200318227384373.jpg
7,1TS-000A-09XE8,Computer Systems,Laptops / Notebooks,9,DELL,"Refurbished: Dell Inspiron 5485 Notebook, 14"" FHD Touch Display, AMD Ryzen 5 3500U Upto 3.7GHz, 8GB RAM, 256GB NVMe SSD + 1TB HDD, Vega 8, HDMI, DP via USB-C, Card Reader, Wi-Fi, BT, Windows 10 Pro","Due to holiday observance, orders placed between 4/7 – 4/19 will experience shipping delays",699.00,0.0,https://www.newegg.com/silver-dell-inspiron-5485/p/1TS-000A-09XE8,//c1.neweggimages.com/ProductImageCompressAll300/AA0S_1_20200318227384373.jpg
8,1TS-000D-09C95,Computer Systems,Laptops / Notebooks,9,HP,"Refurbished: HP 15z Notebook, 15.6"" HD Display, AMD Quad-Core Ryzen 5 2500U Upto 3.6GHz, 8GB RAM, 512GB SSD, DVD-RW,  Card Reader, Wi-Fi, Bluetooth, Windows 10 Pro","Due to holiday observance, orders placed between 4/7 – 4/19 will experience shipping delays",753.99,0.0,https://www.newegg.com/black-hp-15-notebook/p/1TS-000D-09C95,//c1.neweggimages.com/ProductImageCompressAll300/AA0S_1_20200309314364205.jpg
9,1TS-000A-09XE4,Computer Systems,Laptops / Notebooks,9,DELL,"Refurbished: Dell Inspiron 5485 Notebook, 14"" FHD Touch Display, AMD Ryzen 5 3500U Upto 3.7GHz, 8GB RAM, 1TB NVMe SSD, Vega 8, HDMI, DP via USB-C, Card Reader, Wi-Fi, BT, Windows 10 Pro","Due to holiday observance, orders placed between 4/7 – 4/19 will experience shipping delays",979.99,0.0,https://www.newegg.com/silver-dell-inspiron-5485/p/1TS-000A-09XE4,//c1.neweggimages.com/ProductImageCompressAll300/AA0S_1_20200318227384373.jpg
10,1TS-000A-09XF1,Computer Systems,Laptops / Notebooks,9,DELL,"Refurbished: Dell Inspiron 5485 Notebook, 14"" FHD Touch Display, AMD Ryzen 5 3500U Upto 3.7GHz, 8GB RAM, 128GB NVMe SSD + 1TB HDD, Vega 8, HDMI, DP via USB-C, Card Reader, Wi-Fi, BT, Windows 10 Pro","Due to holiday observance, orders placed between 4/7 – 4/19 will experience shipping delays",599.00,0.0,https://www.newegg.com/silver-dell-inspiron-5485/p/1TS-000A-09XF1,//c1.neweggimages.com/ProductImageCompressAll300/AA0S_1_20200318227384373.jpg
11,1TS-000D-09C93,Computer Systems,Laptops / Notebooks,9,HP,"Refurbished: HP 15z Notebook, 15.6"" HD Display, AMD Quad-Core Ryzen 5 2500U Upto 3.6GHz, 8GB RAM, 256GB SSD, DVD-RW,  Card Reader, Wi-Fi, Bluetooth, Windows 10 Pro","Due to holiday observance, orders placed between 4/7 – 4/19 will experience shipping delays",675.99,0.0,https://www.newegg.com/black-hp-15-notebook/p/1TS-000D-09C93,//c1.neweggimages.com/ProductImageCompressAll300/AA0S_1_20200309604198138.jpg
12,1TS-000A-09XD4,Computer Systems,Laptops / Notebooks,9,DELL,"Refurbished: Dell Inspiron 5485 Notebook, 14"" FHD Touch Display, AMD Ryzen 5 3500U Upto 3.7GHz, 8GB RAM, 128GB NVMe SSD, Vega 8, HDMI, DP via USB-C, Card Reader, Wi-Fi, BT, Windows 10 Pro","Due to holiday observance, orders placed between 4/7 – 4/19 will experience shipping delays",599.00,0.0,https://www.newegg.com/silver-dell-inspiron-5485/p/1TS-000A-09XD4,//c1.neweggimages.com/ProductImageCompressAll300/AA0S_1_20200318227384373.jpg
13,1TS-000D-09C03,Computer Systems,Laptops / Notebooks,9,HP,"Refurbished: HP Pavilion 15 Notebook, 15.6"" FHD Display, AMD Ryzen 5 3550H Upto 3.7GHz, 8GB RAM, 256GB NVMe SSD, NVIDIA GeForce GTX 1050, HDMI, Card Reader, Wi-Fi, Bluetooth, Windows 10 Pro","Due to holiday observance, orders placed between 4/7 – 4/19 will experience shipping delays",1049.99,0.0,https://www.newegg.com/black-hp-pavilion-15/p/1TS-000D-09C03,//c1.neweggimages.com/ProductImageCompressAll300/AA0S_1_202003062045874.jpg
14,1TS-000X-01YF7,Computer Systems,Laptops / Notebooks,9,Acer America,"Refurbished: Acer Aspire 3 A315 Notebook, 15.6"" FHD Display, AMD Ryzen 7 2700U Upto 3.8GHz, 8GB RAM, 512GB SSD, Vega 10, HDMI, Card Reader, Wi-Fi, Bluetooth, Windows 10 Pro","Due to holiday observance, orders placed between 4/7 – 4/19 will experience shipping delays",805.99,0.0,https://www.newegg.com/black-acer-aspire-3-a315/p/1TS-000X-01YF7,//c1.neweggimages.com/ProductImageCompressAll300/AA0S_1_20200305538605783.jpg
15,1TS-000A-09XF5,Computer Systems,Laptops / Notebooks,9,DELL,"Refurbished: Dell Inspiron 5485 Notebook, 14"" FHD Touch Display, AMD Ryzen 5 3500U Upto 3.7GHz, 8GB RAM, 128GB NVMe SSD, Vega 8, HDMI, DP via USB-C, Card Reader, Wi-Fi, BT, Windows 10 Home","Due to holiday observance, orders placed between 4/7 – 4/19 will experience shipping delays",599.00,0.0,https://www.newegg.com/silver-dell-inspiron-5485/p/1TS-000A-09XF5,//c1.neweggimages.com/ProductImageCompressAll300/AA0S_1_202003181491815211.jpg
16,1TS-000D-09ET6,Computer Systems,Laptops / Notebooks,9,HP,"Refurbished: HP Pavilion Laptop 15.6"" Full HD Display, AMD Ryzen 5 3500U, AMD Radeon Vega 8 Graphics, 8GB SDRAM, 1TB HDD + 128GB SSD, Horizon Blue, 15-cw1068wm",,499.99,0.0,https://www.newegg.com/p/1TS-000D-09ET6,//c1.neweggimages.com/NeweggImage/ProductImageCompressAll300/A4DYS2003263b9FI.jpg
17,1TS-000X-01YF6,Computer Systems,Laptops / Notebooks,9,Acer America,"Refurbished: Acer Aspire 3 A315 Notebook, 15.6"" FHD Display, AMD Ryzen 7 2700U Upto 3.8GHz, 8GB RAM, 256GB SSD, Vega 10, HDMI, Card Reader, Wi-Fi, Bluetooth, Windows 10 Pro","Due to holiday observance, orders placed between 4/7 – 4/19 will experience shipping delays",779.99,0.0,https://www.newegg.com/black-acer-aspire-3-a315/p/1TS-000X-01YF6,//c1.neweggimages.com/ProductImageCompressAll300/AA0S_1_20200305752612034.jpg
18,1TS-000E-0HYH3,Computer Systems,Laptops / Notebooks,9,Lenovo,"Refurbished: Lenovo IdeaPad 330s Notebook, 15.6"" FHD Display, AMD Ryzen Quad-Core Ryzen 5 2500U Upto 3.6 GHz, 8GB RAM, 512GB SSD, HDMI, Card Reader, WiFi, Bluetooth, Windows 10 Pro","Due to holiday observance, orders placed between 4/7 – 4/19 will experience shipping delays",688.99,0.0,https://www.newegg.com/gray-lenovo-ideapad-330s-notebook/p/1TS-000E-0HYH3,//c1.neweggimages.com/ProductImageCompressAll300/AA0S_1_202003061376993534.jpg
19,1TS-000D-09C04,Computer Systems,Laptops / Notebooks,9,HP,"Refurbished: HP Pavilion 15 Notebook, 15.6"" FHD Display, AMD Ryzen 5 3550H Upto 3.7GHz, 8GB RAM, 512GB NVMe SSD, NVIDIA GeForce GTX 1050, HDMI, Card Reader, Wi-Fi, Bluetooth, Windows 10 Pro","Due to holiday observance, orders placed between 4/7 – 4/19 will experience shipping delays",1179.99,0.0,https://www.newegg.com/black-hp-pavilion-15/p/1TS-000D-09C04,//c1.neweggimages.com/ProductImageCompressAll300/AA0S_1_20200306978513522.jpg
20,1TS-000A-09XD8,Computer Systems,Laptops / Notebooks,9,DELL,"Refurbished: Dell Inspiron 5485 Notebook, 14"" FHD Touch Display, AMD Ryzen 5 3500U Upto 3.7GHz, 8GB RAM, 1TB NVMe SSD + 1TB HDD, Vega 8, HDMI, DP via USB-C, Card Reader, Wi-Fi, BT, Windows 10 Pro","Due to holiday observance, orders placed between 4/7 – 4/19 will experience shipping delays",979.99,0.0,https://www.newegg.com/silver-dell-inspiron-5485/p/1TS-000A-09XD8,//c1.neweggimages.com/ProductImageCompressAll300/AA0S_1_20200318227384373.jpg
21,1TS-000A-09XF2,Computer Systems,Laptops / Notebooks,9,DELL,"Refurbished: Dell Inspiron 5485 Notebook, 14"" FHD Touch Display, AMD Ryzen 5 3500U Upto 3.7GHz, 8GB RAM, 256GB NVMe SSD, Vega 8, HDMI, DP via USB-C, Card Reader, Wi-Fi, BT, Windows 10 Pro","Due to holiday observance, orders placed between 4/7 – 4/19 will experience shipping delays",699.00,0.0,https://www.newegg.com/silver-dell-inspiron-5485/p/1TS-000A-09XF2,//c1.neweggimages.com/ProductImageCompressAll300/AA0S_1_20200318227384373.jpg
22,1TS-000D-040K6,Computer Systems,Laptops / Notebooks,9,HP,"HP 15 DB0005DX Home and Business Laptop (AMD Ryzen 5 2500U 4-Core, 8GB RAM, 256GB  SATA SSD, 15.6"" Touch  HD (1366x768), AMD Vega 8, Fingerprint, Wifi, Bluetooth, Webcam, 3xUSB 3.1, Win 10 Pro)",OUT OF STOCK,849.00,0.0,https://www.newegg.com/p/1TS-000D-040K6,//c1.neweggimages.com/ProductImageCompressAll300/A7AB_1_201904261293593574.jpg
23,1TS-000D-05XV2,Computer Systems,Laptops / Notebooks,9,HP,"HP Envy X360 2 in 1 Convertible 15.6"" Customized Laptop AMD Quad-Core Ryzen 5 3500U 8GB RAM 512GB SSD FHD Edge-to-Edge IPS Touch Display Upto 10 Hours Battery Life Windows 10 Black Only 0.7"" Thin",OUT OF STOCK,855.80,0.0,https://www.newegg.com/p/1TS-000D-05XV2,//c1.neweggimages.com/ProductImageCompressAll300/AJZD_1_201909111671037504.jpg
24,1TS-000D-040M1,Computer Systems,Laptops / Notebooks,9,HP,"HP 15 DB0005DX Home and Business Laptop (AMD Ryzen 5 2500U 4-Core, 8GB RAM, 128GB  PCIe SSD, 15.6"" Touch  HD (1366x768), AMD Vega 8, Fingerprint, Wifi, Bluetooth, Webcam, 3xUSB 3.1, Win 10 Pro)",OUT OF STOCK,799.00,0.0,https://www.newegg.com/p/1TS-000D-040M1,//c1.neweggimages.com/ProductImageCompressAll300/A7AB_1_201904261293593574.jpg
25,1TS-000A-056F4,Computer Systems,Laptops / Notebooks,9,DELL,"Dell Inspiron 15 5575 Home Office Laptop (AMD Ryzen 7 2700U 4-Core, 8GB RAM, 1TB HDD, 15.6"" Full HD (1920x1080), AMD Radeon RX Vega 10, Wifi, Bluetooth, Webcam, 2xUSB 3.1, 1xHDMI, Win 10 Home)",OUT OF STOCK,718.80,0.0,https://www.newegg.com/p/1TS-000A-056F4,//c1.neweggimages.com/ProductImageCompressAll300/A7AB_1_20190608809741492.jpg
26,1TS-000A-056X6,Computer Systems,Laptops / Notebooks,9,DELL,"Dell Inspiron 15 5575 Home Office Laptop (AMD Ryzen 7 2700U 4-Core, 8GB RAM, 256GB  PCIe SSD + 2TB  HDD, 15.6"" Full HD (1920x1080), AMD Radeon RX Vega 10, Wifi, Bluetooth, Webcam, Win 10 Home)",OUT OF STOCK,1078.80,0.0,https://www.newegg.com/p/1TS-000A-056X6,//c1.neweggimages.com/ProductImageCompressAll300/A7AB_1_20190608809741492.jpg
27,1TS-000D-05XT5,Computer Systems,Laptops / Notebooks,9,HP,"HP Envy X360 2 in 1 Convertible 15.6"" Customized Laptop AMD Quad-Core Ryzen 5 3500U 8GB RAM 128GB SSD FHD Edge-to-Edge IPS Touch Display Upto 10 Hours Battery Life Windows 10 Black Only 0.7"" Thin",OUT OF STOCK,798.74,0.0,https://www.newegg.com/p/1TS-000D-05XT5,//c1.neweggimages.com/ProductImageCompressAll300/AJZD_1_201909111671037504.jpg
28,1TS-000D-05XU4,Computer Systems,Laptops / Notebooks,9,HP,"HP Envy X360 2 in 1 Convertible 15.6"" Customized Laptop AMD Quad-Core Ryzen 5 3500U 8GB RAM 512GB SSD FHD Edge-to-Edge IPS Touch Display Upto 10 Hours Battery Life Windows 10 Black Only 0.7"" Thin",OUT OF STOCK,855.80,0.0,https://www.newegg.com/p/1TS-000D-05XU4,//c1.neweggimages.com/ProductImageCompressAll300/AJZD_1_201909111671037504.jpg
29,1TS-000X-01YD2,Computer Systems,Laptops / Notebooks,9,Acer America,"Acer Swift 3 Narrow Bezel Slim Laptop, 14"" FHD IPS, AMD Ryzen 5 3500U Quad-core up to 3.70 GHz, 8GB DDR4 RAM, 1TB NVMe SSD, USB-C, Vega 8 Graphics, FP Reader, BT, WebCam, Win 10",OUT OF STOCK,660.76,0.0,https://www.newegg.com/p/1TS-000X-01YD2,//c1.neweggimages.com/ProductImageCompressAll300/A6V6_1_202003052135569055.jpg
30,1TS-000X-01YD6,Computer Systems,Laptops / Notebooks,9,Acer America,"Acer Swift 3 Narrow Bezel Slim Laptop, 14"" FHD IPS, AMD Ryzen 5 3500U Quad-core up to 3.70 GHz, 8GB RAM, 256GB NVMe SSD, USB-C, Vega 8 Graphics, RJ-45 LAN, FP Reader, BT, WebCam, Win 10",OUT OF STOCK,582.24,0.0,https://www.newegg.com/p/1TS-000X-01YD6,//c1.neweggimages.com/ProductImageCompressAll300/A6V6_1_20200305652537984.jpg
31,N82E16834847159,Computer Systems,Laptops / Notebooks,9,Lenovo,"Lenovo Laptop ThinkPad E585 (20KV000YUS) AMD Ryzen 7 1st Gen 2700U (2.20 GHz) 8 GB Memory 256 GB SSD AMD Radeon RX Vega 10 15.6"" Windows 10 Pro 64-bit",OUT OF STOCK,606.91,0.0,https://www.newegg.com/glossy-black-lenovo-thinkpad-e585-mainstream/p/N82E16834847159,//c1.neweggimages.com/NeweggImage/ProductImageCompressAll300/34-847-159-V11.jpg
32,2WC-0001-00241,Computer Systems,Laptops / Notebooks,9,HP,"HP Laptop EliteBook 735 G5 4HZ62UT#ABA AMD Ryzen 7 1st Gen 2700U (2.20 GHz) 8 GB Memory 256 GB SSD AMD Radeon Vega 10 13.3"" Windows 10 Pro 64-bit",OUT OF STOCK,688.05,0.0,https://www.newegg.com/hp-elitebook-735-g5-4hz62ut-aba-mainstream/p/2WC-0001-00241,//c1.neweggimages.com/NeweggImage/ProductImageCompressAll300/AHUU_1_201910081820104932.jpg
33,1TS-000E-0DNM5,Computer Systems,Laptops / Notebooks,9,Lenovo,"Lenovo ThinkPad T495 20NJ0005US 14"" Notebook - 1920 x 1080 - Ryzen 7 3700U - 8 GB RAM - 256 GB SSD - Glossy Black",OUT OF STOCK,1406.99,0.0,https://www.newegg.com/p/1TS-000E-0DNM5,//c1.neweggimages.com/ProductImageCompressAll300/A24G_1_2019120456290702.jpg
34,2WC-0001-00KH5,Computer Systems,Laptops / Notebooks,9,HP,"HP EliteBook 735 G6 13.3"" Laptop R7 Pro 3700U 8GB 256GB SSD W10P Radeon Vega 10",OUT OF STOCK,1190.99,0.0,https://www.newegg.com/p/2WC-0001-00KH5,//c1.neweggimages.com/ProductImageCompressAll300/A6ZP_1_202002122062054910.jpg
35,1TS-000E-0EMF0,Computer Systems,Laptops / Notebooks,9,Lenovo,"Lenovo ThinkPad E495 Home and Business Laptop (AMD Ryzen 7 3700U 4-Core, 8GB RAM, 256GB  SATA SSD, 14"" Full HD (1920x1080), AMD Vega 10, Wifi, Bluetooth, Webcam, 2xUSB 3.1, 1xHDMI, Win 10 Pro)",OUT OF STOCK,832.42,0.0,https://www.newegg.com/p/1TS-000E-0EMF0,//c1.neweggimages.com/NeweggImage/ProductImageCompressAll300/V0F3_1_20190815951571949.jpg
