,item_number,general_category,product_category,page_number,brand,model_specifications,current_promotions,price,shipping,product_links,image_link
0,N82E16834235302,Computer Systems,Laptops / Notebooks,1,ASUS,"ASUS ZenBook 14 Ultra-Slim Laptop 14"" Full HD 4-Way NanoEdge Bezel, AMD R7 3700U CPU, 8 GB RAM, 512 GB PCIe SSD, NumberPad, Windows 10 - UM433DA-DH75, Icicle Silver","Save $20 off w/ Win 10 Home Pro Upgrade combo purchase, limited offer",779.99,0.0,https://www.newegg.com/icicle-silver-asus-zenbook-um433da-dh75-mainstream/p/N82E16834235302,//c1.neweggimages.com/NeweggImage/ProductImageCompressAll300/34-235-302-V01.jpg
1,1TS-000X-00VT0,Computer Systems,Laptops / Notebooks,1,Acer America,"Acer Aspire 3 15.6"" - AMD Ryzen 7 2700U Quad-core (4 Core) 2.20 GHz - 8 GB DDR4 SDRAM - 256 GB SSD - Windows 10 Home 64-bit - 1920 x 1080 - A315-41-R14K - NX.GY9AA.014 - Obsidian Black",,604.99,0.0,https://www.newegg.com/obsidian-black-acer-aspire-3-a315-41-r14k-mainstream/p/1TS-000X-00VT0,//c1.neweggimages.com/NeweggImage/ProductImageCompressAll300/1TS-000X-00VT0-V13.jpg
2,2WC-0001-00233,Computer Systems,Laptops / Notebooks,1,HP,"HP Laptop ProBook 645 G4 (4LB42UT#ABA) AMD Ryzen 7 1st Gen 2700U (2.20 GHz) 8 GB Memory 256 GB PCIe NVMe SSD AMD Radeon RX Vega 10 14.0"" Windows 10 Pro 64-Bit",,799.00,0.0,https://www.newegg.com/hp-probook-645-g4-mainstream/p/2WC-0001-00233,//c1.neweggimages.com/NeweggImage/ProductImageCompressAll300/V112_1_20190327543337532.jpg
3,1TS-001A-02218,Computer Systems,Laptops / Notebooks,1,ASUS,"ASUS ZenBook 14 Ultra-Slim Laptop 14"" Full HD 4-Way NanoEdge Bezel, AMD R7 3700U CPU, 8 GB RAM, 512 GB PCIe SSD, NumberPad, Windows 10 - UM433DA-DH75, Icicle Silver",,949.00,0.0,https://www.newegg.com/icicle-silver-asus-zenbook-um433da-dh75-mainstream/p/1TS-001A-02218,//c1.neweggimages.com/NeweggImage/ProductImageCompressAll300/A7ABS200215s4FTo.jpg
4,1TS-001A-021N8,Computer Systems,Laptops / Notebooks,1,ASUS,"ASUS ZenBook 14 Ultra-Slim Laptop 14"" Full HD 4-Way NanoEdge Bezel, AMD R7 3700U CPU, 8 GB RAM, 1 TB PCIe SSD, NumberPad, Windows 10 - UM433DA-DH75, Icicle Silver",,1099.00,0.0,https://www.newegg.com/icicle-silver-asus-zenbook-um433da-dh75-mainstream/p/1TS-001A-021N8,//c1.neweggimages.com/NeweggImage/ProductImageCompressAll300/A7ABS200211AMMij.jpg
5,1TS-000E-0DDH7,Computer Systems,Laptops / Notebooks,1,Lenovo,"Lenovo Laptop ThinkPad E495 20NE0001US AMD Ryzen 7 2nd Gen 3700U (2.30 GHz) 8 GB Memory 256 GB SSD AMD Radeon RX Vega 10 14.0"" Windows 10 Pro 64-bit",,764.00,0.0,https://www.newegg.com/black-lenovo-thinkpad-e495-20ne0001us-mainstream/p/1TS-000E-0DDH7,//c1.neweggimages.com/ProductImageCompressAll300/A6ZP_1_20190821935971236.jpg
6,1TS-001A-021P0,Computer Systems,Laptops / Notebooks,1,ASUS,"ASUS ZenBook 14 Ultra-Slim Laptop 14"" Full HD 4-Way NanoEdge Bezel, AMD R7 3700U CPU, 8 GB RAM, 1 TB PCIe SSD, NumberPad, Windows 10 Pro- UM433DA-DH75, Icicle Silver",,1249.00,0.0,https://www.newegg.com/icicle-silver-asus-zenbook-um433da-dh75-mainstream/p/1TS-001A-021P0,//c1.neweggimages.com/NeweggImage/ProductImageCompressAll300/A7ABS200211ePUOu.jpg
7,1TS-001A-021N9,Computer Systems,Laptops / Notebooks,1,ASUS,"ASUS ZenBook 14 Ultra-Slim Laptop 14"" Full HD 4-Way NanoEdge Bezel, AMD R7 3700U CPU, 8 GB RAM, 2 TB PCIe SSD, NumberPad, Windows 10 - UM433DA-DH75, Icicle Silver",,1299.00,0.0,https://www.newegg.com/icicle-silver-asus-zenbook-um433da-dh75-mainstream/p/1TS-001A-021N9,//c1.neweggimages.com/NeweggImage/ProductImageCompressAll300/A7ABS2002119Fp96.jpg
8,1TS-000X-00WU2,Computer Systems,Laptops / Notebooks,1,Acer America,"Acer - Nitro 5 15.6"" Laptop - AMD Ryzen 5 - 8GB Memory - AMD Radeon RX 560X - 1TB Hard Drive - Black Notebook PC Computer  AN515-42-R5ED",,null,0.0,https://www.newegg.com/black-acer-nitro-5-gaming-entertainment/p/1TS-000X-00WU2,//c1.neweggimages.com/NeweggImage/ProductImageCompressAll300/A8X5_131867479414670734nSdNgU11d0.jpg
9,1TS-000D-07XU8,Computer Systems,Laptops / Notebooks,1,HP,"HP 15 Notebook, 15.6"" HD Touch Display, AMD Ryzen 7 3700U Upto 4.0GHz, 8GB RAM, 256GB NVMe SSD, Vega 10, HDMI, Card Reader, Wi-Fi, Bluetooth, Windows 10 Pro","Due to holiday observance, orders placed between 4/7 – 4/19 will experience shipping delays",599.00,0.0,https://www.newegg.com/silver-hp-15/p/1TS-000D-07XU8,//c1.neweggimages.com/ProductImageCompressAll300/AA0S_1_201912231321062456.jpg
10,1TS-000E-0FAM1,Computer Systems,Laptops / Notebooks,1,Lenovo,"Lenovo IdeaPad 330s Notebook, 15.6"" HD Display, AMD Ryzen 5 2500U Upto 3.6GHz, 8GB RAM, 128GB NVMe SSD, Vega 8, HDMI, Card Reader, Wi-Fi, Bluetooth, Windows 10 Home","Due to holiday observance, orders placed between 4/7 – 4/19 will experience shipping delays",629.99,0.0,https://www.newegg.com/natural-silver-lenovo-ideapad-330s/p/1TS-000E-0FAM1,//c1.neweggimages.com/ProductImageCompressAll300/V1VV_1_20191107398015459.jpg
11,1TS-001A-021P1,Computer Systems,Laptops / Notebooks,1,ASUS,"ASUS ZenBook 14 Ultra-Slim Laptop 14"" Full HD 4-Way NanoEdge Bezel, AMD R7 3700U CPU, 8 GB RAM, 2 TB PCIe SSD, NumberPad, Windows 10 Pro - UM433DA-DH75, Icicle Silver",,1449.00,0.0,https://www.newegg.com/icicle-silver-asus-zenbook-um433da-dh75-mainstream/p/1TS-001A-021P1,//c1.neweggimages.com/NeweggImage/ProductImageCompressAll300/A7ABS2002118oH6e.jpg
12,1TS-000D-07XU1,Computer Systems,Laptops / Notebooks,1,HP,"HP 15 Notebook, 15.6"" HD Touch Display, AMD Ryzen 7 3700U Upto 4.0GHz, 8GB RAM, 128GB NVMe SSD, Vega 10, HDMI, Card Reader, Wi-Fi, Bluetooth, Windows 10 Pro","Due to holiday observance, orders placed between 4/7 – 4/19 will experience shipping delays",599.00,0.0,https://www.newegg.com/silver-hp-15/p/1TS-000D-07XU1,//c1.neweggimages.com/ProductImageCompressAll300/V0N6_1_20191223377423411.jpg
13,1TS-000E-0FAH0,Computer Systems,Laptops / Notebooks,1,Lenovo,"Lenovo IdeaPad 330s Notebook, 15.6"" HD Display, AMD Ryzen 5 2500U Upto 3.6GHz, 8GB RAM, 128GB NVMe SSD, Vega 8, HDMI, Card Reader, Wi-Fi, Bluetooth, Windows 10 Pro","Due to holiday observance, orders placed between 4/7 – 4/19 will experience shipping delays",629.99,0.0,https://www.newegg.com/natural-silver-lenovo-ideapad-330s/p/1TS-000E-0FAH0,//c1.neweggimages.com/ProductImageCompressAll300/AA0S_1_20191107578138973.jpg
14,1TS-000D-07XV8,Computer Systems,Laptops / Notebooks,1,HP,"HP 15 Notebook, 15.6"" HD Touch Display, AMD Ryzen 7 3700U Upto 4.0GHz, 8GB RAM, 512GB NVMe SSD, Vega 10, HDMI, Card Reader, Wi-Fi, Bluetooth, Windows 10 Pro","Due to holiday observance, orders placed between 4/7 – 4/19 will experience shipping delays",699.00,0.0,https://www.newegg.com/silver-hp-15/p/1TS-000D-07XV8,//c1.neweggimages.com/ProductImageCompressAll300/AA0S_1_20191223646496796.jpg
15,1TS-000E-0FAG3,Computer Systems,Laptops / Notebooks,1,Lenovo,"Lenovo IdeaPad 330s Notebook, 15.6"" HD Display, AMD Ryzen 5 2500U Upto 3.6GHz, 8GB RAM, 256GB NVMe SSD, Vega 8, HDMI, Card Reader, Wi-Fi, Bluetooth, Windows 10 Pro","Due to holiday observance, orders placed between 4/7 – 4/19 will experience shipping delays",699.99,0.0,https://www.newegg.com/natural-silver-lenovo-ideapad-330s/p/1TS-000E-0FAG3,//c1.neweggimages.com/ProductImageCompressAll300/AA0S_1_201911072103934440.jpg
16,1TS-000A-09M94,Computer Systems,Laptops / Notebooks,1,DELL,"Dell Inspiron i5575 Home and Business Laptop (AMD Ryzen 5 PRO 2500U 4-Core, 8GB RAM, 256GB PCIe SSD + 2TB  HDD, 15.6"" Full HD (1920x1080), AMD Vega 8, Wifi, Bluetooth, Webcam, 2xUSB 3.0, Win 10 Pro)",,1078.80,0.0,https://www.newegg.com/p/1TS-000A-09M94,//c1.neweggimages.com/ProductImageCompressAll300/V0F3_1_202002121878683368.jpg
17,1TS-000E-0GZK9,Computer Systems,Laptops / Notebooks,1,Lenovo,"Lenovo Ideapad 330s 15.6"" Customized Business Laptop | AMD Ryzen 5 2500U Quad-Core | 8GB RAM 256GB SSD | Full HD IPS | Radeon Vega 8 Graphics | Only 3.96lb | Windows 10 Home Grey",,565.72,0.0,https://www.newegg.com/p/1TS-000E-0GZK9,//c1.neweggimages.com/ProductImageCompressAll300/AJZD_1_20200113941713989.jpg
18,1TS-000A-0A154,Computer Systems,Laptops / Notebooks,1,DELL,"Dell Inspiron 3000 Home and Business Laptop (AMD Ryzen 5 2500U 4-Core, 8GB RAM, 1TB  HDD, 15.6"" HD (1366x768), AMD Vega 8, Wifi, Bluetooth, Webcam, 2xUSB 3.1, 1xHDMI, SD Card, Win 10 Home)",,449.00,0.0,https://www.newegg.com/p/1TS-000A-0A154,//c1.neweggimages.com/ProductImageCompressAll300/V2X1_1_20200407231353743.jpg
19,1TS-000A-03PH8,Computer Systems,Laptops / Notebooks,1,DELL,"Dell Inspiron 15 Full HD Touchscreen Premium Home and Business Laptop (AMD Ryzen 5 2500U Quad-Core, 8GB RAM, 1TB HDD, 15.6"" Full HD 1920x1080 Touch, AMD Radeon Vega 8, Win 10 Home)",,539.98,0.0,https://www.newegg.com/p/1TS-000A-03PH8,//c1.neweggimages.com/NeweggImage/ProductImageCompressAll300/A7AB_1_201810252044272454.jpg
20,1TS-000D-076Y6,Computer Systems,Laptops / Notebooks,1,HP,"HP Pavilion 15 Notebook, 15.6"" FHD Display, AMD Ryzen 5 3550H Upto 3.7GHz, 8GB RAM, 128GB NVMe SSD, NVIDIA GeForce GTX 1050, HDMI, Card Reader, Wi-Fi, Bluetooth, Windows 10 Home","Due to holiday observance, orders placed between 4/7 – 4/19 will experience shipping delays",749.99,0.0,https://www.newegg.com/black-hp-pavilion-15/p/1TS-000D-076Y6,//c1.neweggimages.com/ProductImageCompressAll300/AEYAS191127Hw32u.jpg
21,1TS-000E-0FAH3,Computer Systems,Laptops / Notebooks,1,Lenovo,"Lenovo IdeaPad 330s Notebook, 15.6"" HD Display, AMD Ryzen 5 2500U Upto 3.6GHz, 8GB RAM, 512GB NVMe SSD, Vega 8, HDMI, Card Reader, Wi-Fi, Bluetooth, Windows 10 Pro","Due to holiday observance, orders placed between 4/7 – 4/19 will experience shipping delays",829.99,0.0,https://www.newegg.com/natural-silver-lenovo-ideapad-330s/p/1TS-000E-0FAH3,//c1.neweggimages.com/ProductImageCompressAll300/AA0S_1_20191107170805030.jpg
22,1TS-000E-0FAK7,Computer Systems,Laptops / Notebooks,1,Lenovo,"Lenovo IdeaPad 330s Notebook, 15.6"" HD Display, AMD Ryzen 5 2500U Upto 3.6GHz, 8GB RAM, 128GB NVMe SSD + 1TB HDD, Vega 8, HDMI, Card Reader, Wi-Fi, Bluetooth, Windows 10 Home","Due to holiday observance, orders placed between 4/7 – 4/19 will experience shipping delays",629.99,0.0,https://www.newegg.com/natural-silver-lenovo-ideapad-330s/p/1TS-000E-0FAK7,//c1.neweggimages.com/ProductImageCompressAll300/AEYA_1_20191107742107042.jpg
23,1TS-000E-0FAM0,Computer Systems,Laptops / Notebooks,1,Lenovo,"Lenovo IdeaPad 330s Notebook, 15.6"" HD Display, AMD Ryzen 5 2500U Upto 3.6GHz, 8GB RAM, 512GB NVMe SSD, Vega 8, HDMI, Card Reader, Wi-Fi, Bluetooth, Windows 10 Home","Due to holiday observance, orders placed between 4/7 – 4/19 will experience shipping delays",829.99,0.0,https://www.newegg.com/natural-silver-lenovo-ideapad-330s/p/1TS-000E-0FAM0,//c1.neweggimages.com/ProductImageCompressAll300/AEYA_1_201911071568683187.jpg
24,1TS-000D-096P2,Computer Systems,Laptops / Notebooks,1,HP,"HP Pavilion 15 Powerful Horizon Blue Laptop with 15.6"" Full HD Display (1920 x 1080), AMD Ryzen 5 3500U, 8GB SDRAM, 1TB HDD + 128GB SSD, AMD Radeon Vega 8 Graphics, Windows 10 Home",,649.99,0.0,https://www.newegg.com/p/1TS-000D-096P2,//c1.neweggimages.com/NeweggImage/ProductImageCompressAll300/A9JAS200206iP3Hp.jpg
25,1TS-001A-01TZ7,Computer Systems,Laptops / Notebooks,1,ASUS,"ASUS FX705DT 17.3"" Customized Gaming Laptop | AMD Ryzen 7 3750H Processor | 8GB RAM 2TB HDD | GeForce GTX 1650 4GB GDDR5 | RGB Backlit Keyboard | Windows 10 Black",,950.07,0.0,https://www.newegg.com/p/1TS-001A-01TZ7,//c1.neweggimages.com/ProductImageCompressAll300/AJZD_1_202001281913377908.jpg
26,1TS-001A-01TZ9,Computer Systems,Laptops / Notebooks,1,ASUS,"ASUS FX705DT 17.3"" Customized Gaming Laptop | AMD Ryzen 7 3750H Processor | 8GB RAM 512GB SSD 2TB HDD | GeForce GTX 1650 4GB GDDR5 | RGB Backlit Keyboard | Windows 10 Black",,1026.35,0.0,https://www.newegg.com/p/1TS-001A-01TZ9,//c1.neweggimages.com/ProductImageCompressAll300/AJZD_1_202001281913377908.jpg
27,1TS-001A-01TZ5,Computer Systems,Laptops / Notebooks,1,ASUS,"ASUS FX705DT 17.3"" Customized Gaming Laptop | AMD Ryzen 7 3750H Processor | 8GB RAM 512GB SSD 1TB HDD | GeForce GTX 1650 4GB GDDR5 | RGB Backlit Keyboard | Windows 10 Black",,998.61,0.0,https://www.newegg.com/p/1TS-001A-01TZ5,//c1.neweggimages.com/ProductImageCompressAll300/AJZD_1_202001281913377908.jpg
28,1TS-001A-01U05,Computer Systems,Laptops / Notebooks,1,ASUS,"ASUS FX705DT 17.3"" Customized Gaming Laptop | AMD Ryzen 7 3750H Processor | 8GB RAM 128GB SSD 500GB HDD | GeForce GTX 1650 4GB GDDR5 | RGB Backlit Keyboard | Windows 10 Black",,929.26,0.0,https://www.newegg.com/p/1TS-001A-01U05,//c1.neweggimages.com/ProductImageCompressAll300/AJZD_1_202001281913377908.jpg
29,1TS-001A-01TN7,Computer Systems,Laptops / Notebooks,1,ASUS,"ASUS FX705DT 17.3"" Customized Gaming Laptop | AMD Ryzen 7 3750H Processor | 8GB RAM 500GB HDD | GeForce GTX 1650 4GB GDDR5 | RGB Backlit Keyboard | Windows 10 Black",,901.53,0.0,https://www.newegg.com/p/1TS-001A-01TN7,//c1.neweggimages.com/ProductImageCompressAll300/AJZD_1_202001281913377908.jpg
30,1TS-001A-01U14,Computer Systems,Laptops / Notebooks,1,ASUS,"ASUS FX705DT 17.3"" Customized Gaming Laptop | AMD Ryzen 7 3750H Processor | 8GB RAM 1024GB SSD 2TB HDD | GeForce GTX 1650 4GB GDDR5 | RGB Backlit Keyboard | Windows 10 Black",,1116.50,0.0,https://www.newegg.com/p/1TS-001A-01U14,//c1.neweggimages.com/ProductImageCompressAll300/AJZD_1_202001281913377908.jpg
31,1TS-001A-01U10,Computer Systems,Laptops / Notebooks,1,ASUS,"ASUS FX705DT 17.3"" Customized Gaming Laptop | AMD Ryzen 7 3750H Processor | 8GB RAM 1024GB SSD 1TB HDD | GeForce GTX 1650 4GB GDDR5 | RGB Backlit Keyboard | Windows 10 Black",,1088.77,0.0,https://www.newegg.com/p/1TS-001A-01U10,//c1.neweggimages.com/ProductImageCompressAll300/AJZD_1_202001281913377908.jpg
32,1TS-001A-01U07,Computer Systems,Laptops / Notebooks,1,ASUS,"ASUS FX705DT 17.3"" Customized Gaming Laptop | AMD Ryzen 7 3750H Processor | 8GB RAM 1024GB SSD 500GB HDD | GeForce GTX 1650 4GB GDDR5 | RGB Backlit Keyboard | Windows 10 Black",,1067.96,0.0,https://www.newegg.com/p/1TS-001A-01U07,//c1.neweggimages.com/ProductImageCompressAll300/AJZD_1_202001281913377908.jpg
33,1TS-001A-01TZ6,Computer Systems,Laptops / Notebooks,1,ASUS,"ASUS FX705DT 17.3"" Customized Gaming Laptop | AMD Ryzen 7 3750H Processor | 8GB RAM 1TB HDD | GeForce GTX 1650 4GB GDDR5 | RGB Backlit Keyboard | Windows 10 Black",,922.33,0.0,https://www.newegg.com/p/1TS-001A-01TZ6,//c1.neweggimages.com/ProductImageCompressAll300/AJZD_1_202001281913377908.jpg
34,1TS-001A-01U09,Computer Systems,Laptops / Notebooks,1,ASUS,"ASUS FX705DT 17.3"" Customized Gaming Laptop | AMD Ryzen 7 3750H Processor | 8GB RAM 128GB SSD 1TB HDD | GeForce GTX 1650 4GB GDDR5 | RGB Backlit Keyboard | Windows 10 Black",,950.07,0.0,https://www.newegg.com/p/1TS-001A-01U09,//c1.neweggimages.com/ProductImageCompressAll300/AJZD_1_202001281913377908.jpg
35,1TS-001A-01U02,Computer Systems,Laptops / Notebooks,1,ASUS,"ASUS FX705DT 17.3"" Customized Gaming Laptop | AMD Ryzen 7 3750H Processor | 8GB RAM 1024GB SSD | GeForce GTX 1650 4GB GDDR5 | RGB Backlit Keyboard | Windows 10 Black",,1047.16,0.0,https://www.newegg.com/p/1TS-001A-01U02,//c1.neweggimages.com/ProductImageCompressAll300/AJZD_1_202001281913377908.jpg
