,item_number,general_category,product_category,page_number,brand,model_specifications,current_promotions,price,shipping,product_links,image_link
0,1TS-000A-08JE1,Computer Systems,Laptops / Notebooks,8,DELL,"Dell Inspiron 5000 Series 15.6"" Customized Laptop | AMD Ryzen 7 2700U Quad-Core | 8GB RAM 128GB SSD | Full HD | Radeon Vega 10 Graphics | Windows 10 Home Silver",,645.16,0.0,https://www.newegg.com/p/1TS-000A-08JE1,//c1.neweggimages.com/ProductImageCompressAll300/AJZD_1_20200121335570724.jpg
1,1TS-000X-01YX1,Computer Systems,Laptops / Notebooks,8,Acer America,"Acer Nitro 5 15.6"" Customized Gaming Laptop | AMD Ryzen 5 2500U Quad-Core | 8GB RAM 1024GB SSD 500GB HDD | Full HD IPS | AMD Radeon RX 560X 4GB GDDR5 | Windows 10 Home Black",,854.07,0.0,https://www.newegg.com/p/1TS-000X-01YX1,//c1.neweggimages.com/ProductImageCompressAll300/AJZD_1_202003231834599772.jpg
2,1TS-001A-01TR3,Computer Systems,Laptops / Notebooks,8,ASUS,"ASUS FX705DT 17.3"" Customized Gaming Laptop | AMD Ryzen 7 3750H Processor | 8GB RAM 256GB SSD | GeForce GTX 1650 4GB GDDR5 | RGB Backlit Keyboard | Windows 10 Black",,929.26,0.0,https://www.newegg.com/p/1TS-001A-01TR3,//c1.neweggimages.com/ProductImageCompressAll300/AJZD_1_202001281913377908.jpg
3,1TS-000D-045R1,Computer Systems,Laptops / Notebooks,8,HP,"HP ProBook 645 G4 Notebook, 14"" HD, AMD Quad-Core Ryzen 7 2700U Upto 3.8GHz, 8GB RAM, 2TB NVMe SSD + 1TB HDD, Radeon RX Vega 10, VGA, HDMI, Card Reader, Backlit Keyboard, Wi-Fi, BT, Windows 10 Pro","Due to holiday observance, orders placed between 4/7 – 4/19 will experience shipping delays",1479.99,0.0,https://www.newegg.com/natural-silver-hp-probook-645-g4-standard/p/1TS-000D-045R1,//c1.neweggimages.com/ProductImageCompressAll300/V0TG_1_201905161432632266.jpg
4,1TS-000E-0HZR3,Computer Systems,Laptops / Notebooks,8,Lenovo,"Lenovo ThinkPad E595 Notebook, 15.6"" FHD Display, AMD Ryzen 7 3700U, 8GB RAM, 1TB NVMe SSD + 1TB HDD, Vega 10, HDMI, Card Reader, Wi-Fi, BT, Windows 10 Pro","Due to holiday observance, orders placed between 4/7 – 4/19 will experience shipping delays",1139.99,0.0,https://www.newegg.com/black-lenovo-thinkpad-e595/p/1TS-000E-0HZR3,//c1.neweggimages.com/ProductImageCompressAll300/AA0S_1_202003131771825254.jpg
5,1TS-000X-01YU1,Computer Systems,Laptops / Notebooks,8,Acer America,"Acer Nitro 5 15.6"" Customized Gaming Laptop | AMD Ryzen 5 2500U Quad-Core | 8GB RAM 256GB SSD 500GB HDD | Full HD IPS | AMD Radeon RX 560X 4GB GDDR5 | Windows 10 Home Black",,723.50,0.0,https://www.newegg.com/p/1TS-000X-01YU1,//c1.neweggimages.com/ProductImageCompressAll300/AJZD_1_202003231834599772.jpg
6,1TS-000E-0GZP9,Computer Systems,Laptops / Notebooks,8,Lenovo,"Lenovo Ideapad 330s 15.6"" Customized Business Laptop | AMD Ryzen 5 2500U Quad-Core | 8GB RAM 512GB SSD 500GB HDD | Full HD IPS | Radeon Vega 8 Graphics | Only 3.96lb | Windows 10 Home Grey",,623.96,0.0,https://www.newegg.com/p/1TS-000E-0GZP9,//c1.neweggimages.com/ProductImageCompressAll300/AJZD_1_20200113941713989.jpg
7,1TS-000X-01YV4,Computer Systems,Laptops / Notebooks,8,Acer America,"Acer Nitro 5 15.6"" Customized Gaming Laptop | AMD Ryzen 5 2500U Quad-Core | 8GB RAM 2TB HDD | Full HD IPS | AMD Radeon RX 560X 4GB GDDR5 | Windows 10 Home Black",,723.50,0.0,https://www.newegg.com/p/1TS-000X-01YV4,//c1.neweggimages.com/ProductImageCompressAll300/AJZD_1_202003231834599772.jpg
8,1TS-000A-08JG0,Computer Systems,Laptops / Notebooks,8,DELL,"Dell Inspiron 5000 Series 15.6"" Customized Laptop | AMD Ryzen 7 2700U Quad-Core | 8GB RAM 256GB SSD 1TB HDD | Full HD | Radeon Vega 10 Graphics | Windows 10 Home Silver",,714.29,0.0,https://www.newegg.com/p/1TS-000A-08JG0,//c1.neweggimages.com/ProductImageCompressAll300/AJZD_1_20200121335570724.jpg
9,1TS-000E-0GZS4,Computer Systems,Laptops / Notebooks,8,Lenovo,"Lenovo Ideapad 330s 15.6"" Customized Business Laptop | AMD Ryzen 5 2500U Quad-Core | 8GB RAM 1024GB SSD 1TB HDD | Full HD IPS | Radeon Vega 8 Graphics | Only 3.96lb | Windows 10 Home Grey",,757.07,0.0,https://www.newegg.com/p/1TS-000E-0GZS4,//c1.neweggimages.com/ProductImageCompressAll300/AJZD_1_20200113941713989.jpg
10,1TS-001A-024V9,Computer Systems,Laptops / Notebooks,8,ASUS,"ASUS TUF 15.6"" Gaming Laptop AMD Ryzen 7 8GB RAM 256GB SSD + + Office 365 Bundle",OUT OF STOCK,1107.78,0.0,https://www.newegg.com/p/1TS-001A-024V9,//c1.neweggimages.com/ProductImageCompressAll300/A24G_1_202004011158746610.jpg
11,1TS-000X-01YU3,Computer Systems,Laptops / Notebooks,8,Acer America,"Acer Nitro 5 15.6"" Customized Gaming Laptop | AMD Ryzen 5 2500U Quad-Core | 8GB RAM 500GB HDD | Full HD IPS | AMD Radeon RX 560X 4GB GDDR5 | Windows 10 Home Black",,669.74,0.0,https://www.newegg.com/p/1TS-000X-01YU3,//c1.neweggimages.com/ProductImageCompressAll300/AJZD_1_202003231834599772.jpg
12,1TS-001A-01TT0,Computer Systems,Laptops / Notebooks,8,ASUS,"ASUS FX705DT 17.3"" Customized Gaming Laptop | AMD Ryzen 7 3750H Processor | 8GB RAM 512GB SSD | GeForce GTX 1650 4GB GDDR5 | RGB Backlit Keyboard | Windows 10 Black",,957.00,0.0,https://www.newegg.com/p/1TS-001A-01TT0,//c1.neweggimages.com/ProductImageCompressAll300/AJZD_1_202001281913377908.jpg
13,1TS-000X-01YW7,Computer Systems,Laptops / Notebooks,8,Acer America,"Acer Nitro 5 15.6"" Customized Gaming Laptop | AMD Ryzen 5 2500U Quad-Core | 8GB RAM 1024GB SSD | Full HD IPS | AMD Radeon RX 560X 4GB GDDR5 | Windows 10 Home Black",,831.03,0.0,https://www.newegg.com/p/1TS-000X-01YW7,//c1.neweggimages.com/ProductImageCompressAll300/AJZD_1_202003231834599772.jpg
14,1TS-000X-01YW2,Computer Systems,Laptops / Notebooks,8,Acer America,"Acer Nitro 5 15.6"" Customized Gaming Laptop | AMD Ryzen 5 2500U Quad-Core | 8GB RAM 128GB SSD 500GB HDD | Full HD IPS | AMD Radeon RX 560X 4GB GDDR5 | Windows 10 Home Black",,700.46,0.0,https://www.newegg.com/p/1TS-000X-01YW2,//c1.neweggimages.com/ProductImageCompressAll300/AJZD_1_202003231834599772.jpg
15,1TS-000X-01YV1,Computer Systems,Laptops / Notebooks,8,Acer America,"Acer Nitro 5 15.6"" Customized Gaming Laptop | AMD Ryzen 5 2500U Quad-Core | 8GB RAM 512GB SSD | Full HD IPS | AMD Radeon RX 560X 4GB GDDR5 | Windows 10 Home Black",,731.18,0.0,https://www.newegg.com/p/1TS-000X-01YV1,//c1.neweggimages.com/ProductImageCompressAll300/AJZD_1_202003231834599772.jpg
16,1TS-000D-09CP8,Computer Systems,Laptops / Notebooks,8,HP,"HP ProBook 645 G4 Notebook, 14"" FHD Display, AMD Ryzen 7 2700U Upto 3.8GHz, 8GB RAM, 2TB NVMe SSD, Vega 10, VGA, HDMI, DisplayPort via USB-C, Card Reader, Wi-Fi, Bluetooth, Windows 10 Pro","Due to holiday observance, orders placed between 4/7 – 4/19 will experience shipping delays",1049.99,0.0,https://www.newegg.com/silver-hp-probook-645-g4/p/1TS-000D-09CP8,//c1.neweggimages.com/ProductImageCompressAll300/AA0S_1_2020031050869105.jpg
17,1TS-000E-0HZS8,Computer Systems,Laptops / Notebooks,8,Lenovo,"Lenovo ThinkPad E595 Notebook, 15.6"" FHD Display, AMD Ryzen 7 3700U, 8GB RAM, 512GB NVMe SSD + 1TB HDD, Vega 10, HDMI, Card Reader, Wi-Fi, BT, Windows 10 Pro","Due to holiday observance, orders placed between 4/7 – 4/19 will experience shipping delays",1079.99,0.0,https://www.newegg.com/black-lenovo-thinkpad-e595/p/1TS-000E-0HZS8,//c1.neweggimages.com/ProductImageCompressAll300/AA0S_1_202003131412725576.jpg
18,1TS-000E-0HZ13,Computer Systems,Laptops / Notebooks,8,Lenovo,"Lenovo Ideapad 330s Business Laptop, 15.6"" FHD IPS Anti-Glare Display, AMD Quad-Core Processor Ryzen 5 2500U 8GB RAM  512GB  SSD + 1TB HDD, Webcam Dolby Audio Premium Win 10",,769.00,0.0,https://www.newegg.com/grey-lenova-ideapad-330s/p/1TS-000E-0HZ13,//c1.neweggimages.com/NeweggImage/ProductImageCompressAll300/AMRPS200309E98Xb.jpg
19,1TS-001A-01TS1,Computer Systems,Laptops / Notebooks,8,ASUS,"ASUS FX705DT 17.3"" Customized Gaming Laptop | AMD Ryzen 7 3750H Processor | 8GB RAM 256GB SSD 1TB HDD | GeForce GTX 1650 4GB GDDR5 | RGB Backlit Keyboard | Windows 10 Black",,970.87,0.0,https://www.newegg.com/p/1TS-001A-01TS1,//c1.neweggimages.com/ProductImageCompressAll300/AJZD_1_202001281913377908.jpg
20,1TS-000D-089C0,Computer Systems,Laptops / Notebooks,8,HP,"HP 17 Notebook, 17.3"" HD+ Display, AMD Ryzen 7 3700U Upto 4.0GHz, 8GB RAM, 1TB NVMe SSD + 1TB HDD, Vega 10, DVDRW, HDMI, Card Reader, Wi-Fi, Bluetooth, Windows 10 Pro","Due to holiday observance, orders placed between 4/7 – 4/19 will experience shipping delays",1129.99,0.0,https://www.newegg.com/black-textured-hp-17/p/1TS-000D-089C0,//c1.neweggimages.com/ProductImageCompressAll300/AA0S_1_20200204767185541.jpg
21,1TS-000D-09932,Computer Systems,Laptops / Notebooks,8,HP,"HP ProBook 445R G6 Notebook, 14"" FHD Display, AMD Ryzen 5 3500U Upto 3.7GHz, 8GB RAM, 128GB NVMe SSD, Vega 8, HDMI, DisplayPort via USB-C, Card Reader, Wi-Fi, Bluetooth, Windows 10 Pro","Due to holiday observance, orders placed between 4/7 – 4/19 will experience shipping delays",699.99,0.0,https://www.newegg.com/silver-hp-probook-445r-g6/p/1TS-000D-09932,//c1.neweggimages.com/ProductImageCompressAll300/AA0S_1_2020021881608082.jpg
22,1TS-000A-08JE3,Computer Systems,Laptops / Notebooks,8,DELL,"Dell Inspiron 5000 Series 15.6"" Customized Laptop | AMD Ryzen 7 2700U Quad-Core | 8GB RAM 1024GB SSD 1TB HDD | Full HD | Radeon Vega 10 Graphics | Windows 10 Home Silver",,844.85,0.0,https://www.newegg.com/p/1TS-000A-08JE3,//c1.neweggimages.com/ProductImageCompressAll300/AJZD_1_20200121335570724.jpg
23,1TS-000X-01YU7,Computer Systems,Laptops / Notebooks,8,Acer America,"Acer Nitro 5 15.6"" Customized Gaming Laptop | AMD Ryzen 5 2500U Quad-Core | 8GB RAM 256GB SSD 2TB HDD | Full HD IPS | AMD Radeon RX 560X 4GB GDDR5 | Windows 10 Home Black",,777.27,0.0,https://www.newegg.com/p/1TS-000X-01YU7,//c1.neweggimages.com/ProductImageCompressAll300/AJZD_1_202003231834599772.jpg
24,1TS-001A-01TT7,Computer Systems,Laptops / Notebooks,8,ASUS,"ASUS FX705DT 17.3"" Customized Gaming Laptop | AMD Ryzen 7 3750H Processor | 8GB RAM 512GB SSD 1TB HDD | GeForce GTX 1650 4GB GDDR5 | RGB Backlit Keyboard | Windows 10 Black",,998.61,0.0,https://www.newegg.com/p/1TS-001A-01TT7,//c1.neweggimages.com/ProductImageCompressAll300/AJZD_1_202001281913377908.jpg
25,1TS-000E-0GZP8,Computer Systems,Laptops / Notebooks,8,Lenovo,"Lenovo Ideapad 330s 15.6"" Customized Business Laptop | AMD Ryzen 5 2500U Quad-Core | 8GB RAM 128GB SSD 500GB HDD | Full HD IPS | Radeon Vega 8 Graphics | Only 3.96lb | Windows 10 Home Grey",,565.72,0.0,https://www.newegg.com/p/1TS-000E-0GZP8,//c1.neweggimages.com/ProductImageCompressAll300/AJZD_1_20200113941713989.jpg
26,1TS-000E-0GZM0,Computer Systems,Laptops / Notebooks,8,Lenovo,"Lenovo Ideapad 330s 15.6"" Customized Business Laptop | AMD Ryzen 5 2500U Quad-Core | 8GB RAM 500GB HDD | Full HD IPS | Radeon Vega 8 Graphics | Only 3.96lb | Windows 10 Home Grey",,532.45,0.0,https://www.newegg.com/p/1TS-000E-0GZM0,//c1.neweggimages.com/ProductImageCompressAll300/AJZD_1_20200113941713989.jpg
27,1TS-000D-09CP9,Computer Systems,Laptops / Notebooks,8,HP,"HP ProBook 645 G4 Notebook, 14"" FHD Display, AMD Ryzen 7 2700U Upto 3.8GHz, 8GB RAM, 512GB NVMe SSD, Vega 10, VGA, HDMI, DisplayPort via USB-C, Card Reader, Wi-Fi, Bluetooth, Windows 10 Pro","Due to holiday observance, orders placed between 4/7 – 4/19 will experience shipping delays",879.99,0.0,https://www.newegg.com/silver-hp-probook-645-g4/p/1TS-000D-09CP9,//c1.neweggimages.com/ProductImageCompressAll300/AA0S_1_20200310631024982.jpg
28,1TS-001A-01TP6,Computer Systems,Laptops / Notebooks,8,ASUS,"ASUS FX705DT 17.3"" Customized Gaming Laptop | AMD Ryzen 7 3750H Processor | 8GB RAM 1024GB SSD 1TB HDD | GeForce GTX 1650 4GB GDDR5 | RGB Backlit Keyboard | Windows 10 Black",,1088.77,0.0,https://www.newegg.com/p/1TS-001A-01TP6,//c1.neweggimages.com/ProductImageCompressAll300/AJZD_1_202001281913377908.jpg
29,1TS-000A-08JE8,Computer Systems,Laptops / Notebooks,8,DELL,"Dell Inspiron 5000 Series 15.6"" Customized Laptop | AMD Ryzen 7 2700U Quad-Core | 8GB RAM 1024GB SSD 2TB HDD | Full HD | Radeon Vega 10 Graphics | Windows 10 Home Silver",,875.58,0.0,https://www.newegg.com/p/1TS-000A-08JE8,//c1.neweggimages.com/ProductImageCompressAll300/AJZD_1_20200121335570724.jpg
30,1TS-000X-01YW3,Computer Systems,Laptops / Notebooks,8,Acer America,"Acer Nitro 5 15.6"" Customized Gaming Laptop | AMD Ryzen 5 2500U Quad-Core | 8GB RAM 512GB SSD 2TB HDD | Full HD IPS | AMD Radeon RX 560X 4GB GDDR5 | Windows 10 Home Black",,807.99,0.0,https://www.newegg.com/p/1TS-000X-01YW3,//c1.neweggimages.com/ProductImageCompressAll300/AJZD_1_202003231834599772.jpg
31,1TS-000D-045R4,Computer Systems,Laptops / Notebooks,8,HP,"HP ProBook 645 G4 Notebook, 14"" HD, AMD Quad-Core Ryzen 7 2700U Upto 3.8GHz, 8GB RAM, 512GB SSD, Radeon RX Vega 10, VGA, HDMI, Card Reader, Backlit Keyboard, Wi-Fi, BT, Windows 10 Pro","Due to holiday observance, orders placed between 4/7 – 4/19 will experience shipping delays",1189.99,0.0,https://www.newegg.com/natural-silver-hp-probook-645-g4-standard/p/1TS-000D-045R4,//c1.neweggimages.com/ProductImageCompressAll300/AA0S_1_20190516603331222.jpg
32,1TS-000D-045R3,Computer Systems,Laptops / Notebooks,8,HP,"HP ProBook 645 G4 Notebook, 14"" HD, AMD Quad-Core Ryzen 7 2700U Upto 3.8GHz, 8GB RAM, 512GB NVMe SSD + 1TB HDD, Radeon RX Vega 10, VGA, HDMI, Card Reader, Backlit Keyboard, Wi-Fi, BT, Windows 10 Pro","Due to holiday observance, orders placed between 4/7 – 4/19 will experience shipping delays",1149.99,0.0,https://www.newegg.com/natural-silver-hp-probook-645-g4-standard/p/1TS-000D-045R3,//c1.neweggimages.com/ProductImageCompressAll300/V0TG_1_20190516785393078.jpg
33,1TS-000A-08JE2,Computer Systems,Laptops / Notebooks,8,DELL,"Dell Inspiron 5000 Series 15.6"" Customized Laptop | AMD Ryzen 7 2700U Quad-Core | 8GB RAM 128GB SSD 500GB HDD | Full HD | Radeon Vega 10 Graphics | Windows 10 Home Silver",,668.20,0.0,https://www.newegg.com/p/1TS-000A-08JE2,//c1.neweggimages.com/ProductImageCompressAll300/AJZD_1_20200121335570724.jpg
34,1TS-000A-08JJ7,Computer Systems,Laptops / Notebooks,8,DELL,"Dell Inspiron 5000 Series 15.6"" Customized Laptop | AMD Ryzen 7 2700U Quad-Core | 8GB RAM 1024GB SSD 500GB HDD | Full HD | Radeon Vega 10 Graphics | Windows 10 Home Silver",,821.81,0.0,https://www.newegg.com/p/1TS-000A-08JJ7,//c1.neweggimages.com/ProductImageCompressAll300/AJZD_1_20200121335570724.jpg
35,1TS-000D-045R5,Computer Systems,Laptops / Notebooks,8,HP,"HP ProBook 645 G4 Notebook, 14"" HD, AMD Quad-Core Ryzen 7 2700U Upto 3.8GHz, 8GB RAM, 500GB HDD, Radeon RX Vega 10, VGA, HDMI, Card Reader, Backlit Keyboard, Wi-Fi, BT, Windows 10 Pro","Due to holiday observance, orders placed between 4/7 – 4/19 will experience shipping delays",999.99,0.0,https://www.newegg.com/natural-silver-hp-probook-645-g4-standard/p/1TS-000D-045R5,//c1.neweggimages.com/ProductImageCompressAll300/V0N6_1_201905161109640649.jpg
