,item_number,general_category,product_category,page_number,brand,model_specifications,current_promotions,price,shipping,product_links,image_link
0,1TS-001A-024D6,Computer Systems,Laptops / Notebooks,6,ASUS,"ASUS TUF Gaming FX505D 15.6"" Quad Core AMD Ryzen 7 up to 4.0GHz, 8GB DDR4, 512GB NVME SSD, Nvidia GeForce GTX 1650 4GB, HDMI, Wi-Fi, Bluetooth, USB 3.1, Windows 10 Pro (Black) Laptop",,1029.99,0.0,https://www.newegg.com/black-asus-tuf-fx505dt-wb72/p/1TS-001A-024D6,//c1.neweggimages.com/ProductImageCompressAll300/A65E_1_20200311335006281.jpg
1,1TS-001A-01TR7,Computer Systems,Laptops / Notebooks,6,ASUS,"ASUS FX705DT 17.3"" Customized Gaming Laptop | AMD Ryzen 7 3750H Processor | 8GB RAM 256GB SSD 500GB HDD | GeForce GTX 1650 4GB GDDR5 | RGB Backlit Keyboard | Windows 10 Black",,950.07,0.0,https://www.newegg.com/p/1TS-001A-01TR7,//c1.neweggimages.com/ProductImageCompressAll300/AJZD_1_202001281913377908.jpg
2,1TS-001A-01TP0,Computer Systems,Laptops / Notebooks,6,ASUS,"ASUS FX705DT 17.3"" Customized Gaming Laptop | AMD Ryzen 7 3750H Processor | 8GB RAM 128GB SSD | GeForce GTX 1650 4GB GDDR5 | RGB Backlit Keyboard | Windows 10 Black",,908.46,0.0,https://www.newegg.com/p/1TS-001A-01TP0,//c1.neweggimages.com/ProductImageCompressAll300/AJZD_1_202001281913377908.jpg
3,1TS-000D-09CP2,Computer Systems,Laptops / Notebooks,6,HP,"HP ProBook 645 G4 Notebook, 14"" FHD Display, AMD Ryzen 7 2700U Upto 3.8GHz, 8GB RAM, 1TB NVMe SSD, Vega 10, VGA, HDMI, DisplayPort via USB-C, Card Reader, Wi-Fi, Bluetooth, Windows 10 Pro","Due to holiday observance, orders placed between 4/7 – 4/19 will experience shipping delays",939.99,0.0,https://www.newegg.com/silver-hp-probook-645-g4/p/1TS-000D-09CP2,//c1.neweggimages.com/ProductImageCompressAll300/V0N6_1_20200310715532775.jpg
4,1TS-001A-01TV0,Computer Systems,Laptops / Notebooks,6,ASUS,"ASUS FX705DT 17.3"" Customized Gaming Laptop | AMD Ryzen 7 3750H Processor | 8GB RAM 1024GB SSD 500GB HDD | GeForce GTX 1650 4GB GDDR5 | RGB Backlit Keyboard | Windows 10 Black",,1067.96,0.0,https://www.newegg.com/p/1TS-001A-01TV0,//c1.neweggimages.com/ProductImageCompressAll300/AJZD_1_202001281913377908.jpg
5,1TS-001A-01TN9,Computer Systems,Laptops / Notebooks,6,ASUS,"ASUS FX705DT 17.3"" Customized Gaming Laptop | AMD Ryzen 7 3750H Processor | 8GB RAM 2TB HDD | GeForce GTX 1650 4GB GDDR5 | RGB Backlit Keyboard | Windows 10 Black",,950.07,0.0,https://www.newegg.com/p/1TS-001A-01TN9,//c1.neweggimages.com/ProductImageCompressAll300/AJZD_1_202001281913377908.jpg
6,1TS-001A-01TU2,Computer Systems,Laptops / Notebooks,6,ASUS,"ASUS FX705DT 17.3"" Customized Gaming Laptop | AMD Ryzen 7 3750H Processor | 8GB RAM 512GB SSD 2TB HDD | GeForce GTX 1650 4GB GDDR5 | RGB Backlit Keyboard | Windows 10 Black",,1026.35,0.0,https://www.newegg.com/p/1TS-001A-01TU2,//c1.neweggimages.com/ProductImageCompressAll300/AJZD_1_202001281913377908.jpg
7,1TS-000E-0HVF8,Computer Systems,Laptops / Notebooks,6,Lenovo,"Lenovo ThinkPad T495s 20QJ0009US 14"" Notebook - 1920 x 1080  + Office 365 Bundle",,1439.44,0.0,https://www.newegg.com/p/1TS-000E-0HVF8,//c1.neweggimages.com/ProductImageCompressAll300/V009_1_20200224494790908.jpg
8,1TS-000D-089G9,Computer Systems,Laptops / Notebooks,6,HP,"HP 17 Notebook, 17.3"" HD+ Display, AMD Ryzen 7 3700U Upto 4.0GHz, 8GB RAM, 2TB SSD, Vega 10, DVDRW, HDMI, Card Reader, Wi-Fi, Bluetooth, Windows 10 Home","Due to holiday observance, orders placed between 4/7 – 4/19 will experience shipping delays",1329.99,0.0,https://www.newegg.com/black-textured-hp-17/p/1TS-000D-089G9,//c1.neweggimages.com/ProductImageCompressAll300/AEYA_1_202002042126593970.jpg
9,1TS-000D-09919,Computer Systems,Laptops / Notebooks,6,HP,"HP ProBook 445R G6 Notebook, 14"" FHD Display, AMD Ryzen 5 3500U Upto 3.7GHz, 8GB RAM, 1TB NVMe SSD, Vega 8, HDMI, DisplayPort via USB-C, Card Reader, Wi-Fi, Bluetooth, Windows 10 Pro","Due to holiday observance, orders placed between 4/7 – 4/19 will experience shipping delays",999.99,0.0,https://www.newegg.com/silver-hp-probook-445r-g6/p/1TS-000D-09919,//c1.neweggimages.com/ProductImageCompressAll300/AA0S_1_202002181039436045.jpg
10,1TS-000D-045P8,Computer Systems,Laptops / Notebooks,6,HP,"HP ProBook 645 G4 Notebook, 14"" HD, AMD Quad-Core Ryzen 7 2700U Upto 3.8GHz, 8GB RAM, 1TB NVMe SSD + 1TB HDD, Radeon RX Vega 10, VGA, HDMI, Card Reader, Backlit Keyboard, Wi-Fi, BT, Windows 10 Pro","Due to holiday observance, orders placed between 4/7 – 4/19 will experience shipping delays",1189.99,0.0,https://www.newegg.com/natural-silver-hp-probook-645-g4-standard/p/1TS-000D-045P8,//c1.neweggimages.com/ProductImageCompressAll300/A186_1_201905161413265780.jpg
11,1TS-000E-0HZT0,Computer Systems,Laptops / Notebooks,6,Lenovo,"Lenovo ThinkPad E595 Notebook, 15.6"" FHD Display, AMD Ryzen 7 3700U, 8GB RAM, 128GB NVMe SSD + 1TB HDD, Vega 10, HDMI, Card Reader, Wi-Fi, BT, Windows 10 Pro","Due to holiday observance, orders placed between 4/7 – 4/19 will experience shipping delays",1029.99,0.0,https://www.newegg.com/black-lenovo-thinkpad-e595/p/1TS-000E-0HZT0,//c1.neweggimages.com/ProductImageCompressAll300/AA0S_1_20200313512928813.jpg
12,1TS-000X-01YV5,Computer Systems,Laptops / Notebooks,6,Acer America,"Acer Nitro 5 15.6"" Customized Gaming Laptop | AMD Ryzen 5 2500U Quad-Core | 8GB RAM 512GB SSD 500GB HDD | Full HD IPS | AMD Radeon RX 560X 4GB GDDR5 | Windows 10 Home Black",,754.22,0.0,https://www.newegg.com/p/1TS-000X-01YV5,//c1.neweggimages.com/ProductImageCompressAll300/AJZD_1_202003231834599772.jpg
13,1TS-000X-01YU8,Computer Systems,Laptops / Notebooks,6,Acer America,"Acer Nitro 5 15.6"" Customized Gaming Laptop | AMD Ryzen 5 2500U Quad-Core | 8GB RAM 1TB HDD | Full HD IPS | AMD Radeon RX 560X 4GB GDDR5 | Windows 10 Home Black",,692.78,0.0,https://www.newegg.com/p/1TS-000X-01YU8,//c1.neweggimages.com/ProductImageCompressAll300/AJZD_1_202003231834599772.jpg
14,1TS-000A-08JE0,Computer Systems,Laptops / Notebooks,6,DELL,"Dell Inspiron 5000 Series 15.6"" Customized Laptop | AMD Ryzen 7 2700U Quad-Core | 8GB RAM 2TB HDD | Full HD | Radeon Vega 10 Graphics | Windows 10 Home Silver",,691.24,0.0,https://www.newegg.com/p/1TS-000A-08JE0,//c1.neweggimages.com/ProductImageCompressAll300/AJZD_1_20200121335570724.jpg
15,1TS-001A-01TU6,Computer Systems,Laptops / Notebooks,6,ASUS,"ASUS FX705DT 17.3"" Customized Gaming Laptop | AMD Ryzen 7 3750H Processor | 8GB RAM 1024GB SSD | GeForce GTX 1650 4GB GDDR5 | RGB Backlit Keyboard | Windows 10 Black",,1047.16,0.0,https://www.newegg.com/p/1TS-001A-01TU6,//c1.neweggimages.com/ProductImageCompressAll300/AJZD_1_202001281913377908.jpg
16,1TS-000D-089D7,Computer Systems,Laptops / Notebooks,6,HP,"HP 17 Notebook, 17.3"" HD+ Display, AMD Ryzen 7 3700U Upto 4.0GHz, 8GB RAM, 512GB NVMe SSD + 1TB HDD, Vega 10, DVDRW, HDMI, Card Reader, Wi-Fi, Bluetooth, Windows 10 Pro","Due to holiday observance, orders placed between 4/7 – 4/19 will experience shipping delays",1029.99,0.0,https://www.newegg.com/black-textured-hp-17/p/1TS-000D-089D7,//c1.neweggimages.com/ProductImageCompressAll300/AA0S_1_20200204528912176.jpg
17,1TS-000D-089G0,Computer Systems,Laptops / Notebooks,6,HP,"HP 17 Notebook, 17.3"" HD+ Display, AMD Ryzen 7 3700U Upto 4.0GHz, 8GB RAM, 1TB SSD, Vega 10, DVDRW, HDMI, Card Reader, Wi-Fi, Bluetooth, Windows 10 Home","Due to holiday observance, orders placed between 4/7 – 4/19 will experience shipping delays",1129.99,0.0,https://www.newegg.com/black-textured-hp-17/p/1TS-000D-089G0,//c1.neweggimages.com/ProductImageCompressAll300/AEYA_1_202002041408374061.jpg
18,1TS-000D-089E6,Computer Systems,Laptops / Notebooks,6,HP,"HP 17 Notebook, 17.3"" HD+ Display, AMD Ryzen 7 3700U Upto 4.0GHz, 8GB RAM, 128GB SSD, Vega 10, DVDRW, HDMI, Card Reader, Wi-Fi, Bluetooth, Windows 10 Home","Due to holiday observance, orders placed between 4/7 – 4/19 will experience shipping delays",829.99,0.0,https://www.newegg.com/black-textured-hp-17/p/1TS-000D-089E6,//c1.neweggimages.com/ProductImageCompressAll300/AEYA_1_202002041459464909.jpg
19,1TS-000X-01YY2,Computer Systems,Laptops / Notebooks,6,Acer America,"Acer Nitro 5 15.6"" Customized Gaming Laptop | AMD Ryzen 5 2500U Quad-Core | 8GB RAM 1024GB SSD 2TB HDD | Full HD IPS | AMD Radeon RX 560X 4GB GDDR5 | Windows 10 Home Black",,907.83,0.0,https://www.newegg.com/p/1TS-000X-01YY2,//c1.neweggimages.com/ProductImageCompressAll300/AJZD_1_202003231834599772.jpg
20,1TS-000X-01YX8,Computer Systems,Laptops / Notebooks,6,Acer America,"Acer Nitro 5 15.6"" Customized Gaming Laptop | AMD Ryzen 5 2500U Quad-Core | 8GB RAM 1024GB SSD 1TB HDD | Full HD IPS | AMD Radeon RX 560X 4GB GDDR5 | Windows 10 Home Black",,877.11,0.0,https://www.newegg.com/p/1TS-000X-01YX8,//c1.neweggimages.com/ProductImageCompressAll300/AJZD_1_202003231834599772.jpg
21,1TS-000E-0GZK4,Computer Systems,Laptops / Notebooks,6,Lenovo,"Lenovo Ideapad 330s 15.6"" Customized Business Laptop | AMD Ryzen 5 2500U Quad-Core | 8GB RAM 1024GB SSD | Full HD IPS | Radeon Vega 8 Graphics | Only 3.96lb | Windows 10 Home Grey",,707.15,0.0,https://www.newegg.com/p/1TS-000E-0GZK4,//c1.neweggimages.com/ProductImageCompressAll300/AJZD_1_20200113941713989.jpg
22,1TS-000A-08JJ0,Computer Systems,Laptops / Notebooks,6,DELL,"Dell Inspiron 5000 Series 15.6"" Customized Laptop | AMD Ryzen 7 2700U Quad-Core | 8GB RAM 512GB SSD 2TB HDD | Full HD | Radeon Vega 10 Graphics | Windows 10 Home Silver",,783.41,0.0,https://www.newegg.com/p/1TS-000A-08JJ0,//c1.neweggimages.com/ProductImageCompressAll300/AJZD_1_20200121335570724.jpg
23,1TS-000A-0A2J2,Computer Systems,Laptops / Notebooks,6,DELL,"Dell Inspiron 17 3785 Laptop, 17.3"" HD Widescreen, AMD Ryzen 5 2500U Quad-Core 2.0 GHz 8GB RAM 128GB SSD + 1TB HDD Radeon Vega 8 Graphics, DVDRW MaxxAudio Pro Audio Webcam Windows 10 Home",,709.00,0.0,https://www.newegg.com/black-dell-inspiron-17-3785-everyday-value/p/1TS-000A-0A2J2,//c1.neweggimages.com/ProductImageCompressAll300/AMRP_1_20200410723496455.jpg
24,1TS-000A-08JD9,Computer Systems,Laptops / Notebooks,6,DELL,"Dell Inspiron 5000 Series 15.6"" Customized Laptop | AMD Ryzen 7 2700U Quad-Core | 8GB RAM 1TB HDD | Full HD | Radeon Vega 10 Graphics | Windows 10 Home Silver",,660.52,0.0,https://www.newegg.com/p/1TS-000A-08JD9,//c1.neweggimages.com/ProductImageCompressAll300/AJZD_1_20200121335570724.jpg
25,1TS-000E-0GZR9,Computer Systems,Laptops / Notebooks,6,Lenovo,"Lenovo Ideapad 330s 15.6"" Customized Business Laptop | AMD Ryzen 5 2500U Quad-Core | 8GB RAM 512GB SSD 2TB HDD | Full HD IPS | Radeon Vega 8 Graphics | Only 3.96lb | Windows 10 Home Grey",,682.20,0.0,https://www.newegg.com/p/1TS-000E-0GZR9,//c1.neweggimages.com/ProductImageCompressAll300/AJZD_1_20200113941713989.jpg
26,1TS-000X-01YU5,Computer Systems,Laptops / Notebooks,6,Acer America,"Acer Nitro 5 15.6"" Customized Gaming Laptop | AMD Ryzen 5 2500U Quad-Core | 8GB RAM 256GB SSD 1TB HDD | Full HD IPS | AMD Radeon RX 560X 4GB GDDR5 | Windows 10 Home Black",,746.54,0.0,https://www.newegg.com/p/1TS-000X-01YU5,//c1.neweggimages.com/ProductImageCompressAll300/AJZD_1_202003231834599772.jpg
27,1TS-000D-045R2,Computer Systems,Laptops / Notebooks,6,HP,"HP ProBook 645 G4 Notebook, 14"" HD, AMD Quad-Core Ryzen 7 2700U Upto 3.8GHz, 8GB RAM, 2TB SSD, Radeon RX Vega 10, VGA, HDMI, Card Reader, Backlit Keyboard, Wi-Fi, BT, Windows 10 Pro","Due to holiday observance, orders placed between 4/7 – 4/19 will experience shipping delays",1319.99,0.0,https://www.newegg.com/natural-silver-hp-probook-645-g4-standard/p/1TS-000D-045R2,//c1.neweggimages.com/ProductImageCompressAll300/A186_1_201905161367702558.jpg
28,1TS-000E-0HZ13,Computer Systems,Laptops / Notebooks,6,Lenovo,"Lenovo Ideapad 330s Business Laptop, 15.6"" FHD IPS Anti-Glare Display, AMD Quad-Core Processor Ryzen 5 2500U 8GB RAM  512GB  SSD + 1TB HDD, Webcam Dolby Audio Premium Win 10",,769.00,0.0,https://www.newegg.com/grey-lenova-ideapad-330s/p/1TS-000E-0HZ13,//c1.neweggimages.com/NeweggImage/ProductImageCompressAll300/AMRPS200309E98Xb.jpg
29,1TS-001A-01TS1,Computer Systems,Laptops / Notebooks,6,ASUS,"ASUS FX705DT 17.3"" Customized Gaming Laptop | AMD Ryzen 7 3750H Processor | 8GB RAM 256GB SSD 1TB HDD | GeForce GTX 1650 4GB GDDR5 | RGB Backlit Keyboard | Windows 10 Black",,970.87,0.0,https://www.newegg.com/p/1TS-001A-01TS1,//c1.neweggimages.com/ProductImageCompressAll300/AJZD_1_202001281913377908.jpg
30,1TS-000D-089C0,Computer Systems,Laptops / Notebooks,6,HP,"HP 17 Notebook, 17.3"" HD+ Display, AMD Ryzen 7 3700U Upto 4.0GHz, 8GB RAM, 1TB NVMe SSD + 1TB HDD, Vega 10, DVDRW, HDMI, Card Reader, Wi-Fi, Bluetooth, Windows 10 Pro","Due to holiday observance, orders placed between 4/7 – 4/19 will experience shipping delays",1129.99,0.0,https://www.newegg.com/black-textured-hp-17/p/1TS-000D-089C0,//c1.neweggimages.com/ProductImageCompressAll300/AA0S_1_20200204767185541.jpg
31,1TS-000D-09932,Computer Systems,Laptops / Notebooks,6,HP,"HP ProBook 445R G6 Notebook, 14"" FHD Display, AMD Ryzen 5 3500U Upto 3.7GHz, 8GB RAM, 128GB NVMe SSD, Vega 8, HDMI, DisplayPort via USB-C, Card Reader, Wi-Fi, Bluetooth, Windows 10 Pro","Due to holiday observance, orders placed between 4/7 – 4/19 will experience shipping delays",699.99,0.0,https://www.newegg.com/silver-hp-probook-445r-g6/p/1TS-000D-09932,//c1.neweggimages.com/ProductImageCompressAll300/AA0S_1_2020021881608082.jpg
32,1TS-000E-0HZS0,Computer Systems,Laptops / Notebooks,6,Lenovo,"Lenovo ThinkPad E595 Notebook, 15.6"" FHD Display, AMD Ryzen 7 3700U, 8GB RAM, 256GB NVMe SSD + 1TB HDD, Vega 10, HDMI, Card Reader, Wi-Fi, BT, Windows 10 Pro","Due to holiday observance, orders placed between 4/7 – 4/19 will experience shipping delays",1049.99,0.0,https://www.newegg.com/black-lenovo-thinkpad-e595/p/1TS-000E-0HZS0,//c1.neweggimages.com/ProductImageCompressAll300/AA0S_1_20200313404470533.jpg
33,1TS-000D-089E2,Computer Systems,Laptops / Notebooks,6,HP,"HP 17 Notebook, 17.3"" HD+ Display, AMD Ryzen 7 3700U Upto 4.0GHz, 8GB RAM, 128GB SSD, Vega 10, DVDRW, HDMI, Card Reader, Wi-Fi, Bluetooth, Windows 10 Pro","Due to holiday observance, orders placed between 4/7 – 4/19 will experience shipping delays",829.99,0.0,https://www.newegg.com/black-textured-hp-17/p/1TS-000D-089E2,//c1.neweggimages.com/ProductImageCompressAll300/AA0S_1_20200204277663308.jpg
34,1TS-000A-08JJ7,Computer Systems,Laptops / Notebooks,6,DELL,"Dell Inspiron 5000 Series 15.6"" Customized Laptop | AMD Ryzen 7 2700U Quad-Core | 8GB RAM 1024GB SSD 500GB HDD | Full HD | Radeon Vega 10 Graphics | Windows 10 Home Silver",,821.81,0.0,https://www.newegg.com/p/1TS-000A-08JJ7,//c1.neweggimages.com/ProductImageCompressAll300/AJZD_1_20200121335570724.jpg
35,1TS-000A-08JE2,Computer Systems,Laptops / Notebooks,6,DELL,"Dell Inspiron 5000 Series 15.6"" Customized Laptop | AMD Ryzen 7 2700U Quad-Core | 8GB RAM 128GB SSD 500GB HDD | Full HD | Radeon Vega 10 Graphics | Windows 10 Home Silver",,668.20,0.0,https://www.newegg.com/p/1TS-000A-08JE2,//c1.neweggimages.com/ProductImageCompressAll300/AJZD_1_20200121335570724.jpg
