,item_number,general_category,product_category,page_number,brand,model_specifications,current_promotions,price,shipping,product_links,image_link
0,N82E16834847843,Computer Systems,Laptops / Notebooks,4,Lenovo,"Lenovo Laptop IdeaPad S340 81NC001GUS AMD Ryzen 7 2nd Gen 3700U (2.30 GHz) 8 GB Memory 256 GB SSD AMD Radeon RX Vega 10 15.6"" Windows 10 Home 64-bit",,806.37,0.0,https://www.newegg.com/platinum-grey-lenovo-ideapad-s340-81nc001gus-mainstream/p/N82E16834847843,//c1.neweggimages.com/ProductImageCompressAll300/34-847-843-V25.jpg
1,1TS-000X-00V29,Computer Systems,Laptops / Notebooks,4,Acer America,"Acer Swift 3 SF315-41G-R6MP 15.6"" LCD Notebook - AMD Ryzen 7 2700U Quad-core (4 Core) 2.20 GHz - 8 GB DDR4 SDRAM - 256 GB SSD - Windows 10 Home 64-bit",,1028.00,0.0,https://www.newegg.com/steel-gray-acer-swift-3-sf315-41g-r6mp-mainstream/p/1TS-000X-00V29,//c1.neweggimages.com/ProductImageCompressAll300/A686_131884084558819221oKLvIGxCi0.jpg
2,1TS-000D-02RC0,Computer Systems,Laptops / Notebooks,4,HP,"HP ProBook 645 G4 14"" LCD Notebook - AMD Ryzen 7 2700U Quad-core (4 Core) 2.20 GHz - 8 GB DDR4 SDRAM - 500 GB HDD - Windows 10 Pro 64-bit - 1366 x 768 - Natural Silver - AMD Radeon RX Vega 10 Gra",,675.92,18.50,https://www.newegg.com/p/1TS-000D-02RC0,//c1.neweggimages.com/ProductImageCompressAll300/A24G_1_20180630596074717.jpg
3,1TS-000D-077X6,Computer Systems,Laptops / Notebooks,4,HP,"HP Pavilion 15 Notebook, 15.6"" FHD Display, AMD Ryzen 5 3550H Upto 3.7GHz, 8GB RAM, 1TB NVMe SSD, NVIDIA GeForce GTX 1050, HDMI, Card Reader, Wi-Fi, Bluetooth, Windows 10 Home","Due to holiday observance, orders placed between 4/7 – 4/19 will experience shipping delays",1129.99,0.0,https://www.newegg.com/black-hp-pavilion-15/p/1TS-000D-077X6,//c1.neweggimages.com/ProductImageCompressAll300/AEYAS191129ImMxA.jpg
4,1TS-000A-04P41,Computer Systems,Laptops / Notebooks,4,DELL,"Dell Inspiron 5575 15.6"" FHD Notebook, AMD Quad-Core Ryzen 7 2700U Upto 3.8GHz, 8GB RAM, 512GB NVMe SSD + 1TB HDD, Radeon Vega 10, HDMI, Card Reader, LAN, Wi-Fi, Bluetooth, Windows 10 Pro","Due to holiday observance, orders placed between 4/7 – 4/19 will experience shipping delays",1072.49,0.0,https://www.newegg.com/silver-dell-inspiron-5575-creating-designing/p/1TS-000A-04P41,//c1.neweggimages.com/ProductImageCompressAll300/AA0S_1_201905231282217582.jpg
5,1TS-000D-077V7,Computer Systems,Laptops / Notebooks,4,HP,"HP Pavilion 15 Notebook, 15.6"" FHD Display, AMD Ryzen 5 3550H Upto 3.7GHz, 8GB RAM, 1TB NVMe SSD + 1TB HDD, NVIDIA GeForce GTX 1050, HDMI, Card Reader, Wi-Fi, Bluetooth, Windows 10 Pro","Due to holiday observance, orders placed between 4/7 – 4/19 will experience shipping delays",1129.99,0.0,https://www.newegg.com/black-hp-pavilion-15/p/1TS-000D-077V7,//c1.neweggimages.com/ProductImageCompressAll300/AA0SS191127oOYol.jpg
6,1TS-000D-076Y9,Computer Systems,Laptops / Notebooks,4,HP,"HP Pavilion 15 Notebook, 15.6"" FHD Display, AMD Ryzen 5 3550H Upto 3.7GHz, 8GB RAM, 1TB NVMe SSD + 1TB HDD, NVIDIA GeForce GTX 1050, HDMI, Card Reader, Wi-Fi, Bluetooth, Windows 10 Home","Due to holiday observance, orders placed between 4/7 – 4/19 will experience shipping delays",889.99,0.0,https://www.newegg.com/black-hp-pavilion-15/p/1TS-000D-076Y9,//c1.neweggimages.com/ProductImageCompressAll300/AEYAS191127Jk0j7.jpg
7,1TS-000D-077T3,Computer Systems,Laptops / Notebooks,4,HP,"HP Pavilion 15 Notebook, 15.6"" FHD Display, AMD Ryzen 5 3550H Upto 3.7GHz, 8GB RAM, 1TB NVMe SSD, NVIDIA GeForce GTX 1050, HDMI, Card Reader, Wi-Fi, Bluetooth, Windows 10 Pro","Due to holiday observance, orders placed between 4/7 – 4/19 will experience shipping delays",1129.99,0.0,https://www.newegg.com/black-hp-pavilion-15/p/1TS-000D-077T3,//c1.neweggimages.com/ProductImageCompressAll300/AA0SS191127w3Ehi.jpg
8,1TS-000A-04P75,Computer Systems,Laptops / Notebooks,4,DELL,"Dell Inspiron 5575 15.6"" FHD Notebook, AMD Quad-Core Ryzen 7 2700U Upto 3.8GHz, 8GB RAM, 2TB SSD, Radeon Vega 10, HDMI, Card Reader, LAN, Wi-Fi, Bluetooth, Windows 10 Home","Due to holiday observance, orders placed between 4/7 – 4/19 will experience shipping delays",1286.99,0.0,https://www.newegg.com/silver-dell-inspiron-5575-creating-designing/p/1TS-000A-04P75,//c1.neweggimages.com/ProductImageCompressAll300/AA0S_1_201905231432136847.jpg
9,1TS-000D-077V3,Computer Systems,Laptops / Notebooks,4,HP,"HP Pavilion 15 Notebook, 15.6"" FHD Display, AMD Ryzen 5 3550H Upto 3.7GHz, 8GB RAM, 128GB NVMe SSD, NVIDIA GeForce GTX 1050, HDMI, Card Reader, Wi-Fi, Bluetooth, Windows 10 Pro","Due to holiday observance, orders placed between 4/7 – 4/19 will experience shipping delays",829.99,0.0,https://www.newegg.com/black-hp-pavilion-15/p/1TS-000D-077V3,//c1.neweggimages.com/ProductImageCompressAll300/AA0SS191127IV8yt.jpg
10,1TS-000E-0FAH1,Computer Systems,Laptops / Notebooks,4,Lenovo,"Lenovo IdeaPad 330s Notebook, 15.6"" HD Display, AMD Ryzen 5 2500U Upto 3.6GHz, 8GB RAM, 2TB NVMe SSD, Vega 8, HDMI, Card Reader, Wi-Fi, Bluetooth, Windows 10 Pro","Due to holiday observance, orders placed between 4/7 – 4/19 will experience shipping delays",1129.99,0.0,https://www.newegg.com/natural-silver-lenovo-ideapad-330s/p/1TS-000E-0FAH1,//c1.neweggimages.com/ProductImageCompressAll300/AA0S_1_201911071706598403.jpg
11,1TS-000E-0FAF4,Computer Systems,Laptops / Notebooks,4,Lenovo,"Lenovo IdeaPad 330s Notebook, 15.6"" HD Display, AMD Ryzen 5 2500U Upto 3.6GHz, 8GB RAM, 256GB NVMe SSD + 1TB HDD, Vega 8, HDMI, Card Reader, Wi-Fi, Bluetooth, Windows 10 Pro","Due to holiday observance, orders placed between 4/7 – 4/19 will experience shipping delays",699.99,0.0,https://www.newegg.com/natural-silver-lenovo-ideapad-330s/p/1TS-000E-0FAF4,//c1.neweggimages.com/ProductImageCompressAll300/AA0S_1_201911071310604600.jpg
12,1TS-000D-076V5,Computer Systems,Laptops / Notebooks,4,HP,"HP Pavilion 15 Notebook, 15.6"" FHD Display, AMD Ryzen 5 3550H Upto 3.7GHz, 8GB RAM, 1TB NVMe SSD, NVIDIA GeForce GTX 1050, HDMI, Card Reader, Wi-Fi, Bluetooth, Windows 10 Pro","Due to holiday observance, orders placed between 4/7 – 4/19 will experience shipping delays",879.99,0.0,https://www.newegg.com/black-hp-pavilion-15/p/1TS-000D-076V5,//c1.neweggimages.com/ProductImageCompressAll300/AA0SS191126ShfR2.jpg
13,1TS-000D-077Y6,Computer Systems,Laptops / Notebooks,4,HP,"HP Pavilion 15 Notebook, 15.6"" FHD Display, AMD Ryzen 5 3550H Upto 3.7GHz, 8GB RAM, 2TB NVMe SSD, NVIDIA GeForce GTX 1050, HDMI, Card Reader, Wi-Fi, Bluetooth, Windows 10 Home","Due to holiday observance, orders placed between 4/7 – 4/19 will experience shipping delays",1329.99,0.0,https://www.newegg.com/black-hp-pavilion-15/p/1TS-000D-077Y6,//c1.neweggimages.com/ProductImageCompressAll300/AEYAS191129xQaLr.jpg
14,1TS-000A-04P33,Computer Systems,Laptops / Notebooks,4,DELL,"Dell Inspiron 5575 15.6"" FHD Notebook, AMD Quad-Core Ryzen 7 2700U Upto 3.8GHz, 8GB RAM, 128GB NVMe SSD + 1TB HDD, Radeon Vega 10, HDMI, Card Reader, LAN, Wi-Fi, Bluetooth, Windows 10 Pro","Due to holiday observance, orders placed between 4/7 – 4/19 will experience shipping delays",974.99,0.0,https://www.newegg.com/silver-dell-inspiron-5575-creating-designing/p/1TS-000A-04P33,//c1.neweggimages.com/ProductImageCompressAll300/AA0S_1_201905231282217582.jpg
15,1TS-000A-04P76,Computer Systems,Laptops / Notebooks,4,DELL,"Dell Inspiron 5575 15.6"" FHD Notebook, AMD Quad-Core Ryzen 7 2700U Upto 3.8GHz, 8GB RAM, 512GB SSD, Radeon Vega 10, HDMI, Card Reader, LAN, Wi-Fi, Bluetooth, Windows 10 Home","Due to holiday observance, orders placed between 4/7 – 4/19 will experience shipping delays",948.99,0.0,https://www.newegg.com/silver-dell-inspiron-5575-creating-designing/p/1TS-000A-04P76,//c1.neweggimages.com/ProductImageCompressAll300/AA0S_1_201905231432136847.jpg
16,1TS-000D-077Y8,Computer Systems,Laptops / Notebooks,4,HP,"HP Pavilion 15 Notebook, 15.6"" FHD Display, AMD Ryzen 5 3550H Upto 3.7GHz, 8GB RAM, 512GB NVMe SSD, NVIDIA GeForce GTX 1050, HDMI, Card Reader, Wi-Fi, Bluetooth, Windows 10 Home","Due to holiday observance, orders placed between 4/7 – 4/19 will experience shipping delays",1029.99,0.0,https://www.newegg.com/black-hp-pavilion-15/p/1TS-000D-077Y8,//c1.neweggimages.com/ProductImageCompressAll300/AEYAS191129hJIO3.jpg
17,1TS-000A-04P73,Computer Systems,Laptops / Notebooks,4,DELL,"Dell Inspiron 5575 15.6"" FHD Notebook, AMD Quad-Core Ryzen 7 2700U Upto 3.8GHz, 8GB RAM, 256GB SSD, Radeon Vega 10, HDMI, Card Reader, LAN, Wi-Fi, Bluetooth, Windows 10 Home","Due to holiday observance, orders placed between 4/7 – 4/19 will experience shipping delays",890.49,0.0,https://www.newegg.com/silver-dell-inspiron-5575-creating-designing/p/1TS-000A-04P73,//c1.neweggimages.com/ProductImageCompressAll300/AA0S_1_201905231432136847.jpg
18,1TS-000A-04P40,Computer Systems,Laptops / Notebooks,4,DELL,"Dell Inspiron 5575 15.6"" FHD Notebook, AMD Quad-Core Ryzen 7 2700U Upto 3.8GHz, 8GB RAM, 2TB SSD, Radeon Vega 10, HDMI, Card Reader, LAN, Wi-Fi, Bluetooth, Windows 10 Pro","Due to holiday observance, orders placed between 4/7 – 4/19 will experience shipping delays",1319.49,0.0,https://www.newegg.com/silver-dell-inspiron-5575-creating-designing/p/1TS-000A-04P40,//c1.neweggimages.com/ProductImageCompressAll300/AA0S_1_201905231282217582.jpg
19,1TS-000D-077Y4,Computer Systems,Laptops / Notebooks,4,HP,"HP Pavilion 15 Notebook, 15.6"" FHD Display, AMD Ryzen 5 3550H Upto 3.7GHz, 8GB RAM, 2TB NVMe SSD + 1TB HDD, NVIDIA GeForce GTX 1050, HDMI, Card Reader, Wi-Fi, Bluetooth, Windows 10 Home","Due to holiday observance, orders placed between 4/7 – 4/19 will experience shipping delays",1329.99,0.0,https://www.newegg.com/black-hp-pavilion-15/p/1TS-000D-077Y4,//c1.neweggimages.com/ProductImageCompressAll300/AEYAS191129hciV6.jpg
20,1TS-000A-04P39,Computer Systems,Laptops / Notebooks,4,DELL,"Dell Inspiron 5575 15.6"" FHD Notebook, AMD Quad-Core Ryzen 7 2700U Upto 3.8GHz, 8GB RAM, 256GB SSD, Radeon Vega 10, HDMI, Card Reader, LAN, Wi-Fi, Bluetooth, Windows 10 Pro","Due to holiday observance, orders placed between 4/7 – 4/19 will experience shipping delays",844.99,0.0,https://www.newegg.com/silver-dell-inspiron-5575-creating-designing/p/1TS-000A-04P39,//c1.neweggimages.com/ProductImageCompressAll300/AA0S_1_201905231282217582.jpg
21,1TS-000A-04P74,Computer Systems,Laptops / Notebooks,4,DELL,"Dell Inspiron 5575 15.6"" FHD Notebook, AMD Quad-Core Ryzen 7 2700U Upto 3.8GHz, 8GB RAM, 256GB NVMe SSD + 1TB HDD, Radeon Vega 10, HDMI, Card Reader, LAN, Wi-Fi, Bluetooth, Windows 10 Home","Due to holiday observance, orders placed between 4/7 – 4/19 will experience shipping delays",974.99,0.0,https://www.newegg.com/silver-dell-inspiron-5575-creating-designing/p/1TS-000A-04P74,//c1.neweggimages.com/ProductImageCompressAll300/AA0S_1_201905231432136847.jpg
22,1TS-000E-0FAJ8,Computer Systems,Laptops / Notebooks,4,Lenovo,"Lenovo IdeaPad 330s Notebook, 15.6"" HD Display, AMD Ryzen 5 2500U Upto 3.6GHz, 8GB RAM, 2TB NVMe SSD + 1TB HDD, Vega 8, HDMI, Card Reader, Wi-Fi, Bluetooth, Windows 10 Home","Due to holiday observance, orders placed between 4/7 – 4/19 will experience shipping delays",1129.99,0.0,https://www.newegg.com/natural-silver-lenovo-ideapad-330s/p/1TS-000E-0FAJ8,//c1.neweggimages.com/ProductImageCompressAll300/AEYA_1_20191107654659785.jpg
23,1TS-000D-07XX6,Computer Systems,Laptops / Notebooks,4,HP,"HP 15 Notebook, 15.6"" HD Touch Display, AMD Ryzen 7 3700U Upto 4.0GHz, 8GB RAM, 2TB NVMe SSD, Vega 10, HDMI, Card Reader, Wi-Fi, Bluetooth, Windows 10 Home","Due to holiday observance, orders placed between 4/7 – 4/19 will experience shipping delays",1329.99,0.0,https://www.newegg.com/silver-hp-15/p/1TS-000D-07XX6,//c1.neweggimages.com/ProductImageCompressAll300/AEYA_1_20191223301409722.jpg
24,1TS-000D-077Y0,Computer Systems,Laptops / Notebooks,4,HP,"HP Pavilion 15 Notebook, 15.6"" FHD Display, AMD Ryzen 5 3550H Upto 3.7GHz, 8GB RAM, 256GB NVMe SSD + 1TB HDD, NVIDIA GeForce GTX 1050, HDMI, Card Reader, Wi-Fi, Bluetooth, Windows 10 Home","Due to holiday observance, orders placed between 4/7 – 4/19 will experience shipping delays",899.99,0.0,https://www.newegg.com/black-hp-pavilion-15/p/1TS-000D-077Y0,//c1.neweggimages.com/ProductImageCompressAll300/AEYAS1911295QzAX.jpg
25,1TS-000D-077V8,Computer Systems,Laptops / Notebooks,4,HP,"HP Pavilion 15 Notebook, 15.6"" FHD Display, AMD Ryzen 5 3550H Upto 3.7GHz, 8GB RAM, 512GB NVMe SSD + 1TB HDD, NVIDIA GeForce GTX 1050, HDMI, Card Reader, Wi-Fi, Bluetooth, Windows 10 Pro","Due to holiday observance, orders placed between 4/7 – 4/19 will experience shipping delays",1029.99,0.0,https://www.newegg.com/black-hp-pavilion-15/p/1TS-000D-077V8,//c1.neweggimages.com/ProductImageCompressAll300/AA0SS191127Dtiv5.jpg
26,1TS-000A-04P34,Computer Systems,Laptops / Notebooks,4,DELL,"Dell Inspiron 5575 15.6"" FHD Notebook, AMD Quad-Core Ryzen 7 2700U Upto 3.8GHz, 8GB RAM, 128GB SSD, Radeon Vega 10, HDMI, Card Reader, LAN, Wi-Fi, Bluetooth, Windows 10 Pro","Due to holiday observance, orders placed between 4/7 – 4/19 will experience shipping delays",890.49,0.0,https://www.newegg.com/silver-dell-inspiron-5575-creating-designing/p/1TS-000A-04P34,//c1.neweggimages.com/ProductImageCompressAll300/AA0S_1_201905231282217582.jpg
27,1TS-000A-04P70,Computer Systems,Laptops / Notebooks,4,DELL,"Dell Inspiron 5575 15.6"" FHD Notebook, AMD Quad-Core Ryzen 7 2700U Upto 3.8GHz, 8GB RAM, 128GB NVMe SSD + 1TB HDD, Radeon Vega 10, HDMI, Card Reader, LAN, Wi-Fi, Bluetooth, Windows 10 Home","Due to holiday observance, orders placed between 4/7 – 4/19 will experience shipping delays",948.99,0.0,https://www.newegg.com/silver-dell-inspiron-5575-creating-designing/p/1TS-000A-04P70,//c1.neweggimages.com/ProductImageCompressAll300/AA0S_1_201905231432136847.jpg
28,1TS-000E-0CYH4,Computer Systems,Laptops / Notebooks,4,Lenovo,"Lenovo IdeaPad 720s Notebook, 13.3"" IPS FHD, AMD Quad-Core Ryzen 7 2700U Upto 3.8GHz, 8GB RAM, 1TB NVMe SSD, Wi-Fi, Bluetooth, Windows 10 Pro","Due to holiday observance, orders placed between 4/7 – 4/19 will experience shipping delays",959.99,0.0,https://www.newegg.com/silver-lenovo-ideapad-720s-notebook/p/1TS-000E-0CYH4,//c1.neweggimages.com/ProductImageCompressAll300/AA0S_1_20190220983698749.jpg
29,1TS-000D-077W3,Computer Systems,Laptops / Notebooks,4,HP,"HP Pavilion 15 Notebook, 15.6"" FHD Display, AMD Ryzen 5 3550H Upto 3.7GHz, 8GB RAM, 128GB NVMe SSD + 1TB HDD, NVIDIA GeForce GTX 1050, HDMI, Card Reader, Wi-Fi, Bluetooth, Windows 10 Home","Due to holiday observance, orders placed between 4/7 – 4/19 will experience shipping delays",829.99,0.0,https://www.newegg.com/black-hp-pavilion-15/p/1TS-000D-077W3,//c1.neweggimages.com/ProductImageCompressAll300/AEYAS191129Xs0oB.jpg
30,1TS-000D-076X5,Computer Systems,Laptops / Notebooks,4,HP,"HP Pavilion 15 Notebook, 15.6"" FHD Display, AMD Ryzen 5 3550H Upto 3.7GHz, 8GB RAM, 128GB NVMe SSD, NVIDIA GeForce GTX 1050, HDMI, Card Reader, Wi-Fi, Bluetooth, Windows 10 Pro","Due to holiday observance, orders placed between 4/7 – 4/19 will experience shipping delays",769.99,0.0,https://www.newegg.com/black-hp-pavilion-15/p/1TS-000D-076X5,//c1.neweggimages.com/ProductImageCompressAll300/AA0SS191126DvY4x.jpg
31,1TS-000D-07XV2,Computer Systems,Laptops / Notebooks,4,HP,"HP 15 Notebook, 15.6"" HD Touch Display, AMD Ryzen 7 3700U Upto 4.0GHz, 8GB RAM, 2TB NVMe SSD, Vega 10, HDMI, Card Reader, Wi-Fi, Bluetooth, Windows 10 Pro","Due to holiday observance, orders placed between 4/7 – 4/19 will experience shipping delays",1329.99,0.0,https://www.newegg.com/silver-hp-15/p/1TS-000D-07XV2,//c1.neweggimages.com/ProductImageCompressAll300/AA0S_1_201912231123865858.jpg
32,1TS-000E-0FAH7,Computer Systems,Laptops / Notebooks,4,Lenovo,"Lenovo IdeaPad 330s Notebook, 15.6"" HD Display, AMD Ryzen 5 2500U Upto 3.6GHz, 8GB RAM, 1TB NVMe SSD + 1TB HDD, Vega 8, HDMI, Card Reader, Wi-Fi, Bluetooth, Windows 10 Home","Due to holiday observance, orders placed between 4/7 – 4/19 will experience shipping delays",929.99,0.0,https://www.newegg.com/natural-silver-lenovo-ideapad-330s/p/1TS-000E-0FAH7,//c1.neweggimages.com/ProductImageCompressAll300/AEYA_1_20191107511891376.jpg
33,1TS-000D-077V4,Computer Systems,Laptops / Notebooks,4,HP,"HP Pavilion 15 Notebook, 15.6"" FHD Display, AMD Ryzen 5 3550H Upto 3.7GHz, 8GB RAM, 2TB NVMe SSD, NVIDIA GeForce GTX 1050, HDMI, Card Reader, Wi-Fi, Bluetooth, Windows 10 Pro","Due to holiday observance, orders placed between 4/7 – 4/19 will experience shipping delays",1329.99,0.0,https://www.newegg.com/black-hp-pavilion-15/p/1TS-000D-077V4,//c1.neweggimages.com/ProductImageCompressAll300/AA0SS191127JFASu.jpg
34,1TS-000D-077Y7,Computer Systems,Laptops / Notebooks,4,HP,"HP Pavilion 15 Notebook, 15.6"" FHD Display, AMD Ryzen 5 3550H Upto 3.7GHz, 8GB RAM, 512GB NVMe SSD + 1TB HDD, NVIDIA GeForce GTX 1050, HDMI, Card Reader, Wi-Fi, Bluetooth, Windows 10 Home","Due to holiday observance, orders placed between 4/7 – 4/19 will experience shipping delays",1029.99,0.0,https://www.newegg.com/black-hp-pavilion-15/p/1TS-000D-077Y7,//c1.neweggimages.com/ProductImageCompressAll300/AEYAS1911293SEYt.jpg
35,1TS-000A-04P71,Computer Systems,Laptops / Notebooks,4,DELL,"Dell Inspiron 5575 15.6"" FHD Notebook, AMD Quad-Core Ryzen 7 2700U Upto 3.8GHz, 8GB RAM, 1TB NVMe SSD + 1TB HDD, Radeon Vega 10, HDMI, Card Reader, LAN, Wi-Fi, Bluetooth, Windows 10 Home","Due to holiday observance, orders placed between 4/7 – 4/19 will experience shipping delays",1176.49,0.0,https://www.newegg.com/silver-dell-inspiron-5575-creating-designing/p/1TS-000A-04P71,//c1.neweggimages.com/ProductImageCompressAll300/AA0S_1_201905231432136847.jpg
