,item_number,general_category,product_category,page_number,brand,model_specifications,current_promotions,price,shipping,product_links,image_link
0,1TS-000D-07XX3,Computer Systems,Laptops / Notebooks,3,HP,"HP 15 Notebook, 15.6"" HD Touch Display, AMD Ryzen 7 3700U Upto 4.0GHz, 8GB RAM, 256GB NVMe SSD, Vega 10, HDMI, Card Reader, Wi-Fi, Bluetooth, Windows 10 Home","Due to holiday observance, orders placed between 4/7 – 4/19 will experience shipping delays",899.99,0.0,https://www.newegg.com/silver-hp-15/p/1TS-000D-07XX3,//c1.neweggimages.com/ProductImageCompressAll300/AEYA_1_201912231812649638.jpg
1,1TS-000E-0FAF8,Computer Systems,Laptops / Notebooks,3,Lenovo,"Lenovo IdeaPad 330s Notebook, 15.6"" HD Display, AMD Ryzen 5 2500U Upto 3.6GHz, 8GB RAM, 256GB NVMe SSD, Vega 8, HDMI, Card Reader, Wi-Fi, Bluetooth, Windows 10 Home (81FB00HKUS)","Due to holiday observance, orders placed between 4/7 – 4/19 will experience shipping delays",699.99,0.0,https://www.newegg.com/natural-silver-lenovo-ideapad-330s/p/1TS-000E-0FAF8,//c1.neweggimages.com/ProductImageCompressAll300/AA0S_1_20191107751927527.jpg
2,1TS-000D-076Y3,Computer Systems,Laptops / Notebooks,3,HP,"HP Pavilion 15 Notebook, 15.6"" FHD Display, AMD Ryzen 5 3550H Upto 3.7GHz, 8GB RAM, 128GB NVMe SSD + 1TB HDD, NVIDIA GeForce GTX 1050, HDMI, Card Reader, Wi-Fi, Bluetooth, Windows 10 Home","Due to holiday observance, orders placed between 4/7 – 4/19 will experience shipping delays",779.99,0.0,https://www.newegg.com/black-hp-pavilion-15/p/1TS-000D-076Y3,//c1.neweggimages.com/ProductImageCompressAll300/AEYAS1911271LDaF.jpg
3,1TS-000A-04P42,Computer Systems,Laptops / Notebooks,3,DELL,"Dell Inspiron 5575 15.6"" FHD Notebook, AMD Quad-Core Ryzen 7 2700U Upto 3.8GHz, 8GB RAM, 512GB SSD, Radeon Vega 10, HDMI, Card Reader, LAN, Wi-Fi, Bluetooth, Windows 10 Pro","Due to holiday observance, orders placed between 4/7 – 4/19 will experience shipping delays",903.49,0.0,https://www.newegg.com/silver-dell-inspiron-5575-creating-designing/p/1TS-000A-04P42,//c1.neweggimages.com/ProductImageCompressAll300/AA0S_1_201905231282217582.jpg
4,1TS-000A-04P35,Computer Systems,Laptops / Notebooks,3,DELL,"Dell Inspiron 5575 15.6"" FHD Notebook, AMD Quad-Core Ryzen 7 2700U Upto 3.8GHz, 8GB RAM, 1TB HDD, Radeon Vega 10, HDMI, Card Reader, LAN, Wi-Fi, Bluetooth, Windows 10 Home","Due to holiday observance, orders placed between 4/7 – 4/19 will experience shipping delays",890.49,0.0,https://www.newegg.com/silver-dell-inspiron-5575-creating-designing/p/1TS-000A-04P35,//c1.neweggimages.com/ProductImageCompressAll300/AA0S_1_201905231432136847.jpg
5,1TS-000D-076X1,Computer Systems,Laptops / Notebooks,3,HP,"HP Pavilion 15 Notebook, 15.6"" FHD Display, AMD Ryzen 5 3550H Upto 3.7GHz, 8GB RAM, 128GB NVMe SSD + 1TB HDD, NVIDIA GeForce GTX 1050, HDMI, Card Reader, Wi-Fi, Bluetooth, Windows 10 Pro","Due to holiday observance, orders placed between 4/7 – 4/19 will experience shipping delays",799.99,0.0,https://www.newegg.com/black-hp-pavilion-15/p/1TS-000D-076X1,//c1.neweggimages.com/ProductImageCompressAll300/AA0SS191126eW92z.jpg
6,1TS-000D-076Z7,Computer Systems,Laptops / Notebooks,3,HP,"HP Pavilion 15 Notebook, 15.6"" FHD Display, AMD Ryzen 5 3550H Upto 3.7GHz, 8GB RAM, 256GB NVMe SSD + 1TB HDD, NVIDIA GeForce GTX 1050, HDMI, Card Reader, Wi-Fi, Bluetooth, Windows 10 Home","Due to holiday observance, orders placed between 4/7 – 4/19 will experience shipping delays",799.99,0.0,https://www.newegg.com/black-hp-pavilion-15/p/1TS-000D-076Z7,//c1.neweggimages.com/ProductImageCompressAll300/AEYAS191127qUbhw.jpg
7,1TS-000E-0FAJ1,Computer Systems,Laptops / Notebooks,3,Lenovo,"Lenovo IdeaPad 330s Notebook, 15.6"" HD Display, AMD Ryzen 5 2500U Upto 3.6GHz, 8GB RAM, 1TB NVMe SSD, Vega 8, HDMI, Card Reader, Wi-Fi, Bluetooth, Windows 10 Home","Due to holiday observance, orders placed between 4/7 – 4/19 will experience shipping delays",929.99,0.0,https://www.newegg.com/natural-silver-lenovo-ideapad-330s/p/1TS-000E-0FAJ1,//c1.neweggimages.com/ProductImageCompressAll300/AEYA_1_201911071346964129.jpg
8,1TS-000E-0FAE9,Computer Systems,Laptops / Notebooks,3,Lenovo,"Lenovo IdeaPad 330s Notebook, 15.6"" HD Display, AMD Ryzen 5 2500U Upto 3.6GHz, 8GB RAM, 1TB NVMe SSD, Vega 8, HDMI, Card Reader, Wi-Fi, Bluetooth, Windows 10 Pro","Due to holiday observance, orders placed between 4/7 – 4/19 will experience shipping delays",929.99,0.0,https://www.newegg.com/natural-silver-lenovo-ideapad-330s/p/1TS-000E-0FAE9,//c1.neweggimages.com/ProductImageCompressAll300/AA0S_1_201911071540738903.jpg
9,1TS-000D-052M9,Computer Systems,Laptops / Notebooks,3,HP,"HP EliteBook 755 G5 Home and Business Laptop (AMD Ryzen 5 PRO 2500U 4-Core, 8GB RAM, 512GB m.2 SATA SSD, 15.6"" Full HD (1920x1080), AMD Radeon Vega, Fingerprint, Wifi, Bluetooth, Webcam, Win 10 Pro)",,1498.80,0.0,https://www.newegg.com/p/1TS-000D-052M9,//c1.neweggimages.com/ProductImageCompressAll300/A7AB_1_202004081743919372.jpg
10,1TS-000D-06XS3,Computer Systems,Laptops / Notebooks,3,HP,"HP 15.6"" HD Touchscreen Laptop, AMD Ryzen 7 3700U Processor, 8GB Memory, 512GB SSD Storage, Backlit Keyboard, 2 Year Warranty Care Pack with Accidental Damage Protection, Windows 10 Home",,799.99,0.0,https://www.newegg.com/natural-silver-hp-15-db1973cl/p/1TS-000D-06XS3,//c1.neweggimages.com/NeweggImage/ProductImageCompressAll300/V0U8_132178202493009411UgSmM16IlU.jpg
11,1TS-000D-071G7,Computer Systems,Laptops / Notebooks,3,HP,"HP 15.6"" Gaming Laptop",,799.99,0.0,https://www.newegg.com/black-hp-pavilion-gaming-laptop-15-gaming-entertainment/p/1TS-000D-071G7,//c1.neweggimages.com/NeweggImage/ProductImageCompressAll300/A9JJ_132182514063612366gox1Wx7Jk4.jpg
12,1TS-000D-03R63,Computer Systems,Laptops / Notebooks,3,HP,"HP ENVY 2-IN-1 15.6"" TOUCH-SCREEN LAPTOP 15M-CP0011DX- AMD RYZEN 5 - 8GB MEMORY - AMD RADEON RX VEGA 8 - 128GB SOLID STATE DRIVE","Limited time offer, ends 04/30",649.99,0.0,https://www.newegg.com/p/1TS-000D-03R63,//c1.neweggimages.com/NeweggImage/ProductImageCompressAll300/AGHS_131981525847849759YNWqe2kOqp.jpg
13,1TS-0016-00N98,Computer Systems,Laptops / Notebooks,3,MSI,"MSI ALPHA 15 A3DD-003 Gaming and Business Laptop (AMD Ryzen 7 3750H 4-Core, 8GB RAM, 512GB SSD, 15.6"" Full HD (1920x1080), AMD Radeon RX5500M, Wifi, Bluetooth, Webcam, 3xUSB 3.2, 1xHDMI, Win 10 Home)",,1053.00,0.0,https://www.newegg.com/p/1TS-0016-00N98,//c1.neweggimages.com/ProductImageCompressAll300/A7AB_1_20191104190185842.jpg
14,1TS-000A-06EE2,Computer Systems,Laptops / Notebooks,3,DELL,"Dell Inspiron 13 2-in-1 7000 13.3"" Premium Customized Laptop, AMD Quad Core Ryzen 5 2500U Processor 8GB RAM 512GB SSD Full HD Touchscreen, AMD Radeon Vega 8, Backlit Keyboard, Windows 10 Black",,679.00,0.0,https://www.newegg.com/p/1TS-000A-06EE2,//c1.neweggimages.com/NeweggImage/ProductImageCompressAll300/AJZD_1_20191003830412028.jpg
15,1TS-000A-08JD8,Computer Systems,Laptops / Notebooks,3,DELL,"Dell Inspiron 5000 Series 15.6"" Customized Laptop | AMD Ryzen 7 2700U Quad-Core | 8GB RAM 500GB HDD | Full HD | Radeon Vega 10 Graphics | Windows 10 Home Silver",,637.48,0.0,https://www.newegg.com/p/1TS-000A-08JD8,//c1.neweggimages.com/ProductImageCompressAll300/AJZD_1_20200121335570724.jpg
16,1TS-000D-09923,Computer Systems,Laptops / Notebooks,3,HP,"HP ProBook 445R G6 Notebook, 14"" FHD Display, AMD Ryzen 5 3500U Upto 3.7GHz, 8GB RAM, 256GB NVMe SSD + 1TB HDD, Vega 8, HDMI, DisplayPort via USB-C, Card Reader, Wi-Fi, Bluetooth, Windows 10 Pro","Due to holiday observance, orders placed between 4/7 – 4/19 will experience shipping delays",849.99,0.0,https://www.newegg.com/silver-hp-probook-445r-g6/p/1TS-000D-09923,//c1.neweggimages.com/ProductImageCompressAll300/AA0S_1_202002182111762861.jpg
17,1TS-001A-01TN8,Computer Systems,Laptops / Notebooks,3,ASUS,"ASUS FX705DT 17.3"" Customized Gaming Laptop | AMD Ryzen 7 3750H Processor | 8GB RAM 500GB HDD | GeForce GTX 1650 4GB GDDR5 | RGB Backlit Keyboard | Windows 10 Black",,901.53,0.0,https://www.newegg.com/p/1TS-001A-01TN8,//c1.neweggimages.com/ProductImageCompressAll300/AJZD_1_202001281913377908.jpg
18,1TS-000E-0GZT0,Computer Systems,Laptops / Notebooks,3,Lenovo,"Lenovo Ideapad 330s 15.6"" Customized Business Laptop | AMD Ryzen 5 2500U Quad-Core | 8GB RAM 256GB SSD 2TB HDD | Full HD IPS | Radeon Vega 8 Graphics | Only 3.96lb | Windows 10 Home Grey",,648.92,0.0,https://www.newegg.com/p/1TS-000E-0GZT0,//c1.neweggimages.com/ProductImageCompressAll300/AJZD_1_20200113941713989.jpg
19,1TS-000X-01Z94,Computer Systems,Laptops / Notebooks,3,Acer America,"Acer Nitro 5 15.6"" Customized Gaming Laptop | AMD Ryzen 5 2500U Quad-Core | 8GB RAM 1024GB SSD 500GB HDD | Full HD IPS | AMD Radeon RX 560X 4GB GDDR5 | Windows 10 Home Black",,854.07,0.0,https://www.newegg.com/p/1TS-000X-01Z94,//c1.neweggimages.com/ProductImageCompressAll300/AJZD_1_202003231834599772.jpg
20,1TS-000E-0GZR8,Computer Systems,Laptops / Notebooks,3,Lenovo,"Lenovo Ideapad 330s 15.6"" Customized Business Laptop | AMD Ryzen 5 2500U Quad-Core | 8GB RAM 128GB SSD 2TB HDD | Full HD IPS | Radeon Vega 8 Graphics | Only 3.96lb | Windows 10 Home Grey",,623.96,0.0,https://www.newegg.com/p/1TS-000E-0GZR8,//c1.neweggimages.com/ProductImageCompressAll300/AJZD_1_20200113941713989.jpg
21,1TS-001A-02210,Computer Systems,Laptops / Notebooks,3,ASUS,"ASUS ZenBook 14 UM433DA-DH75 Home and Business Laptop (AMD Ryzen 7 3700U 4-Core, 8GB RAM, 2TB PCIe SSD, 14.0"" Full HD (1920x1080), AMD Radeon RX Vega 10, Wifi, Bluetooth, Webcam, 1xHDMI, Win 10 Pro)",,1786.80,0.0,https://www.newegg.com/p/1TS-001A-02210,//c1.neweggimages.com/ProductImageCompressAll300/V0F3_1_202002131011343831.jpg
22,1TS-001A-02209,Computer Systems,Laptops / Notebooks,3,ASUS,"ASUS ZenBook 14 UM433DA-DH75 Home and Business Laptop (AMD Ryzen 7 3700U 4-Core, 8GB RAM, 1TB PCIe SSD, 14.0"" Full HD (1920x1080), AMD Radeon RX Vega 10, Wifi, Bluetooth, Webcam, 1xHDMI, Win 10 Home)",,1366.80,0.0,https://www.newegg.com/p/1TS-001A-02209,//c1.neweggimages.com/ProductImageCompressAll300/V0F3_1_202002131011343831.jpg
23,1TS-001A-02201,Computer Systems,Laptops / Notebooks,3,ASUS,"ASUS ZenBook 14 UM433DA-DH75 Home and Business Laptop (AMD Ryzen 7 3700U 4-Core, 8GB RAM, 512GB SSD, 14.0"" Full HD (1920x1080), AMD Radeon RX Vega 10, Wifi, Bluetooth, Webcam, 1xHDMI, Win 10 Home)",,946.80,0.0,https://www.newegg.com/p/1TS-001A-02201,//c1.neweggimages.com/ProductImageCompressAll300/V0F3_1_202002131011343831.jpg
24,1TS-001A-02207,Computer Systems,Laptops / Notebooks,3,ASUS,"ASUS ZenBook 14 UM433DA-DH75 Home and Business Laptop (AMD Ryzen 7 3700U 4-Core, 8GB RAM, 1TB PCIe SSD, 14.0"" Full HD (1920x1080), AMD Radeon RX Vega 10, Wifi, Bluetooth, Webcam, 1xHDMI, Win 10 Pro)",,1546.80,0.0,https://www.newegg.com/p/1TS-001A-02207,//c1.neweggimages.com/ProductImageCompressAll300/V0F3_1_202002131011343831.jpg
25,1TS-001A-02208,Computer Systems,Laptops / Notebooks,3,ASUS,"ASUS ZenBook 14 UM433DA-DH75 Home and Business Laptop (AMD Ryzen 7 3700U 4-Core, 8GB RAM, 2TB PCIe SSD, 14.0"" Full HD (1920x1080), AMD Radeon RX Vega 10, Wifi, Bluetooth, Webcam, 1xHDMI, Win 10 Home)",,1606.80,0.0,https://www.newegg.com/p/1TS-001A-02208,//c1.neweggimages.com/ProductImageCompressAll300/V0F3_1_202002131011343831.jpg
26,1TS-000D-087U9,Computer Systems,Laptops / Notebooks,3,HP,"Newest HP 15.6"" HD Touchscreen Premium Business Laptop PC, AMD Ryzen 7 3700U Quad-Core upto 4.0GHz, 8GB RAM, 128GB SSD, AMD Radeon RX Vega 10 Graphics, 802_11_AC, HDMI, Bluetooth, USB-C, Windows 10",,607.99,0.0,https://www.newegg.com/silver-hp-mainstream/p/1TS-000D-087U9,//c1.neweggimages.com/ProductImageCompressAll300/AK1E_1_202001221664199281.jpg
27,1TS-000D-089C5,Computer Systems,Laptops / Notebooks,3,HP,"HP 17 Notebook, 17.3"" HD+ Display, AMD Ryzen 7 3700U Upto 4.0GHz, 8GB RAM, 256GB NVMe SSD + 1TB HDD, Vega 10, DVDRW, HDMI, Card Reader, Wi-Fi, Bluetooth, Windows 10 Pro","Due to holiday observance, orders placed between 4/7 – 4/19 will experience shipping delays",899.99,0.0,https://www.newegg.com/black-textured-hp-17/p/1TS-000D-089C5,//c1.neweggimages.com/ProductImageCompressAll300/AA0S_1_202002041757548110.jpg
28,1TS-000D-09915,Computer Systems,Laptops / Notebooks,3,HP,"HP ProBook 445R G6 Notebook, 14"" FHD Display, AMD Ryzen 5 3500U Upto 3.7GHz, 8GB RAM, 1TB NVMe SSD + 1TB HDD, Vega 8, HDMI, DisplayPort via USB-C, Card Reader, Wi-Fi, Bluetooth, Windows 10 Pro","Due to holiday observance, orders placed between 4/7 – 4/19 will experience shipping delays",1039.99,0.0,https://www.newegg.com/silver-hp-probook-445r-g6/p/1TS-000D-09915,//c1.neweggimages.com/ProductImageCompressAll300/AA0S_1_202002181104935149.jpg
29,1TS-000E-0J0Y8,Computer Systems,Laptops / Notebooks,3,Lenovo,"Lenovo Ideapad  S340 15.6""  FHD (1920 x 1080) Laptop, AMD Ryzen 5 3500U Processor, 8GB DDR4 RAM (4GB Soldered + 4GB DIMM), 256GB SSD, AMD Radeon Vega 8 Graphics, Backlit Keyboard, Win 10 H",,709.99,0.0,https://www.newegg.com/p/1TS-000E-0J0Y8,//c1.neweggimages.com/NeweggImage/ProductImageCompressAll300/A9JJS2003186tjdh.jpg
30,1TS-000E-0GZR3,Computer Systems,Laptops / Notebooks,3,Lenovo,"Lenovo Ideapad 330s 15.6"" Customized Business Laptop | AMD Ryzen 5 2500U Quad-Core | 8GB RAM 512GB SSD 1TB HDD | Full HD IPS | Radeon Vega 8 Graphics | Only 3.96lb | Windows 10 Home Grey",,648.92,0.0,https://www.newegg.com/p/1TS-000E-0GZR3,//c1.neweggimages.com/ProductImageCompressAll300/AJZD_1_20200113941713989.jpg
31,1TS-000D-089E1,Computer Systems,Laptops / Notebooks,3,HP,"HP 17 Notebook, 17.3"" HD+ Display, AMD Ryzen 7 3700U Upto 4.0GHz, 8GB RAM, 512GB SSD, Vega 10, DVDRW, HDMI, Card Reader, Wi-Fi, Bluetooth, Windows 10 Pro","Due to holiday observance, orders placed between 4/7 – 4/19 will experience shipping delays",1029.99,0.0,https://www.newegg.com/black-textured-hp-17/p/1TS-000D-089E1,//c1.neweggimages.com/ProductImageCompressAll300/AA0S_1_20200204278794794.jpg
32,1TS-000D-089F4,Computer Systems,Laptops / Notebooks,3,HP,"HP 17 Notebook, 17.3"" HD+ Display, AMD Ryzen 7 3700U Upto 4.0GHz, 8GB RAM, 1TB NVMe SSD + 1TB HDD, Vega 10, DVDRW, HDMI, Card Reader, Wi-Fi, Bluetooth, Windows 10 Home","Due to holiday observance, orders placed between 4/7 – 4/19 will experience shipping delays",1129.99,0.0,https://www.newegg.com/black-textured-hp-17/p/1TS-000D-089F4,//c1.neweggimages.com/ProductImageCompressAll300/AEYA_1_202002041184876837.jpg
33,1TS-000D-089G4,Computer Systems,Laptops / Notebooks,3,HP,"HP 17 Notebook, 17.3"" HD+ Display, AMD Ryzen 7 3700U Upto 4.0GHz, 8GB RAM, 256GB SSD, Vega 10, DVDRW, HDMI, Card Reader, Wi-Fi, Bluetooth, Windows 10 Home","Due to holiday observance, orders placed between 4/7 – 4/19 will experience shipping delays",899.99,0.0,https://www.newegg.com/black-textured-hp-17/p/1TS-000D-089G4,//c1.neweggimages.com/ProductImageCompressAll300/AEYA_1_20200204364849397.jpg
34,1TS-000A-08JF3,Computer Systems,Laptops / Notebooks,3,DELL,"Dell Inspiron 5000 Series 15.6"" Customized Laptop | AMD Ryzen 7 2700U Quad-Core | 8GB RAM 256GB SSD | Full HD | Radeon Vega 10 Graphics | Windows 10 Home Silver",,668.20,0.0,https://www.newegg.com/p/1TS-000A-08JF3,//c1.neweggimages.com/ProductImageCompressAll300/AJZD_1_20200121335570724.jpg
35,1XV-0001-00NK7,Computer Systems,Laptops / Notebooks,3,Lenovo,"Lenovo IdeaPad S340 15"", 15.6"" FHD, Integrated AMD Radeon™ Vega 8 Graphics, 5 3500U Processor, 8 GB DDR4 2400MHz (4 GB Onboard + 4 GB DIMM) RAM, 256GB SSD PCIe, Win 10 Home 64",,709.99,0.0,https://www.newegg.com/lenovo-81nc001aus/p/1XV-0001-00NK7,//c1.neweggimages.com/NeweggImage/ProductImageCompressAll300/AHRC_1_201909132047176235.jpg
