,item_number,general_category,product_category,page_number,brand,model_specifications,current_promotions,price,shipping,product_links,image_link
0,1TS-001A-01U09,Computer Systems,Laptops / Notebooks,2,ASUS,"ASUS FX705DT 17.3"" Customized Gaming Laptop | AMD Ryzen 7 3750H Processor | 8GB RAM 128GB SSD 1TB HDD | GeForce GTX 1650 4GB GDDR5 | RGB Backlit Keyboard | Windows 10 Black",,950.07,0.0,https://www.newegg.com/p/1TS-001A-01U09,//c1.neweggimages.com/ProductImageCompressAll300/AJZD_1_202001281913377908.jpg
1,1TS-001A-01U02,Computer Systems,Laptops / Notebooks,2,ASUS,"ASUS FX705DT 17.3"" Customized Gaming Laptop | AMD Ryzen 7 3750H Processor | 8GB RAM 1024GB SSD | GeForce GTX 1650 4GB GDDR5 | RGB Backlit Keyboard | Windows 10 Black",,1047.16,0.0,https://www.newegg.com/p/1TS-001A-01U02,//c1.neweggimages.com/ProductImageCompressAll300/AJZD_1_202001281913377908.jpg
2,1TS-001A-01U29,Computer Systems,Laptops / Notebooks,2,ASUS,"ASUS FX705DT 17.3"" Customized Gaming Laptop | AMD Ryzen 7 3750H Processor | 8GB RAM 256GB SSD 2TB HDD | GeForce GTX 1650 4GB GDDR5 | RGB Backlit Keyboard | Windows 10 Black",,998.61,0.0,https://www.newegg.com/p/1TS-001A-01U29,//c1.neweggimages.com/ProductImageCompressAll300/AJZD_1_202001281913377908.jpg
3,1TS-001A-01U33,Computer Systems,Laptops / Notebooks,2,ASUS,"ASUS FX705DT 17.3"" Customized Gaming Laptop | AMD Ryzen 7 3750H Processor | 8GB RAM 512GB SSD | GeForce GTX 1650 4GB GDDR5 | RGB Backlit Keyboard | Windows 10 Black",,957.00,0.0,https://www.newegg.com/p/1TS-001A-01U33,//c1.neweggimages.com/ProductImageCompressAll300/AJZD_1_202001281913377908.jpg
4,1TS-001A-01U25,Computer Systems,Laptops / Notebooks,2,ASUS,"ASUS FX705DT 17.3"" Customized Gaming Laptop | AMD Ryzen 7 3750H Processor | 8GB RAM 256GB SSD 1TB HDD | GeForce GTX 1650 4GB GDDR5 | RGB Backlit Keyboard | Windows 10 Black",,970.87,0.0,https://www.newegg.com/p/1TS-001A-01U25,//c1.neweggimages.com/ProductImageCompressAll300/AJZD_1_202001281913377908.jpg
5,1TS-001A-01U01,Computer Systems,Laptops / Notebooks,2,ASUS,"ASUS FX705DT 17.3"" Customized Gaming Laptop | AMD Ryzen 7 3750H Processor | 8GB RAM 128GB SSD | GeForce GTX 1650 4GB GDDR5 | RGB Backlit Keyboard | Windows 10 Black",,908.46,0.0,https://www.newegg.com/p/1TS-001A-01U01,//c1.neweggimages.com/ProductImageCompressAll300/AJZD_1_202001281913377908.jpg
6,1TS-001A-01U37,Computer Systems,Laptops / Notebooks,2,ASUS,"ASUS FX705DT 17.3"" Customized Gaming Laptop | AMD Ryzen 7 3750H Processor | 8GB RAM 512GB SSD 500GB HDD | GeForce GTX 1650 4GB GDDR5 | RGB Backlit Keyboard | Windows 10 Black",,977.81,0.0,https://www.newegg.com/p/1TS-001A-01U37,//c1.neweggimages.com/ProductImageCompressAll300/AJZD_1_202001281913377908.jpg
7,1TS-001A-01U13,Computer Systems,Laptops / Notebooks,2,ASUS,"ASUS FX705DT 17.3"" Customized Gaming Laptop | AMD Ryzen 7 3750H Processor | 8GB RAM 128GB SSD 2TB HDD | GeForce GTX 1650 4GB GDDR5 | RGB Backlit Keyboard | Windows 10 Black",,977.81,0.0,https://www.newegg.com/p/1TS-001A-01U13,//c1.neweggimages.com/ProductImageCompressAll300/AJZD_1_202001281913377908.jpg
8,1TS-001A-01U17,Computer Systems,Laptops / Notebooks,2,ASUS,"ASUS FX705DT 17.3"" Customized Gaming Laptop | AMD Ryzen 7 3750H Processor | 8GB RAM 256GB SSD | GeForce GTX 1650 4GB GDDR5 | RGB Backlit Keyboard | Windows 10 Black",,929.26,0.0,https://www.newegg.com/p/1TS-001A-01U17,//c1.neweggimages.com/ProductImageCompressAll300/AJZD_1_202001281913377908.jpg
9,1TS-001A-01U21,Computer Systems,Laptops / Notebooks,2,ASUS,"ASUS FX705DT 17.3"" Customized Gaming Laptop | AMD Ryzen 7 3750H Processor | 8GB RAM 256GB SSD 500GB HDD | GeForce GTX 1650 4GB GDDR5 | RGB Backlit Keyboard | Windows 10 Black",,950.07,0.0,https://www.newegg.com/p/1TS-001A-01U21,//c1.neweggimages.com/ProductImageCompressAll300/AJZD_1_202001281913377908.jpg
10,1TS-000E-0F795,Computer Systems,Laptops / Notebooks,2,Lenovo,"Lenovo Ideapad 330s 15.6"" Laptop, Windows 10, AMD Ryzen 5 2500U Quad-Core Processor, 8GB Memory, 256GB Storage, Platinum Grey - 81FB00HKUS Notebook PC Computer","Due to holiday observance, orders placed between 4/7 – 4/19 will experience shipping delays",599.99,0.0,https://www.newegg.com/gray-lenovo-ideapad-330s-everyday-value/p/1TS-000E-0F795,//c1.neweggimages.com/NeweggImage/ProductImageCompressAll300/A8X5_132164877842937204UbsTAQUe4x.jpg
11,1TS-000D-076W6,Computer Systems,Laptops / Notebooks,2,HP,"HP Pavilion 15 Notebook, 15.6"" FHD Display, AMD Ryzen 5 3550H Upto 3.7GHz, 8GB RAM, 256GB NVMe SSD, NVIDIA GeForce GTX 1050, HDMI, Card Reader, Wi-Fi, Bluetooth, Windows 10 Pro","Due to holiday observance, orders placed between 4/7 – 4/19 will experience shipping delays",789.99,0.0,https://www.newegg.com/black-hp-pavilion-15/p/1TS-000D-076W6,//c1.neweggimages.com/ProductImageCompressAll300/AA0SS191126QjBe5.jpg
12,1TS-000E-0FAH2,Computer Systems,Laptops / Notebooks,2,Lenovo,"Lenovo IdeaPad 330s Notebook, 15.6"" HD Display, AMD Ryzen 5 2500U Upto 3.6GHz, 8GB RAM, 512GB NVMe SSD + 1TB HDD, Vega 8, HDMI, Card Reader, Wi-Fi, Bluetooth, Windows 10 Pro","Due to holiday observance, orders placed between 4/7 – 4/19 will experience shipping delays",829.99,0.0,https://www.newegg.com/natural-silver-lenovo-ideapad-330s/p/1TS-000E-0FAH2,//c1.neweggimages.com/ProductImageCompressAll300/AA0S_1_201911071424111909.jpg
13,1TS-000D-07707,Computer Systems,Laptops / Notebooks,2,HP,"HP Pavilion 15 Notebook, 15.6"" FHD Display, AMD Ryzen 5 3550H Upto 3.7GHz, 8GB RAM, 512GB NVMe SSD, NVIDIA GeForce GTX 1050, HDMI, Card Reader, Wi-Fi, Bluetooth, Windows 10 Home","Due to holiday observance, orders placed between 4/7 – 4/19 will experience shipping delays",799.99,0.0,https://www.newegg.com/black-hp-pavilion-15/p/1TS-000D-07707,//c1.neweggimages.com/ProductImageCompressAll300/AEYAS191127vi9Bd.jpg
14,1TS-000D-07XX7,Computer Systems,Laptops / Notebooks,2,HP,"HP 15 Notebook, 15.6"" HD Touch Display, AMD Ryzen 7 3700U Upto 4.0GHz, 8GB RAM, 512GB NVMe SSD, Vega 10, HDMI, Card Reader, Wi-Fi, Bluetooth, Windows 10 Home","Due to holiday observance, orders placed between 4/7 – 4/19 will experience shipping delays",699.00,0.0,https://www.newegg.com/silver-hp-15/p/1TS-000D-07XX7,//c1.neweggimages.com/ProductImageCompressAll300/AEYA_1_201912231629331373.jpg
15,1TS-000D-07706,Computer Systems,Laptops / Notebooks,2,HP,"HP Pavilion 15 Notebook, 15.6"" FHD Display, AMD Ryzen 5 3550H Upto 3.7GHz, 8GB RAM, 512GB NVMe SSD + 1TB HDD, NVIDIA GeForce GTX 1050, HDMI, Card Reader, Wi-Fi, Bluetooth, Windows 10 Home","Due to holiday observance, orders placed between 4/7 – 4/19 will experience shipping delays",829.99,0.0,https://www.newegg.com/black-hp-pavilion-15/p/1TS-000D-07706,//c1.neweggimages.com/ProductImageCompressAll300/AEYAS191127k5Lvu.jpg
16,1TS-000D-07XW4,Computer Systems,Laptops / Notebooks,2,HP,"HP 15 Notebook, 15.6"" HD Touch Display, AMD Ryzen 7 3700U Upto 4.0GHz, 8GB RAM, 128GB NVMe SSD, Vega 10, HDMI, Card Reader, Wi-Fi, Bluetooth, Windows 10 Home","Due to holiday observance, orders placed between 4/7 – 4/19 will experience shipping delays",599.00,0.0,https://www.newegg.com/silver-hp-15/p/1TS-000D-07XW4,//c1.neweggimages.com/ProductImageCompressAll300/AEYA_1_201912231084719752.jpg
17,1TS-000E-0FAE5,Computer Systems,Laptops / Notebooks,2,Lenovo,"Lenovo IdeaPad 330s Notebook, 15.6"" HD Display, AMD Ryzen 5 2500U Upto 3.6GHz, 8GB RAM, 1TB NVMe SSD + 1TB HDD, Vega 8, HDMI, Card Reader, Wi-Fi, Bluetooth, Windows 10 Pro","Due to holiday observance, orders placed between 4/7 – 4/19 will experience shipping delays",929.99,0.0,https://www.newegg.com/natural-silver-lenovo-ideapad-330s/p/1TS-000E-0FAE5,//c1.neweggimages.com/ProductImageCompressAll300/AA0S_1_20191107199170016.jpg
18,1TS-000E-0EVH4,Computer Systems,Laptops / Notebooks,2,Lenovo,"Lenovo IdeaPad S340-15API 81NC009FUS 15.6"" Notebook - 1366 x 768 - Ryzen 7 3700U - 8 GB RAM - 256 GB SSD - Abyss Blue",,743.29,0.0,https://www.newegg.com/p/1TS-000E-0EVH4,//c1.neweggimages.com/ProductImageCompressAll300/V197_1_201909091886524457.jpg
19,1TS-000E-0E5Z3,Computer Systems,Laptops / Notebooks,2,Lenovo,"Lenovo IdeaPad S340-15API 81NC001FUS 15.6"" Notebook - 1920 x 1080 - Ryzen 5 3500U - 8 GB RAM - 1 TB HDD - Platinum Gray",,540.53,0.0,https://www.newegg.com/p/1TS-000E-0E5Z3,//c1.neweggimages.com/ProductImageCompressAll300/A6ZP_1_202004032115573116.jpg
20,1TS-000A-08JU5,Computer Systems,Laptops / Notebooks,2,DELL,"Dell Inspiron 5000 Series 15.6"" Customized Laptop | AMD Ryzen 7 2700U Quad-Core | 8GB RAM 256GB SSD 1TB HDD | Full HD | Radeon Vega 10 Graphics | Windows 10 Home Silver",,714.29,0.0,https://www.newegg.com/p/1TS-000A-08JU5,//c1.neweggimages.com/ProductImageCompressAll300/AJZD_1_20200121335570724.jpg
21,1TS-000D-09930,Computer Systems,Laptops / Notebooks,2,HP,"HP ProBook 445R G6 Notebook, 14"" FHD Display, AMD Ryzen 5 3500U Upto 3.7GHz, 8GB RAM, 128GB NVMe SSD + 1TB HDD, Vega 8, HDMI, DisplayPort via USB-C, Card Reader, Wi-Fi, Bluetooth, Windows 10 Pro","Due to holiday observance, orders placed between 4/7 – 4/19 will experience shipping delays",749.99,0.0,https://www.newegg.com/silver-hp-probook-445r-g6/p/1TS-000D-09930,//c1.neweggimages.com/ProductImageCompressAll300/AA0S_1_202002182100162786.jpg
22,1TS-000E-0GZS5,Computer Systems,Laptops / Notebooks,2,Lenovo,"Lenovo Ideapad 330s 15.6"" Customized Business Laptop | AMD Ryzen 5 2500U Quad-Core | 8GB RAM 256GB SSD 1TB HDD | Full HD IPS | Radeon Vega 8 Graphics | Only 3.96lb | Windows 10 Home Grey",,615.64,0.0,https://www.newegg.com/p/1TS-000E-0GZS5,//c1.neweggimages.com/ProductImageCompressAll300/AJZD_1_20200113941713989.jpg
23,1TS-000A-0A1X4,Computer Systems,Laptops / Notebooks,2,DELL,"Dell Inspiron 3000 Home and Business Laptop (AMD Ryzen 5 2500U 4-Core, 8GB RAM, 2TB PCIe SSD, 15.6"" HD (1366x768), AMD Vega 8, Wifi, Bluetooth, Webcam, 2xUSB 3.1, 1xHDMI, SD Card, Win 10 Home)",,949.00,0.0,https://www.newegg.com/p/1TS-000A-0A1X4,//c1.neweggimages.com/ProductImageCompressAll300/V2X1_1_20200407231353743.jpg
24,1TS-000E-0FAJ5,Computer Systems,Laptops / Notebooks,2,Lenovo,"Lenovo IdeaPad 330s Notebook, 15.6"" HD Display, AMD Ryzen 5 2500U Upto 3.6GHz, 8GB RAM, 256GB NVMe SSD + 1TB HDD, Vega 8, HDMI, Card Reader, Wi-Fi, Bluetooth, Windows 10 Home","Due to holiday observance, orders placed between 4/7 – 4/19 will experience shipping delays",699.99,0.0,https://www.newegg.com/natural-silver-lenovo-ideapad-330s/p/1TS-000E-0FAJ5,//c1.neweggimages.com/ProductImageCompressAll300/AEYA_1_20191107220347570.jpg
25,1TS-000E-0FAG6,Computer Systems,Laptops / Notebooks,2,Lenovo,"Lenovo IdeaPad 330s Notebook, 15.6"" HD Display, AMD Ryzen 5 2500U Upto 3.6GHz, 8GB RAM, 128GB NVMe SSD + 1TB HDD, Vega 8, HDMI, Card Reader, Wi-Fi, Bluetooth, Windows 10 Pro","Due to holiday observance, orders placed between 4/7 – 4/19 will experience shipping delays",629.99,0.0,https://www.newegg.com/natural-silver-lenovo-ideapad-330s/p/1TS-000E-0FAG6,//c1.neweggimages.com/ProductImageCompressAll300/AA0S_1_201911071541110209.jpg
26,1TS-000A-04P72,Computer Systems,Laptops / Notebooks,2,DELL,"Dell Inspiron 5575 15.6"" FHD Notebook, AMD Quad-Core Ryzen 7 2700U Upto 3.8GHz, 8GB RAM, 1TB SSD, Radeon Vega 10, HDMI, Card Reader, LAN, Wi-Fi, Bluetooth, Windows 10 Home","Due to holiday observance, orders placed between 4/7 – 4/19 will experience shipping delays",1059.49,0.0,https://www.newegg.com/silver-dell-inspiron-5575-creating-designing/p/1TS-000A-04P72,//c1.neweggimages.com/ProductImageCompressAll300/AA0S_1_201905231432136847.jpg
27,1TS-000D-089D8,Computer Systems,Laptops / Notebooks,2,HP,"HP 17 Notebook, 17.3"" HD+ Display, AMD Ryzen 7 3700U Upto 4.0GHz, 8GB RAM, 128GB NVMe SSD + 1TB HDD, Vega 10, DVDRW, HDMI, Card Reader, Wi-Fi, Bluetooth, Windows 10 Pro","Due to holiday observance, orders placed between 4/7 – 4/19 will experience shipping delays",829.99,0.0,https://www.newegg.com/black-textured-hp-17/p/1TS-000D-089D8,//c1.neweggimages.com/ProductImageCompressAll300/AA0S_1_20200204494889376.jpg
28,1TS-000D-089G6,Computer Systems,Laptops / Notebooks,2,HP,"HP 17 Notebook, 17.3"" HD+ Display, AMD Ryzen 7 3700U Upto 4.0GHz, 8GB RAM, 256GB NVMe SSD + 1TB HDD, Vega 10, DVDRW, HDMI, Card Reader, Wi-Fi, Bluetooth, Windows 10 Home","Due to holiday observance, orders placed between 4/7 – 4/19 will experience shipping delays",899.99,0.0,https://www.newegg.com/black-textured-hp-17/p/1TS-000D-089G6,//c1.neweggimages.com/ProductImageCompressAll300/AEYA_1_20200204809149623.jpg
29,1TS-000E-0GZK0,Computer Systems,Laptops / Notebooks,2,Lenovo,"Lenovo Ideapad 330s 15.6"" Customized Business Laptop | AMD Ryzen 5 2500U Quad-Core | 8GB RAM 512GB SSD | Full HD IPS | Radeon Vega 8 Graphics | Only 3.96lb | Windows 10 Home Grey",,599.00,0.0,https://www.newegg.com/p/1TS-000E-0GZK0,//c1.neweggimages.com/ProductImageCompressAll300/AJZD_1_20200113941713989.jpg
30,1TS-000D-09931,Computer Systems,Laptops / Notebooks,2,HP,"HP ProBook 445R G6 Notebook, 14"" FHD Display, AMD Ryzen 5 3500U Upto 3.7GHz, 8GB RAM, 512GB NVMe SSD + 1TB HDD, Vega 8, HDMI, DisplayPort via USB-C, Card Reader, Wi-Fi, Bluetooth, Windows 10 Pro","Due to holiday observance, orders placed between 4/7 – 4/19 will experience shipping delays",929.99,0.0,https://www.newegg.com/silver-hp-probook-445r-g6/p/1TS-000D-09931,//c1.neweggimages.com/ProductImageCompressAll300/AA0S_1_20200218193768495.jpg
31,1TS-001A-024D4,Computer Systems,Laptops / Notebooks,2,ASUS,"ASUS TUF Gaming FX505D 15.6"" Quad Core AMD Ryzen 7 up to 4.0GHz, 8GB DDR4, 256GB NVME SSD, Nvidia GeForce GTX 1650 4GB, HDMI, Wi-Fi, Bluetooth, USB 3.1, Windows 10 Pro (Black) Laptop",,999.99,0.0,https://www.newegg.com/black-asus-tuf-fx505dt-wb72/p/1TS-001A-024D4,//c1.neweggimages.com/ProductImageCompressAll300/A65E_1_20200311335006281.jpg
32,N82E16834847842,Computer Systems,Laptops / Notebooks,2,Lenovo,"Lenovo Laptop IdeaPad L340 81LY000RUS AMD Ryzen 7 2nd Gen 3700U (2.30 GHz) 8 GB Memory 1 TB HDD AMD Radeon RX Vega 10 17.3"" Windows 10 Home 64-bit",,669.99,2.99,https://www.newegg.com/platinum-grey-lenovo-ideapad-l340-81ly000rus-mainstream/p/N82E16834847842,//c1.neweggimages.com/NeweggImage/ProductImageCompressAll300/34-847-842-V09.jpg
33,1TS-000D-076Z7,Computer Systems,Laptops / Notebooks,2,HP,"HP Pavilion 15 Notebook, 15.6"" FHD Display, AMD Ryzen 5 3550H Upto 3.7GHz, 8GB RAM, 256GB NVMe SSD + 1TB HDD, NVIDIA GeForce GTX 1050, HDMI, Card Reader, Wi-Fi, Bluetooth, Windows 10 Home","Due to holiday observance, orders placed between 4/7 – 4/19 will experience shipping delays",799.99,0.0,https://www.newegg.com/black-hp-pavilion-15/p/1TS-000D-076Z7,//c1.neweggimages.com/ProductImageCompressAll300/AEYAS191127qUbhw.jpg
34,1TS-000A-04P38,Computer Systems,Laptops / Notebooks,2,DELL,"Dell Inspiron 5575 15.6"" FHD Notebook, AMD Quad-Core Ryzen 7 2700U Upto 3.8GHz, 8GB RAM, 256GB NVMe SSD + 1TB HDD, Radeon Vega 10, HDMI, Card Reader, LAN, Wi-Fi, Bluetooth, Windows 10 Pro","Due to holiday observance, orders placed between 4/7 – 4/19 will experience shipping delays",1000.99,0.0,https://www.newegg.com/silver-dell-inspiron-5575-creating-designing/p/1TS-000A-04P38,//c1.neweggimages.com/ProductImageCompressAll300/AA0S_1_201905231282217582.jpg
35,1TS-000E-0FAK6,Computer Systems,Laptops / Notebooks,2,Lenovo,"Lenovo IdeaPad 330s Notebook, 15.6"" HD Display, AMD Ryzen 5 2500U Upto 3.6GHz, 8GB RAM, 512GB NVMe SSD + 1TB HDD, Vega 8, HDMI, Card Reader, Wi-Fi, Bluetooth, Windows 10 Home","Due to holiday observance, orders placed between 4/7 – 4/19 will experience shipping delays",829.99,0.0,https://www.newegg.com/natural-silver-lenovo-ideapad-330s/p/1TS-000E-0FAK6,//c1.neweggimages.com/ProductImageCompressAll300/AEYA_1_201911071713866516.jpg
