,item_number,general_category,product_category,page_number,brand,model_specifications,current_promotions,price,shipping,product_links,image_link
0,1TS-000E-0EMF0,Computer Systems,Laptops / Notebooks,10,Lenovo,"Lenovo ThinkPad E495 Home and Business Laptop (AMD Ryzen 7 3700U 4-Core, 8GB RAM, 256GB  SATA SSD, 14"" Full HD (1920x1080), AMD Vega 10, Wifi, Bluetooth, Webcam, 2xUSB 3.1, 1xHDMI, Win 10 Pro)",OUT OF STOCK,832.42,0.0,https://www.newegg.com/p/1TS-000E-0EMF0,//c1.neweggimages.com/NeweggImage/ProductImageCompressAll300/V0F3_1_20190815951571949.jpg
1,1TS-000E-0EP46,Computer Systems,Laptops / Notebooks,10,Lenovo,"Lenovo ThinkPad E595 Home and Business Laptop (AMD Ryzen 7 3700U 4-Core, 8GB RAM, 256GB  SATA SSD, 15.6"" Full HD (1920x1080), AMD Radeon RX Vega 10, Wifi, Bluetooth, Webcam, 2xUSB 3.1, Win 10 Pro)",OUT OF STOCK,979.67,0.0,https://www.newegg.com/p/1TS-000E-0EP46,//c1.neweggimages.com/NeweggImage/ProductImageCompressAll300/A7AB_1_20190819131804192.jpg
2,1TS-000E-0EP47,Computer Systems,Laptops / Notebooks,10,Lenovo,"Lenovo ThinkPad E595 Home and Business Laptop (AMD Ryzen 7 3700U 4-Core, 8GB RAM, 256GB SSD, 15.6"" Full HD (1920x1080), AMD Radeon RX Vega 10, Wifi, Bluetooth, Webcam, 2xUSB 3.1, 1xHDMI, Win 10 Pro)",OUT OF STOCK,979.67,0.0,https://www.newegg.com/p/1TS-000E-0EP47,//c1.neweggimages.com/NeweggImage/ProductImageCompressAll300/A7AB_1_20190819131804192.jpg
3,1TS-0016-00PM4,Computer Systems,Laptops / Notebooks,10,MSI,"MSI ALPHA 15 A3DD-003 Gaming and Business Laptop (AMD Ryzen 7 3750H 4-Core, 8GB RAM, 512GB SSD, 15.6"" Full HD (1920x1080), AMD Radeon RX5500M, Win 10 Home) with Loot Box , Gaming Controller , Headset",OUT OF STOCK,1318.80,0.0,https://www.newegg.com/p/1TS-0016-00PM4,//c1.neweggimages.com/ProductImageCompressAll300/V0F3_1_20191106322261694.jpg
4,1TS-000D-05XT1,Computer Systems,Laptops / Notebooks,10,HP,"HP Envy X360 2 in 1 Convertible 15.6"" Customized Laptop AMD Quad-Core Ryzen 5 3500U 8GB RAM 1024GB SSD FHD Edge-to-Edge IPS Touch Display Upto 10 Hours Battery Life Windows 10 Black Only 0.7"" Thin",OUT OF STOCK,941.38,0.0,https://www.newegg.com/p/1TS-000D-05XT1,//c1.neweggimages.com/ProductImageCompressAll300/AJZD_1_201909111671037504.jpg
5,1TS-000D-05XT9,Computer Systems,Laptops / Notebooks,10,HP,"HP Envy X360 2 in 1 Convertible 15.6"" Customized Laptop AMD Quad-Core Ryzen 5 3500U 8GB RAM 256GB SSD FHD Edge-to-Edge IPS Touch Display Upto 10 Hours Battery Life Windows 10 Black Only 0.7"" Thin",OUT OF STOCK,820.14,0.0,https://www.newegg.com/p/1TS-000D-05XT9,//c1.neweggimages.com/ProductImageCompressAll300/AJZD_1_201909111671037504.jpg
6,1TS-000D-03A12,Computer Systems,Laptops / Notebooks,10,HP,"HP 13.3"" LCD Touchscreen EliteBook 735 G5 Notebook 1920 x 1080 AMD Ryzen 7 2700U Quad core 2.20GHz 8GB DDR4 256GB SSD Windows 10 Pro 64-bit",OUT OF STOCK,1345.30,0.0,https://www.newegg.com/p/1TS-000D-03A12,//c1.neweggimages.com/NeweggImage/ProductImageCompressAll300/A1K6_131912725980269119QNKyu0CAJQ.jpg
7,1TS-000D-03A38,Computer Systems,Laptops / Notebooks,10,HP,"HP 14"" LCD ProBook 645 G4 Notebook 1366 x 768  AMD Ryzen 7 2700U Quad core 2.20GHz 8GB DDR4 500GB HDD Windows 10 Pro 64-bit",OUT OF STOCK,566.88,0.0,https://www.newegg.com/p/1TS-000D-03A38,//c1.neweggimages.com/NeweggImage/ProductImageCompressAll300/A1K6_131914539257847677zOm0Y5bOOq.jpg
8,1TS-000D-03A09,Computer Systems,Laptops / Notebooks,10,HP,"HP 13.3"" LCD EliteBook 735 G5 Notebook 1920 x 1080 AMD Ryzen 7 2700U Quad core 2.20GHz 8GB DDR4 256GB SSD Windows 10 Pro 64-bit",OUT OF STOCK,688.05,0.0,https://www.newegg.com/p/1TS-000D-03A09,//c1.neweggimages.com/NeweggImage/ProductImageCompressAll300/A1K6_131911977292554566b5YpjnkL41.jpg
9,1TS-000D-03A23,Computer Systems,Laptops / Notebooks,10,HP,"HP 14"" LCD Touchscreen EliteBook 745 G5 Notebook 1920 x 1080 AMD Ryzen 7 2700U Quad core 2.20GHz 8GB DDR4 256GB SSD Windows 10 Pro 64-bit",OUT OF STOCK,716.95,0.0,https://www.newegg.com/p/1TS-000D-03A23,//c1.neweggimages.com/NeweggImage/ProductImageCompressAll300/A1K6_131913648560905273UrbHO9lyB7.jpg
10,1FT-0001-002R6,Computer Systems,Laptops / Notebooks,10,DELL,"Dell Inspiron 15 3000 15 3585 15.6"" Notebook - 1920 x 1080 - Ryzen 5 2500U - 8 GB RAM - 256 GB SSD - Windows 10 Home 64-bit - AMD Radeon Vega 8 Graphics - Twisted nematic (TN)",OUT OF STOCK,664.06,0.0,https://www.newegg.com/p/1FT-0001-002R6,//c1.neweggimages.com/NeweggImage/ProductImageCompressAll300/V1BH_1_20190502659298260.jpg
11,1TS-000D-06HE0,Computer Systems,Laptops / Notebooks,10,HP,"HP 15-Inch HD Touchscreen Laptop, AMD Ryzen 5 3550H, 8 GB RA + Office 365 Bundle",OUT OF STOCK,646.19,0.0,https://www.newegg.com/p/1TS-000D-06HE0,//c1.neweggimages.com/ProductImageCompressAll300/A24G_1_201910111321089539.jpg
12,1TS-001A-024G5,Computer Systems,Laptops / Notebooks,10,ASUS,"Asus TUF 17.3"" Customized Gaming Laptop | AMD Quad Core Ryzen 5 3550H Processor | 8GB RAM 128GB SSD | Full HD | AMD Radeon RX560X Graphics | Backlit Keyboard | Windows 10 Black",OUT OF STOCK,840.23,0.0,https://www.newegg.com/p/1TS-001A-024G5,//c1.neweggimages.com/ProductImageCompressAll300/AJZD_1_20200320577526606.jpg
13,1TS-000A-08J18,Computer Systems,Laptops / Notebooks,10,DELL,"Dell Inspiron 5000 Series 15.6"" Customized Laptop | AMD Ryzen 5 2500U Quad-Core | 8GB RAM 1024GB SSD 2TB HDD | Full HD | Radeon Vega 8 Graphics | Windows 10 Home Blue",OUT OF STOCK,776.55,0.0,https://www.newegg.com/p/1TS-000A-08J18,//c1.neweggimages.com/ProductImageCompressAll300/AJZD_1_202001211550666590.jpg
14,1TS-000A-08J02,Computer Systems,Laptops / Notebooks,10,DELL,"Dell Inspiron 5000 Series 15.6"" Customized Laptop | AMD Ryzen 5 2500U Quad-Core | 8GB RAM 2TB HDD | Full HD | Radeon Vega 8 Graphics | Windows 10 Home Blue",OUT OF STOCK,586.37,0.0,https://www.newegg.com/p/1TS-000A-08J02,//c1.neweggimages.com/ProductImageCompressAll300/AJZD_1_202001211550666590.jpg
15,1TS-001A-024H7,Computer Systems,Laptops / Notebooks,10,ASUS,"Asus TUF 17.3"" Customized Gaming Laptop | AMD Quad Core Ryzen 5 3550H Processor | 8GB RAM 256GB SSD | Full HD | AMD Radeon RX560X Graphics | Backlit Keyboard | Windows 10 Black",OUT OF STOCK,861.63,0.0,https://www.newegg.com/p/1TS-001A-024H7,//c1.neweggimages.com/ProductImageCompressAll300/AJZD_1_20200320577526606.jpg
16,1TS-000A-08J58,Computer Systems,Laptops / Notebooks,10,DELL,"Dell Inspiron 5000 Series 15.6"" Customized Laptop | AMD Ryzen 5 2500U Quad-Core | 8GB RAM 1024GB SSD 500GB HDD | Full HD | Radeon Vega 8 Graphics | Windows 10 Home Blue",OUT OF STOCK,721.08,0.0,https://www.newegg.com/p/1TS-000A-08J58,//c1.neweggimages.com/ProductImageCompressAll300/AJZD_1_202001211550666590.jpg
17,1TS-000A-08J46,Computer Systems,Laptops / Notebooks,10,DELL,"Dell Inspiron 5000 Series 15.6"" Customized Laptop | AMD Ryzen 5 2500U Quad-Core | 8GB RAM 512GB SSD 1TB HDD | Full HD | Radeon Vega 8 Graphics | Windows 10 Home Blue",OUT OF STOCK,641.84,0.0,https://www.newegg.com/p/1TS-000A-08J46,//c1.neweggimages.com/ProductImageCompressAll300/AJZD_1_202001211550666590.jpg
18,1TS-001A-024N3,Computer Systems,Laptops / Notebooks,10,ASUS,"Asus TUF 17.3"" Customized Gaming Laptop | AMD Quad Core Ryzen 5 3550H Processor | 8GB RAM 1024GB SSD 500GB HDD | Full HD | AMD Radeon RX560X Graphics | Backlit Keyboard | Windows 10 Black",OUT OF STOCK,1004.28,0.0,https://www.newegg.com/p/1TS-001A-024N3,//c1.neweggimages.com/ProductImageCompressAll300/AJZD_1_20200320577526606.jpg
19,1TS-000A-08J16,Computer Systems,Laptops / Notebooks,10,DELL,"Dell Inspiron 5000 Series 15.6"" Customized Laptop | AMD Ryzen 5 2500U Quad-Core | 8GB RAM 128GB SSD 2TB HDD | Full HD | Radeon Vega 8 Graphics | Windows 10 Home Blue",OUT OF STOCK,618.07,0.0,https://www.newegg.com/p/1TS-000A-08J16,//c1.neweggimages.com/ProductImageCompressAll300/AJZD_1_202001211550666590.jpg
20,1TS-000A-08J26,Computer Systems,Laptops / Notebooks,10,DELL,"Dell Inspiron 5000 Series 15.6"" Customized Laptop | AMD Ryzen 5 2500U Quad-Core | 8GB RAM 256GB SSD 500GB HDD | Full HD | Radeon Vega 8 Graphics | Windows 10 Home Blue",OUT OF STOCK,586.37,0.0,https://www.newegg.com/p/1TS-000A-08J26,//c1.neweggimages.com/ProductImageCompressAll300/AJZD_1_202001211550666590.jpg
21,1TS-001A-024M1,Computer Systems,Laptops / Notebooks,10,ASUS,"Asus TUF 17.3"" Customized Gaming Laptop | AMD Quad Core Ryzen 5 3550H Processor | 8GB RAM 512GB SSD 1TB HDD | Full HD | AMD Radeon RX560X Graphics | Backlit Keyboard | Windows 10 Black",OUT OF STOCK,940.09,0.0,https://www.newegg.com/p/1TS-001A-024M1,//c1.neweggimages.com/ProductImageCompressAll300/AJZD_1_20200320577526606.jpg
22,1TS-000A-08J54,Computer Systems,Laptops / Notebooks,10,DELL,"Dell Inspiron 5000 Series 15.6"" Customized Laptop | AMD Ryzen 5 2500U Quad-Core | 8GB RAM 1024GB SSD | Full HD | Radeon Vega 8 Graphics | Windows 10 Home Blue",OUT OF STOCK,697.31,0.0,https://www.newegg.com/p/1TS-000A-08J54,//c1.neweggimages.com/ProductImageCompressAll300/AJZD_1_202001211550666590.jpg
23,1TS-001A-024H4,Computer Systems,Laptops / Notebooks,10,ASUS,"Asus TUF 17.3"" Customized Gaming Laptop | AMD Quad Core Ryzen 5 3550H Processor | 8GB RAM 128GB SSD 2TB HDD | Full HD | AMD Radeon RX560X Graphics | Backlit Keyboard | Windows 10 Black",OUT OF STOCK,911.55,0.0,https://www.newegg.com/p/1TS-001A-024H4,//c1.neweggimages.com/ProductImageCompressAll300/AJZD_1_20200320577526606.jpg
24,1TS-000A-08HZ8,Computer Systems,Laptops / Notebooks,10,DELL,"Dell Inspiron 5000 Series 15.6"" Customized Laptop | AMD Ryzen 5 2500U Quad-Core | 8GB RAM 1TB HDD | Full HD | Radeon Vega 8 Graphics | Windows 10 Home Blue",OUT OF STOCK,554.68,0.0,https://www.newegg.com/p/1TS-000A-08HZ8,//c1.neweggimages.com/ProductImageCompressAll300/AJZD_1_202001211550666590.jpg
25,1TS-001A-024K7,Computer Systems,Laptops / Notebooks,10,ASUS,"Asus TUF 17.3"" Customized Gaming Laptop | AMD Quad Core Ryzen 5 3550H Processor | 8GB RAM 512GB SSD 500GB HDD | Full HD | AMD Radeon RX560X Graphics | Backlit Keyboard | Windows 10 Black",OUT OF STOCK,918.69,0.0,https://www.newegg.com/p/1TS-001A-024K7,//c1.neweggimages.com/ProductImageCompressAll300/AJZD_1_20200320577526606.jpg
26,1TS-000A-08HZ4,Computer Systems,Laptops / Notebooks,10,DELL,"Dell Inspiron 5000 Series 15.6"" Customized Laptop | AMD Ryzen 5 2500U Quad-Core | 8GB RAM 500GB HDD | Full HD | Radeon Vega 8 Graphics | Windows 10 Home Blue",OUT OF STOCK,530.90,0.0,https://www.newegg.com/p/1TS-000A-08HZ4,//c1.neweggimages.com/ProductImageCompressAll300/AJZD_1_202001211550666590.jpg
27,1TS-001A-024J9,Computer Systems,Laptops / Notebooks,10,ASUS,"Asus TUF 17.3"" Customized Gaming Laptop | AMD Quad Core Ryzen 5 3550H Processor | 8GB RAM 256GB SSD 2TB HDD | Full HD | AMD Radeon RX560X Graphics | Backlit Keyboard | Windows 10 Black",,932.95,0.0,https://www.newegg.com/p/1TS-001A-024J9,//c1.neweggimages.com/ProductImageCompressAll300/AJZD_1_20200320577526606.jpg
28,1TS-001A-024H3,Computer Systems,Laptops / Notebooks,10,ASUS,"Asus TUF 17.3"" Customized Gaming Laptop | AMD Quad Core Ryzen 5 3550H Processor | 8GB RAM 1024GB SSD 2TB HDD | Full HD | AMD Radeon RX560X Graphics | Backlit Keyboard | Windows 10 Black",OUT OF STOCK,1054.21,0.0,https://www.newegg.com/p/1TS-001A-024H3,//c1.neweggimages.com/ProductImageCompressAll300/AJZD_1_20200320577526606.jpg
29,1TS-000A-08J33,Computer Systems,Laptops / Notebooks,10,DELL,"Dell Inspiron 5000 Series 15.6"" Customized Laptop | AMD Ryzen 5 2500U Quad-Core | 8GB RAM 256GB SSD 2TB HDD | Full HD | Radeon Vega 8 Graphics | Windows 10 Home Blue",OUT OF STOCK,641.84,0.0,https://www.newegg.com/p/1TS-000A-08J33,//c1.neweggimages.com/ProductImageCompressAll300/AJZD_1_202001211550666590.jpg
30,1TS-000A-08J14,Computer Systems,Laptops / Notebooks,10,DELL,"Dell Inspiron 5000 Series 15.6"" Customized Laptop | AMD Ryzen 5 2500U Quad-Core | 8GB RAM 1024GB SSD 1TB HDD | Full HD | Radeon Vega 8 Graphics | Windows 10 Home Blue",OUT OF STOCK,744.85,0.0,https://www.newegg.com/p/1TS-000A-08J14,//c1.neweggimages.com/ProductImageCompressAll300/AJZD_1_202001211550666590.jpg
31,1TS-001A-024G3,Computer Systems,Laptops / Notebooks,10,ASUS,"Asus TUF 17.3"" Customized Gaming Laptop | AMD Quad Core Ryzen 5 3550H Processor | 8GB RAM 128GB SSD 500GB HDD | Full HD | AMD Radeon RX560X Graphics | Backlit Keyboard | Windows 10 Black",OUT OF STOCK,861.63,0.0,https://www.newegg.com/p/1TS-001A-024G3,//c1.neweggimages.com/ProductImageCompressAll300/AJZD_1_20200320577526606.jpg
32,1TS-001A-024J1,Computer Systems,Laptops / Notebooks,10,ASUS,"Asus TUF 17.3"" Customized Gaming Laptop | AMD Quad Core Ryzen 5 3550H Processor | 8GB RAM 256GB SSD 500GB HDD | Full HD | AMD Radeon RX560X Graphics | Backlit Keyboard | Windows 10 Black",OUT OF STOCK,883.02,0.0,https://www.newegg.com/p/1TS-001A-024J1,//c1.neweggimages.com/ProductImageCompressAll300/AJZD_1_20200320577526606.jpg
33,1TS-001A-024G2,Computer Systems,Laptops / Notebooks,10,ASUS,"Asus TUF 17.3"" Customized Gaming Laptop | AMD Quad Core Ryzen 5 3550H Processor | 8GB RAM 500GB HDD | Full HD | AMD Radeon RX560X Graphics | Backlit Keyboard | Windows 10 Black",OUT OF STOCK,833.10,0.0,https://www.newegg.com/p/1TS-001A-024G2,//c1.neweggimages.com/ProductImageCompressAll300/AJZD_1_20200320577526606.jpg
34,1TS-001A-024G6,Computer Systems,Laptops / Notebooks,10,ASUS,"Asus TUF 17.3"" Customized Gaming Laptop | AMD Quad Core Ryzen 5 3550H Processor | 8GB RAM 2TB HDD | Full HD | AMD Radeon RX560X Graphics | Backlit Keyboard | Windows 10 Black",OUT OF STOCK,883.02,0.0,https://www.newegg.com/p/1TS-001A-024G6,//c1.neweggimages.com/ProductImageCompressAll300/AJZD_1_20200320577526606.jpg
35,1TS-000A-08J42,Computer Systems,Laptops / Notebooks,10,DELL,"Dell Inspiron 5000 Series 15.6"" Customized Laptop | AMD Ryzen 5 2500U Quad-Core | 8GB RAM 512GB SSD 500GB HDD | Full HD | Radeon Vega 8 Graphics | Windows 10 Home Blue",OUT OF STOCK,618.07,0.0,https://www.newegg.com/p/1TS-000A-08J42,//c1.neweggimages.com/ProductImageCompressAll300/AJZD_1_202001211550666590.jpg
