,item_number,general_category,product_category,page_number,brand,model_specifications,current_promotions,price,shipping,product_links,image_link
0,1TS-000A-04P39,Computer Systems,Laptops / Notebooks,5,DELL,"Dell Inspiron 5575 15.6"" FHD Notebook, AMD Quad-Core Ryzen 7 2700U Upto 3.8GHz, 8GB RAM, 256GB SSD, Radeon Vega 10, HDMI, Card Reader, LAN, Wi-Fi, Bluetooth, Windows 10 Pro","Due to holiday observance, orders placed between 4/7 – 4/19 will experience shipping delays",844.99,0.0,https://www.newegg.com/silver-dell-inspiron-5575-creating-designing/p/1TS-000A-04P39,//c1.neweggimages.com/ProductImageCompressAll300/AA0S_1_201905231282217582.jpg
1,1TS-000D-077V3,Computer Systems,Laptops / Notebooks,5,HP,"HP Pavilion 15 Notebook, 15.6"" FHD Display, AMD Ryzen 5 3550H Upto 3.7GHz, 8GB RAM, 128GB NVMe SSD, NVIDIA GeForce GTX 1050, HDMI, Card Reader, Wi-Fi, Bluetooth, Windows 10 Pro","Due to holiday observance, orders placed between 4/7 – 4/19 will experience shipping delays",829.99,0.0,https://www.newegg.com/black-hp-pavilion-15/p/1TS-000D-077V3,//c1.neweggimages.com/ProductImageCompressAll300/AA0SS191127IV8yt.jpg
2,1TS-000E-0FAH1,Computer Systems,Laptops / Notebooks,5,Lenovo,"Lenovo IdeaPad 330s Notebook, 15.6"" HD Display, AMD Ryzen 5 2500U Upto 3.6GHz, 8GB RAM, 2TB NVMe SSD, Vega 8, HDMI, Card Reader, Wi-Fi, Bluetooth, Windows 10 Pro","Due to holiday observance, orders placed between 4/7 – 4/19 will experience shipping delays",1129.99,0.0,https://www.newegg.com/natural-silver-lenovo-ideapad-330s/p/1TS-000E-0FAH1,//c1.neweggimages.com/ProductImageCompressAll300/AA0S_1_201911071706598403.jpg
3,1TS-000E-0FAF4,Computer Systems,Laptops / Notebooks,5,Lenovo,"Lenovo IdeaPad 330s Notebook, 15.6"" HD Display, AMD Ryzen 5 2500U Upto 3.6GHz, 8GB RAM, 256GB NVMe SSD + 1TB HDD, Vega 8, HDMI, Card Reader, Wi-Fi, Bluetooth, Windows 10 Pro","Due to holiday observance, orders placed between 4/7 – 4/19 will experience shipping delays",699.99,0.0,https://www.newegg.com/natural-silver-lenovo-ideapad-330s/p/1TS-000E-0FAF4,//c1.neweggimages.com/ProductImageCompressAll300/AA0S_1_201911071310604600.jpg
4,1TS-000D-076V5,Computer Systems,Laptops / Notebooks,5,HP,"HP Pavilion 15 Notebook, 15.6"" FHD Display, AMD Ryzen 5 3550H Upto 3.7GHz, 8GB RAM, 1TB NVMe SSD, NVIDIA GeForce GTX 1050, HDMI, Card Reader, Wi-Fi, Bluetooth, Windows 10 Pro","Due to holiday observance, orders placed between 4/7 – 4/19 will experience shipping delays",879.99,0.0,https://www.newegg.com/black-hp-pavilion-15/p/1TS-000D-076V5,//c1.neweggimages.com/ProductImageCompressAll300/AA0SS191126ShfR2.jpg
5,1TS-000D-077V8,Computer Systems,Laptops / Notebooks,5,HP,"HP Pavilion 15 Notebook, 15.6"" FHD Display, AMD Ryzen 5 3550H Upto 3.7GHz, 8GB RAM, 512GB NVMe SSD + 1TB HDD, NVIDIA GeForce GTX 1050, HDMI, Card Reader, Wi-Fi, Bluetooth, Windows 10 Pro","Due to holiday observance, orders placed between 4/7 – 4/19 will experience shipping delays",1029.99,0.0,https://www.newegg.com/black-hp-pavilion-15/p/1TS-000D-077V8,//c1.neweggimages.com/ProductImageCompressAll300/AA0SS191127Dtiv5.jpg
6,1TS-000A-04P73,Computer Systems,Laptops / Notebooks,5,DELL,"Dell Inspiron 5575 15.6"" FHD Notebook, AMD Quad-Core Ryzen 7 2700U Upto 3.8GHz, 8GB RAM, 256GB SSD, Radeon Vega 10, HDMI, Card Reader, LAN, Wi-Fi, Bluetooth, Windows 10 Home","Due to holiday observance, orders placed between 4/7 – 4/19 will experience shipping delays",890.49,0.0,https://www.newegg.com/silver-dell-inspiron-5575-creating-designing/p/1TS-000A-04P73,//c1.neweggimages.com/ProductImageCompressAll300/AA0S_1_201905231432136847.jpg
7,1TS-000D-077Y8,Computer Systems,Laptops / Notebooks,5,HP,"HP Pavilion 15 Notebook, 15.6"" FHD Display, AMD Ryzen 5 3550H Upto 3.7GHz, 8GB RAM, 512GB NVMe SSD, NVIDIA GeForce GTX 1050, HDMI, Card Reader, Wi-Fi, Bluetooth, Windows 10 Home","Due to holiday observance, orders placed between 4/7 – 4/19 will experience shipping delays",1029.99,0.0,https://www.newegg.com/black-hp-pavilion-15/p/1TS-000D-077Y8,//c1.neweggimages.com/ProductImageCompressAll300/AEYAS191129hJIO3.jpg
8,1TS-000A-04P40,Computer Systems,Laptops / Notebooks,5,DELL,"Dell Inspiron 5575 15.6"" FHD Notebook, AMD Quad-Core Ryzen 7 2700U Upto 3.8GHz, 8GB RAM, 2TB SSD, Radeon Vega 10, HDMI, Card Reader, LAN, Wi-Fi, Bluetooth, Windows 10 Pro","Due to holiday observance, orders placed between 4/7 – 4/19 will experience shipping delays",1319.49,0.0,https://www.newegg.com/silver-dell-inspiron-5575-creating-designing/p/1TS-000A-04P40,//c1.neweggimages.com/ProductImageCompressAll300/AA0S_1_201905231282217582.jpg
9,1TS-000D-077V0,Computer Systems,Laptops / Notebooks,5,HP,"HP Pavilion 15 Notebook, 15.6"" FHD Display, AMD Ryzen 5 3550H Upto 3.7GHz, 8GB RAM, 2TB NVMe SSD + 1TB HDD, NVIDIA GeForce GTX 1050, HDMI, Card Reader, Wi-Fi, Bluetooth, Windows 10 Pro","Due to holiday observance, orders placed between 4/7 – 4/19 will experience shipping delays",1329.99,0.0,https://www.newegg.com/black-hp-pavilion-15/p/1TS-000D-077V0,//c1.neweggimages.com/ProductImageCompressAll300/AA0SS1911275ej0H.jpg
10,1TS-000D-076X9,Computer Systems,Laptops / Notebooks,5,HP,"HP Pavilion 15 Notebook, 15.6"" FHD Display, AMD Ryzen 5 3550H Upto 3.7GHz, 8GB RAM, 1TB NVMe SSD + 1TB HDD, NVIDIA GeForce GTX 1050, HDMI, Card Reader, Wi-Fi, Bluetooth, Windows 10 Pro","Due to holiday observance, orders placed between 4/7 – 4/19 will experience shipping delays",909.99,0.0,https://www.newegg.com/black-hp-pavilion-15/p/1TS-000D-076X9,//c1.neweggimages.com/ProductImageCompressAll300/AA0SS191126IyEop.jpg
11,1TS-000D-077V4,Computer Systems,Laptops / Notebooks,5,HP,"HP Pavilion 15 Notebook, 15.6"" FHD Display, AMD Ryzen 5 3550H Upto 3.7GHz, 8GB RAM, 2TB NVMe SSD, NVIDIA GeForce GTX 1050, HDMI, Card Reader, Wi-Fi, Bluetooth, Windows 10 Pro","Due to holiday observance, orders placed between 4/7 – 4/19 will experience shipping delays",1329.99,0.0,https://www.newegg.com/black-hp-pavilion-15/p/1TS-000D-077V4,//c1.neweggimages.com/ProductImageCompressAll300/AA0SS191127JFASu.jpg
12,1TS-000D-077Y7,Computer Systems,Laptops / Notebooks,5,HP,"HP Pavilion 15 Notebook, 15.6"" FHD Display, AMD Ryzen 5 3550H Upto 3.7GHz, 8GB RAM, 512GB NVMe SSD + 1TB HDD, NVIDIA GeForce GTX 1050, HDMI, Card Reader, Wi-Fi, Bluetooth, Windows 10 Home","Due to holiday observance, orders placed between 4/7 – 4/19 will experience shipping delays",1029.99,0.0,https://www.newegg.com/black-hp-pavilion-15/p/1TS-000D-077Y7,//c1.neweggimages.com/ProductImageCompressAll300/AEYAS1911293SEYt.jpg
13,1TS-000D-077W3,Computer Systems,Laptops / Notebooks,5,HP,"HP Pavilion 15 Notebook, 15.6"" FHD Display, AMD Ryzen 5 3550H Upto 3.7GHz, 8GB RAM, 128GB NVMe SSD + 1TB HDD, NVIDIA GeForce GTX 1050, HDMI, Card Reader, Wi-Fi, Bluetooth, Windows 10 Home","Due to holiday observance, orders placed between 4/7 – 4/19 will experience shipping delays",829.99,0.0,https://www.newegg.com/black-hp-pavilion-15/p/1TS-000D-077W3,//c1.neweggimages.com/ProductImageCompressAll300/AEYAS191129Xs0oB.jpg
14,1TS-000D-076X5,Computer Systems,Laptops / Notebooks,5,HP,"HP Pavilion 15 Notebook, 15.6"" FHD Display, AMD Ryzen 5 3550H Upto 3.7GHz, 8GB RAM, 128GB NVMe SSD, NVIDIA GeForce GTX 1050, HDMI, Card Reader, Wi-Fi, Bluetooth, Windows 10 Pro","Due to holiday observance, orders placed between 4/7 – 4/19 will experience shipping delays",769.99,0.0,https://www.newegg.com/black-hp-pavilion-15/p/1TS-000D-076X5,//c1.neweggimages.com/ProductImageCompressAll300/AA0SS191126DvY4x.jpg
15,1TS-000E-0CYH4,Computer Systems,Laptops / Notebooks,5,Lenovo,"Lenovo IdeaPad 720s Notebook, 13.3"" IPS FHD, AMD Quad-Core Ryzen 7 2700U Upto 3.8GHz, 8GB RAM, 1TB NVMe SSD, Wi-Fi, Bluetooth, Windows 10 Pro","Due to holiday observance, orders placed between 4/7 – 4/19 will experience shipping delays",959.99,0.0,https://www.newegg.com/silver-lenovo-ideapad-720s-notebook/p/1TS-000E-0CYH4,//c1.neweggimages.com/ProductImageCompressAll300/AA0S_1_20190220983698749.jpg
16,1TS-000D-077T3,Computer Systems,Laptops / Notebooks,5,HP,"HP Pavilion 15 Notebook, 15.6"" FHD Display, AMD Ryzen 5 3550H Upto 3.7GHz, 8GB RAM, 1TB NVMe SSD, NVIDIA GeForce GTX 1050, HDMI, Card Reader, Wi-Fi, Bluetooth, Windows 10 Pro","Due to holiday observance, orders placed between 4/7 – 4/19 will experience shipping delays",1129.99,0.0,https://www.newegg.com/black-hp-pavilion-15/p/1TS-000D-077T3,//c1.neweggimages.com/ProductImageCompressAll300/AA0SS191127w3Ehi.jpg
17,1TS-000A-04P75,Computer Systems,Laptops / Notebooks,5,DELL,"Dell Inspiron 5575 15.6"" FHD Notebook, AMD Quad-Core Ryzen 7 2700U Upto 3.8GHz, 8GB RAM, 2TB SSD, Radeon Vega 10, HDMI, Card Reader, LAN, Wi-Fi, Bluetooth, Windows 10 Home","Due to holiday observance, orders placed between 4/7 – 4/19 will experience shipping delays",1286.99,0.0,https://www.newegg.com/silver-dell-inspiron-5575-creating-designing/p/1TS-000A-04P75,//c1.neweggimages.com/ProductImageCompressAll300/AA0S_1_201905231432136847.jpg
18,1TS-000D-07705,Computer Systems,Laptops / Notebooks,5,HP,"HP Pavilion 15 Notebook, 15.6"" FHD Display, AMD Ryzen 5 3550H Upto 3.7GHz, 8GB RAM, 2TB NVMe SSD, NVIDIA GeForce GTX 1050, HDMI, Card Reader, Wi-Fi, Bluetooth, Windows 10 Home","Due to holiday observance, orders placed between 4/7 – 4/19 will experience shipping delays",969.99,0.0,https://www.newegg.com/black-hp-pavilion-15/p/1TS-000D-07705,//c1.neweggimages.com/ProductImageCompressAll300/AEYAS191127H6IuB.jpg
19,1TS-000E-0FAK2,Computer Systems,Laptops / Notebooks,5,Lenovo,"Lenovo IdeaPad 330s Notebook, 15.6"" HD Display, AMD Ryzen 5 2500U Upto 3.6GHz, 8GB RAM, 2TB NVMe SSD, Vega 8, HDMI, Card Reader, Wi-Fi, Bluetooth, Windows 10 Home","Due to holiday observance, orders placed between 4/7 – 4/19 will experience shipping delays",1129.99,0.0,https://www.newegg.com/natural-silver-lenovo-ideapad-330s/p/1TS-000E-0FAK2,//c1.neweggimages.com/ProductImageCompressAll300/AEYA_1_20191107147741918.jpg
20,1TS-000D-077T8,Computer Systems,Laptops / Notebooks,5,HP,"HP Pavilion 15 Notebook, 15.6"" FHD Display, AMD Ryzen 5 3550H Upto 3.7GHz, 8GB RAM, 256GB NVMe SSD + 1TB HDD, NVIDIA GeForce GTX 1050, HDMI, Card Reader, Wi-Fi, Bluetooth, Windows 10 Pro","Due to holiday observance, orders placed between 4/7 – 4/19 will experience shipping delays",899.99,0.0,https://www.newegg.com/black-hp-pavilion-15/p/1TS-000D-077T8,//c1.neweggimages.com/ProductImageCompressAll300/AA0SS191127BJ8n1.jpg
21,1TS-000D-077U3,Computer Systems,Laptops / Notebooks,5,HP,"HP Pavilion 15 Notebook, 15.6"" FHD Display, AMD Ryzen 5 3550H Upto 3.7GHz, 8GB RAM, 256GB NVMe SSD, NVIDIA GeForce GTX 1050, HDMI, Card Reader, Wi-Fi, Bluetooth, Windows 10 Home (7QS78UA)","Due to holiday observance, orders placed between 4/7 – 4/19 will experience shipping delays",899.99,0.0,https://www.newegg.com/black-hp-pavilion-15/p/1TS-000D-077U3,//c1.neweggimages.com/ProductImageCompressAll300/AA0SS191127Dpotr.jpg
22,1TS-000D-07XW9,Computer Systems,Laptops / Notebooks,5,HP,"HP 15 Notebook, 15.6"" HD Touch Display, AMD Ryzen 7 3700U Upto 4.0GHz, 8GB RAM, 1TB NVMe SSD, Vega 10, HDMI, Card Reader, Wi-Fi, Bluetooth, Windows 10 Home","Due to holiday observance, orders placed between 4/7 – 4/19 will experience shipping delays",1129.99,0.0,https://www.newegg.com/silver-hp-15/p/1TS-000D-07XW9,//c1.neweggimages.com/ProductImageCompressAll300/V1VV_1_20191223224510940.jpg
23,1TS-000A-04P77,Computer Systems,Laptops / Notebooks,5,DELL,"Dell Inspiron 5575 15.6"" FHD Notebook, AMD Quad-Core Ryzen 7 2700U Upto 3.8GHz, 8GB RAM, 512GB NVMe SSD + 1TB HDD, Radeon Vega 10, HDMI, Card Reader, LAN, Wi-Fi, Bluetooth, Windows 10 Home","Due to holiday observance, orders placed between 4/7 – 4/19 will experience shipping delays",1046.49,0.0,https://www.newegg.com/silver-dell-inspiron-5575-creating-designing/p/1TS-000A-04P77,//c1.neweggimages.com/ProductImageCompressAll300/AA0S_1_201905231432136847.jpg
24,1TS-000D-052R7,Computer Systems,Laptops / Notebooks,5,HP,"HP EliteBook 755 G5 Home and Business Laptop (AMD Ryzen 5 PRO 2500U 4-Core, 8GB RAM, 128GB PCIe SSD, 15.6"" Full HD (1920x1080), AMD Radeon Vega, Fingerprint, Wifi, Bluetooth, Webcam, Win 10 Pro)",,1378.80,0.0,https://www.newegg.com/p/1TS-000D-052R7,//c1.neweggimages.com/ProductImageCompressAll300/A7AB_1_202004081743919372.jpg
25,1TS-0016-00NA0,Computer Systems,Laptops / Notebooks,5,MSI,"MSI ALPHA 15 A3DD-003 Gaming and Business Laptop (AMD Ryzen 7 3750H 4-Core, 8GB RAM, 512GB SSD, 15.6"" Full HD (1920x1080), AMD Radeon RX5500M, Wifi, Bluetooth, Webcam, 3xUSB 3.2, 1xHDMI, Win 10 Home)",,1053.00,0.0,https://www.newegg.com/p/1TS-0016-00NA0,//c1.neweggimages.com/ProductImageCompressAll300/A7AB_132174501424075766FHOOU8F6dv.jpg
26,1TS-000E-0F9P4,Computer Systems,Laptops / Notebooks,5,Lenovo,"Lenovo ThinkPad E595 Laptop, 15.6"" FHD (1920x1080) Non-Touch, AMD Ryzen 7 3700U, 8GB RAM, 256GB SSD 2242, Win 10 Pro",,779.00,0.0,https://www.newegg.com/lenovo-thinkpad-e595/p/1TS-000E-0F9P4,//c1.neweggimages.com/ProductImageCompressAll300/AGA5_1_20191105534977102.jpg
27,1TS-0025-001S3,Computer Systems,Laptops / Notebooks,5,Microsoft,"Microsoft Surface Laptop 3 15"" AMD Ryzen 5 8GB RAM 256GB SSD + Office 365 Bundle",,1519.00,0.0,https://www.newegg.com/p/1TS-0025-001S3,//c1.neweggimages.com/ProductImageCompressAll300/A24G_1_201910212134907958.jpg
28,1TS-0016-00N85,Computer Systems,Laptops / Notebooks,5,MSI,"MSI Alpha 15 A3DD-003 15.6"" Notebook - 1920 x 1080 - Ryzen 7 + Office 365 Bundle",,919.00,0.0,https://www.newegg.com/p/1TS-0016-00N85,//c1.neweggimages.com/ProductImageCompressAll300/A24G_1_20191027533753590.jpg
29,1TS-0025-001S9,Computer Systems,Laptops / Notebooks,5,Microsoft,"Microsoft Surface Laptop 3 15"" AMD Ryzen 5 8GB RAM 256GB SSD + Office 365 Bundle",,1519.00,0.0,https://www.newegg.com/p/1TS-0025-001S9,//c1.neweggimages.com/ProductImageCompressAll300/A24G_1_201910212135040320.jpg
30,2WC-0001-00242,Computer Systems,Laptops / Notebooks,5,HP,"HP Laptop EliteBook 755 G5 (4HZ54UT#ABA) AMD Ryzen 7 1st Gen 2700U (2.20 GHz) 8 GB Memory 256 GB PCIe NVMe SSD AMD Radeon RX Vega 10 15.6"" Windows 10 Pro 64-Bit",,1495.97,24.96,https://www.newegg.com/hp-elitebook-755-g5-mainstream/p/2WC-0001-00242,//c1.neweggimages.com/ProductImageCompressAll300/A6ZPS191211T3Fly.jpg
31,1TS-001A-01TP9,Computer Systems,Laptops / Notebooks,5,ASUS,"ASUS FX705DT 17.3"" Customized Gaming Laptop | AMD Ryzen 7 3750H Processor | 8GB RAM 128GB SSD 2TB HDD | GeForce GTX 1650 4GB GDDR5 | RGB Backlit Keyboard | Windows 10 Black",,977.81,0.0,https://www.newegg.com/p/1TS-001A-01TP9,//c1.neweggimages.com/ProductImageCompressAll300/AJZD_1_202001281913377908.jpg
32,1TS-001A-01TP3,Computer Systems,Laptops / Notebooks,5,ASUS,"ASUS FX705DT 17.3"" Customized Gaming Laptop | AMD Ryzen 7 3750H Processor | 8GB RAM 128GB SSD 1TB HDD | GeForce GTX 1650 4GB GDDR5 | RGB Backlit Keyboard | Windows 10 Black",,950.07,0.0,https://www.newegg.com/p/1TS-001A-01TP3,//c1.neweggimages.com/ProductImageCompressAll300/AJZD_1_202001281913377908.jpg
33,1TS-000A-08JE5,Computer Systems,Laptops / Notebooks,5,DELL,"Dell Inspiron 5000 Series 15.6"" Customized Laptop | AMD Ryzen 7 2700U Quad-Core | 8GB RAM 128GB SSD 1TB HDD | Full HD | Radeon Vega 10 Graphics | Windows 10 Home Silver",,691.24,0.0,https://www.newegg.com/p/1TS-000A-08JE5,//c1.neweggimages.com/ProductImageCompressAll300/AJZD_1_20200121335570724.jpg
34,1TS-000E-0HZP9,Computer Systems,Laptops / Notebooks,5,Lenovo,"Lenovo ThinkPad E595 Notebook, 15.6"" FHD Display, AMD Ryzen 7 3700U, 8GB RAM, 128GB NVMe SSD, Vega 10, HDMI, Card Reader, Wi-Fi, BT, Windows 10 Pro","Due to holiday observance, orders placed between 4/7 – 4/19 will experience shipping delays",999.99,0.0,https://www.newegg.com/black-lenovo-thinkpad-e595/p/1TS-000E-0HZP9,//c1.neweggimages.com/ProductImageCompressAll300/AA0S_1_202003131852924183.jpg
35,1TS-001A-01TP2,Computer Systems,Laptops / Notebooks,5,ASUS,"ASUS FX705DT 17.3"" Customized Gaming Laptop | AMD Ryzen 7 3750H Processor | 8GB RAM 128GB SSD 500GB HDD | GeForce GTX 1650 4GB GDDR5 | RGB Backlit Keyboard | Windows 10 Black",,929.26,0.0,https://www.newegg.com/p/1TS-001A-01TP2,//c1.neweggimages.com/ProductImageCompressAll300/AJZD_1_202001281913377908.jpg
