,item_number,general_category,product_category,page_number,brand,model_specifications,current_promotions,price,shipping,product_links,image_link
0,2WC-0001-00233,Computer Systems,Laptops / Notebooks,2,HP,"HP 14 Notebook, 14"" HD Display, AMD Ryzen 3 3200U Upto 3.5GHz, 16GB RAM, 256GB SSD, Vega 3, HDMI, Card Reader, Wi-Fi, Bluetooth, Windows 10 Pro","Due to holiday observance, orders placed between 4/7 – 4/19 will experience shipping delays",519.99,0.0,https://www.newegg.com/silver-hp-14/p/1TS-000D-09CK3?Item=9SIAA0SB6B2617,//c1.neweggimages.com/ProductImageCompressAll300/AA0S_1_20200310938809513.jpg
1,2WC-0001-00233,Computer Systems,Laptops / Notebooks,2,DELL,"Dell Inspiron 3493 14"" Customized Laptop | 10th Gen Intel Core i3-1005G1 up to 3.4 GHz | 4GB RAM 256GB SSD 2TB HDD | HDMI | Wi-Fi | Bluetooth | Black Only 3.4lb | Windows 10",,546.56,0.0,https://www.newegg.com/p/1TS-000A-08GU7?Item=9SIAJZDAX08567,//c1.neweggimages.com/ProductImageCompressAll300/AJZD_1_202001151156184635.jpg
2,2WC-0001-00233,Computer Systems,Laptops / Notebooks,2,HP,"HP EliteBook 840 G3 Notebook, 14"" FHD Display, Intel Core i5-6300U Upto 3.0GHz, 16GB RAM, 256GB SSD + 1TB HDD, VGA, DisplayPort, Card Reader, Wi-Fi, Bluetooth, Windows 10 Pro","Due to holiday observance, orders placed between 4/7 – 4/19 will experience shipping delays",799.99,0.0,https://www.newegg.com/silver-hp-elitebook-840-g3/p/1TS-000D-088V4?Item=9SIAA0SAZC1034,//c1.neweggimages.com/ProductImageCompressAll300/V0N6_1_202002281492137480.jpg
3,2WC-0001-00233,Computer Systems,Laptops / Notebooks,2,HP,"HP 14"" HD Customized Laptop | 10th Gen Intel Quad-Core i5-1035G4 Processor up to 3.7 GHz | 4GB RAM 256GB SSD | USB Type-C | HDMI | Card Reader | Windows 10 | Silver Only 3.2lb",,559.43,0.0,https://www.newegg.com/p/1TS-000D-084J8?Item=9SIAJZDAWC4527,//c1.neweggimages.com/ProductImageCompressAll300/AJZD_1_20200113712419307.jpg
4,2WC-0001-00233,Computer Systems,Laptops / Notebooks,2,HP,"HP ProBook 445R G6 Notebook, 14"" FHD Display, AMD Ryzen 5 3500U Upto 3.7GHz, 16GB RAM, 256GB NVMe SSD, Vega 8, HDMI, DisplayPort via USB-C, Card Reader, Wi-Fi, Bluetooth, Windows 10 Pro","Due to holiday observance, orders placed between 4/7 – 4/19 will experience shipping delays",899.99,0.0,https://www.newegg.com/silver-hp-probook-445r-g6/p/1TS-000D-09929?Item=9SIAA0SB1C3494,//c1.neweggimages.com/ProductImageCompressAll300/AA0S_1_20200218199887400.jpg
5,2WC-0001-00233,Computer Systems,Laptops / Notebooks,2,DELL,"Dell Latitude 5490 14"" HD (1366x768) Business Laptop (Intel Quad-Core i5-8350U VPro, 8GB DDR4 RAM, 256GB SSD) Backlit, Type-C, VGA, HDMI, Webcam, Windows Hello, Windows 10 Pro 64-bit",,869.99,0.0,https://www.newegg.com/p/1TS-000A-08P46?Item=9SIADG3B1G5864,//c1.neweggimages.com/NeweggImage/ProductImageCompressAll300/ADG3S200203W0uvU.jpg
6,2WC-0001-00233,Computer Systems,Laptops / Notebooks,2,HP,"HP 14"" HD Notebook, Intel i3-1005G1 Dual Core Upto 3.4GHz, 16GB DDR4, 256GB M.2 SSD, UHD Graphics, HDMI, Card Reader, Wi-Fi, Bluetooth, Windows 10 Pro",,519.99,0.0,https://www.newegg.com/p/1TS-000D-089B4?Item=9SIA65EB010478,//c1.neweggimages.com/ProductImageCompressAll300/A65E_1_2020020377652477.jpg
7,2WC-0001-00233,Computer Systems,Laptops / Notebooks,2,HP,"HP ProBook 645 G4 Notebook, 14"" HD, AMD Quad-Core Ryzen 7 2700U Upto 3.8GHz, 16GB RAM, 256GB SSD, Radeon RX Vega 10, VGA, HDMI, Card Reader, Backlit Keyboard, Wi-Fi, BT, Windows 10 Pro","Due to holiday observance, orders placed between 4/7 – 4/19 will experience shipping delays",999.99,0.0,https://www.newegg.com/natural-silver-hp-probook-645-g4-standard/p/1TS-000D-045N6?Item=9SIAA0S98M0151,//c1.neweggimages.com/ProductImageCompressAll300/V1DS_1_20190516926373216.jpg
8,2WC-0001-00233,Computer Systems,Laptops / Notebooks,2,Lenovo,"Lenovo Yoga C930 14"" Glass, 13.9"" FHD, UHD Graphics 620, i7-8550U Processor, 12 GB DDR4 2400MHz (Onboard) RAM, 256 GB SSD PCIe-NVME M.2, Win 10 Home 64",,1099.99,0.0,https://www.newegg.com/grey-lenovo-81eq000mus/p/1XV-0001-00VJ9?Item=9SIAEYJB4F3239,//c1.neweggimages.com/NeweggImage/ProductImageCompressAll300/AHRC_1_201912181169273001.jpg
9,2WC-0001-00233,Computer Systems,Laptops / Notebooks,2,DELL,"Dell Latitude 5400 Notebook, 14"" FHD Touch Display, Intel Core i7-8665U Upto 4.8GHz, 16GB RAM, 256GB NVMe SSD, HDMI, DisplayPort via USB-C, Card Reader, Wi-Fi, Bluetooth, Windows 10 Pro","Due to holiday observance, orders placed between 4/7 – 4/19 will experience shipping delays",1399.99,0.0,https://www.newegg.com/black-dell-latitude-5400/p/1TS-000A-09XN7?Item=9SIAA0SB6M7105,//c1.neweggimages.com/ProductImageCompressAll300/AA0S_1_20200406677639466.jpg
10,2WC-0001-00233,Computer Systems,Laptops / Notebooks,2,HP,Newest HP 14 Premium HD Micro-edge Laptop |10Th Intel Quad Core i5-1035G1|12GB DDR4|256GB NVMe SSD+16GB Intel Optane| Wi-Fi 5 (2x2)| Bluetooth | HDMI | Windows 10 Home,,582.99,0.0,https://www.newegg.com/p/1TS-000D-06T53?Item=9SIAEYJAG40832,//c1.neweggimages.com/ProductImageCompressAll300/AEYJ_1_20191102886498743.jpg
11,2WC-0001-00233,Computer Systems,Laptops / Notebooks,2,Lenovo,"Lenovo ThinkPad E470 Notebook, 14"" HD Display, Intel Core i5-6200U Upto 2.8GHz, 8GB RAM, 256GB SSD, HDMI, Card Reader, Wi-Fi, Bluetooth, Windows 10 Pro","Due to holiday observance, orders placed between 4/7 – 4/19 will experience shipping delays",769.99,0.0,https://www.newegg.com/black-lenovo-thinkpad-e470/p/1TS-000E-0H170?Item=9SIAA0SAYC5217,//c1.neweggimages.com/ProductImageCompressAll300/AA0S_1_202001231176402054.jpg
12,2WC-0001-00233,Computer Systems,Laptops / Notebooks,2,Lenovo,"Lenovo ThinkBook 14s IWL Home and Business Laptop (Intel i5-8265U 4-Core, 32GB RAM, 256GB PCIe SSD, 14.0"" Full HD (1920x1080), AMD Radeon 540X, Fingerprint, Wifi, Bluetooth, Webcam, Win 10 Pro)",,799.00,0.0,https://www.newegg.com/p/1TS-000E-0J6N7?Item=9SIA7ABB9V9459,//c1.neweggimages.com/ProductImageCompressAll300/V0F3_1_20200408454636435.jpg
13,2WC-0001-00233,Computer Systems,Laptops / Notebooks,2,HP,"HP 14 Notebook, 14"" HD Touch Display, Intel Core i3-8145U Upto 3.9GHz, 8GB RAM, 256GB NVMe SSD, HDMI, Card Reader, Wi-Fi, Bluetooth, Windows 10 Pro","Due to holiday observance, orders placed between 4/7 – 4/19 will experience shipping delays",499.00,0.0,https://www.newegg.com/black-hp-14/p/1TS-000D-069A7?Item=9SIAA0SA6X5162,//c1.neweggimages.com/ProductImageCompressAll300/AA0S_1_20190919990956310.jpg
14,2WC-0001-00233,Computer Systems,Laptops / Notebooks,2,Lenovo,"Lenovo Laptop ThinkPad E14 20RA0050US Intel Core i7 10th Gen 10510U (1.80 GHz) 8 GB Memory 256 GB SSD Intel UHD Graphics 14.0"" Windows 10 Pro 64-bit",,1066.99,0.0,https://www.newegg.com/black-lenovo-thinkpad-e14-20ra0050us/p/2WC-000J-00AB0?Item=2WC-000J-00AB0,//c1.neweggimages.com/NeweggImage/ProductImageCompressAll300/V1DS_1_202004041586399374.jpg
15,2WC-0001-00233,Computer Systems,Laptops / Notebooks,2,HP,"HP 14 Notebook, 14"" HD Display, Intel Core i5-1035G1 Upto 3.6GHz, 16GB RAM, 256GB NVMe SSD, HDMI, Card Reader, Wi-Fi, Bluetooth, Windows 10 Pro","Due to holiday observance, orders placed between 4/7 – 4/19 will experience shipping delays",649.99,0.0,https://www.newegg.com/silver-hp-14/p/1TS-000D-06W34?Item=9SIAA0SAHS3681,//c1.neweggimages.com/ProductImageCompressAll300/AA0S_1_20191107868257662.jpg
16,2WC-0001-00233,Computer Systems,Laptops / Notebooks,2,HP,"HP ProBook 440 G6 Notebook, 14"" HD Display, Intel Core i5-8265U Upto 3.9GHz, 16GB RAM, 256GB SSD, HDMI, MicroDP, Card Reader, Wi-Fi, Bluetooth, Windows 10 Pro","Due to holiday observance, orders placed between 4/7 – 4/19 will experience shipping delays",1179.99,0.0,https://www.newegg.com/silver-hp-probook-440-g6/p/1TS-000D-05AX2?Item=9SIAA0S9X30218,//c1.neweggimages.com/ProductImageCompressAll300/V1RY_1_201908081653217086.jpg
17,2WC-0001-00233,Computer Systems,Laptops / Notebooks,2,HP,"HP 14 Notebook, 14"" HD Display, Intel Core i5-1035G4 Upto 3.70GHz, 32GB RAM, 256GB SSD, HDMI, Card Reader, Wi-Fi, Bluetooth, Windows 10 Pro","Due to holiday observance, orders placed between 4/7 – 4/19 will experience shipping delays",999.99,0.0,https://www.newegg.com/silver-hp-14dq/p/1TS-000D-07871?Item=9SIAA0SAMD3192,//c1.neweggimages.com/ProductImageCompressAll300/AA0SS1911263nTDk.jpg
18,2WC-0001-00233,Computer Systems,Laptops / Notebooks,2,HP,"HP 14 Notebook, 14"" HD Display, AMD A9-9425 Upto 3.7GHz, 8GB RAM, 256GB NVMe SSD, HDMI, Card Reader, Wi-Fi, Bluetooth, Windows 10 Home S","Due to holiday observance, orders placed between 4/7 – 4/19 will experience shipping delays",449.00,0.0,https://www.newegg.com/silver-hp-14/p/1TS-000D-07XM2?Item=9SIAEYAAT52768,//c1.neweggimages.com/ProductImageCompressAll300/AEYA_1_20191223337782922.jpg
19,2WC-0001-00233,Computer Systems,Laptops / Notebooks,2,Lenovo,"Lenovo Flex 14.0"" Full HD 2-in-1 Touchscreen Notebook,8th Gen Intel Core i5-8265U,16GB DDR4,256GB SSD,Intel UHD 615 Graphics,Wifi-AC,Bluetooth,HDMI,USB,Fingerprint Reader,Windows 10 Pro",,749.00,0.0,https://www.newegg.com/black-lenovo-flex-81sq000k-creating-designing/p/1TS-000E-0F6F9?Item=9SIAE4NAEV3038,//c1.neweggimages.com/ProductImageCompressAll300/AE4N_1_20191023587204988.jpg
20,2WC-0001-00233,Computer Systems,Laptops / Notebooks,2,HP,"HP 14 Notebook, 14"" HD Display, Intel Core i5-1035G4 Upto 3.70GHz, 16GB RAM, 256GB SSD, HDMI, Card Reader, Wi-Fi, Bluetooth, Windows 10 Home","Due to holiday observance, orders placed between 4/7 – 4/19 will experience shipping delays",649.99,0.0,https://www.newegg.com/silver-hp-14dq/p/1TS-000D-07887?Item=9SIAEYAAMD3549,//c1.neweggimages.com/ProductImageCompressAll300/AEYAS191126coqHy.jpg
21,2WC-0001-00233,Computer Systems,Laptops / Notebooks,2,Lenovo,"Lenovo ThinkPad E490 Notebook, 14"" FHD Display, Intel Core i7-8565U Upto 4.6GHz, 8GB RAM, 256GB NVMe SSD, HDMI, Card Reader, Wi-Fi, Bluetooth, Windows 10 Pro","Due to holiday observance, orders placed between 4/7 – 4/19 will experience shipping delays",1299.99,0.0,https://www.newegg.com/black-lenovo-thinkpad-e490/p/1TS-000E-0F200?Item=9SIAA0SAC78958,//c1.neweggimages.com/ProductImageCompressAll300/AA0S_1_201910041240878261.jpg
22,2WC-0001-00233,Computer Systems,Laptops / Notebooks,2,HP,"HP 14 Notebook, 14"" HD Display, AMD A9-9425 Upto 3.7GHz, 16GB RAM, 256GB NVMe SSD, HDMI, Card Reader, Wi-Fi, Bluetooth, Windows 10 Pro S","Due to holiday observance, orders placed between 4/7 – 4/19 will experience shipping delays",699.99,0.0,https://www.newegg.com/silver-hp-14/p/1TS-000D-07XJ5?Item=9SIAA0SAT50575,//c1.neweggimages.com/ProductImageCompressAll300/AA0S_1_201912231564192577.jpg
23,2WC-0001-00233,Computer Systems,Laptops / Notebooks,2,Lenovo,"Lenovo ThinkPad E490 Home and Business Laptop (Intel i7-8565U 4-Core, 32GB RAM, 256GB  SATA SSD, 14"" Full HD (1920x1080), Intel UHD 620, Fingerprint, Wifi, Bluetooth, Webcam, 2xUSB 3.0, Win 10 Pro)",,1498.80,0.0,https://www.newegg.com/p/1TS-000E-0F2F5?Item=9SIA7ABA6C2360,//c1.neweggimages.com/ProductImageCompressAll300/A7AB_1_201910081334023016.jpg
24,2WC-0001-00233,Computer Systems,Laptops / Notebooks,2,HP,Newest HP 14 inch Slim HD Micro-edge Laptop | AMD Ryzen 3 |16GB DDR4|256GB M.2 SSD| Wi-Fi | HDMI | Windows 10 | Gold,,539.99,0.0,https://www.newegg.com/p/1TS-000D-06Z61?Item=9SIAEYJAJ33104,//c1.neweggimages.com/ProductImageCompressAll300/AEYJ_1_20191111947728874.jpg
25,2WC-0001-00233,Computer Systems,Laptops / Notebooks,2,HP,Newest HP 14 Premium HD Micro-edge Laptop |10Th Intel Core i3-1005G1|8GB DDR4|256GB M.2 SSD| Wi-Fi | Fast Charge| HDMI | Windows 10 | Natural Silver,,479.99,0.0,https://www.newegg.com/p/1TS-000D-06XW9?Item=9SIAEYJAJ11844,//c1.neweggimages.com/ProductImageCompressAll300/AEYJ_1_201911111867823963.jpg
26,2WC-0001-00233,Computer Systems,Laptops / Notebooks,2,Lenovo,"2018 Lenovo ThinkPad X1 Carbon (6th Gen) - Windows 10 Pro - Intel Quad Core i7-8550U, 256GB NVMe-PCIe SSD, 16GB RAM, 14"" FHD IPS (1920x1080) Display, Fingerprint Reader, Black",,1599.99,0.0,https://www.newegg.com/p/1TS-000E-098K7?Item=9SIA8TK7W88348,//c1.neweggimages.com/NeweggImage/ProductImageCompressAll300/A8TK_1_201806121971492725.jpg
27,2WC-0001-00233,Computer Systems,Laptops / Notebooks,2,HP,"HP 14"" Thin and Light Customized Laptop Intel Core i3-7100U processor 4GB RAM 256GB SSD Upgradable to 16GB RAM 1024GB SSD Windows 10 Ash Silver Only 3.2lb 0.8"" thin USB Type-C",,410.87,0.0,https://www.newegg.com/p/1TS-000D-05468?Item=9SIAJZD9SS3464,//c1.neweggimages.com/ProductImageCompressAll300/AJZD_1_201907231969072027.jpg
28,2WC-0001-00233,Computer Systems,Laptops / Notebooks,2,HP,"HP 14"" HD Notebook, Intel 10th Gen i3-1005G1 Dual Core Upto 3.4GHz, 8GB DDR4, 256GB M.2 SSD, UHD Graphics, HDMI, Card Reader, Wi-Fi, Bluetooth, Windows 10 Pro",,489.99,0.0,https://www.newegg.com/p/1TS-000D-089B6?Item=9SIA65EB010946,//c1.neweggimages.com/ProductImageCompressAll300/A65E_1_2020020377652477.jpg
29,2WC-0001-00233,Computer Systems,Laptops / Notebooks,2,HP,"HP 14"" HD Customized Laptop | 10th Gen Intel Quad-Core i5-1035G4 Processor up to 3.7 GHz | 16GB RAM 256GB SSD | USB Type-C | HDMI | Card Reader | Windows 10 | Silver Only 3.2lb",,654.52,0.0,https://www.newegg.com/p/1TS-000D-084H3?Item=9SIAJZDAWC4493,//c1.neweggimages.com/ProductImageCompressAll300/AJZD_1_20200113712419307.jpg
30,2WC-0001-00233,Computer Systems,Laptops / Notebooks,2,HP,"HP 14"" HD Notebook, Ryzen 3 3200u Quad Core Upto 3.6GHz, 16GB DDR4, 256GB M.2 SSD, UHD Graphics, HDMI, Card Reader, Wi-Fi, Bluetooth, USB 3.1, Windows 10 Pro",,609.99,0.0,https://www.newegg.com/p/1TS-000D-098N1?Item=9SIA65EB192557,//c1.neweggimages.com/ProductImageCompressAll300/A65E_1_20200217473530409.jpg
31,2WC-0001-00233,Computer Systems,Laptops / Notebooks,2,DELL,"Dell Inspiron 14"" HD 2-in-1 Touchscreen Notebook, 8th Generation Intel Core i3-8145U,16GB DDR4 RAM,256GB SSD, Intel UHD Graphics 620,Wifi 802.11AC,Bluetooth,HD Webcam,HDMI,USB, Windows 10 Pro",,565.00,0.0,https://www.newegg.com/gray-dell-inspiron-5481-creating-designing/p/1TS-000A-09Y84?Item=9SIAE4NB7U6189,//c1.neweggimages.com/ProductImageCompressAll300/AE4N_1_202003221361648376.jpg
32,2WC-0001-00233,Computer Systems,Laptops / Notebooks,2,HP,"HP Pavilion x360 2-in-1 Convertible Premium Business Laptop, 14"" FHD IPS Touchscreen, Intel Core i3-7100U, 8GB RAM 256GB SSD, B&O PLAY Backlit Keyboard Windows 10",,579.00,0.0,https://www.newegg.com/silver-hp-14-notebook-14-laptop-everyday-value/p/1TS-000D-09BP4?Item=9SIAMRPB472883,//c1.neweggimages.com/NeweggImage/ProductImageCompressAll300/AMRPS200304MBAeF.jpg
33,2WC-0001-00233,Computer Systems,Laptops / Notebooks,2,Lenovo,"Lenovo ThinkBook 14s Notebook, 14"" FHD Display, Intel Core i7-8565U Upto 4.6GHz, 8GB RAM, 256GB NVMe SSD, AMD Radeon 540X, HDMI, Wi-Fi, Bluetooth, Windows 10 Pro (20RM0008US)","Due to holiday observance, orders placed between 4/7 – 4/19 will experience shipping delays",899.99,0.0,https://www.newegg.com/silver-lenovo-thinkbook-14s/p/1TS-000E-0HM35?Item=9SIAA0SB0R0612,//c1.neweggimages.com/ProductImageCompressAll300/AA0S_1_202002121140330247.jpg
34,2WC-0001-00233,Computer Systems,Laptops / Notebooks,2,DELL,"Dell Inspiron 14 3000 Series Laptop, 14"" HD Anti-Glare Display, 10th Gen Intel Quad-Core i5-1035G4  16GB RAM  256GB PCIe SSD + 1TB HDD, WiFi Bluetooth Webcam Win 10",,781.00,0.0,https://www.newegg.com/black-dell-inspiron-14-3000-series-everyday-value/p/1TS-000A-09X68?Item=9SIAMRPB6A2168,//c1.neweggimages.com/NeweggImage/ProductImageCompressAll300/AMRPS200309Yhpqd.jpg
35,2WC-0001-00233,Computer Systems,Laptops / Notebooks,2,Lenovo,"Newest Lenovo ThinkBook 14s 14"" FHD IPS Home & Business Laptop, Intel Quad-Core i7-8565U upto 4.6GHz, 8GB RAM, 256GB SSD, Backlit Keyboard, Fingerprint Reader, AMD Radeon 540X, Windows 10 Pro",,834.99,0.0,https://www.newegg.com/gray-lenovo-thinkbook-14s-mainstream/p/1TS-000E-0HP79?Item=9SIAK1EB0V8921,//c1.neweggimages.com/ProductImageCompressAll300/AK1E_1_20200215292969120.jpg
