,item_number,general_category,product_category,page_number,brand,model_specifications,current_promotions,price,shipping,product_links,image_link
0,N82E16834155344,Computer Systems,Laptops / Notebooks,3,MSI,"MSI Laptop PS Series PS42 Modern-074 Intel Core i7 8th Gen 8550U (1.80 GHz) 16 GB Memory 256 GB NVMe SSD NVIDIA GeForce GTX 1050 Max-Q 14.0"" Windows 10 Home 64-bit",,1039.99,0.0,https://www.newegg.com/grey-with-blue-diamond-cut-msi-ps-series-ps42-modern-074/p/N82E16834155344,//c1.neweggimages.com/NeweggImage/ProductImageCompressAll300/34-155-344-V10.jpg
1,1TS-000E-0J5V6,Computer Systems,Laptops / Notebooks,3,Lenovo,"Lenovo ThinkPad T490 Home and Business Laptop (Intel i7-8565U 4-Core, 16GB RAM, 256GB PCIe SSD, 14.0"" Touch  Full HD (1920x1080), Intel UHD 615, Fingerprint, Win 10 Home) with HP Thunderbolt Dock",,1749.00,0.0,https://www.newegg.com/p/1TS-000E-0J5V6,//c1.neweggimages.com/ProductImageCompressAll300/V0F3_1_202004031809615494.jpg
2,1TS-000A-09Z10,Computer Systems,Laptops / Notebooks,3,DELL,"Dell Inspiron 14"" Full HD 2-in-1 Touchscreen Notebook, 8th Generation Intel Core i7-8565U,16GB DDR4 RAM,256GB SSD, Intel UHD Graphics 620,Wifi 802.11AC,Bluetooth,HD Webcam,HDMI,USB, Windows 10 Home",,899.00,0.0,https://www.newegg.com/silver-dell-inspiron-5482-creating-designing/p/1TS-000A-09Z10,//c1.neweggimages.com/ProductImageCompressAll300/AE4N_1_202003221377661358.jpg
3,1TS-000E-0J615,Computer Systems,Laptops / Notebooks,3,Lenovo,"Lenovo ThinkPad T480s Notebook, 14"" FHD Touch Display, Intel Core i7-8650U Upto 4.2GHz, 16GB RAM, 256GB NVMe SSD, HDMI, Thunderbolt, Card Reader, Wi-Fi, Bluetooth, Windows 10 Pro","Due to holiday observance, orders placed between 4/7 – 4/19 will experience shipping delays",1479.99,0.0,https://www.newegg.com/black-lenovo-thinkpad-t480s/p/1TS-000E-0J615,//c1.neweggimages.com/ProductImageCompressAll300/AA0S_1_2020040828431154.jpg
4,1TS-000E-0HZC4,Computer Systems,Laptops / Notebooks,3,Lenovo,"Lenovo ThinkPad T470 Notebook, 14"" FHD Touch Display, Intel Core i7-6500U Upto 3.1GHz, 16GB RAM, 256GB NVMe SSD, HDMI, Thunderbolt, Card Reader, Wi-Fi, Bluetooth, Windows 10 Pro","Due to holiday observance, orders placed between 4/7 – 4/19 will experience shipping delays",1199.99,0.0,https://www.newegg.com/black-lenovo-thinkpad-t470/p/1TS-000E-0HZC4,//c1.neweggimages.com/ProductImageCompressAll300/AA0S_1_202004061484587874.jpg
5,1TS-000E-0HZ56,Computer Systems,Laptops / Notebooks,3,Lenovo,"Lenovo ThinkPad T480s Notebook, 14"" FHD Display, Intel Core i7-8550U Upto 4.0GHz, 16GB RAM, 256GB NVMe SSD, HDMI, Thunderbolt, Card Reader, Wi-Fi, Bluetooth, Windows 10 Pro","Due to holiday observance, orders placed between 4/7 – 4/19 will experience shipping delays",1399.99,0.0,https://www.newegg.com/black-lenovo-thinkpad-t480s/p/1TS-000E-0HZ56,//c1.neweggimages.com/ProductImageCompressAll300/V0N6_1_202003101670667735.jpg
6,1TS-000E-0J0P8,Computer Systems,Laptops / Notebooks,3,Lenovo,"Lenovo ThinkPad T480s Notebook, 14"" FHD Display, Intel Core i7-8650U Upto 4.2GHz, 16GB RAM, 256GB NVMe SSD, HDMI, Thunderbolt, Card Reader, Wi-Fi, Bluetooth, Windows 10 Pro","Due to holiday observance, orders placed between 4/7 – 4/19 will experience shipping delays",1349.99,0.0,https://www.newegg.com/black-lenovo-thinkpad-t480s/p/1TS-000E-0J0P8,//c1.neweggimages.com/ProductImageCompressAll300/AA0S_1_202003171454360257.jpg
7,1TS-000E-0J5F7,Computer Systems,Laptops / Notebooks,3,Lenovo,"Lenovo ThinkPad T490 Home and Business Laptop (Intel i7-8565U 4-Core, 16GB RAM, 256GB PCIe SSD, 14.0"" Touch  Full HD (1920x1080), Intel UHD 615, Fingerprint, Wifi, Bluetooth, Webcam, Win 10 Pro)",,1699.00,0.0,https://www.newegg.com/p/1TS-000E-0J5F7,//c1.neweggimages.com/ProductImageCompressAll300/V0F3_1_20191103991548659.jpg
8,1TS-000E-0J5G8,Computer Systems,Laptops / Notebooks,3,Lenovo,"Lenovo ThinkPad T490 Home and Business Laptop (Intel i7-8565U 4-Core, 16GB RAM, 256GB m.2 SATA SSD, 14.0"" Touch  Full HD (1920x1080), Intel UHD 615, Fingerprint, Win 10 Pro) with HP Thunderbolt Dock",,2049.00,0.0,https://www.newegg.com/p/1TS-000E-0J5G8,//c1.neweggimages.com/ProductImageCompressAll300/V0F3_1_202004031809615494.jpg
9,1TS-000A-06NA8,Computer Systems,Laptops / Notebooks,3,DELL,"Refurbished: Dell Latitude E6420 14"" LED Laptop Intel Core i7 2.70GHz CPU 16 GB DDR3 RAM 256 GB SSD  DVD-R HDMI WiFi Webcam Windows 10 Pro",,318.99,0.0,https://www.newegg.com/black-slate-dell-e-series-latitude-everyday-value/p/1TS-000A-06NA8,//c1.neweggimages.com/ProductImageCompressAll300/AF0K_1_201910251894120280.jpg
10,1TS-000E-0FNC2,Computer Systems,Laptops / Notebooks,3,Lenovo,"Refurbished: Lenovo X1 Yoga G1 14"" Convertible Notebook - Core i7 (6600U) 2.6GHz Dual Core - 256GB SSD - 16GB RAM - WiFi - Blutooth - 1920x1080 FHD Touchscreen Display - Windows 10 Pro - AC Adapter included",,529.99,0.0,https://www.newegg.com/black-lenovo-yoga-x1/p/1TS-000E-0FNC2,//c1.neweggimages.com/NeweggImage/ProductImageCompressAll300/A7RBS191211CAzCz.jpg
11,1TS-000A-03K55,Computer Systems,Laptops / Notebooks,3,DELL,"Refurbished: Dell Latitude 7480 (P73G) 14"" Full HD Notebook - Intel Core i7 (7600U) 2.8GHz Dual Core - 256GB SSD - 16GB RAM - WiFi - Windows 10 Pro Installed",,699.99,0.0,https://www.newegg.com/black-dell-latitude-7480-workstation/p/1TS-000A-03K55,//c1.neweggimages.com/NeweggImage/ProductImageCompressAll300/A7RB_131825352985433938rFTRndemm5.jpg
12,1TS-000A-05AB8,Computer Systems,Laptops / Notebooks,3,DELL,"Refurbished: DELL Laptop Latitude E6440 Intel Core i7 4th Gen 4600M (2.90 GHz) 16 GB Memory 1tb SSD 14.0"" Windows 10 Professional",,429.97,25.69,https://www.newegg.com/aberdeen-silver-dell-latitude-e6440/p/1TS-000A-05AB8,//c1.neweggimages.com/NeweggImage/ProductImageCompressAll300/A5WM_132048633044247964y4Kkw6Th0m.jpg
13,1TS-000A-013B6,Computer Systems,Laptops / Notebooks,3,DELL,"Refurbished: Reburbished: Dell Latitude E6430 - 3rd Gen i7 2.9 GHz - 16gb - 256gb SSD - 14""  - Windows 7 Pro - 1 YEAR WARRANTY",,339.97,22.74,https://www.newegg.com/metallic-gray-dell-latitude-e6430-workstation/p/1TS-000A-013B6,//c1.neweggimages.com/ProductImageCompressAll300/A5WM_131167755350492255XkmysxPb2W.jpg
14,1TS-000A-06TA1,Computer Systems,Laptops / Notebooks,3,DELL,"Refurbished: Dell Latitude E5420 14"" LED Laptop Intel Quad Core i7 Mobile CPU 16 GB 256 SSD DVD-RW WiFi Webcam Windows 10 Pro",,412.49,0.0,https://www.newegg.com/charcoal-gray-dell-e-series-latitude-everyday-value/p/1TS-000A-06TA1,//c1.neweggimages.com/ProductImageCompressAll300/A6AB_1_20191107457272622.jpg
15,1TS-000E-0DBD5,Computer Systems,Laptops / Notebooks,3,Lenovo,"Refurbished: Lenovo ThinkPad T460P Notebook PC - 14"" FHD Display - Core i7 (i7-6820HQ) 2.7GHz - 16GB RAM - 256GB SSD -  WiFi - Bluetooth - Webcam - Windows 10 Pro Installed - AC Adapter Included",,699.99,0.0,https://www.newegg.com/black-lenovo-thinkpad-t460p-mainstream/p/1TS-000E-0DBD5,//c1.neweggimages.com/NeweggImage/ProductImageCompressAll300/A7RB_131993985101924042DbJXevnJMe.jpg
16,1TS-000A-06NE0,Computer Systems,Laptops / Notebooks,3,DELL,"Refurbished: Dell Latitude E5430 14"" LED Laptop 3rd Gen Intel Core i7 2.60GHz CPU 16 GB DDR3 RAM 256 GB SSD  DVD-R HDMI WiFi Webcam Windows 10 Pro",,335.49,0.0,https://www.newegg.com/black-silver-dell-e-series-latitude-everyday-value/p/1TS-000A-06NE0,//c1.neweggimages.com/ProductImageCompressAll300/AF0K_1_201910251687836765.jpg
17,1TS-000E-0DJF2,Computer Systems,Laptops / Notebooks,3,Lenovo,"Refurbished: 2019 Lenovo Yoga C930 2-in-1 13.9"" FHD TOUCH i7-8550U 16GB 256GB SSD FPR Gray Windows 10",,1049.00,0.0,https://www.newegg.com/lenovo-yoga-c930/p/1TS-000E-0DJF2,//c1.neweggimages.com/ProductImageCompressAll300/V1M2_1_20190517819938069.jpg
18,1TS-000A-05PK2,Computer Systems,Laptops / Notebooks,3,DELL,"Refurbished: Dell Latitude E5430 14"" LED Laptop Intel 3rd Gen Quad Core i7 2.70 GHz Mobile CPU 16 GB DDR3 RAM 256 GB SSD DVD-R HDMI WiFi Webcam Microsoft Windows 10 Professional 64-Bit",,494.99,0.0,https://www.newegg.com/silver-dell-latitude-everyday-value/p/1TS-000A-05PK2,//c1.neweggimages.com/ProductImageCompressAll300/AF0K_1_20190716203204103.jpg
19,1TS-0016-00RE4,Computer Systems,Laptops / Notebooks,3,MSI,"Refurbished: MSI PS42 Modern-074 14"" Professional Laptop Intel Core i7-8550U GTX1050 16GB DDR4 256GB SSD Win10",,849.99,0.0,https://www.newegg.com/p/1TS-0016-00RE4,//c1.neweggimages.com/NeweggImage/ProductImageCompressAll300/ABRD_132180652615403568iL6NYUAvUT.jpg
20,1TS-000E-0J6B6,Computer Systems,Laptops / Notebooks,3,Lenovo,"Refurbished: Lenovo X1 Carbon 6th Gen, Intel i7 8550U 1.8Ghz, 16GB RAM, 256GB NVMe PCIe M.2 SSD, Thunderbolt 3, Full HD 1080p, USB Type C, HDMI, Windows 10 Pro",,849.99,0.0,https://www.newegg.com/black-lenovo-x1-carbon-6th-generation/p/1TS-000E-0J6B6,//c1.neweggimages.com/ProductImageCompressAll300/ADUM_1_20200407271963643.jpg
21,1TS-000A-044Y3,Computer Systems,Laptops / Notebooks,3,DELL,"Refurbished: Dell Latitude E7470 Notebook, 14"" QHD Touchscreen, Intel Dual-Core i7-6600U Upto 3.4GHz, 16GB RAM, 256GB SSD, HDMI, Mini DisplayPort, Card Reader, Backlit Keyboard, Wi-Fi, Bluetooth, Windows 10 Pro","Due to holiday observance, orders placed between 4/7 – 4/19 will experience shipping delays",759.99,0.0,https://www.newegg.com/black-dell-latitude-e7470-notebook/p/1TS-000A-044Y3,//c1.neweggimages.com/ProductImageCompressAll300/AA0S_1_201902211706695754.jpg
22,1TS-000A-03R96,Computer Systems,Laptops / Notebooks,3,DELL,"Refurbished: Dell latitude e7470 Ultrabook-core i7 6650u 2.2ghz-256gb ssd -grade""A"" lite wear 16gb memory-no optical-display 1366x768 -intel hd graphics-win10 pro good battery- Please View Description",,459.00,0.0,https://www.newegg.com/p/1TS-000A-03R96,//c1.neweggimages.com/NeweggImage/ProductImageCompressAll300/A7HS_131855798626361828xVXihP4gDb.jpg
23,N82E16834296483,Computer Systems,Laptops / Notebooks,3,DELL,"Refurbished: DELL Laptop Latitude E6430 Intel Core i7 3rd Gen 3520M (2.90 GHz) 16 GB Memory 256 GB SSD 14.0"" Windows 10 Pro 64-Bit",,397.00,47.00,https://www.newegg.com/gray-dell-latitude-e6430-mainstream/p/N82E16834296483,//c1.neweggimages.com/NeweggImage/ProductImageCompressAll300/34-296-483-04.jpg
24,1TS-000E-0DF75,Computer Systems,Laptops / Notebooks,3,Lenovo,"Refurbished: Lenovo Thinkpad T430 - i7-3520M 2.9GHz - 16GB Memory - 256 GB SSD - 14"" HD Windows 10 Pro 64 - 1 YEAR WARRANTY  (Grade B)",,409.00,42.00,https://www.newegg.com/black-lenovo-thinkpad-t430-everyday-value/p/1TS-000E-0DF75,//c1.neweggimages.com/NeweggImage/ProductImageCompressAll300/A5WM_132017436702805000ChteOoPAXY.jpg
25,N82E16834270364,Computer Systems,Laptops / Notebooks,3,HP,"Refurbished: HP A Grade Laptop ZBook 14 G2 Intel Core i7 5th Gen 5600U (2.60 GHz) 16 GB Memory 256 GB SSD 14.0"" Windows 10 Pro 64-Bit",,1363.62,0.0,https://www.newegg.com/hp-zbook-14-g2/p/N82E16834270364,//c1.neweggimages.com/ProductImageCompressAll300/34-270-364-V04.jpg
26,1TS-000A-04ZE1,Computer Systems,Laptops / Notebooks,3,DELL,Refurbished: Dell ultrabook e7470  i7 6650u 2.2ghz 256gb ssd 16gb ddr4 ram Grade B+ lite wear webcam windows 10 pro  display 1366x768 good battery adapter wireless wifi 14” lcd  ready to use!,,427.00,Special,https://www.newegg.com/p/1TS-000A-04ZE1,//c1.neweggimages.com/NeweggImage/ProductImageCompressAll300/A7HS_132030229153112470RSDA4nhdyG.jpg
27,N82E16834272019,Computer Systems,Laptops / Notebooks,3,HP,"Refurbished: HP Grade A Laptop EliteBook 840 G3 Intel Core i7 6th Gen 6600U (2.60 GHz) 16 GB Memory 256 GB SSD Intel HD Graphics 520 14.0"" Windows 10 Home 64-bit Multi-language",,349.99,35.00,https://www.newegg.com/hp-elitebook-840-g3/p/N82E16834272019,//c1.neweggimages.com/NeweggImage/ProductImageCompressAll300/34-272-019-V11.jpg
28,1TS-000A-03YB9,Computer Systems,Laptops / Notebooks,3,DELL,Refurbished: Dell e7470 latitude grade“B+”lite wear core i7 6600u 2.6ghz 16gb ram 256gb ssd win10 pro display 1366x768 webcam good battery no optical drive “ready to run right out of the box”,,434.00,0.0,https://www.newegg.com/p/1TS-000A-03YB9,//c1.neweggimages.com/NeweggImage/ProductImageCompressAll300/A7HS_131912944697386857Uv54lO97ty.jpg
29,1TS-000A-030Y7,Computer Systems,Laptops / Notebooks,3,DELL,"Refurbished: Dell latitude e7470- core i7 6600u 2.6ghz-256gb SSD -grade""B/A"" lite wear webcam  16gb ram-no optical-display 1366x768-intel hd  graphics-win10 pro adapter  good battery",,487.00,0.0,https://www.newegg.com/p/1TS-000A-030Y7,//c1.neweggimages.com/NeweggImage/ProductImageCompressAll300/A7HS_131711561550823862DJNEYTx8xM.jpg
30,1TS-000A-02HW9,Computer Systems,Laptops / Notebooks,3,DELL,"Refurbished: Dell latitude e7450- core i7 5600u 2.6ghz-256gb ssd-grade""B""very  lite wear 16gb ddr3 ram-no optical-display 1920x1080-intel hd graphics-win10 pro adapter, good battery",,499.00,Special,https://www.newegg.com/p/1TS-000A-02HW9,//c1.neweggimages.com/NeweggImage/ProductImageCompressAll300/A7HS_131569944181279021X1D3OttvTH.jpg
31,1TS-000A-04ZE2,Computer Systems,Laptops / Notebooks,3,DELL,Refurbished: Dell e7470  laptop i7 6600u 2.6ghz 256gb ssd 16gb ram webcam Grade A-B very lite wear windows 10 pro display 1366x768 good battery adapter wireless wifi 14” lcd  user ready! model e7470,,428.00,Special,https://www.newegg.com/p/1TS-000A-04ZE2,//c1.neweggimages.com/NeweggImage/ProductImageCompressAll300/A7HS_132030231934928810nSs7yrd3Es.jpg
32,1TS-000E-0APM6,Computer Systems,Laptops / Notebooks,3,Lenovo,"Refurbished: Lenovo ThinkPad E431 Business Laptop - Windows 7 Home Premium - i7-3632QM, 256GB SSD, 16GB RAM, 14.0"" HD (1366x768) Touchscreen, DVD±RW, Intel HD Graphics, Fingerprint Reader, Black Color",,879.99,0.0,https://www.newegg.com/p/1TS-000E-0APM6,//c1.neweggimages.com/NeweggImage/ProductImageCompressAll300/A8TK_1_201810251877562844.jpg
33,1TS-000E-0APR1,Computer Systems,Laptops / Notebooks,3,Lenovo,"Refurbished: Lenovo ThinkPad E431 Business Laptop - Windows 7 Pro - i7-3632QM, 256GB SSD, 16GB RAM, 14.0"" HD (1366x768) Touchscreen, DVD±RW, Intel HD Graphics, Fingerprint Reader, Black Color",,879.99,0.0,https://www.newegg.com/p/1TS-000E-0APR1,//c1.neweggimages.com/NeweggImage/ProductImageCompressAll300/A8TK_1_201810251877562844.jpg
34,1TS-000E-0AMN5,Computer Systems,Laptops / Notebooks,3,Lenovo,"Refurbished: Lenovo ThinkPad E431 Business Laptop - Windows 8 Pro - i7-3632QM, 256GB SSD, 16GB RAM, 14.0"" HD (1366x768) Touchscreen, DVD±RW, Intel HD Graphics, Fingerprint Reader, Black Color",,879.99,0.0,https://www.newegg.com/p/1TS-000E-0AMN5,//c1.neweggimages.com/NeweggImage/ProductImageCompressAll300/A8TK_1_201810251877562844.jpg
35,1TS-000E-0AMT7,Computer Systems,Laptops / Notebooks,3,Lenovo,"Refurbished: Lenovo ThinkPad E431 Business Laptop - Windows 10 Pro - i7-3632QM, 256GB SSD, 16GB RAM, 14.0"" HD (1366x768) Touchscreen, DVD±RW, Intel HD Graphics, Fingerprint Reader, Black Color",,879.99,0.0,https://www.newegg.com/p/1TS-000E-0AMT7,//c1.neweggimages.com/NeweggImage/ProductImageCompressAll300/A8TK_1_201810251877562844.jpg
