,product_category,brand,model_specifications,current_promotions,price,shipping,product_links,image_link
0,Laptops / Notebooks,HP,"HP 17.3"" HD+ TouchScreen Notebook,8th Gen Intel Quad Core i7-8565U Processor,16GB DDR4 RAM,1TB SSD,Intel UHD Graphics 620,DVD-RW,Wifi,Bluetooth 4.2,USB,HDMI, Windows 10 Pro",,999.00,0.0,https://www.newegg.com/silver-hp17hd-1971cl-mainstream/p/1TS-000D-08408,//c1.neweggimages.com/ProductImageCompressAll300/AEYJ_1_20191226738634123.jpg
1,Laptops / Notebooks,HP,"HP 14-DQ1033CL Everyday Value Laptop (Intel i5-1035G4 4-Core, 4GB RAM, 128GB SSD, 14"" Full HD (1920x1080), Intel Iris Plus Graphics, Wifi, Bluetooth, Webcam, 2xUSB 3.0, 1xHDMI, Win 10 Home in S-Mode)",Free Expedited Shipping,478.80,0.0,https://www.newegg.com/p/1TS-000D-07K62,//c1.neweggimages.com/ProductImageCompressAll300/V0F3_1_201912201034267132.jpg
2,Laptops / Notebooks,Lenovo,"Newest Lenovo Yoga 730 2-in-1 15.6"" FHD IPS Touch Customized Laptop | Intel Quad Core i7-8565U |  16GB RAM 512GB SSD  | Backlit Keyboard | Upto 9 Hours Mixed Usage | Windows 10 Iron Gray",,992.22,0.0,https://www.newegg.com/p/1TS-000E-0F366,//c1.neweggimages.com/ProductImageCompressAll300/AJZD_1_201910091557132296.jpg
3,Laptops / Notebooks,Lenovo,"Lenovo ThinkPad T490 i7 Home and Business Laptop (Intel i7-8565U 4-Core, 8GB RAM, 512GB SSD, 14"" Full HD (1920x1080), Intel UHD 620, Fingerprint, Wifi, Bluetooth, Webcam, 2xUSB 3.1, Win 10 Pro)",Free Expedited Shipping,1318.80,0.0,https://www.newegg.com/p/1TS-000E-0GZB8,//c1.neweggimages.com/ProductImageCompressAll300/V0F3_1_20191103991548659.jpg
4,Laptops / Notebooks,ASUS,"ASUS ZenBook 14 Ultra-Slim Laptop 14"" Full HD 4-Way NanoEdge Bezel, AMD R7 3700U CPU, 8 GB RAM, 1 TB PCIe SSD, NumberPad, Windows 10 Pro- UM433DA-DH75, Icicle Silver",,1249.00,0.0,https://www.newegg.com/icicle-silver-asus-zenbook-um433da-dh75-mainstream/p/1TS-001A-021P0,//c1.neweggimages.com/NeweggImage/ProductImageCompressAll300/A7ABS200211ePUOu.jpg
5,Laptops / Notebooks,HP,"HP 15.6"" Touch Screen 10th Gen Intel i5-1035G1 3.6GHz, 512GB SSD, 8GB RAM, Bluetooth, webcam, HDMI, Windows 10 - 15-dy1751ms",,639.99,0.0,https://www.newegg.com/p/1TS-000D-07962,//c1.neweggimages.com/NeweggImage/ProductImageCompressAll300/V0U8S1912031tlin.jpg
6,Laptops / Notebooks,HP,"HP 17 Notebook, 17.3"" HD+ Display, Intel Core i5-8265U Upto 3.9GHz, 16GB RAM, 1TB NVMe SSD, DVDRW, HDMI, Card Reader, Wi-Fi, Bluetooth, Windows 10 Pro","Due to holiday observance, orders placed between 4/7 – 4/19 will experience shipping delays",1029.99,0.0,https://www.newegg.com/black-textured-hp-17/p/1TS-000D-05WJ5,//c1.neweggimages.com/ProductImageCompressAll300/AA0S_1_2019090327292201.jpg
7,Laptops / Notebooks,Lenovo,"Lenovo ThinkPad P71 Notebook, 17.3"" FHD Display, Intel Core i7-7820HQ Upto 3.9GHz, 8GB RAM, 256GB NVMe SSD, NVIDIA Quadro M620, HDMI, Micro DP, Thunderbolt, Wi-Fi, BT, Windows 10 Pro (20HK001MUS)",,1499.99,0.0,https://www.newegg.com/p/1TS-000E-0J682,//c1.neweggimages.com/ProductImageCompressAll300/A8TK_1_20200405965439433.jpg
8,Laptops / Notebooks,HP,"HP 15.6"" Thin and Light Touchscreen Customized Premium Laptop | 10th Gen Intel Quad-Core i7-1065G7 | 16GB RAM 128GB SSD | USB Type-C | Only 3.8lb | Upto 10 Hours Mixed Usage | Windows 10 Home Silver",,781.48,0.0,https://www.newegg.com/p/1TS-000D-083J6,//c1.neweggimages.com/ProductImageCompressAll300/AJZD_1_20200107355015127.jpg
9,Laptops / Notebooks,HP,"HP 15 Notebook, 15.6"" HD Touch Display, Intel Core i7-1065G7 Upto 3.9GHz, 16GB RAM, 512GB NVMe SSD, HDMI, Card Reader, Wi-Fi, Bluetooth, Windows 10 Pro","Due to holiday observance, orders placed between 4/7 – 4/19 will experience shipping delays",1286.99,0.0,https://www.newegg.com/gray-hp-15/p/1TS-000D-08432,//c1.neweggimages.com/ProductImageCompressAll300/AA0S_1_20200109356034928.jpg
10,Laptops / Notebooks,DELL,"Dell Inspiron 14 3000 Notebook, 14"" HD Display, Intel Core i5-1035G4 up to 3.7 GHz, 16 GB RAM, 512 GB NVMe SSD, HDMI, Card Reader, Wi-Fi, Bluetooth, Windows 10 Home S","Due to holiday observance, orders placed between 4/7 – 4/19 will experience shipping delays",699.00,0.0,https://www.newegg.com/black-textured-dell-inspiron-14-3000-mainstream/p/1TS-000A-07BN0,//c1.neweggimages.com/ProductImageCompressAll300/AEYA_1_20191223746633494.jpg
11,Laptops / Notebooks,ASUS,"ASUS ZenBook 14 Ultra-Slim Laptop 14"" Full HD 4-Way NanoEdge Bezel, AMD R7 3700U CPU, 8 GB RAM, 2 TB PCIe SSD, NumberPad, Windows 10 - UM433DA-DH75, Icicle Silver",,1299.00,0.0,https://www.newegg.com/icicle-silver-asus-zenbook-um433da-dh75-mainstream/p/1TS-001A-021N9,//c1.neweggimages.com/NeweggImage/ProductImageCompressAll300/A7ABS2002119Fp96.jpg
12,Laptops / Notebooks,Lenovo,"Lenovo Ideapad 330 15.6"" Anti Glared HD Premium Business Laptop (AMD A9-9425 up to 3.7 GHz, 8GB DDR4 Memory, 256GB SSD, AMD Radeon R5 Graphic, DVD-RW, HDMI, Windows 10 Home) - Purple",,449.99,0.0,https://www.newegg.com/p/1TS-000E-0FXW7,//c1.neweggimages.com/NeweggImage/ProductImageCompressAll300/ADG3S191230v0f6J.jpg
13,Laptops / Notebooks,Lenovo,"Lenovo Laptop ThinkPad T480 (20L5004HUS) Intel Core i5 8th Gen 8250U (1.60 GHz) 8 GB Memory 500 GB HDD Intel UHD Graphics 620 14.0"" Windows 10 Pro 64-Bit",Free Expedited Shipping,869.00,0.0,https://www.newegg.com/black-lenovo-thinkpad-t480-mainstream/p/1TS-000E-08BJ5,//c1.neweggimages.com/NeweggImage/ProductImageCompressAll300/1TS-000E-08BJ5-S04.jpg
14,Laptops / Notebooks,Thomson,"THOMSON NEO12 Laptop, Intel CPU, 2/32GB, 11.6 inch, HD Display 1366x768, Webcam, Wi-Fi & Bluetooth 4.0, US Keyboard with Multi-touch Pad, Battery up to 7 hours, Windows 10 Home, Black, Slim and Light",,119.99,4.69,https://www.newegg.com/black-thomson-neo12a-everyday-value/p/1TS-0084-00001,//c1.neweggimages.com/NeweggImage/ProductImageCompressAll300/A1CZ_1_20181107916405654.jpg
15,Laptops / Notebooks,Lenovo,"Lenovo 80V50010US Yoga 710 2-in-1 15.6"" Touch-Screen Laptop - Intel Core i5 - 8GB Memory - 256GB Solid State Drive - Black Touchscreen Tablet PC Computer",,639.00,0.0,https://www.newegg.com/black-lenovo-yoga-710/p/1TS-000E-06AC4,//c1.neweggimages.com/NeweggImage/ProductImageCompressAll300/AKR9_1_20191218905638602.jpg
16,Laptops / Notebooks,Lenovo,"Lenovo IdeaPad S145 Notebook, 15.6"" HD Display, AMD A6-9225 Upto 3.0GHz, 4GB RAM, 500GB HDD, HDMI, Card Reader, Wi-Fi, Bluetooth, Windows 10 Home (81N3005LUS)","Due to holiday observance, orders placed between 4/7 – 4/19 will experience shipping delays",402.99,0.0,https://www.newegg.com/black-textured-lenovo-ideapad-s145/p/1TS-000E-0F8K9,//c1.neweggimages.com/ProductImageCompressAll300/AA0S_1_201910311730098091.jpg
17,Laptops / Notebooks,HP,"HP 15 Notebook, 15.6"" HD Touch Display, AMD Ryzen 7 3700U Upto 4.0GHz, 32GB RAM, 1TB NVMe SSD, Vega 10, HDMI, Card Reader, Wi-Fi, Bluetooth, Windows 10 Pro","Due to holiday observance, orders placed between 4/7 – 4/19 will experience shipping delays",1429.99,0.0,https://www.newegg.com/silver-hp-15/p/1TS-000D-07XU6,//c1.neweggimages.com/ProductImageCompressAll300/AA0S_1_201912231506438013.jpg
18,Laptops / Notebooks,Apple,"Apple 13.3"" MacBook Air 128GB SSD #MQD32LL/A (Newest Version) With 2 Year Extended Warranty Black Bundle","Due to holiday observance, orders placed between 4/7 – 4/19 will experience shipping delays",889.05,0.0,https://www.newegg.com/p/1XV-000E-002B0,//c1.neweggimages.com/NeweggImage/ProductImageCompressAll300/ABMT_1_202001241523931331.jpg
19,Laptops / Notebooks,HP,"HP X360 15t Premium Convertile 2-in-1 Home and Business Laptop (Intel i5, 8GB RAM, 128GB Sata SSD, 15.6"" FHD 1920x1080 Touchscreen, AMD Radeon 530, WiFi, Bluetooth, Stylus Pen, Win 10 Home)",,569.00,0.0,https://www.newegg.com/p/1TS-000D-03218,//c1.neweggimages.com/ProductImageCompressAll300/A7AB_1_201810311824545387.jpg
20,Laptops / Notebooks,Lenovo,"Lenovo IdeaPad 1 A6-9220e 14"" AMD A6-9220e 64GB, 4GB RAM - Gray 81VS0001US",,269.99,0.0,https://www.newegg.com/gray-lenovo-ideapad-1-81vs0001us/p/1TS-000E-0FC04,//c1.neweggimages.com/NeweggImage/ProductImageCompressAll300/A5EF_132181264281954415JFpV0hMyp3.jpg
21,Laptops / Notebooks,GIGABYTE,"GIGABYTE - AERO 15 OLED SA-7US5020SH Gaming Laptop - 15.6"" 4K UHD AMOLED - Intel Core i7-9750H - NVIDIA GeForce GTX 1660 Ti - 8 GB Memory 256 GB SSD - Win 10",,1699.00,0.0,https://www.newegg.com/p/N82E16834233268,//c1.neweggimages.com/NeweggImage/ProductImageCompressAll300/34-233-268-V21.jpg
22,Laptops / Notebooks,Thomson,"PROMO: THOMSON NEO14C Laptop, Intel Celeron™, 4/32GB, 14.1"", Full HD 1920x1080, SATA 2.5"" Slot for HDD/SSD, Webcam, Wi-Fi & Bluetooth 4.0, Battery up to 7 hours, Windows 10 Home, Black, Slim and Light",,169.99,4.69,https://www.newegg.com/black-thomson-neo14c-everyday-value/p/1TS-0084-00002,//c1.neweggimages.com/NeweggImage/ProductImageCompressAll300/A1CZ_1_201811071300136002.jpg
23,Laptops / Notebooks,Lenovo,"Lenovo IdeaPad S145 Notebook, 15.6"" HD Display, AMD A6-9225 Upto 3.0GHz, 8GB RAM, 128GB SSD, HDMI, Card Reader, Wi-Fi, Bluetooth, Windows 10 Home","Due to holiday observance, orders placed between 4/7 – 4/19 will experience shipping delays",399.99,0.0,https://www.newegg.com/black-textured-lenovo-ideapad-s145/p/1TS-000E-0F8P9,//c1.neweggimages.com/ProductImageCompressAll300/AEYA_1_20191031167028056.jpg
24,Laptops / Notebooks,Lenovo,"Lenovo IdeaPad S145 Notebook, 15.6"" HD Display, AMD A6-9225 Upto 3.0GHz, 8GB RAM, 128GB NVMe SSD + 1TB HDD, HDMI, Card Reader, Wi-Fi, Bluetooth, Windows 10 Pro","Due to holiday observance, orders placed between 4/7 – 4/19 will experience shipping delays",399.99,0.0,https://www.newegg.com/black-textured-lenovo-ideapad-s145/p/1TS-000E-0F8N1,//c1.neweggimages.com/ProductImageCompressAll300/AA0S_1_201910311189094241.jpg
25,Laptops / Notebooks,HP,"HP 15 Notebook, 15.6"" HD Touch Display, AMD Ryzen 7 3700U Upto 4.0GHz, 8GB RAM, 256GB NVMe SSD, Vega 10, HDMI, Card Reader, Wi-Fi, Bluetooth, Windows 10 Pro","Due to holiday observance, orders placed between 4/7 – 4/19 will experience shipping delays",599.00,0.0,https://www.newegg.com/silver-hp-15/p/1TS-000D-07XU8,//c1.neweggimages.com/ProductImageCompressAll300/AA0S_1_201912231321062456.jpg
26,Laptops / Notebooks,Lenovo,"Lenovo IdeaPad S145 Notebook, 15.6"" HD Display, AMD A6-9225 Upto 3.0GHz, 16GB RAM, 128GB NVMe SSD + 1TB HDD, HDMI, Card Reader, Wi-Fi, Bluetooth, Windows 10 Pro","Due to holiday observance, orders placed between 4/7 – 4/19 will experience shipping delays",499.99,0.0,https://www.newegg.com/black-textured-lenovo-ideapad-s145/p/1TS-000E-0F8J9,//c1.neweggimages.com/ProductImageCompressAll300/AA0S_1_201910311967703963.jpg
27,Laptops / Notebooks,HP,"HP Envy 13 Ultrabook: Core i5-8265U, 8GB RAM, 256GB SSD, 13.3"" Full HD Display",,728.99,0.0,https://www.newegg.com/silver-hp-envy-13-everyday-value/p/1TS-000D-07956,//c1.neweggimages.com/NeweggImage/ProductImageCompressAll300/A686S191130R2HGv.jpg
28,Laptops / Notebooks,HP,"HP 240 G6 14"" HD Notebook, Intel Dual-Core i3-6006U 2.0GHz, 8GB RAM, 128GB SSD + 1TB HDD, DVD-RW, VGA, HDMI, Card Reader, Wi-Fi, Bluetooth, Windows 10 Home","Due to holiday observance, orders placed between 4/7 – 4/19 will experience shipping delays",399.99,0.0,https://www.newegg.com/charcoal-gray-hp-240-g6-mainstream/p/1TS-000D-03NP5,//c1.neweggimages.com/ProductImageCompressAll300/AEYA_1_201903151003151704.jpg
29,Laptops / Notebooks,Lenovo,"Lenovo ThinkPad E490 Notebook, 14"" FHD Display, Intel Core i7-8565U Upto 4.6GHz, 16GB RAM, 512GB NVMe SSD, HDMI, Card Reader, Wi-Fi, Bluetooth, Windows 10 Pro","Due to holiday observance, orders placed between 4/7 – 4/19 will experience shipping delays",1499.99,0.0,https://www.newegg.com/black-lenovo-thinkpad-e490/p/1TS-000E-0F1Z2,//c1.neweggimages.com/ProductImageCompressAll300/AA0S_1_201910042014776929.jpg
30,Laptops / Notebooks,HP,"HP 240 G6 14"" HD Notebook, Intel Dual-Core i3-6006U 2.0GHz, 8GB RAM, 128GB SSD, DVD-RW, VGA, HDMI, Card Reader, Wi-Fi, Bluetooth, Windows 10 Pro","Due to holiday observance, orders placed between 4/7 – 4/19 will experience shipping delays",399.99,0.0,https://www.newegg.com/charcoal-gray-hp-240-g6-mainstream/p/1TS-000D-03NM8,//c1.neweggimages.com/ProductImageCompressAll300/AA0S_1_201903151865073473.jpg
31,Laptops / Notebooks,HP,"HP 15 Notebook, 15.6"" HD Touch Display, Intel Core i5-1035G4 Upto 3.70GHz, 8GB RAM, 256GB SSD, HDMI, Card Reader, Wi-Fi, Bluetooth, Windows 10 Pro S","Due to holiday observance, orders placed between 4/7 – 4/19 will experience shipping delays",699.99,0.0,https://www.newegg.com/silver-hp-15dy/p/1TS-000D-07J48,//c1.neweggimages.com/ProductImageCompressAll300/AA0S_1_20200324767649286.jpg
32,Laptops / Notebooks,Lenovo,"Lenovo Flex 15 Series 2-in-1 Touchscreen Laptop - 10th Gen Intel Core i7 - GeForce MX230 - 1080p
81XH0001US Tablet 15.6"" 16GB Memory 512GB SSD",,999.00,0.0,https://www.newegg.com/black-lenovo-flex-15-everyday-value/p/1TS-000E-0F5G6,//c1.neweggimages.com/NeweggImage/ProductImageCompressAll300/A8X5_132159926751587876Vi1nvShaN6.jpg
33,Laptops / Notebooks,Acer America,"Acer - Nitro 5 15.6"" Laptop - AMD Ryzen 5 - 8GB Memory - AMD Radeon RX 560X - 1TB Hard Drive - Black Notebook PC Computer  AN515-42-R5ED",,null,0.0,https://www.newegg.com/black-acer-nitro-5-gaming-entertainment/p/1TS-000X-00WU2,//c1.neweggimages.com/NeweggImage/ProductImageCompressAll300/A8X5_131867479414670734nSdNgU11d0.jpg
34,Laptops / Notebooks,Apple,"Apple MacBook Air 13.3"" 128GB SSD, 8GB RAM 2.2Ghz Dual-Core Intel Core i7 Silver Z0UU3LL/A",,899.99,5.15,https://www.newegg.com/silver-apple-macbook-air-z0uu3ll-a/p/2SN-0001-00YB7,//c1.neweggimages.com/NeweggImage/ProductImageCompressAll300/A5EF_131967865029483699atKX7xHd3J.jpg
35,Laptops / Notebooks,HP,"HP 15 Notebook, 15.6"" HD Touch Display, AMD Ryzen 7 3700U Upto 4.0GHz, 12GB RAM, 512GB NVMe SSD, Vega 10, HDMI, Card Reader, Wi-Fi, Bluetooth, Windows 10 Pro","Due to holiday observance, orders placed between 4/7 – 4/19 will experience shipping delays",749.00,0.0,https://www.newegg.com/silver-hp-15/p/1TS-000D-07XU3,//c1.neweggimages.com/ProductImageCompressAll300/AA0S_1_20191223917982911.jpg
