,item_number,general_category,product_category,page_number,brand,model_specifications,current_promotions,price,shipping,product_links,image_link
0,N82E16834235288,Computer Systems,Laptops / Notebooks,1,ASUS,"ASUS Laptop ZenBook UX434FLC-XH77 Intel Core i7 10th Gen 10510U (1.80 GHz) 16 GB LPDDR3 Memory 512 GB SSD NVIDIA GeForce MX250 14.0"" Windows 10 Pro 64-bit",,1199.99,0.0,https://www.newegg.com/dark-royal-blue-asus-zenbook-ux434flc-xh77-mainstream/p/N82E16834235288?Item=N82E16834235288,//c1.neweggimages.com/NeweggImage/ProductImageCompressAll300/34-235-288-V01.jpg
1,1TS-000D-07882,Computer Systems,Laptops / Notebooks,1,HP,"HP 14 Notebook, 14"" HD Display, Intel Core i5-1035G4 Up to 3.70 GHz, 16 GB RAM, 512 GB SSD, HDMI, Card Reader, Wi-Fi, Bluetooth, Windows 10 Home","Due to holiday observance, orders placed between 4/7 – 4/19 will experience shipping delays",699.00,0.0,https://www.newegg.com/silver-hp-14dq/p/1TS-000D-07882?Item=9SIAEYAAMD3544,//c1.neweggimages.com/ProductImageCompressAll300/AEYAS191126doC9p.jpg
2,1TS-001A-021N5,Computer Systems,Laptops / Notebooks,1,ASUS,"ASUS Laptop ZenBook UX434FLC-XH77 Intel Core i7 10th Gen 10510U (1.80 GHz) 16 GB LPDDR3 Memory 1 TB SSD NVIDIA GeForce MX250 14.0"" Windows 10 Pro 64-bit",,1549.00,0.0,https://www.newegg.com/dark-royal-blue-asus-zenbook-ux434flc-xh77-mainstream/p/1TS-001A-021N5?Item=9SIA7ABB2H5372,//c1.neweggimages.com/NeweggImage/ProductImageCompressAll300/A7ABS2002113HjLE.jpg
3,1TS-000A-07BN0,Computer Systems,Laptops / Notebooks,1,DELL,"Dell Inspiron 14 3000 Notebook, 14"" HD Display, Intel Core i5-1035G4 up to 3.7 GHz, 16 GB RAM, 512 GB NVMe SSD, HDMI, Card Reader, Wi-Fi, Bluetooth, Windows 10 Home S","Due to holiday observance, orders placed between 4/7 – 4/19 will experience shipping delays",699.00,0.0,https://www.newegg.com/black-textured-dell-inspiron-14-3000-mainstream/p/1TS-000A-07BN0?Item=9SIAEYAAT42689,//c1.neweggimages.com/ProductImageCompressAll300/AEYA_1_20191223746633494.jpg
4,1TS-000E-0F1Z2,Computer Systems,Laptops / Notebooks,1,Lenovo,"Lenovo ThinkPad E490 Notebook, 14"" FHD Display, Intel Core i7-8565U Upto 4.6GHz, 16GB RAM, 512GB NVMe SSD, HDMI, Card Reader, Wi-Fi, Bluetooth, Windows 10 Pro","Due to holiday observance, orders placed between 4/7 – 4/19 will experience shipping delays",1499.99,0.0,https://www.newegg.com/black-lenovo-thinkpad-e490/p/1TS-000E-0F1Z2?Item=9SIAA0SAC78949,//c1.neweggimages.com/ProductImageCompressAll300/AA0S_1_201910042014776929.jpg
5,1TS-000D-07868,Computer Systems,Laptops / Notebooks,1,HP,"HP 14 Notebook, 14"" HD Display, Intel Core i5-1035G4 Upto 3.70GHz, 16GB RAM, 512GB SSD, HDMI, Card Reader, Wi-Fi, Bluetooth, Windows 10 Pro","Due to holiday observance, orders placed between 4/7 – 4/19 will experience shipping delays",699.00,0.0,https://www.newegg.com/silver-hp-14dq/p/1TS-000D-07868?Item=9SIAA0SAMD3189,//c1.neweggimages.com/ProductImageCompressAll300/AA0SS191126VJlI9.jpg
6,1TS-000E-0F6G1,Computer Systems,Laptops / Notebooks,1,Lenovo,"Lenovo Flex 14.0"" Full HD 2-in-1 Touchscreen Notebook,8th Gen Intel Core i5-8265U,16GB DDR4,1TB SSD,Intel UHD 615 Graphics,Wifi-AC,Bluetooth,HDMI,USB,Fingerprint Reader,Windows 10 Pro",,849.00,0.0,https://www.newegg.com/black-lenovo-flex-81sq000k-creating-designing/p/1TS-000E-0F6G1?Item=9SIAE4NAEV3040,//c1.neweggimages.com/ProductImageCompressAll300/AE4N_1_20191023587204988.jpg
7,1TS-000A-08P47,Computer Systems,Laptops / Notebooks,1,DELL,"Dell Latitude 5490 14"" HD (1366x768) Business Laptop (Intel Quad-Core i5-8350U VPro, 16GB DDR4 RAM, 512GB SSD) Backlit, Type-C, VGA, HDMI, Webcam, Windows Hello, Windows 10 Pro 64-bit",,969.99,0.0,https://www.newegg.com/p/1TS-000A-08P47?Item=9SIADG3B1G5866,//c1.neweggimages.com/NeweggImage/ProductImageCompressAll300/ADG3S200203OCvKg.jpg
8,N82E16834847845,Computer Systems,Laptops / Notebooks,1,Lenovo,"Lenovo Laptop IdeaPad S940 81R00007US Intel Core i7 8th Gen 8565U (1.80 GHz) 16 GB LPDDR3 Memory 512 GB PCIe SSD Intel UHD Graphics 620 14.0"" 4K Windows 10 Home 64-bit",,1248.79,0.0,https://www.newegg.com/iron-grey-lenovo-ideapad-s940-81r00007us-mainstream/p/N82E16834847845?Item=9SIA6ZP95T1170,//c1.neweggimages.com/ProductImageCompressAll300/34-847-845-V12.jpg
9,1TS-000E-0DNK0,Computer Systems,Laptops / Notebooks,1,Lenovo,"Lenovo ThinkBook 14s-IWL 20RM0005US 14"" Notebook - 1920 x 1080 - Core i7 i7-8565U - 16 GB RAM - 512 GB SSD",,1119.97,20.98,https://www.newegg.com/lenovo-thinkbook-20rm0005us-notebook/p/1TS-000E-0DNK0?Item=9SIAFVF9MU2493,//c1.neweggimages.com/ProductImageCompressAll300/AHJN_132068292538821079uDEP5TKzqW.jpg
10,1TS-000D-03NM2,Computer Systems,Laptops / Notebooks,1,HP,"HP 240 G6 14"" HD Notebook, Intel Dual-Core i3-6006U 2.0 GHz, 16 GB RAM, 512 GB SSD, DVD-RW, VGA, HDMI, Card Reader, Wi-Fi, Bluetooth, Windows 10 Pro","Due to holiday observance, orders placed between 4/7 – 4/19 will experience shipping delays",699.99,0.0,https://www.newegg.com/charcoal-gray-hp-240-g6-mainstream/p/1TS-000D-03NM2?Item=9SIAA0S8WZ5687,//c1.neweggimages.com/ProductImageCompressAll300/AA0S_1_201903152006674878.jpg
11,1B4-001S-00AX5,Computer Systems,Laptops / Notebooks,1,HP,"HP Laptop EliteBook 840 G5 (3RF15UT#ABA) Intel Core i7 8th Gen 8550U (1.80 GHz) 16 GB Memory 512 GB PCIe NVMe SSD Intel UHD Graphics 620 14.0"" Windows 10 Pro 64-Bit",,1994.00,0.0,https://www.newegg.com/hp-elitebook-840-g5-mainstream/p/1B4-001S-00AX5?Item=9SIAKVHB3X3147,//c1.neweggimages.com/ProductImageCompressAll300/1B4-001S-00AX5-V06.jpg
12,1TS-000D-06796,Computer Systems,Laptops / Notebooks,1,HP,"HP ProBook 440 G6 Notebook, 14"" FHD Display, Intel Core i7-8565U Upto 4.6GHz, 16GB RAM, 512GB NVMe SSD, HDMI, Card Reader, Wi-Fi, Bluetooth, Windows 10 Pro","Due to holiday observance, orders placed between 4/7 – 4/19 will experience shipping delays",1499.99,0.0,https://www.newegg.com/silver-hp-probook-440-g6/p/1TS-000D-06796?Item=9SIAA0SA6V6311,//c1.neweggimages.com/ProductImageCompressAll300/AA0S_1_20190918431713472.jpg
13,1TS-000D-06W45,Computer Systems,Laptops / Notebooks,1,HP,"HP 14 Notebook, 14"" HD Display, Intel Core i5-1035G1 Upto 3.6GHz, 16GB RAM, 512GB NVMe SSD, HDMI, Card Reader, Wi-Fi, Bluetooth, Windows 10 Home","Due to holiday observance, orders placed between 4/7 – 4/19 will experience shipping delays",699.00,0.0,https://www.newegg.com/silver-hp-14/p/1TS-000D-06W45?Item=9SIAEYAAHS3793,//c1.neweggimages.com/ProductImageCompressAll300/AEYA_1_201911071231998249.jpg
14,1TS-000D-06W73,Computer Systems,Laptops / Notebooks,1,HP,"2019 HP Elitebook 840 G5 14"" 4K UHD (3840x2160) Business Laptop (Intel Quad-Core i5-8250U, 16GB DDR4 RAM, 512GB PCIe NVMe M.2 SSD) Backlit, Fingerprint, Thunderbolt, B&O Audio, NFC, Windows 10 Pro",,1349.99,0.0,https://www.newegg.com/p/1TS-000D-06W73?Item=9SIADG3AHE4569,//c1.neweggimages.com/NeweggImage/ProductImageCompressAll300/ADG3_1321766967754187199cD2K4CxYE.jpg
15,1TS-000D-07KC1,Computer Systems,Laptops / Notebooks,1,HP,"HP 14-DQ1033CL Everyday Value Laptop (Intel i5-1035G4 4-Core, 16GB RAM, 1TB PCIe SSD, 14"" Full HD (1920x1080), Intel Iris Plus Graphics, Wifi, Bluetooth, Webcam, 2xUSB 3.0, Win 10 Pro in S-Mode)",,1258.80,0.0,https://www.newegg.com/p/1TS-000D-07KC1?Item=9SIA7ABAUR2759,//c1.neweggimages.com/ProductImageCompressAll300/V0F3_1_201912201034267132.jpg
16,1TS-000E-0FB05,Computer Systems,Laptops / Notebooks,1,Lenovo,"2019 Lenovo ThinkPad T470 14"" IPS Full HD FHD (1920x1080) Business Laptop (Intel Core i5-6300U, 16GB DDR4 RAM, 512GB PCIe NVMe M.2 SSD) Thunderbolt, Type-C, HDMI RJ-45, Windows 10 Professional 64 Bit",,949.99,0.0,https://www.newegg.com/p/1TS-000E-0FB05?Item=9SIADG3AHU7772,//c1.neweggimages.com/NeweggImage/ProductImageCompressAll300/ADG3_132177429154753208dvoWgpNGP5.jpg
17,1TS-000D-07YR0,Computer Systems,Laptops / Notebooks,1,HP,"HP 14-DQ1033CL Everyday Value Laptop (Intel i5-1035G4 4-Core, 16GB RAM, 512GB m.2 SATA SSD, 14"" Full HD (1920x1080), Intel Iris Plus Graphics, Wifi, Bluetooth, Webcam, 2xUSB 3.0, Win 10 Pro in S-Mode)",,1138.80,0.0,https://www.newegg.com/p/1TS-000D-07YR0?Item=9SIA7ABAX52501,//c1.neweggimages.com/ProductImageCompressAll300/V0F3_1_201912201034267132.jpg
18,1TS-000D-06Z33,Computer Systems,Laptops / Notebooks,1,HP,Newest HP 14 Premium HD Micro-edge Laptop |10Th Intel Core i3-1005G1|16GB DDR4|1TB M.2 SSD| Wi-Fi | Fast Charge| HDMI | Windows 10 | Pale Gold,,599.99,0.0,https://www.newegg.com/p/1TS-000D-06Z33?Item=9SIAEYJAJ24039,//c1.neweggimages.com/ProductImageCompressAll300/AEYJ_1_2019111194440215.jpg
19,1TS-000E-0F3A1,Computer Systems,Laptops / Notebooks,1,Lenovo,"Lenovo Flagship ThinkPad T470 14"" FHD Multi-Touch Anti-Glare Laptop | Intel Dual Core i5-6300U | 16GB RAM | 512GB PCIe SSD | WiFi | HDMI | Fingerprint Reader | USB-C | Webcam | Windows 10 Pro",,879.99,0.0,https://www.newegg.com/p/1TS-000E-0F3A1?Item=9SIAEYJA7D2823,//c1.neweggimages.com/NeweggImage/ProductImageCompressAll300/AEYJ_132152453161818870Ff8k5DFfxP.jpg
20,1TS-000A-08GX1,Computer Systems,Laptops / Notebooks,1,DELL,"Dell Inspiron 3493 14"" Customized Laptop | 10th Gen Intel Core i3-1005G1 up to 3.4 GHz | 16GB RAM 512GB SSD 2TB HDD | HDMI | Wi-Fi | Bluetooth | Black Only 3.4lb | Windows 10",,661.27,0.0,https://www.newegg.com/p/1TS-000A-08GX1?Item=9SIAJZDAX08789,//c1.neweggimages.com/ProductImageCompressAll300/AJZD_1_202001151156184635.jpg
21,N82E16834235447,Computer Systems,Laptops / Notebooks,1,ASUS,"ASUS Laptop ZenBook Flip 14 UX461FN-DH74T Intel Core i7 8565U (1.80 GHz) 16 GB Memory 512 GB SSD NVIDIA GeForce MX150 14.0"" Windows 10 Home",,1418.00,0.0,https://www.newegg.com/asus-zenbook-flip-14-ux461fn-dh74t/p/N82E16834235447?Item=9SIA6ZP8HT8314,//c1.neweggimages.com/ProductImageCompressAll300/cs.jpg
22,1TS-000D-089B3,Computer Systems,Laptops / Notebooks,1,HP,"HP 14"" HD Notebook, Intel i3-1005G1 Dual Core Upto 3.4GHz, 16GB DDR4, 1TB M.2 SSD, UHD Graphics, HDMI, Card Reader, Wi-Fi, Bluetooth, Windows 10 Pro",,619.99,0.0,https://www.newegg.com/p/1TS-000D-089B3?Item=9SIA65EB010477,//c1.neweggimages.com/ProductImageCompressAll300/A65E_1_2020020377652477.jpg
23,1TS-000E-0GZD0,Computer Systems,Laptops / Notebooks,1,Lenovo,"Lenovo ThinkPad T490 i7 Home and Business Laptop (Intel i7-8565U 4-Core, 16GB RAM, 1TB PCIe SSD, 14"" Full HD (1920x1080), Intel UHD 620, Fingerprint, Wifi, Bluetooth, Webcam, 2xUSB 3.1, Win 10 Pro)",Free Expedited Shipping,1858.80,0.0,https://www.newegg.com/p/1TS-000E-0GZD0?Item=9SIA7ABAYM2716,//c1.neweggimages.com/ProductImageCompressAll300/V0F3_1_20191103991548659.jpg
24,1TS-000E-0H165,Computer Systems,Laptops / Notebooks,1,Lenovo,"Lenovo ThinkPad E470 Notebook, 14"" HD Display, Intel Core i5-6200U Upto 2.8GHz, 16GB RAM, 512GB SSD, HDMI, Card Reader, Wi-Fi, Bluetooth, Windows 10 Pro","Due to holiday observance, orders placed between 4/7 – 4/19 will experience shipping delays",829.99,0.0,https://www.newegg.com/black-lenovo-thinkpad-e470/p/1TS-000E-0H165?Item=9SIAA0SAYC5212,//c1.neweggimages.com/ProductImageCompressAll300/AA0S_1_202001232054439236.jpg
25,1TS-000D-084J3,Computer Systems,Laptops / Notebooks,1,HP,"HP 14"" HD Customized Laptop | 10th Gen Intel Quad-Core i5-1035G4 Processor up to 3.7 GHz | 16GB RAM 1024GB SSD | USB Type-C | HDMI | Card Reader | Windows 10 | Silver Only 3.2lb",,789.22,0.0,https://www.newegg.com/p/1TS-000D-084J3?Item=9SIAJZDAWC4522,//c1.neweggimages.com/ProductImageCompressAll300/AJZD_1_20200113712419307.jpg
26,1TS-000D-08998,Computer Systems,Laptops / Notebooks,1,HP,"HP 14"" HD Notebook, Intel i3-1005G1 Dual Core Upto 3.4GHz, 16GB DDR4, 512GB M.2 SSD, UHD Graphics, HDMI, Card Reader, Wi-Fi, Bluetooth, Windows 10 Pro",,549.99,0.0,https://www.newegg.com/p/1TS-000D-08998?Item=9SIA65EAZZ1175,//c1.neweggimages.com/ProductImageCompressAll300/A65E_1_2020020377652477.jpg
27,1TS-000E-0J6N3,Computer Systems,Laptops / Notebooks,1,Lenovo,"Lenovo ThinkBook 14s IWL Home and Business Laptop (Intel i5-8265U 4-Core, 16GB RAM, 512GB PCIe SSD, 14.0"" Full HD (1920x1080), AMD Radeon 540X, Fingerprint, Wifi, Bluetooth, Webcam, Win 10 Pro)",,899.00,0.0,https://www.newegg.com/p/1TS-000E-0J6N3?Item=9SIA7ABB9V9455,//c1.neweggimages.com/ProductImageCompressAll300/V0F3_1_20200408454636435.jpg
28,N82E16834235238,Computer Systems,Laptops / Notebooks,1,ASUS,"ASUS ZenBook 14 Ultra-Slim Laptop 14"" Full HD NanoEdge Bezel, Intel Core i7-8565U, 16 GB RAM, 512 GB PCIe SSD, GeForce MX250, Innovative ScreenPad 2.0, Windows 10 Pro, UX434FL-DB77, Royal Blue",,1239.97,20.98,https://www.newegg.com/dark-royal-blue-asus-zenbook-ux434fl-db77-mainstream/p/N82E16834235238?Item=9SIAFVFA8C0279,//c1.neweggimages.com/ProductImageCompressAll300/34-235-238-V21.jpg
29,1TS-000X-012P9,Computer Systems,Laptops / Notebooks,1,Acer America,"Acer Spin 3 Convertible Laptop, 14"" Full HD IPS Touch, 8th Gen Intel Core i7-8565U, 16GB DDR4, 512GB PCIe NVMe SSD, Backlit KB, Fingerprint Reader, Rechargeable Active Stylus, SP314-53N-77AJ Tablet PC",,949.99,0.0,https://www.newegg.com/silver-acer-spin-3-everyday-value/p/1TS-000X-012P9?Item=9SIA8X59K22246,//c1.neweggimages.com/NeweggImage/ProductImageCompressAll300/A8X5_1320672940605582668hCW3qrDKz.jpg
30,1TS-001A-01GH8,Computer Systems,Laptops / Notebooks,1,ASUS,"Asus Zenbook Flip 14"" FHD (1920x1080) Touch 2-in-1 Business Laptop (Intel Quad Core i7-8565U, 16GB RAM, 512GB PCIe M.2 SSD) Backlit, Fingerprint, Type-C, Bluetooth 5.0, Windows 10",,1199.99,0.0,https://www.newegg.com/p/1TS-001A-01GH8?Item=9SIADG3AX61051,//c1.neweggimages.com/NeweggImage/ProductImageCompressAll300/ADG3S191231tC3XJ.jpg
31,1TS-001A-01RH9,Computer Systems,Laptops / Notebooks,1,ASUS,"Asus Zenbook Flip 14"" FHD (1920x1080) Touch 2-in-1 Business Laptop (Intel Quad Core i7-8565U, 16GB RAM, 1TB PCIe M.2 SSD) Backlit, Fingerprint, Type-C, Bluetooth 5.0, Windows 10",,1299.99,0.0,https://www.newegg.com/p/1TS-001A-01RH9?Item=9SIADG3AYF5809,//c1.neweggimages.com/NeweggImage/ProductImageCompressAll300/ADG3S200110rUdEl.jpg
32,1TS-000E-0F333,Computer Systems,Laptops / Notebooks,1,Lenovo,"Lenovo ThinkPad T490 Home and Business Laptop (Intel i7-8665U 4-Core, 16GB RAM, 1TB PCIe SSD, 14"" Touch  Full HD (1920x1080), Intel UHD 620, Fingerprint, Wifi, Bluetooth, Webcam, Win 10 Pro)",,2144.99,0.0,https://www.newegg.com/p/1TS-000E-0F333?Item=9SIA8TKADY2110,//c1.neweggimages.com/NeweggImage/ProductImageCompressAll300/V0F3_1_201908021284836245.jpg
33,1TS-000D-07XH6,Computer Systems,Laptops / Notebooks,1,HP,"HP 14 Notebook, 14"" HD Display, AMD A9-9425 Upto 3.7GHz, 16GB RAM, 512GB NVMe SSD, HDMI, Card Reader, Wi-Fi, Bluetooth, Windows 10 Pro S","Due to holiday observance, orders placed between 4/7 – 4/19 will experience shipping delays",599.00,0.0,https://www.newegg.com/silver-hp-14/p/1TS-000D-07XH6?Item=9SIAA0SAT50567,//c1.neweggimages.com/ProductImageCompressAll300/AA0S_1_201912231082315641.jpg
34,1TS-000D-07XK5,Computer Systems,Laptops / Notebooks,1,HP,"HP 14 Notebook, 14"" HD Display, AMD A9-9425 Upto 3.7GHz, 16GB RAM, 512GB NVMe SSD, HDMI, Card Reader, Wi-Fi, Bluetooth, Windows 10 Home S",,589.99,0.0,https://www.newegg.com/silver-hp-14/p/1TS-000D-07XK5?Item=9SIAMPTB6B9317,//c1.neweggimages.com/NeweggImage/ProductImageCompressAll300/AEYA_1_201912231870889300.jpg
35,1TS-000A-07BJ3,Computer Systems,Laptops / Notebooks,1,DELL,"Dell Inspiron 14 3000 Notebook, 14"" HD Display, Intel Core i5-1035G4 Upto 3.7GHz, 16GB RAM, 512GB NVMe SSD, HDMI, Card Reader, Wi-Fi, Bluetooth, Windows 10 Pro S","Due to holiday observance, orders placed between 4/7 – 4/19 will experience shipping delays",699.00,0.0,https://www.newegg.com/black-textured-dell-inspiron-14-3000/p/1TS-000A-07BJ3?Item=9SIAA0SAT41692,//c1.neweggimages.com/ProductImageCompressAll300/AA0S_1_20191223684973175.jpg
