,item_number,general_category,product_category,page_number,brand,model_specifications,current_promotions,price,shipping,product_links,image_link
0,1TS-000X-01YF7,Computer Systems,Laptops / Notebooks,3,Acer America,"Refurbished: Acer Aspire 3 A315 Notebook, 15.6"" FHD Display, AMD Ryzen 7 2700U Upto 3.8GHz, 8GB RAM, 512GB SSD, Vega 10, HDMI, Card Reader, Wi-Fi, Bluetooth, Windows 10 Pro","Due to holiday observance, orders placed between 4/7 – 4/19 will experience shipping delays",805.99,0.0,https://www.newegg.com/black-acer-aspire-3-a315/p/1TS-000X-01YF7,//c1.neweggimages.com/ProductImageCompressAll300/AA0S_1_20200305538605783.jpg
1,1TS-000A-056F4,Computer Systems,Laptops / Notebooks,3,DELL,"Dell Inspiron 15 5575 Home Office Laptop (AMD Ryzen 7 2700U 4-Core, 8GB RAM, 1TB HDD, 15.6"" Full HD (1920x1080), AMD Radeon RX Vega 10, Wifi, Bluetooth, Webcam, 2xUSB 3.1, 1xHDMI, Win 10 Home)",OUT OF STOCK,718.80,0.0,https://www.newegg.com/p/1TS-000A-056F4,//c1.neweggimages.com/ProductImageCompressAll300/A7AB_1_20190608809741492.jpg
2,1TS-000A-056X6,Computer Systems,Laptops / Notebooks,3,DELL,"Dell Inspiron 15 5575 Home Office Laptop (AMD Ryzen 7 2700U 4-Core, 8GB RAM, 256GB  PCIe SSD + 2TB  HDD, 15.6"" Full HD (1920x1080), AMD Radeon RX Vega 10, Wifi, Bluetooth, Webcam, Win 10 Home)",OUT OF STOCK,1078.80,0.0,https://www.newegg.com/p/1TS-000A-056X6,//c1.neweggimages.com/ProductImageCompressAll300/A7AB_1_20190608809741492.jpg
3,1TS-000E-0EP46,Computer Systems,Laptops / Notebooks,3,Lenovo,"Lenovo ThinkPad E595 Home and Business Laptop (AMD Ryzen 7 3700U 4-Core, 8GB RAM, 256GB  SATA SSD, 15.6"" Full HD (1920x1080), AMD Radeon RX Vega 10, Wifi, Bluetooth, Webcam, 2xUSB 3.1, Win 10 Pro)",OUT OF STOCK,979.67,0.0,https://www.newegg.com/p/1TS-000E-0EP46,//c1.neweggimages.com/NeweggImage/ProductImageCompressAll300/A7AB_1_20190819131804192.jpg
4,1TS-000E-0EP47,Computer Systems,Laptops / Notebooks,3,Lenovo,"Lenovo ThinkPad E595 Home and Business Laptop (AMD Ryzen 7 3700U 4-Core, 8GB RAM, 256GB SSD, 15.6"" Full HD (1920x1080), AMD Radeon RX Vega 10, Wifi, Bluetooth, Webcam, 2xUSB 3.1, 1xHDMI, Win 10 Pro)",OUT OF STOCK,979.67,0.0,https://www.newegg.com/p/1TS-000E-0EP47,//c1.neweggimages.com/NeweggImage/ProductImageCompressAll300/A7AB_1_20190819131804192.jpg
5,1TS-0016-00PM4,Computer Systems,Laptops / Notebooks,3,MSI,"MSI ALPHA 15 A3DD-003 Gaming and Business Laptop (AMD Ryzen 7 3750H 4-Core, 8GB RAM, 512GB SSD, 15.6"" Full HD (1920x1080), AMD Radeon RX5500M, Win 10 Home) with Loot Box , Gaming Controller , Headset",OUT OF STOCK,1318.80,0.0,https://www.newegg.com/p/1TS-0016-00PM4,//c1.neweggimages.com/ProductImageCompressAll300/V0F3_1_20191106322261694.jpg
6,1TS-001A-024V9,Computer Systems,Laptops / Notebooks,3,ASUS,"ASUS TUF 15.6"" Gaming Laptop AMD Ryzen 7 8GB RAM 256GB SSD + + Office 365 Bundle",OUT OF STOCK,1107.78,0.0,https://www.newegg.com/p/1TS-001A-024V9,//c1.neweggimages.com/ProductImageCompressAll300/A24G_1_202004011158746610.jpg
