,item_number,general_category,product_category,page_number,brand,model_specifications,current_promotions,price,shipping,product_links,image_link
0,1TS-000E-0FDM4,Computer Systems,Laptops / Notebooks,4,Lenovo,"Lenovo ThinkPad T440P 14"" Customize Laptop Intel 4th Gen i5-4300M Processor 8GB RAM 512GB SSD VGA WIFI Bluetooth Webcam Windows 10 Professional",,3330.00,0.0,https://www.newegg.com/p/1TS-000E-0FDM4?Item=9SIAJZDAM91786,//c1.neweggimages.com/ProductImageCompressAll300/AJZD_1_20191121555895236.jpg
1,1TS-000X-01TP9,Computer Systems,Laptops / Notebooks,4,Acer America,"Acer Aspire 5 Notebook, 14"" FHD Display, Intel Core i7-8565U Upto 4.6GHz, 8GB RAM, 1TB NVMe SSD, HDMI, Wi-Fi, Bluetooth, Windows 10 Pro","Due to holiday observance, orders placed between 4/7 – 4/19 will experience shipping delays",1129.99,0.0,https://www.newegg.com/dark-gray-acer-aspire-5/p/1TS-000X-01TP9?Item=9SIAA0SAZC1486,//c1.neweggimages.com/ProductImageCompressAll300/AA0S_1_202001301875491870.jpg
2,1TS-000E-0HZT3,Computer Systems,Laptops / Notebooks,4,Lenovo,"Lenovo Thinkpad T480 Business Laptop, 14"" FHD IPS Display, 8th Gen Intel Core i5-8250U 8GB RAM 1TB PCIe SSD, Backlit KB Fingerprint Thunderbolt Win 10 Pro",,1202.00,0.0,https://www.newegg.com/black-lenovo-thinkpad-t480-everyday-value/p/1TS-000E-0HZT3?Item=9SIAMRPB6E9418,//c1.neweggimages.com/NeweggImage/ProductImageCompressAll300/AMRPS200313qlV7V.jpg
3,1TS-000A-09Y21,Computer Systems,Laptops / Notebooks,4,DELL,"Dell Vostro 5490 Notebook, 14"" FHD Display, Intel Core i5-10210U Upto 4.2GHz, 8GB RAM, 512GB NVMe SSD, HDMI, DisplayPort via USB-C, Card Reader, Wi-Fi, Bluetooth, Windows 10 Pro","Due to holiday observance, orders placed between 4/7 – 4/19 will experience shipping delays",929.99,0.0,https://www.newegg.com/silver-dell-vostro-5490/p/1TS-000A-09Y21?Item=9SIAA0SB798873,//c1.neweggimages.com/ProductImageCompressAll300/AA0S_1_20200406612197968.jpg
4,1TS-000E-0HJR4,Computer Systems,Laptops / Notebooks,4,Lenovo,"Lenovo S540 14"" Full HD Touchscreen Laptop,8th Gen Intel Core i7-8565U,8GB DDR4,1TB SSD,Intel UHD Graphics 620,Wifi-AC,Bluetooth,Fingerprint Reader,HDMI,Windows 10 Pro",,799.00,0.0,https://www.newegg.com/grey-lenovo-s540-81qx-mainstream/p/1TS-000E-0HJR4?Item=9SIAE4NB0G4187,//c1.neweggimages.com/ProductImageCompressAll300/V139_1_202002111304871859.jpg
5,1TS-000H-00DE5,Computer Systems,Laptops / Notebooks,4,Panasonic,"Panasonic Toughbook FZ-55, Intel® Core™ i5-8365U 1.6GHz, Boost up to 4.1 GHz. 512GB SSD, 8 GB DDR4, Emissive Backlit Keyboard, Webcam, Wi-Fi, Bluetooth, Windows® 10 pro. 3 Year Warranty",,2655.99,35.00,https://www.newegg.com/p/1TS-000H-00DE5?Item=9SIAMKKAX24571,//c1.neweggimages.com/NeweggImage/ProductImageCompressAll300/AMKKS200115boHdj.jpg
6,1TS-000X-01TS1,Computer Systems,Laptops / Notebooks,4,Acer America,"Acer Aspire 5 Notebook, 14"" FHD Display, Intel Core i7-8565U Upto 4.6GHz, 8GB RAM, 512GB NVMe SSD, HDMI, Wi-Fi, Bluetooth, Windows 10 Pro","Due to holiday observance, orders placed between 4/7 – 4/19 will experience shipping delays",1029.99,0.0,https://www.newegg.com/dark-gray-acer-aspire-5/p/1TS-000X-01TS1?Item=9SIAA0SAZC1499,//c1.neweggimages.com/ProductImageCompressAll300/AA0S_1_20200130104686423.jpg
7,1TS-000E-0GZZ5,Computer Systems,Laptops / Notebooks,4,Lenovo,"Lenovo ThinkPad  L480 Notebook, 14"" HD Display, Intel Core i5-8250U Upto 3.40 GHz, 8GB RAM, 512GB SSD, HDMI, Card Reader, Wi-Fi, Bluetooth, Windows 10 Pro","Due to holiday observance, orders placed between 4/7 – 4/19 will experience shipping delays",1149.99,0.0,https://www.newegg.com/black-lenovo-thinkpad-l480/p/1TS-000E-0GZZ5?Item=9SIAA0SAWE7059,//c1.neweggimages.com/ProductImageCompressAll300/AA0S_1_20200114541912180.jpg
8,1TS-000D-09915,Computer Systems,Laptops / Notebooks,4,HP,"HP ProBook 445R G6 Notebook, 14"" FHD Display, AMD Ryzen 5 3500U Upto 3.7GHz, 8GB RAM, 1TB NVMe SSD + 1TB HDD, Vega 8, HDMI, DisplayPort via USB-C, Card Reader, Wi-Fi, Bluetooth, Windows 10 Pro","Due to holiday observance, orders placed between 4/7 – 4/19 will experience shipping delays",1039.99,0.0,https://www.newegg.com/silver-hp-probook-445r-g6/p/1TS-000D-09915?Item=9SIAA0SB1C3480,//c1.neweggimages.com/ProductImageCompressAll300/AA0S_1_202002181104935149.jpg
9,1TS-000D-09CW1,Computer Systems,Laptops / Notebooks,4,HP,"2020 Newest HP Pavilion 14"" Thin & Light Laptop, Micro-Edge Display, 10th Gen Intel Dual-Core i3-1005G1 (Beat i5-7200U) 8GB RAM  512GB SSD Bluetooth Type-C Webcam Win 10 (Gold)",,662.00,0.0,https://www.newegg.com/p/1TS-000D-09CW1?Item=9SIAMRPB6C6700,//c1.neweggimages.com/NeweggImage/ProductImageCompressAll300/AMRPS200311TPyqB.jpg
10,1TS-000D-088V8,Computer Systems,Laptops / Notebooks,4,HP,"HP EliteBook 840 G3 Notebook, 14"" FHD Display, Intel Core i5-6300U Upto 3.0GHz, 8GB RAM, 512GB SSD + 1TB HDD, VGA, DisplayPort, Card Reader, Wi-Fi, Bluetooth, Windows 10 Pro","Due to holiday observance, orders placed between 4/7 – 4/19 will experience shipping delays",829.99,0.0,https://www.newegg.com/silver-hp-elitebook-840-g3/p/1TS-000D-088V8?Item=9SIAA0SAZC1038,//c1.neweggimages.com/ProductImageCompressAll300/V0N6_1_202002281492137480.jpg
11,1TS-000D-098N0,Computer Systems,Laptops / Notebooks,4,HP,"HP 14"" HD Notebook, Ryzen 3 3200u Quad Core Upto 3.6GHz, 8GB DDR4, 512GB M.2 SSD, UHD Graphics, HDMI, Card Reader, Wi-Fi, Bluetooth, USB 3.1, Windows 10 Pro",,609.99,0.0,https://www.newegg.com/p/1TS-000D-098N0?Item=9SIA65EB192556,//c1.neweggimages.com/ProductImageCompressAll300/A65E_1_20200217473530409.jpg
12,1TS-001A-02207,Computer Systems,Laptops / Notebooks,4,ASUS,"ASUS ZenBook 14 UM433DA-DH75 Home and Business Laptop (AMD Ryzen 7 3700U 4-Core, 8GB RAM, 1TB PCIe SSD, 14.0"" Full HD (1920x1080), AMD Radeon RX Vega 10, Wifi, Bluetooth, Webcam, 1xHDMI, Win 10 Pro)",,1546.80,0.0,https://www.newegg.com/p/1TS-001A-02207?Item=9SIA7ABB2X0256,//c1.neweggimages.com/ProductImageCompressAll300/V0F3_1_202002131011343831.jpg
13,1TS-001A-02201,Computer Systems,Laptops / Notebooks,4,ASUS,"ASUS ZenBook 14 UM433DA-DH75 Home and Business Laptop (AMD Ryzen 7 3700U 4-Core, 8GB RAM, 512GB SSD, 14.0"" Full HD (1920x1080), AMD Radeon RX Vega 10, Wifi, Bluetooth, Webcam, 1xHDMI, Win 10 Home)",,946.80,0.0,https://www.newegg.com/p/1TS-001A-02201?Item=9SIA7ABB2X0080,//c1.neweggimages.com/ProductImageCompressAll300/V0F3_1_202002131011343831.jpg
14,1TS-001A-02209,Computer Systems,Laptops / Notebooks,4,ASUS,"ASUS ZenBook 14 UM433DA-DH75 Home and Business Laptop (AMD Ryzen 7 3700U 4-Core, 8GB RAM, 1TB PCIe SSD, 14.0"" Full HD (1920x1080), AMD Radeon RX Vega 10, Wifi, Bluetooth, Webcam, 1xHDMI, Win 10 Home)",,1366.80,0.0,https://www.newegg.com/p/1TS-001A-02209?Item=9SIA7ABB2X0258,//c1.neweggimages.com/ProductImageCompressAll300/V0F3_1_202002131011343831.jpg
15,1TS-000E-0H172,Computer Systems,Laptops / Notebooks,4,Lenovo,"Lenovo ThinkPad E470 Notebook, 14"" HD Display, Intel Core i5-6200U Upto 2.8GHz, 8GB RAM, 512GB SSD, HDMI, Card Reader, Wi-Fi, Bluetooth, Windows 10 Pro","Due to holiday observance, orders placed between 4/7 – 4/19 will experience shipping delays",789.99,0.0,https://www.newegg.com/black-lenovo-thinkpad-e470/p/1TS-000E-0H172?Item=9SIAA0SAYC5219,//c1.neweggimages.com/ProductImageCompressAll300/AA0S_1_20200123178263939.jpg
16,1TS-000D-088Y3,Computer Systems,Laptops / Notebooks,4,HP,"HP EliteBook 840 G3 Notebook, 14"" FHD Touch Display, Intel Core i5-6300U Upto 3.0GHz, 8GB RAM, 512GB SSD, HDMI, DisplayPort, Card Reader, Wi-Fi, Bluetooth, Windows 10 Pro","Due to holiday observance, orders placed between 4/7 – 4/19 will experience shipping delays",1163.49,0.0,https://www.newegg.com/black-silver-hp-elitebook-840-g3/p/1TS-000D-088Y3?Item=9SIAA0SAZC2176,//c1.neweggimages.com/ProductImageCompressAll300/AA0S_1_20200130648504295.jpg
17,1TS-000D-084N0,Computer Systems,Laptops / Notebooks,4,HP,"HP 14 Notebook, 14"" FHD Display, Intel Core i3-8130U Upto 3.40GHz, 8GB RAM, 512GB SSD, HDMI, Card Reader, Wi-Fi, Bluetooth, Windows 10 Home S","Due to holiday observance, orders placed between 4/7 – 4/19 will experience shipping delays",499.00,0.0,https://www.newegg.com/silver-hp-14/p/1TS-000D-084N0?Item=9SIAEYAAWE4853,//c1.neweggimages.com/ProductImageCompressAll300/AEYA_1_202001141674035229.jpg
18,1TS-000D-088V0,Computer Systems,Laptops / Notebooks,4,HP,"HP EliteBook 840 G3 Notebook, 14"" FHD Display, Intel Core i5-6300U Upto 3.0GHz, 8GB RAM, 1TB SSD, VGA, DisplayPort, Card Reader, Wi-Fi, Bluetooth, Windows 10 Pro","Due to holiday observance, orders placed between 4/7 – 4/19 will experience shipping delays",929.99,0.0,https://www.newegg.com/silver-hp-elitebook-840-g3/p/1TS-000D-088V0?Item=9SIAA0SAZC1030,//c1.neweggimages.com/ProductImageCompressAll300/V0N6_1_202002281492137480.jpg
19,1TS-000X-01YP7,Computer Systems,Laptops / Notebooks,4,Acer America,"Newest ACER Aspire 5 14"" FHD IPS Premium Laptop PC, Intel Quad-Core i7-8565U up to 4.6GHz, 8GB RAM, 1TB SSD Boot + 1TB HDD, WIFI, HDMI, USB-C, Bluetooth 5.0, Windows 10, Black",,946.99,0.0,https://www.newegg.com/black-acer-aspire-5-mainstream/p/1TS-000X-01YP7?Item=9SIAKYFB5T2310,//c1.neweggimages.com/ProductImageCompressAll300/AEYJ_1_201911131675607289.jpg
20,1TS-000E-0J122,Computer Systems,Laptops / Notebooks,4,Lenovo,"Lenovo Thinkpad T480 14.0"" Customized Business Laptop | Intel Quad Core i5-8250U | 8GB RAM 512GB SSD | Full HD IPS | Fingerprint Reader | 802.11ac | Windows 10 Home Black",,932.09,0.0,https://www.newegg.com/p/1TS-000E-0J122?Item=9SIAJZDB786159,//c1.neweggimages.com/ProductImageCompressAll300/AJZD_1_202003191188496071.jpg
21,1TS-000D-088V9,Computer Systems,Laptops / Notebooks,4,HP,"HP EliteBook 840 G3 Notebook, 14"" FHD Display, Intel Core i5-6300U Upto 3.0GHz, 8GB RAM, 512GB SSD, VGA, DisplayPort, Card Reader, Wi-Fi, Bluetooth, Windows 10 Pro","Due to holiday observance, orders placed between 4/7 – 4/19 will experience shipping delays",829.99,0.0,https://www.newegg.com/silver-hp-elitebook-840-g3/p/1TS-000D-088V9?Item=9SIAA0SAZC1039,//c1.neweggimages.com/ProductImageCompressAll300/V0N6_1_202002281492137480.jpg
22,1TS-000H-00DF9,Computer Systems,Laptops / Notebooks,4,Panasonic,"Panasonic Toughbook CF-54G2999VM, Intel® Core™ i5-7300U vPro™ processor speed up to 3.5GHz, 14"", 8GB, 512GB SSD, 4G LTE,  Emissive Backlit Keyboard, Windows® 10 Pro 64-bit",,1899.99,35.00,https://www.newegg.com/p/1TS-000H-00DF9?Item=9SIAMKKB0F0035,//c1.neweggimages.com/NeweggImage/ProductImageCompressAll300/AMKKS200210gdQxm.jpg
23,1TS-000X-01TR9,Computer Systems,Laptops / Notebooks,4,Acer America,"Acer Aspire 5 Notebook, 14"" FHD Display, Intel Core i7-8565U Upto 4.6GHz, 8GB RAM, 512GB NVMe SSD + 1TB HDD, HDMI, Wi-Fi, Bluetooth, Windows 10 Pro","Due to holiday observance, orders placed between 4/7 – 4/19 will experience shipping delays",1029.99,0.0,https://www.newegg.com/dark-gray-acer-aspire-5/p/1TS-000X-01TR9?Item=9SIAA0SAZC1496,//c1.neweggimages.com/ProductImageCompressAll300/AA0S_1_202001301688320999.jpg
24,1TS-000E-0J1Y6,Computer Systems,Laptops / Notebooks,4,Lenovo,"Lenovo Flex 14.0"" HD 2-in-1 Touchscreen Notebook,8th Gen Intel Core i3-8145U,8GB DDR4,512GB SSD,Intel UHD 620 Graphics,Wifi-AC,Bluetooth 4.2,HDMI,USB,Windows 10 Pro",,649.00,0.0,https://www.newegg.com/black-lenovo-flex-81sq000d-creating-designing/p/1TS-000E-0J1Y6?Item=9SIAE4NB7Z0643,//c1.neweggimages.com/ProductImageCompressAll300/AE4N_1_20191023587204988.jpg
25,1TS-000E-095H7,Computer Systems,Laptops / Notebooks,4,Lenovo,"Lenovo ThinkPad V720 14"" IPS FHD Notebook, Intel Dual-Core i5-7200U Upto 3.1GHz, 8GB DDR4, 1TB NVMe SSD, NVIDIA GeForce 940MX 2GB, HDMI, Thunderbolt, Backlit Keyboard, Card Reader, Windows 10 Pro","Due to holiday observance, orders placed between 4/7 – 4/19 will experience shipping delays",1099.99,0.0,https://www.newegg.com/black-thinkpad-lenovo-v720-everyday-value/p/1TS-000E-095H7?Item=9SIAA0S7MP4862,//c1.neweggimages.com/NeweggImage/ProductImageCompressAll300/AA0S_1_201806211875910408.jpg
26,1TS-000E-095J2,Computer Systems,Laptops / Notebooks,4,Lenovo,"Lenovo ThinkPad V720 14"" IPS FHD Notebook, Intel Dual-Core i5-7200U Upto 3.1GHz, 8GB DDR4, 512GB NVMe SSD, NVIDIA GeForce 940MX 2GB, HDMI, Thunderbolt, Backlit Keyboard, Card Reader, Windows 10 Pro","Due to holiday observance, orders placed between 4/7 – 4/19 will experience shipping delays",879.99,0.0,https://www.newegg.com/black-thinkpad-lenovo-v720-everyday-value/p/1TS-000E-095J2?Item=9SIAA0S7MP4875,//c1.neweggimages.com/NeweggImage/ProductImageCompressAll300/AA0S_1_201806211751470404.jpg
27,1TS-000A-02BS2,Computer Systems,Laptops / Notebooks,4,DELL,"NEW 3Y WRTY Latitude 7000 (7480) i7 7600U 16G 512G SSD, 14"" TOUCH (1920x1080), W10 Pro Dell Ultrabook Business Lightweight Laptop - FREE 2nd Adapter",,2499.11,0.0,https://www.newegg.com/black-dell-latitude-7480-workstation/p/1TS-000A-02BS2?Item=9SIADDT6F75860,//c1.neweggimages.com/NeweggImage/ProductImageCompressAll300/A3TX_131511163146728651284xKDC5xs.jpg
28,1TS-000D-034K5,Computer Systems,Laptops / Notebooks,4,HP,"HP 14.0"" HD Notebook, Intel Dual-Core i3-7100U 2.4GHz, 8GB DDR4, 512GB SSD, HDMI, Card Reader, Intel HD Graphics 620, 1x USB 3.1 Type-C, 2x USB 3.1, Wi-Fi, Bluetooth, Windows 10 Pro",,638.99,0.0,https://www.newegg.com/gold-hp-14-notebook/p/1TS-000D-034K5?Item=9SIAKKBAT54030,//c1.neweggimages.com/NeweggImage/ProductImageCompressAll300/AA0S_1_201811291869248356.jpg
29,N82E16834155294,Computer Systems,Laptops / Notebooks,4,MSI,"MSI Laptop Modern 14 A10M-460 Intel Core i5 10th Gen 10210U (1.60 GHz) 8 GB Memory 512 GB NVMe SSD 14.0"" Windows 10 Home 64-bit","Due to holiday observance, orders placed between 4/7 – 4/19 will experience shipping delays",749.00,15.35,https://www.newegg.com/grey-with-blue-diamond-cut-msi-modern-14-a10m-460-mainstream/p/N82E16834155294?Item=9SIA4P0A6X4891,//c1.neweggimages.com/ProductImageCompressAll300/34-155-294-V01.jpg
30,N82E16834155293,Computer Systems,Laptops / Notebooks,4,MSI,"MSI Laptop Modern 14 A10RB-459 Intel Core i5 10th Gen 10210U (1.60 GHz) 8 GB Memory 512 GB NVMe SSD NVIDIA GeForce MX250 14.0"" Windows 10 Pro 64-bit","Due to holiday observance, orders placed between 4/7 – 4/19 will experience shipping delays",899.00,15.35,https://www.newegg.com/grey-with-blue-diamond-cut-msi-modern-14-a10rb-459-mainstream/p/N82E16834155293?Item=9SIA4P0A6X4879,//c1.neweggimages.com/ProductImageCompressAll300/34-155-293-V01.jpg
31,N82E16834235256,Computer Systems,Laptops / Notebooks,4,ASUS,"ASUSPRO P5440 Thin & Light Business Laptop, 14"" Wideview FHD, Intel Core i5-8265U, 8GB RAM, 512GB PCIe SSD, Fingerprint, Backlit KB, Windows 10 Pro, 10hrs Battery Life, P5440FA-XB54","Due to holiday observance, orders placed between 4/7 – 4/19 will experience shipping delays",899.00,0.0,https://www.newegg.com/mgcote-slab-gray-asus-p5440fa-xb54-mainstream/p/N82E16834235256?Item=9SIA4P0B8F4493,//c1.neweggimages.com/ProductImageCompressAll300/34-235-256-V16.jpg
32,N82E16834847982,Computer Systems,Laptops / Notebooks,4,Lenovo,"Lenovo ThinkPad T490 20N2002AUS 14"" Laptop i7-8565U 8GB 512GB SSD W10P",,1599.00,0.0,https://www.newegg.com/glossy-black-lenovo-thinkpad-20n2002aus/p/N82E16834847982?Item=9SIA7ABB7B3164,//c1.neweggimages.com/NeweggImage/ProductImageCompressAll300/AF0Y_1_20190406674465382.jpg
33,0N6-00ZF-001S2,Computer Systems,Laptops / Notebooks,4,HP,"HP Laptop EliteBook 1040 G4 Intel Core i7 7th Gen 7500U (2.70 GHz) 8 GB Memory 512 GB SSD Intel HD Graphics 620 14.0"" Touchscreen Windows 10 Pro 64-Bit",,1917.99,0.0,https://www.newegg.com/silver-hp-elitebook-1040-g4-mainstream/p/0N6-00ZF-001S2?Item=9SIA19PA7T3310,//c1.neweggimages.com/ProductImageCompressAll300/A1K0_1_20180307671879524.jpg
34,1TS-000E-0C038,Computer Systems,Laptops / Notebooks,4,Lenovo,"Lenovo ThinkPad T480, 14.0"" FHD, UHD Graphics 620, i5-8250U Processor, 8 GB DDR4 2400MHz RAM, 512 GB SSD, PCIe-NVME OPAL2.0 M.2, Win 10 Home 64",,2999.97,0.0,https://www.newegg.com/black-lenovo-thinkpad-t480-everyday-value/p/1TS-000E-0C038?Item=9SIA6R48TV7381,//c1.neweggimages.com/NeweggImage/ProductImageCompressAll300/AHRC_1_202001121959309254.jpg
35,1TS-000D-03NM9,Computer Systems,Laptops / Notebooks,4,HP,"HP 240 G6 14"" HD Notebook, Intel Dual-Core i3-6006U 2.0GHz, 8GB RAM, 1TB SSD, DVD-RW, VGA, HDMI, Card Reader, Wi-Fi, Bluetooth, Windows 10 Pro","Due to holiday observance, orders placed between 4/7 – 4/19 will experience shipping delays",699.99,0.0,https://www.newegg.com/charcoal-gray-hp-240-g6-mainstream/p/1TS-000D-03NM9?Item=9SIAA0S8WZ5706,//c1.neweggimages.com/ProductImageCompressAll300/AA0S_1_20190315416038850.jpg
