,item_number,general_category,product_category,page_number,brand,model_specifications,current_promotions,price,shipping,product_links,image_link
0,1TS-000E-0J1N6,Computer Systems,Laptops / Notebooks,3,Lenovo,"2020 Lenovo Thinkpad T480 14"" Full HD FHD (1920x1080) Business Laptop (Intel 8th Gen Quad-Core i5-8250U, 8GB DDR4 RAM, 512GB SATA SSD) Backlit, Fingerprint, Thunderbolt 3 Type-C, Windows 10 Pro",,1069.99,0.0,https://www.newegg.com/p/1TS-000E-0J1N6?Item=9SIADG3B969373,//c1.neweggimages.com/NeweggImage/ProductImageCompressAll300/ADG3S2003251Jy2L.jpg
1,1TS-000E-0F6F5,Computer Systems,Laptops / Notebooks,3,Lenovo,"Lenovo Flex 14.0"" Full HD 2-in-1 Touchscreen Notebook,8th Gen Intel Core i5-8265U,8GB DDR4,1TB SSD,Intel UHD 615 Graphics,Wifi-AC,Bluetooth,HDMI,USB,Fingerprint Reader,Windows 10 Pro",,799.00,0.0,https://www.newegg.com/black-lenovo-flex-81sq000k-creating-designing/p/1TS-000E-0F6F5?Item=9SIAE4NAEV3036,//c1.neweggimages.com/ProductImageCompressAll300/AE4N_1_20191023587204988.jpg
2,1TS-000D-03M69,Computer Systems,Laptops / Notebooks,3,HP,"HP 245 G6 Notebook, 14"" HD Display, AMD Dual-Core E2-9000e Upto 2.9GHz, 8GB RAM, 1TB SSD, VGA, HDMI, Card Reader, Wi-Fi, Bluetooth, Windows 10 Pro","Due to holiday observance, orders placed between 4/7 – 4/19 will experience shipping delays",558.99,0.0,https://www.newegg.com/gray-hp-245-g6-everyday-value/p/1TS-000D-03M69?Item=9SIAA0S8VK1344,//c1.neweggimages.com/ProductImageCompressAll300/V19B_1_201903081945629087.jpg
3,1TS-000A-066D2,Computer Systems,Laptops / Notebooks,3,DELL,"Dell Inspiron 3480 Notebook, 14"" HD Display, Intel Core i3-8145U Upto 3.9GHz, 8GB RAM, 512GB SSD, HDMI, Card Reader, Wi-Fi, Bluetooth, Windows 10 Pro","Due to holiday observance, orders placed between 4/7 – 4/19 will experience shipping delays",701.99,0.0,https://www.newegg.com/black-textured-dell-inspiron-3480/p/1TS-000A-066D2?Item=9SIAA0SA515578,//c1.neweggimages.com/ProductImageCompressAll300/V2AT_1_20190913704842639.jpg
4,1TS-000D-03NJ1,Computer Systems,Laptops / Notebooks,3,HP,"HP 240 G6 14"" HD Notebook, Intel Dual-Core N4000 Upto 2.6GHz, 8GB RAM, 512GB SSD, VGA, HDMI, LAN, Card Reader, Wi-Fi, Bluetooth, Windows 10 Pro","Due to holiday observance, orders placed between 4/7 – 4/19 will experience shipping delays",629.99,0.0,https://www.newegg.com/charcoal-gray-hp-240-g6-mainstream/p/1TS-000D-03NJ1?Item=9SIAA0S8WY3060,//c1.neweggimages.com/ProductImageCompressAll300/AA0S_1_201903151379184001.jpg
5,1TS-001A-00GC3,Computer Systems,Laptops / Notebooks,3,ASUS,"Asus X555QA 15.6"" HD Notebook, AMD Quad-Core A12-9720P Upto 3.6GHz, 8GB RAM, 1TB SSD, VGA, HDMI, Card Reader, Wi-Fi, Bluetooth, Windows 10 Pro","Due to holiday observance, orders placed between 4/7 – 4/19 will experience shipping delays",729.99,0.0,https://www.newegg.com/black-asus-x555qa-mainstream/p/1TS-001A-00GC3?Item=9SIAA0S91J7906,//c1.neweggimages.com/ProductImageCompressAll300/AA0S_1_20190403139824283.jpg
6,1TS-000A-066F8,Computer Systems,Laptops / Notebooks,3,DELL,"Dell Inspiron 3480 Notebook, 14"" HD Display, Intel Core i3-8145U Upto 3.9GHz, 8GB RAM, 512GB SSD, HDMI, Card Reader, Wi-Fi, Bluetooth, Windows 10 Home","Due to holiday observance, orders placed between 4/7 – 4/19 will experience shipping delays",675.99,0.0,https://www.newegg.com/black-textured-dell-inspiron-3480/p/1TS-000A-066F8?Item=9SIAEYAA520952,//c1.neweggimages.com/ProductImageCompressAll300/AEYA_1_201909132003873213.jpg
7,1TS-000D-03M76,Computer Systems,Laptops / Notebooks,3,HP,"HP 245 G6 Notebook, 14"" HD Display, AMD Dual-Core E2-9000e Upto 2.9GHz, 8GB RAM, 1TB SSD, VGA, HDMI, Card Reader, Wi-Fi, Bluetooth, Windows 10 Home","Due to holiday observance, orders placed between 4/7 – 4/19 will experience shipping delays",558.99,0.0,https://www.newegg.com/gray-hp-245-g6-everyday-value/p/1TS-000D-03M76?Item=9SIAEYA8VK4976,//c1.neweggimages.com/ProductImageCompressAll300/AEYA_1_201903081772229477.jpg
8,1TS-000D-06W38,Computer Systems,Laptops / Notebooks,3,HP,"HP 14 Notebook, 14"" HD Display, Intel Core i5-1035G1 Upto 3.6GHz, 8GB RAM, 512GB NVMe SSD, HDMI, Card Reader, Wi-Fi, Bluetooth, Windows 10 Pro","Due to holiday observance, orders placed between 4/7 – 4/19 will experience shipping delays",829.99,0.0,https://www.newegg.com/silver-hp-14/p/1TS-000D-06W38?Item=9SIAA0SAHS3695,//c1.neweggimages.com/ProductImageCompressAll300/AA0S_1_201911072019034065.jpg
9,1TS-000X-01H60,Computer Systems,Laptops / Notebooks,3,Acer America,"Acer Swift Thin and Light Business Laptop, 14"" FHD, Core i7-8565U, GeForce MX150 Graphics, Quad-Core up tp 4.60 GHz, 8GB RAM, 512GB SSD, Backlit, USB-C, FP Reader, 1920x1080, Win 10",,774.99,0.0,https://www.newegg.com/p/1TS-000X-01H60?Item=9SIA6V6AS58030,//c1.neweggimages.com/ProductImageCompressAll300/A6V6S191219CgbDf.jpg
10,1TS-000D-07XM0,Computer Systems,Laptops / Notebooks,3,HP,"HP 14 Notebook, 14"" HD Display, AMD A9-9425 Upto 3.7GHz, 8GB RAM, 1TB NVMe SSD, HDMI, Card Reader, Wi-Fi, Bluetooth, Windows 10 Home S","Due to holiday observance, orders placed between 4/7 – 4/19 will experience shipping delays",829.99,0.0,https://www.newegg.com/silver-hp-14/p/1TS-000D-07XM0?Item=9SIAEYAAT52762,//c1.neweggimages.com/ProductImageCompressAll300/AEYA_1_201912231316053985.jpg
11,1TS-001A-00GD8,Computer Systems,Laptops / Notebooks,3,ASUS,"Asus X555QA 15.6"" HD Notebook, AMD Quad-Core A12-9720P Upto 3.6GHz, 8GB RAM, 1TB SSD, VGA, HDMI, Card Reader, Wi-Fi, Bluetooth, Windows 10 Home","Due to holiday observance, orders placed between 4/7 – 4/19 will experience shipping delays",729.99,0.0,https://www.newegg.com/black-asus-x555qa-mainstream/p/1TS-001A-00GD8?Item=9SIAEYA91J8237,//c1.neweggimages.com/ProductImageCompressAll300/AEYA_1_201904031651425938.jpg
12,1TS-000D-03NN2,Computer Systems,Laptops / Notebooks,3,HP,"HP 240 G6 14"" HD Notebook, Intel Dual-Core i3-6006U 2.0GHz, 8GB RAM, 512GB SSD + 1TB HDD, DVD-RW, VGA, HDMI, Card Reader, Wi-Fi, Bluetooth, Windows 10 Pro","Due to holiday observance, orders placed between 4/7 – 4/19 will experience shipping delays",599.99,0.0,https://www.newegg.com/charcoal-gray-hp-240-g6-mainstream/p/1TS-000D-03NN2?Item=9SIAA0S8WZ5714,//c1.neweggimages.com/ProductImageCompressAll300/AA0S_1_20190315112088104.jpg
13,1TS-000D-03NM6,Computer Systems,Laptops / Notebooks,3,HP,"HP 240 G6 14"" HD Notebook, Intel Dual-Core i3-6006U 2.0GHz, 8GB RAM, 1TB SSD + 1TB HDD, DVD-RW, VGA, HDMI, Card Reader, Wi-Fi, Bluetooth, Windows 10 Pro","Due to holiday observance, orders placed between 4/7 – 4/19 will experience shipping delays",734.49,0.0,https://www.newegg.com/charcoal-gray-hp-240-g6-mainstream/p/1TS-000D-03NM6?Item=9SIAA0S8WZ5698,//c1.neweggimages.com/ProductImageCompressAll300/AA0S_1_20190315228063590.jpg
14,1TS-000E-0FWD3,Computer Systems,Laptops / Notebooks,3,Lenovo,"Lenovo ThinkPad T470s Notebook, 14"" FHD Display, Intel Core i5-6300U Upto 3.0GHz, 8GB RAM, 1TB NVMe SSD, HDMI, Thunderbolt, Card Reader, Wi-Fi, Bluetooth, Windows 10 Pro","Due to holiday observance, orders placed between 4/7 – 4/19 will experience shipping delays",1299.99,0.0,https://www.newegg.com/black-lenovo-thinkpad-t470s/p/1TS-000E-0FWD3?Item=9SIAA0SAT56360,//c1.neweggimages.com/ProductImageCompressAll300/AA0S_1_201912231815598387.jpg
15,1TS-000D-07XJ9,Computer Systems,Laptops / Notebooks,3,HP,"HP 14 Notebook, 14"" HD Display, AMD A9-9425 Upto 3.7GHz, 8GB RAM, 1TB NVMe SSD, HDMI, Card Reader, Wi-Fi, Bluetooth, Windows 10 Pro S","Due to holiday observance, orders placed between 4/7 – 4/19 will experience shipping delays",729.99,0.0,https://www.newegg.com/silver-hp-14/p/1TS-000D-07XJ9?Item=9SIAA0SAT50579,//c1.neweggimages.com/ProductImageCompressAll300/AA0S_1_201912231026509836.jpg
16,1TS-000D-03M71,Computer Systems,Laptops / Notebooks,3,HP,"HP 245 G6 Notebook, 14"" HD Display, AMD Dual-Core E2-9000e Upto 2.9GHz, 8GB RAM, 512GB SSD, VGA, HDMI, Card Reader, Wi-Fi, Bluetooth, Windows 10 Pro","Due to holiday observance, orders placed between 4/7 – 4/19 will experience shipping delays",487.49,0.0,https://www.newegg.com/gray-hp-245-g6-everyday-value/p/1TS-000D-03M71?Item=9SIAA0S8VK1353,//c1.neweggimages.com/ProductImageCompressAll300/V112_1_201903081231604863.jpg
17,1TS-000E-0F202,Computer Systems,Laptops / Notebooks,3,Lenovo,"Lenovo ThinkPad E490 Notebook, 14"" FHD Display, Intel Core i7-8565U Upto 4.6GHz, 8GB RAM, 512GB NVMe SSD + 1TB HDD, HDMI, Card Reader, Wi-Fi, Bluetooth, Windows 10 Pro","Due to holiday observance, orders placed between 4/7 – 4/19 will experience shipping delays",1399.99,0.0,https://www.newegg.com/black-lenovo-thinkpad-e490/p/1TS-000E-0F202?Item=9SIAA0SAC78960,//c1.neweggimages.com/ProductImageCompressAll300/AA0S_1_201910041779555386.jpg
18,1TS-000D-03NR1,Computer Systems,Laptops / Notebooks,3,HP,"HP 240 G6 14"" HD Notebook, Intel Dual-Core i3-6006U 2.0GHz, 8GB RAM, 512GB SSD, DVD-RW, VGA, HDMI, Card Reader, Wi-Fi, Bluetooth, Windows 10 Home","Due to holiday observance, orders placed between 4/7 – 4/19 will experience shipping delays",599.99,0.0,https://www.newegg.com/charcoal-gray-hp-240-g6-mainstream/p/1TS-000D-03NR1?Item=9SIAEYA8WZ6002,//c1.neweggimages.com/ProductImageCompressAll300/AEYA_1_20190315745479806.jpg
19,1TS-000D-03NN3,Computer Systems,Laptops / Notebooks,3,HP,"HP 240 G6 14"" HD Notebook, Intel Dual-Core i3-6006U 2.0GHz, 8GB RAM, 512GB SSD, DVD-RW, VGA, HDMI, Card Reader, Wi-Fi, Bluetooth, Windows 10 Pro","Due to holiday observance, orders placed between 4/7 – 4/19 will experience shipping delays",599.99,0.0,https://www.newegg.com/charcoal-gray-hp-240-g6-mainstream/p/1TS-000D-03NN3?Item=9SIAA0S8WZ5717,//c1.neweggimages.com/ProductImageCompressAll300/AA0S_1_20190315569619141.jpg
20,1TS-000D-07XH3,Computer Systems,Laptops / Notebooks,3,HP,"HP 14 Notebook, 14"" HD Display, Intel Core i5-1035G1 Upto 3.6GHz, 8GB RAM, 512GB NVMe SSD, HDMI, Card Reader, Wi-Fi, Bluetooth, Windows 10 Home","Due to holiday observance, orders placed between 4/7 – 4/19 will experience shipping delays",799.99,0.0,https://www.newegg.com/champagne-gold-hp-14/p/1TS-000D-07XH3?Item=9SIAEYAAT46943,//c1.neweggimages.com/ProductImageCompressAll300/AEYA_1_201912231439038841.jpg
21,1TS-000D-03NK2,Computer Systems,Laptops / Notebooks,3,HP,"HP 240 G6 14"" HD Notebook, Intel Dual-Core N4000 Upto 2.6GHz, 8GB RAM, 512GB SSD, VGA, HDMI, LAN, Card Reader, Wi-Fi, Bluetooth, Windows 10 Home","Due to holiday observance, orders placed between 4/7 – 4/19 will experience shipping delays",629.99,0.0,https://www.newegg.com/charcoal-gray-hp-240-g6-mainstream/p/1TS-000D-03NK2?Item=9SIAEYA8WY4031,//c1.neweggimages.com/ProductImageCompressAll300/V2CK_1_201903151687054989.jpg
22,1TS-000A-07BJ2,Computer Systems,Laptops / Notebooks,3,DELL,"Dell Inspiron 14 3000 Notebook, 14"" HD Display, Intel Core i5-1035G4 Upto 3.7GHz, 8GB RAM, 1TB NVMe SSD, HDMI, Card Reader, Wi-Fi, Bluetooth, Windows 10 Pro S","Due to holiday observance, orders placed between 4/7 – 4/19 will experience shipping delays",929.99,0.0,https://www.newegg.com/black-textured-dell-inspiron-14-3000/p/1TS-000A-07BJ2?Item=9SIAA0SAT41691,//c1.neweggimages.com/ProductImageCompressAll300/AA0S_1_201912231939989954.jpg
23,1TS-000D-05NK7,Computer Systems,Laptops / Notebooks,3,HP,"2019 HP Pavilion 14"" IPS FHD Premium Thin & Lightweight Laptop, Intel Quad Core i5-8265U upto 3.9GHz, 8GB RAM, 1024GB SSD, Backlit Keyboard, USB-C, WIFI, HDMI, GbE LAN, Windows 10, Misty Mauve",,878.99,0.0,https://www.newegg.com/purple-hp-pavilion-14-mainstream/p/1TS-000D-05NK7?Item=9SIAK1EA1D8464,//c1.neweggimages.com/ProductImageCompressAll300/AK1E_1_201908311294395929.jpg
24,1TS-000E-0DK10,Computer Systems,Laptops / Notebooks,3,Lenovo,"Newest Lenovo ThinkPad Flage 14"" Anti-Glare HD Laptop|Intel Core i5-7200U|512GB PCIe-NVMe SSD| 8GB DDR4 2400MHz |Wi-Fi + BlueTooth|HD Webcam| FingerPrint Reader |Windows 10 | Bundle with Office 2019",,949.99,0.0,https://www.newegg.com/p/1TS-000E-0DK10?Item=9SIAEYJ9BD2503,//c1.neweggimages.com/ProductImageCompressAll300/AEYJ_132030468274410880m3x0D2z0aD.jpg
25,1TS-000D-06Z47,Computer Systems,Laptops / Notebooks,3,HP,Newest HP 14 inch Slim HD Micro-edge Laptop | AMD Ryzen 3 |8GB DDR4|512GB M.2 SSD| Wi-Fi | HDMI | Windows 10 | Gold,,529.99,0.0,https://www.newegg.com/p/1TS-000D-06Z47?Item=9SIAEYJAJ25985,//c1.neweggimages.com/ProductImageCompressAll300/AEYJ_1_20191111947728874.jpg
26,1TS-000H-00D74,Computer Systems,Laptops / Notebooks,3,Panasonic,"Panasonic Toughbook FZ-55, Intel Core i5-8365U @1.60GHz, 14.0"" HD, WiFi, HDMI, Bluetooth, Webcam, Backlit Keyboard, Windows 10 Pro, 3 Years Warranty",,3349.90,0.0,https://www.newegg.com/p/1TS-000H-00D74?Item=9SIAHKVA8S1115,//c1.neweggimages.com/ProductImageCompressAll300/AHKV_1_20191018226420435.jpg
27,1TS-000D-06HA7,Computer Systems,Laptops / Notebooks,3,HP,"HP 14-CF0006DX Home Office Laptop (Intel i3-7100U 2-Core, 8GB RAM, 512GB PCIe SSD, 14"" HD (1366x768), Intel HD 620, Wifi, Bluetooth, Webcam, 2xUSB 3.1, 1xHDMI, SD Card, Win 10 Home in S-Mode)",,699.99,0.0,https://www.newegg.com/p/1TS-000D-06HA7?Item=9SIAKKBAPC7405,//c1.neweggimages.com/NeweggImage/ProductImageCompressAll300/V0F3_1_201910091218196365.jpg
28,1TS-000E-09X71,Computer Systems,Laptops / Notebooks,3,Lenovo,"2018 Lenovo ThinkPad X1 Carbon (6th Gen) - Windows 10 Pro - Intel Quad Core i5-8250U, 1TB NVMe-PCIe SSD, 8GB RAM, 14"" FHD IPS (1920x1080) Display, Fingerprint Reader, Black",,1599.99,0.0,https://www.newegg.com/p/1TS-000E-09X71?Item=9SIA8TK89H6323,//c1.neweggimages.com/NeweggImage/ProductImageCompressAll300/A8TK_1_201806121971492725.jpg
29,1TS-000E-06UY7,Computer Systems,Laptops / Notebooks,3,Lenovo,"2017 Lenovo ThinkPad X1 Carbon (5th Gen) - Windows 10 Pro - Modern Silver - Intel Core i7-7600U, 512GB SSD, 8GB RAM, 14"" FHD IPS (1920x1080) Display, Fingerprint Reader",,1407.99,0.0,https://www.newegg.com/p/1TS-000E-06UY7?Item=9SIA8TK6D85500,//c1.neweggimages.com/NeweggImage/ProductImageCompressAll300/A8TK_1_20170915900681419.jpg
30,1TS-000A-069X6,Computer Systems,Laptops / Notebooks,3,DELL,"Dell Inspiron 3480 14"" i3-8145U Dual Core upto 3.9GHz, 8GB DDR4, 512GB M.2 SSD, Intel HD Graphics 620, HDMI, Card Reader, Wi-Fi, Bluetooth, USB 3.1, Windows 10 Pro (Black) HD Notebook Laptop",,519.99,0.0,https://www.newegg.com/black-dell-inspiron-3480/p/1TS-000A-069X6?Item=9SIA65EA7J4966,//c1.neweggimages.com/ProductImageCompressAll300/A65E_1_201909241973466248.jpg
31,1TS-000E-09X78,Computer Systems,Laptops / Notebooks,3,Lenovo,"2018 Lenovo ThinkPad X1 Carbon Touch (6th Gen) - Windows 10 Pro - Intel Quad Core i5-8250U, 512GB NVMe-PCIe SSD, 8GB RAM, 14"" FHD IPS (1920x1080) Touchscreen, Fingerprint Reader, Black",,1499.99,0.0,https://www.newegg.com/p/1TS-000E-09X78?Item=9SIA8TK89H6330,//c1.neweggimages.com/NeweggImage/ProductImageCompressAll300/A8TK_1_201806121971492725.jpg
32,1TS-000D-032H1,Computer Systems,Laptops / Notebooks,3,HP,"HP EliteBook 840 G5 Premium School and Business Laptop (Intel 8th Gen i7-8550U Quad-Core, 8GB RAM, 512GB Sata SSD, 14"" FHD 1920x1080 Sure View Display, Thunderbolt3, NFC, Fingerprint, Win 10 Pro)",,1499.00,0.0,https://www.newegg.com/p/1TS-000D-032H1?Item=9SIA7AB8D73158,//c1.neweggimages.com/ProductImageCompressAll300/A7AB_1_201811092013621813.jpg
33,1TS-000D-06T48,Computer Systems,Laptops / Notebooks,3,HP,Newest HP 14 Premium HD Micro-edge Laptop |10Th Intel Quad Core i5-1035G1|8GB DDR4|512GB NVMe SSD| Wi-Fi 5 (2x2)| Bluetooth | HDMI | Windows 10 Home,,592.99,0.0,https://www.newegg.com/p/1TS-000D-06T48?Item=9SIAEYJAG33045,//c1.neweggimages.com/ProductImageCompressAll300/AEYJ_1_20191102886498743.jpg
34,1TS-000D-05452,Computer Systems,Laptops / Notebooks,3,HP,"HP 14"" Thin and Light Customized Laptop Intel Core i3-7100U processor 8GB RAM 512GB SSD Upgradable to 16GB RAM 1024GB SSD Windows 10 Ash Silver Only 3.2lb 0.8"" thin USB Type-C",,492.68,0.0,https://www.newegg.com/p/1TS-000D-05452?Item=9SIAJZD9SS2279,//c1.neweggimages.com/ProductImageCompressAll300/AJZD_1_201907231969072027.jpg
35,1TS-000E-0FDN1,Computer Systems,Laptops / Notebooks,3,Lenovo,"Lenovo ThinkPad T440P 14"" Customize Laptop Intel 4th Gen i5-4300M Processor 8GB RAM 512GB SSD VGA WIFI Bluetooth Webcam Windows 10 Professional",,3330.00,0.0,https://www.newegg.com/p/1TS-000E-0FDN1?Item=9SIAJZDAM91857,//c1.neweggimages.com/ProductImageCompressAll300/AJZD_1_20191121555895236.jpg
