,product_category,brand,model_specifications,current_promotions,price,shipping,product_links,image_link
0,Laptops / Notebooks,Lenovo,"2018 Lenovo ThinkPad T480s Windows 10 Pro Laptop -  i7-8650U, 16GB RAM, 256GB PCIe NVMe SSD, 14"" IPS FHD 1920x1080 Touch Display w/ NVIDIA MX150 Graphics, Smart Card Reader, 4G LTE WWAN, Black",,1924.99,0.0,https://www.newegg.com/p/1TS-000E-09XK9?Item=9SIA8TK8A10601,//c1.neweggimages.com/NeweggImage/ProductImageCompressAll300/A8TK_1_20180727843708741.jpg
1,Laptops / Notebooks,Lenovo,"2018 Lenovo ThinkPad T480s Windows 10 Pro Laptop - i5-8250U, 16GB RAM, 256GB PCIe NVMe SSD, 14"" IPS WQHD (2560x1440) Matte Display, Fingerprint Reader, Smart Card Reader, Black",,1539.99,0.0,https://www.newegg.com/p/1TS-000E-0A1G4?Item=9SIA8TK8A11846,//c1.neweggimages.com/NeweggImage/ProductImageCompressAll300/A8TK_1_20180727843708741.jpg
2,Laptops / Notebooks,Lenovo,"2018 Lenovo ThinkPad X1 Carbon (6th Gen) - Windows 10 Pro - Intel Quad Core i7-8650U, 256GB NVMe-PCIe SSD, 16GB RAM, 14"" WQHD IPS (2560x1440) Non-Touch Display, Fingerprint Reader, Black",,1899.99,0.0,https://www.newegg.com/p/1TS-000E-09901?Item=9SIA8TK7W88683,//c1.neweggimages.com/NeweggImage/ProductImageCompressAll300/A8TK_1_201806121971492725.jpg
3,Laptops / Notebooks,Lenovo,"2017 Lenovo ThinkPad X1 Carbon 4G LTE (5th Gen) - Windows 10 Pro - Intel Core i7-7600U, 256GB SSD, 16GB RAM, 14"" WQHD IPS (2560x1440) Display, Fingerprint Reader, (Classic Black)",,1979.99,0.0,https://www.newegg.com/p/1TS-000E-07ED3?Item=9SIA8TK6M30906,//c1.neweggimages.com/NeweggImage/ProductImageCompressAll300/A8TK_1_20170915238001060.jpg
4,Laptops / Notebooks,HP,"HP ProBook Laptop (AMD Ryzen 7 PRO 2700U Quad-Cores Processor, 16GB RAM, 256GB M.2 SATA SSD + 2TB 2.5 HDD, 14"" Flat FHD (1920 x 1080) Display, AMD Radeon Vega 10 Graphics, Win 10 Pro)",,1249.00,0.0,https://www.newegg.com/p/1TS-000D-03N71?Item=9SIA7AB9144297,//c1.neweggimages.com/ProductImageCompressAll300/A7AB_1_201903141216676458.jpg
5,Laptops / Notebooks,Lenovo,"2018 Lenovo ThinkPad T480s Windows 10 Pro Laptop - Intel Core i7-8650U, 16GB RAM, 256GB SSD, 14"" IPS FHD (1920x1080) Matte Display, Fingerprint Reader,  Black Color",,1759.99,0.0,https://www.newegg.com/p/1TS-000E-09B40?Item=9SIA8TK7ZM6685,//c1.neweggimages.com/NeweggImage/ProductImageCompressAll300/V0E4_1_20190130807883272.jpg
6,Laptops / Notebooks,Lenovo,"2018 HDR Lenovo ThinkPad X1 Carbon (6th Gen) - Windows 10 Pro - Intel Quad Core i7-8650U, 256GB NVMe-PCIe SSD, 16GB RAM, 14"" HDR WQHD IPS (2560x1440) Non-Touch Display, Fingerprint Reader, Black",,1999.97,0.0,https://www.newegg.com/p/1TS-000E-098W2?Item=9SIA8TK7W88363,//c1.neweggimages.com/NeweggImage/ProductImageCompressAll300/A8TK_1_201806121971492725.jpg
7,Laptops / Notebooks,Lenovo,"2018 Lenovo ThinkPad T480s Windows 10 Pro Laptop -  i7-8650U, 16GB RAM, 256GB SSD, 14"" IPS FHD 1920x1080 Touch Display w/ NVIDIA MX150 Graphics, Smart Card Reader, 4G LTE WWAN,  Black",,1924.99,0.0,https://www.newegg.com/p/1TS-000E-09Y20?Item=9SIA8TK8A10742,//c1.neweggimages.com/NeweggImage/ProductImageCompressAll300/A8TK_1_20180727843708741.jpg
8,Laptops / Notebooks,Lenovo,"2018 Lenovo ThinkPad X1 Carbon (6th Gen) - Windows 10 Pro - Intel Quad Core i7-8650U, 256GB NVMe-PCIe SSD, 16GB RAM, 14"" FHD IPS (1920x1080) Display, Fingerprint Reader, Black",,1649.97,0.0,https://www.newegg.com/p/1TS-000E-098S3?Item=9SIA8TK7W88323,//c1.neweggimages.com/NeweggImage/ProductImageCompressAll300/A8TK_1_201806121971492725.jpg
9,Laptops / Notebooks,Lenovo,"2018 Lenovo ThinkPad T480s Windows 10 Pro Laptop - Intel Core i5-8250U, 16GB RAM, 256GB NVMe SSD, 14"" IPS FHD Touch 1920x1080 Display, Fingerprint Reader, Smart Card Reader, 4G LTE WWAN, Black",,1539.99,0.0,https://www.newegg.com/p/1TS-000E-09Y12?Item=9SIA8TK8A10734,//c1.neweggimages.com/NeweggImage/ProductImageCompressAll300/A8TK_1_20180727843708741.jpg
10,Laptops / Notebooks,Lenovo,"Lenovo ThinkPad T470s Windows 10 Pro Laptop - Intel Core i7-7500U, 16GB RAM, 256GB SSD, 14"" IPS WQHD (2560x1440) Matte Display, Fingerprint Reader, Smart Card Reader, Black Color",,1704.99,0.0,https://www.newegg.com/p/1TS-000E-07T18?Item=9SIA8TK6UR0846,//c1.neweggimages.com/NeweggImage/ProductImageCompressAll300/A8TK_1_201709071196388703.jpg
11,Laptops / Notebooks,HP,"HP ProBook Laptop (AMD Ryzen 7 PRO 2700U Quad-Cores Processor, 16GB RAM, 256GB M.2 PCIe SSD + 1TB 2.5 HDD, 14"" Flat FHD (1920 x 1080) Display, AMD Radeon Vega 10 Graphics, Win 10 Pro)",Free Expedited Shipping,1149.00,0.0,https://www.newegg.com/p/1TS-000D-03N80?Item=9SIA7AB9144310,//c1.neweggimages.com/ProductImageCompressAll300/A7AB_1_201903141216676458.jpg
12,Laptops / Notebooks,Lenovo,"2017 Lenovo ThinkPad X1 Carbon 4G LTE (5th Gen) - Windows 10 Pro - Intel Core i7-7500U, 256GB NVMe-PCIe SSD, 16GB RAM, 14"" WQHD IPS (2560x1440) Display, Fingerprint Reader, (Classic Black)",,1869.99,0.0,https://www.newegg.com/p/1TS-000E-07EV4?Item=9SIA8TK6M31047,//c1.neweggimages.com/NeweggImage/ProductImageCompressAll300/A8TK_1_20170915238001060.jpg
13,Laptops / Notebooks,Lenovo,"2018 Lenovo ThinkPad T480s Windows 10 Pro Laptop - i7-8550U, 16GB RAM, 256GB PCIe NVMe SSD, 14"" IPS WQHD (2560x1440) Matte Display, Fingerprint Reader, Smart Card Reader, 4G LTE WWAN, Black",,1869.99,0.0,https://www.newegg.com/p/1TS-000E-09ZJ0?Item=9SIA8TK8A11222,//c1.neweggimages.com/NeweggImage/ProductImageCompressAll300/A8TK_1_20180727843708741.jpg
14,Laptops / Notebooks,Lenovo,"2018 Lenovo ThinkPad T480s Windows 10 Pro Laptop - Intel Core i7-8650U, 16GB RAM, 256GB SSD, 14"" IPS FHD 1920x1080 Matte Display, Fingerprint Reader, 4G LTE WWAN,  Black",,1869.99,0.0,https://www.newegg.com/p/1TS-000E-09AS9?Item=9SIA8TK7ZM6574,//c1.neweggimages.com/NeweggImage/ProductImageCompressAll300/V0E4_1_20190130807883272.jpg
15,Laptops / Notebooks,Lenovo,"2018 Lenovo ThinkPad T480s Windows 10 Pro Laptop - Intel Core i5-8250U, 16GB RAM, 256GB SSD, 14"" IPS FHD Touch (1920x1080)  Display, Fingerprint Reader, Smart Card Reader, Black",,1429.99,0.0,https://www.newegg.com/p/1TS-000E-0A1D7?Item=9SIA8TK8A11819,//c1.neweggimages.com/NeweggImage/ProductImageCompressAll300/A8TK_1_20180727843708741.jpg
16,Laptops / Notebooks,Lenovo,"2018 Lenovo ThinkPad T480s Windows 10 Pro Laptop - i5-8250U, 16GB RAM, 256GB PCIe NVMe SSD, 14"" IPS WQHD (2560x1440) Matte Display, Fingerprint Reader, Smart Card Reader, 4G LTE WWAN, Black",,1649.99,0.0,https://www.newegg.com/p/1TS-000E-0A264?Item=9SIA8TK8A12069,//c1.neweggimages.com/NeweggImage/ProductImageCompressAll300/A8TK_1_20180727843708741.jpg
17,Laptops / Notebooks,Lenovo,"2018 Lenovo ThinkPad T480s Windows 10 Pro Laptop - Intel Core i7-8650U, 16GB RAM, 256GB SSD, 14"" IPS WQHD (2560x1440) Matte Display, Fingerprint Reader, 4G LTE WWAN,  Black",,2419.99,0.0,https://www.newegg.com/p/1TS-000E-09AN3?Item=9SIA8TK7ZM6538,//c1.neweggimages.com/NeweggImage/ProductImageCompressAll300/A8TK_1_20180727843708741.jpg
18,Laptops / Notebooks,Lenovo,"2018 Lenovo ThinkPad T480s Windows 10 Pro Laptop - i5-8250U, 16GB RAM, 256GB SSD, 14"" IPS WQHD (2560x1440) Matte Display, Fingerprint Reader, Smart Card Reader,  Black",,1539.99,0.0,https://www.newegg.com/p/1TS-000E-0A1B2?Item=9SIA8TK8A11794,//c1.neweggimages.com/NeweggImage/ProductImageCompressAll300/A8TK_1_20180727843708741.jpg
19,Laptops / Notebooks,Lenovo,"2018 Lenovo ThinkPad T480s Windows 10 Pro Laptop - Intel Core i5-8250U, 16GB RAM, 256GB PCIe NVMe SSD, 14"" IPS FHD 1920x1080 Matte Display, Fingerprint Reader, Smart Card Reader, 4G LTE WWAN, Black",,1429.99,0.0,https://www.newegg.com/p/1TS-000E-09ZS3?Item=9SIA8TK8A11285,//c1.neweggimages.com/NeweggImage/ProductImageCompressAll300/V0E4_1_20190130807883272.jpg
20,Laptops / Notebooks,Lenovo,"2018 Lenovo ThinkPad T480s Windows 10 Pro Laptop - Intel Core i5-8250U, 16GB RAM, 256GB SSD, 14"" IPS FHD 1920x1080 Matte Display, Fingerprint Reader, Smart Card Reader, 4G LTE WWAN,  Black",,1429.99,0.0,https://www.newegg.com/p/1TS-000E-09Y84?Item=9SIA8TK8A10806,//c1.neweggimages.com/NeweggImage/ProductImageCompressAll300/V0E4_1_20190130807883272.jpg
21,Laptops / Notebooks,Lenovo,"Lenovo ThinkPad T470s Windows 10 Pro LTE 4G Laptop - Intel Core i7-7500U, 16GB RAM, 256GB SSD, 14"" IPS WQHD (2560x1440) Matte Display, Fingerprint Reader, Smart Card Reader, Black Color",,1814.99,0.0,https://www.newegg.com/p/1TS-000E-07Y15?Item=9SIA8TK6X36172,//c1.neweggimages.com/NeweggImage/ProductImageCompressAll300/A8TK_1_201709071196388703.jpg
22,Laptops / Notebooks,Lenovo,"2018 Lenovo ThinkPad T480s Windows 10 Pro Laptop - Intel Core i7-8650U, 16GB RAM, 256GB PCIe NVMe SSD, 14"" IPS FHD 1920x1080 Matte Display, Fingerprint Reader, 4G LTE WWAN, Black",,1869.99,0.0,https://www.newegg.com/p/1TS-000E-09AX9?Item=9SIA8TK7ZM6624,//c1.neweggimages.com/NeweggImage/ProductImageCompressAll300/V0E4_1_20190130807883272.jpg
23,Laptops / Notebooks,Lenovo,"2018 Lenovo ThinkPad T480s Windows 10 Pro Laptop - Intel Core i7-8650U, 16GB RAM, 256GB SSD, 14"" IPS WQHD (2560x1440) Matte Display, Fingerprint Reader,  Black Color",,2309.99,0.0,https://www.newegg.com/p/1TS-000E-09AE1?Item=9SIA8TK7ZM6466,//c1.neweggimages.com/NeweggImage/ProductImageCompressAll300/A8TK_1_20180727843708741.jpg
24,Laptops / Notebooks,Lenovo,"Lenovo ThinkPad X1 Carbon Touch (7th Gen) - Windows 10 Pro - Intel Quad Core i7-8665U, 256GB NVMe-PCIe SSD, 16GB RAM, 14"" FHD IPS (1920x1080) Touchscreen, Fingerprint Reader, Black",,1999.99,0.0,https://www.newegg.com/p/1TS-000E-0FX78?Item=9SIA8TKAU97097,//c1.neweggimages.com/ProductImageCompressAll300/A8TK_1_20191229840344846.jpg
25,Laptops / Notebooks,Lenovo,"2018 Lenovo ThinkPad T480s Windows 10 Pro Laptop - Intel Core i7-8550U, 16GB RAM, 256GB SSD, 14"" IPS FHD Touch (1920x1080)  Display, Fingerprint Reader, Smart Card Reader, Black",,1649.99,0.0,https://www.newegg.com/p/1TS-000E-0A0P9?Item=9SIA8TK8A11591,//c1.neweggimages.com/NeweggImage/ProductImageCompressAll300/A8TK_1_20180727843708741.jpg
26,Laptops / Notebooks,Lenovo,"2018 Lenovo ThinkPad T480s Windows 10 Pro Laptop - i7-8550U, 16GB RAM, 256GB SSD, 14"" IPS WQHD (2560x1440) Matte Display, Fingerprint Reader, Smart Card Reader, 4G LTE WWAN,  Black",,1869.99,0.0,https://www.newegg.com/p/1TS-000E-09Z47?Item=9SIA8TK8A11089,//c1.neweggimages.com/NeweggImage/ProductImageCompressAll300/A8TK_1_20180727843708741.jpg
27,Laptops / Notebooks,Lenovo,"2018 Lenovo ThinkPad X1 Carbon Touch (6th Gen) - Windows 10 Pro - Intel Quad Core i7-8650U, 256GB NVMe-PCIe SSD, 16GB RAM, 14"" FHD IPS (1920x1080) Touchscreen, Fingerprint Reader, Black",,2149.99,0.0,https://www.newegg.com/p/1TS-000E-098T9?Item=9SIA8TK7W88338,//c1.neweggimages.com/NeweggImage/ProductImageCompressAll300/A8TK_1_201806121971492725.jpg
28,Laptops / Notebooks,Lenovo,"2018 HDR Lenovo ThinkPad X1 Carbon (6th Gen) - Windows 10 Pro - Intel Quad Core i7-8550U, 256GB NVMe-PCIe SSD, 16GB RAM, 14"" HDR WQHD IPS (2560x1440) Display, Fingerprint Reader, 4G LTE WWAN",,1899.99,0.0,https://www.newegg.com/p/1TS-000E-098N7?Item=9SIA8TK7W88298,//c1.neweggimages.com/NeweggImage/ProductImageCompressAll300/A8TK_1_201806121971492725.jpg
29,Laptops / Notebooks,Lenovo,"2017 Lenovo ThinkPad X1 Carbon 4G LTE (5th Gen) - Windows 7 Pro - Intel Core i7-7500U, 256GB SSD, 16GB RAM, 14"" FHD IPS (1920x1080) Display, Fingerprint Reader, (Classic Black)",,1759.99,0.0,https://www.newegg.com/p/1TS-000E-07FJ7?Item=9SIA8TK6M31502,//c1.neweggimages.com/NeweggImage/ProductImageCompressAll300/A8TK_1_20170915238001060.jpg
30,Laptops / Notebooks,Lenovo,"2017 Lenovo ThinkPad X1 Carbon 4G LTE (5th Gen) - Windows 7 Pro - Intel Core i7-7500U, 256GB SSD, 16GB RAM, 14"" WQHD IPS (2560x1440) Display, Fingerprint Reader, (Classic Black)",,1869.99,0.0,https://www.newegg.com/p/1TS-000E-07FN0?Item=9SIA8TK6M31525,//c1.neweggimages.com/NeweggImage/ProductImageCompressAll300/A8TK_1_20170915238001060.jpg
31,Laptops / Notebooks,Lenovo,"2018 HDR Lenovo ThinkPad X1 Carbon (6th Gen) - Windows 10 Pro - Intel Quad Core i7-8650U, 256GB NVMe-PCIe SSD, 16GB RAM, 14"" HDR WQHD IPS (2560x1440) Display, Fingerprint Reader, 4G LTE WWAN",,2099.97,0.0,https://www.newegg.com/p/1TS-000E-098P0?Item=9SIA8TK7W88301,//c1.neweggimages.com/NeweggImage/ProductImageCompressAll300/A8TK_1_201806121971492725.jpg
32,Laptops / Notebooks,Lenovo,"2017 Lenovo ThinkPad X1 Carbon 4G LTE (5th Gen) - Windows 10 Pro - Intel Core i7-7500U, 256GB SSD, 16GB RAM, 14"" FHD IPS (1920x1080) Display, Fingerprint Reader, (Classic Black)",,1759.99,0.0,https://www.newegg.com/p/1TS-000E-07ER2?Item=9SIA8TK6M31005,//c1.neweggimages.com/NeweggImage/ProductImageCompressAll300/A8TK_1_20170915238001060.jpg
33,Laptops / Notebooks,Lenovo,"2017 Lenovo ThinkPad X1 Carbon 4G LTE (5th Gen) - Windows 7 Pro - Intel Core i7-7600U, 256GB NVMe-PCIe SSD, 16GB RAM, 14"" WQHD IPS (2560x1440) Display, Fingerprint Reader, (Classic Black)",,1979.99,0.0,https://www.newegg.com/p/1TS-000E-07FV5?Item=9SIA8TK6M31590,//c1.neweggimages.com/NeweggImage/ProductImageCompressAll300/A8TK_1_20170915238001060.jpg
34,Laptops / Notebooks,Lenovo,"2018 Lenovo ThinkPad T480s Windows 10 Pro Laptop - Intel Core i5-8250U, 16GB RAM, 256GB SSD, 14"" IPS FHD Touch 1920x1080 Display, Fingerprint Reader, Smart Card Reader, 4G LTE WWAN,  Black",,1539.99,0.0,https://www.newegg.com/p/1TS-000E-09Y39?Item=9SIA8TK8A10761,//c1.neweggimages.com/NeweggImage/ProductImageCompressAll300/A8TK_1_20180727843708741.jpg
35,Laptops / Notebooks,Lenovo,"2017 Lenovo ThinkPad X1 Carbon 4G LTE (5th Gen) - Windows 10 Pro - Intel Core i7-7500U, 256GB NVMe-PCIe SSD, 16GB RAM, 14"" FHD IPS (1920x1080) Display, Fingerprint Reader, (Classic Black)",,1759.99,0.0,https://www.newegg.com/p/1TS-000E-07ER8?Item=9SIA8TK6M31011,//c1.neweggimages.com/NeweggImage/ProductImageCompressAll300/A8TK_1_20170915238001060.jpg
