,item_number,general_category,product_category,page_number,brand,model_specifications,current_promotions,price,shipping,product_links,image_link
0,2WC-0001-00233,Computer Systems,Laptops / Notebooks,1,HP,"HP Laptop ProBook 645 G4 (4LB42UT#ABA) AMD Ryzen 7 1st Gen 2700U (2.20 GHz) 8 GB Memory 256 GB PCIe NVMe SSD AMD Radeon RX Vega 10 14.0"" Windows 10 Pro 64-Bit",,799.00,0.0,https://www.newegg.com/hp-probook-645-g4-mainstream/p/2WC-0001-00233?Item=2WC-0001-00233,//c1.neweggimages.com/NeweggImage/ProductImageCompressAll300/V112_1_20190327543337532.jpg
1,2WC-0001-00233,Computer Systems,Laptops / Notebooks,1,ASUS,"ASUS ZenBook 14, Intel Core Whiskey Lake i5-8265U, 8 GB RAM, 256 GB NVMe PCIe SSD, NumberPad, Wi-Fi 5, Windows 10, Ultra Thin and Light Laptop, 4-Way NanoEdge 14"" FHD, Silver Blue, UX431FA-ES51",,796.99,2.99,https://www.newegg.com/utopia-blue-metal-asus-zenbook-ux431fa-es51-mainstream/p/N82E16834235169?Item=N82E16834235169,//c1.neweggimages.com/NeweggImage/ProductImageCompressAll300/34-235-169-V15.jpg
2,2WC-0001-00233,Computer Systems,Laptops / Notebooks,1,DELL,"Dell Inspiron 14 3000 Notebook, 14"" HD Display, Intel Core i5-1035G4 Upto 3.7GHz, 8GB RAM, 256GB NVMe SSD, HDMI, Card Reader, Wi-Fi, Bluetooth, Windows 10 Pro S","Due to holiday observance, orders placed between 4/7 – 4/19 will experience shipping delays",599.00,0.0,https://www.newegg.com/black-textured-dell-inspiron-14-3000/p/1TS-000A-07BJ9?Item=9SIAA0SAT41706,//c1.neweggimages.com/ProductImageCompressAll300/AA0S_1_20191223231199103.jpg
3,2WC-0001-00233,Computer Systems,Laptops / Notebooks,1,Lenovo,"Lenovo Laptop ThinkPad E495 20NE0001US AMD Ryzen 7 2nd Gen 3700U (2.30 GHz) 8 GB Memory 256 GB SSD AMD Radeon RX Vega 10 14.0"" Windows 10 Pro 64-bit",,755.00,0.0,https://www.newegg.com/black-lenovo-thinkpad-e495-20ne0001us-mainstream/p/1TS-000E-0DDH7?Item=9SIACVBA1A2639,//c1.neweggimages.com/ProductImageCompressAll300/A6ZP_1_20190821935971236.jpg
4,2WC-0001-00233,Computer Systems,Laptops / Notebooks,1,HP,"HP EliteBook 840 G3 Notebook, 14"" FHD Display, Intel Core i5-6300U Upto 3.0GHz, 8GB RAM, 256GB SSD, VGA, DisplayPort, Card Reader, Wi-Fi, Bluetooth, Windows 10 Pro (8DZ57UT)","Due to holiday observance, orders placed between 4/7 – 4/19 will experience shipping delays",699.99,0.0,https://www.newegg.com/silver-hp-elitebook-840-g3/p/1TS-000D-088V7?Item=9SIAA0SAZC1037,//c1.neweggimages.com/ProductImageCompressAll300/V0N6_1_202002281492137480.jpg
5,2WC-0001-00233,Computer Systems,Laptops / Notebooks,1,HP,"HP EliteBook 840 G5 Premium School and Business Laptop (Intel 8th Gen i7-8550U Quad-Core, 16GB RAM, 256GB PCIe SSD, 14"" FHD 1920x1080 Sure View Display, Thunderbolt3, NFC, Fingerprint, Win 10 Pro)",Free Expedited Shipping,1449.00,0.0,https://www.newegg.com/p/1TS-000D-032G0?Item=9SIA7AB8D73120,//c1.neweggimages.com/ProductImageCompressAll300/A7AB_1_201811092013621813.jpg
6,2WC-0001-00233,Computer Systems,Laptops / Notebooks,1,HP,"HP 14"" HD Laptop, Intel Core i3-7100U 2.40GHz, 8GB RAM, 256GB SSD, HDMI, Card Reader, Wi-Fi, Bluetooth, Windows 10 Pro",,566.99,0.0,https://www.newegg.com/rose-gold-hp-14cf/p/1TS-000D-05HP3?Item=9SIAKKBAPT7884,//c1.neweggimages.com/NeweggImage/ProductImageCompressAll300/AA0S_1_20191004434523200.jpg
7,2WC-0001-00233,Computer Systems,Laptops / Notebooks,1,HP,"HP EliteBook 840 G5 14"" LCD Notebook - Intel Core i5 (8th Gen) i5-8250U Quad-core (4 Core) 1.60 GHz - 8 GB DDR4 SDRAM - 256 GB SSD - Windows 10 Pro 64-bit (English) - 1920 x 1080 - Sure View, IPS Tech",,999.00,0.0,https://www.newegg.com/silver-hp-elitebook-840-g5-mainstream/p/1B4-001S-00AZ8?Item=1B4-001S-00AZ8,//c1.neweggimages.com/NeweggImage/ProductImageCompressAll300/AAUA_131801449452786789d9D99Etl9j.jpg
8,2WC-0001-00233,Computer Systems,Laptops / Notebooks,1,Lenovo,"Lenovo ThinkBook 14s Notebook, 14"" FHD Display, Intel Core i7-8565U Upto 4.6GHz, 16GB RAM, 256GB NVMe SSD, AMD Radeon 540X, HDMI, Wi-Fi, Bluetooth, Windows 10 Pro",,997.99,0.0,https://www.newegg.com/silver-lenovo-thinkbook-14s/p/1TS-000E-0HM31?Item=9SIA8TKB8T6854,//c1.neweggimages.com/NeweggImage/ProductImageCompressAll300/AA0S_1_20200212323015877.jpg
9,2WC-0001-00233,Computer Systems,Laptops / Notebooks,1,Lenovo,"Lenovo Flagship ThinkPad T470 14"" FHD Multi-Touch Anti-Glare Laptop | Intel Dual Core i5-6300U | 16GB RAM | 256GB PCIe SSD | WiFi | HDMI | Fingerprint Reader | USB-C | Webcam | Windows 10 Pro",,849.99,0.0,https://www.newegg.com/p/1TS-000E-0F3A0?Item=9SIAEYJA7D2822,//c1.neweggimages.com/NeweggImage/ProductImageCompressAll300/AEYJ_132152450396542621xnrK8dT7Uc.jpg
10,2WC-0001-00233,Computer Systems,Laptops / Notebooks,1,HP,"HP 14 Notebook, 14"" HD Display, Intel Core i5-1035G4 Upto 3.70GHz, 8GB RAM, 256GB SSD, HDMI, Card Reader, Wi-Fi, Bluetooth, Windows 10 Home","Due to holiday observance, orders placed between 4/7 – 4/19 will experience shipping delays",599.00,0.0,https://www.newegg.com/silver-hp-14dq/p/1TS-000D-07889?Item=9SIAEYAAMD3551,//c1.neweggimages.com/ProductImageCompressAll300/AEYAS19112685caw.jpg
11,2WC-0001-00233,Computer Systems,Laptops / Notebooks,1,Lenovo,"Lenovo ThinkPad T470s 20JSS0KS00 14"" Notebook - 1920 x 1080 - Core i5 i5-6300U - 8 GB RAM - 256 GB SSD - Black","Due to holiday observance, orders placed between 4/7 – 4/19 will experience shipping delays",769.99,0.0,https://www.newegg.com/black-lenovo-thinkpad-t470s-mainstream/p/N82E16834847999?Item=9SIAA0SAT56521,//c1.neweggimages.com/NeweggImage/ProductImageCompressAll300/A24G_1_201907271035573266.jpg
12,2WC-0001-00233,Computer Systems,Laptops / Notebooks,1,Lenovo,"Lenovo ThinkBook 14s-IWL 20RM0009US 14"" Notebook - 1920 x 1080 - Core i5 i5-8265U - 8 GB RAM - 256 GB SSD",,606.82,18.66,https://www.newegg.com/lenovo-thinkbook-20rm0009us/p/N82E16834845263?Item=9SIA00YADU4690,//c1.neweggimages.com/ProductImageCompressAll300/34-845-263-S01.jpg
13,2WC-0001-00233,Computer Systems,Laptops / Notebooks,1,HP,"HP EliteBook 840 G3 Notebook, 14"" FHD Display, Intel Core i5-6300U Upto 3.0GHz, 16GB RAM, 256GB SSD, VGA, DisplayPort, Card Reader, Wi-Fi, Bluetooth, Windows 10 Pro","Due to holiday observance, orders placed between 4/7 – 4/19 will experience shipping delays",799.99,0.0,https://www.newegg.com/silver-hp-elitebook-840-g3/p/1TS-000D-088T8?Item=9SIAA0SAZC1017,//c1.neweggimages.com/ProductImageCompressAll300/V0N6_1_202002281492137480.jpg
14,2WC-0001-00233,Computer Systems,Laptops / Notebooks,1,HP,"HP 14"" HD Notebook, Ryzen 3 3200u Quad Core Upto 3.6GHz, 8GB DDR4, 256GB M.2 SSD, UHD Graphics, HDMI, Card Reader, Wi-Fi, Bluetooth, USB 3.1, Windows 10 Pro",,549.99,0.0,https://www.newegg.com/p/1TS-000D-098M6?Item=9SIA65EB192554,//c1.neweggimages.com/ProductImageCompressAll300/A65E_1_20200217473530409.jpg
15,2WC-0001-00233,Computer Systems,Laptops / Notebooks,1,Lenovo,"Lenovo Thinkbook 14s Premium Business Ultrabook, Windows 10 Pro, Intel Quad Core i5-8265U, 256B PCIe SSD, 8GB RAM, 14"" FHD IPS 1920x1080, Radeon 540X 2GB Graphics, Backlit Keyboard, Aluminum Body",,749.99,0.0,https://www.newegg.com/p/1TS-000E-0HT26?Item=9SIA8TKB1H3552,//c1.neweggimages.com/ProductImageCompressAll300/A8TK_1_202002202073019414.jpg
16,2WC-0001-00233,Computer Systems,Laptops / Notebooks,1,Lenovo,"Lenovo Flex 14.0"" Full HD 2-in-1 Touchscreen Notebook,8th Gen Intel Core i5-8265U,8GB DDR4,256GB SSD,Intel UHD 615 Graphics,Wifi-AC,Bluetooth,HDMI,USB,Fingerprint Reader,Windows 10 Pro",,675.00,0.0,https://www.newegg.com/black-lenovo-flex-81sq000k-creating-designing/p/1TS-000E-0F6F8?Item=9SIAE4NAEV3037,//c1.neweggimages.com/ProductImageCompressAll300/AE4N_1_20191023587204988.jpg
17,2WC-0001-00233,Computer Systems,Laptops / Notebooks,1,DELL,"Dell Inspiron 14 3000 Notebook, 14"" HD Display, Intel Core i5-1035G4 Upto 3.7GHz, 16GB RAM, 256GB NVMe SSD, HDMI, Card Reader, Wi-Fi, Bluetooth, Windows 10 Pro S","Due to holiday observance, orders placed between 4/7 – 4/19 will experience shipping delays",649.99,0.0,https://www.newegg.com/black-textured-dell-inspiron-14-3000/p/1TS-000A-07BK6?Item=9SIAA0SAT41717,//c1.neweggimages.com/ProductImageCompressAll300/AA0S_1_20191223186419094.jpg
18,2WC-0001-00233,Computer Systems,Laptops / Notebooks,1,Lenovo,"2019 Lenovo ThinkPad T470 14"" IPS Full HD FHD (1920x1080) Business Laptop (Intel Core i5-6300U, 12GB DDR4 RAM, 256GB PCIe NVMe M.2 SSD) Thunderbolt, Type-C, HDMI RJ-45, Windows 10 Professional 64 Bit",,859.99,0.0,https://www.newegg.com/p/1TS-000E-0FB07?Item=9SIADG3AHU7774,//c1.neweggimages.com/NeweggImage/ProductImageCompressAll300/ADG3_132177436538174773jM25JAN4Q1.jpg
19,2WC-0001-00233,Computer Systems,Laptops / Notebooks,1,ASUS,"Asus X555QA 15.6"" HD Notebook, AMD Quad-Core A12-9720P Upto 3.6GHz, 8GB RAM, 256GB SSD, VGA, HDMI, Card Reader, Wi-Fi, Bluetooth, Windows 10 Pro","Due to holiday observance, orders placed between 4/7 – 4/19 will experience shipping delays",499.99,0.0,https://www.newegg.com/black-asus-x555qa-mainstream/p/1TS-001A-00GC4?Item=9SIAA0S91J7908,//c1.neweggimages.com/ProductImageCompressAll300/AA0S_1_20190403371769470.jpg
20,2WC-0001-00233,Computer Systems,Laptops / Notebooks,1,HP,"HP EliteBook 840 G6 14"" Notebook - 1920 x 1080 - Core i7 i7-8665U - 8 GB RAM - 256 GB SSD",,1641.97,18.99,https://www.newegg.com/p/1TS-000D-04H26?Item=9SIAFVFAAG0484,//c1.neweggimages.com/ProductImageCompressAll300/V08D_1_201907081378054939.jpg
21,2WC-0001-00233,Computer Systems,Laptops / Notebooks,1,Lenovo,"Lenovo ThinkPad T490 20N20032US 14"" Notebook - 1920 x 1080 - Core i5 i5-8265U - 8 GB RAM - 256 GB SSD - Black",,1415.64,0.0,https://www.newegg.com/black-lenovo-thinkpad-t490/p/N82E16834847981?Item=9SIA2F89T16523,//c1.neweggimages.com/ProductImageCompressAll300/A24G_1_20190719225318235.jpg
22,2WC-0001-00233,Computer Systems,Laptops / Notebooks,1,Lenovo,"Lenovo Laptop IdeaPad S940 81R00004US Intel Core i7 8th Gen 8565U (1.80 GHz) 8 GB LPDDR3 Memory 256 GB PCIe SSD Intel UHD Graphics 620 14.0"" Windows 10 Home 64-bit",,1499.99,0.0,https://www.newegg.com/iron-grey-lenovo-ideapad-s940-81r00004us-mainstream/p/N82E16834847844?Item=N82E16834847844,//c1.neweggimages.com/NeweggImage/ProductImageCompressAll300/34-847-844-V12.jpg
23,2WC-0001-00233,Computer Systems,Laptops / Notebooks,1,HP,"HP EliteBook 840 G6 14"" Notebook - 1920 x 1080 - Core i7 i7-8565U - 8 GB RAM - 256 GB SSD",,1537.14,0.0,https://www.newegg.com/p/1TS-000D-04H29?Item=9SIA24G9FH2309,//c1.neweggimages.com/ProductImageCompressAll300/AF0Y_1_201907191459995793.jpg
24,2WC-0001-00233,Computer Systems,Laptops / Notebooks,1,HP,"HP 14 Notebook, 14"" HD Display, Intel Core i5-1035G4 Upto 3.70GHz, 16GB RAM, 256GB SSD, HDMI, Card Reader, Wi-Fi, Bluetooth, Windows 10 Pro","Due to holiday observance, orders placed between 4/7 – 4/19 will experience shipping delays",649.99,0.0,https://www.newegg.com/silver-hp-14dq/p/1TS-000D-07875?Item=9SIAA0SAMD3196,//c1.neweggimages.com/ProductImageCompressAll300/AA0SS191126Qu4dh.jpg
25,2WC-0001-00233,Computer Systems,Laptops / Notebooks,1,Lenovo,"Lenovo ThinkPad T470s Notebook, 14"" FHD Display, Intel Core i5-6300U Upto 3.0GHz, 12GB RAM, 256GB NVMe SSD, HDMI, Thunderbolt, Card Reader, Wi-Fi, Bluetooth, Windows 10 Pro","Due to holiday observance, orders placed between 4/7 – 4/19 will experience shipping delays",1129.99,0.0,https://www.newegg.com/black-lenovo-thinkpad-t470s/p/1TS-000E-0FWD6?Item=9SIAA0SAT56363,//c1.neweggimages.com/ProductImageCompressAll300/AA0S_1_201912231969002218.jpg
26,2WC-0001-00233,Computer Systems,Laptops / Notebooks,1,HP,"HP 14 Notebook, 14"" HD Display, AMD A9-9425 Upto 3.7GHz, 8GB RAM, 256GB NVMe SSD, HDMI, Card Reader, Wi-Fi, Bluetooth, Windows 10 Pro S","Due to holiday observance, orders placed between 4/7 – 4/19 will experience shipping delays",449.00,0.0,https://www.newegg.com/silver-hp-14/p/1TS-000D-07XK0?Item=9SIAA0SAT50580,//c1.neweggimages.com/ProductImageCompressAll300/AA0S_1_201912231164700482.jpg
27,2WC-0001-00233,Computer Systems,Laptops / Notebooks,1,HP,"HP 14 Notebook, 14"" HD Display, Intel Core i5-1035G4 Upto 3.70GHz, 8GB RAM, 256GB SSD, HDMI, Card Reader, Wi-Fi, Bluetooth, Windows 10 Pro","Due to holiday observance, orders placed between 4/7 – 4/19 will experience shipping delays",599.00,0.0,https://www.newegg.com/silver-hp-14dq/p/1TS-000D-07878?Item=9SIAA0SAMD3199,//c1.neweggimages.com/ProductImageCompressAll300/AA0SS191126Nrq5q.jpg
28,2WC-0001-00233,Computer Systems,Laptops / Notebooks,1,HP,"HP ProBook 440 G6 Notebook, 14"" HD Display, Intel Core i5-8265U Upto 3.9GHz, 8GB RAM, 256GB SSD, HDMI, MicroDP, Card Reader, Wi-Fi, Bluetooth, Windows 10 Pro","Due to holiday observance, orders placed between 4/7 – 4/19 will experience shipping delays",999.99,0.0,https://www.newegg.com/silver-hp-probook-440-g6/p/1TS-000D-05AX1?Item=9SIAA0S9X30217,//c1.neweggimages.com/ProductImageCompressAll300/V1RY_1_201908081521316272.jpg
29,2WC-0001-00233,Computer Systems,Laptops / Notebooks,1,HP,"HP 240 G6 14"" HD Notebook, Intel Dual-Core N4000 Upto 2.6GHz, 8GB RAM, 256GB SSD, VGA, HDMI, LAN, Card Reader, Wi-Fi, Bluetooth, Windows 10 Pro","Due to holiday observance, orders placed between 4/7 – 4/19 will experience shipping delays",499.99,0.0,https://www.newegg.com/charcoal-gray-hp-240-g6-mainstream/p/1TS-000D-03NJ0?Item=9SIAA0S8WY3056,//c1.neweggimages.com/ProductImageCompressAll300/AA0S_1_201903151423686720.jpg
30,2WC-0001-00233,Computer Systems,Laptops / Notebooks,1,HP,"HP 14-DQ1033CL Everyday Value Laptop (Intel i5-1035G4 4-Core, 32GB RAM, 256GB m.2 SATA SSD, 14"" Full HD (1920x1080), Intel Iris Plus Graphics, Wifi, Bluetooth, Webcam, 2xUSB 3.0, Win 10 Pro in S-Mode)",,1318.80,0.0,https://www.newegg.com/p/1TS-000D-07KA0?Item=9SIA7ABAUR2627,//c1.neweggimages.com/ProductImageCompressAll300/V0F3_1_201912201034267132.jpg
31,2WC-0001-00233,Computer Systems,Laptops / Notebooks,1,HP,"HP 14-DQ1033CL Everyday Value Laptop (Intel i5-1035G4 4-Core, 4GB RAM, 256GB PCIe SSD, 14"" Full HD (1920x1080), Intel Iris Plus Graphics, Wifi, Bluetooth, Webcam, 2xUSB 3.0, Win 10 Home in S-Mode)",,718.80,0.0,https://www.newegg.com/p/1TS-000D-07KH3?Item=9SIA7ABAUR2784,//c1.neweggimages.com/ProductImageCompressAll300/V0F3_1_201912201034267132.jpg
32,2WC-0001-00233,Computer Systems,Laptops / Notebooks,1,HP,"2019 HP Elitebook 840 G5 14"" 4K UHD (3840x2160) Business Laptop (Intel Quad-Core i5-8250U, 8GB DDR4 RAM, 256GB PCIe NVMe M.2 SSD) Backlit, Fingerprint, Thunderbolt, B&O Audio, NFC, Windows 10 Pro",,1249.99,0.0,https://www.newegg.com/p/1TS-000D-06W71?Item=9SIADG3AHC5595,//c1.neweggimages.com/NeweggImage/ProductImageCompressAll300/ADG3_132176679447057279o0OlXNaXmw.jpg
33,2WC-0001-00233,Computer Systems,Laptops / Notebooks,1,Lenovo,"2018 Lenovo ThinkPad X1 Carbon Touch (6th Gen) - Windows 10 Pro - Intel Quad Core i7-8550U, 256GB NVMe-PCIe SSD, 8GB RAM, 14"" FHD IPS (1920x1080) Touchscreen, Fingerprint Reader, Black",,1699.99,0.0,https://www.newegg.com/p/1TS-000E-099C8?Item=9SIA8TK7WE2068,//c1.neweggimages.com/NeweggImage/ProductImageCompressAll300/A8TK_1_201806121971492725.jpg
34,2WC-0001-00233,Computer Systems,Laptops / Notebooks,1,Lenovo,"Lenovo IdeaPad 330 15.6"" Thin and Light Customized Laptop | 8th Gen Intel Core i3-8130U Processor | 8GB RAM 256GB SSD | 802.11AC | USB 3.1 Type-C | Windows 10 Grey",,464.63,0.0,https://www.newegg.com/p/1TS-000E-0FDB9?Item=9SIAJZDAKC4920,//c1.neweggimages.com/ProductImageCompressAll300/AJZD_1_20191118632895783.jpg
35,2WC-0001-00233,Computer Systems,Laptops / Notebooks,1,Lenovo,"Lenovo IdeaPad 330 15.6"" Thin and Light Customized Laptop | 8th Gen Intel Core i3-8130U Processor | 4GB RAM 256GB SSD | 802.11AC | USB 3.1 Type-C | Windows 10 Grey",,436.89,0.0,https://www.newegg.com/p/1TS-000E-0FDC5?Item=9SIAJZDAKC4926,//c1.neweggimages.com/ProductImageCompressAll300/AJZD_1_20191118632895783.jpg
