,item_number,general_category,product_category,page_number,brand,model_specifications,current_promotions,price,shipping,product_links,image_link
0,1TS-000D-05XU9,Computer Systems,Laptops / Notebooks,4,HP,"HP Envy X360 2 in 1 Convertible 15.6"" Customized Laptop AMD Quad-Core Ryzen 5 3500U 8GB RAM 256GB SSD FHD Edge-to-Edge IPS Touch Display Upto 10 Hours Battery Life Windows 10 Black Only 0.7"" Thin",,820.14,0.0,https://www.newegg.com/p/1TS-000D-05XU9?Item=9SIAJZDA3T3283,//c1.neweggimages.com/ProductImageCompressAll300/AJZD_1_201909111671037504.jpg
1,1TS-000D-06Z58,Computer Systems,Laptops / Notebooks,4,HP,Newest HP 14 inch Slim HD Micro-edge Laptop | AMD Ryzen 3 |8GB DDR4|256GB M.2 SSD| Wi-Fi | HDMI | Windows 10 | Gold,,499.99,0.0,https://www.newegg.com/p/1TS-000D-06Z58?Item=9SIAEYJAJ33101,//c1.neweggimages.com/ProductImageCompressAll300/AEYJ_1_20191111947728874.jpg
2,1TS-001A-00YV1,Computer Systems,Laptops / Notebooks,4,ASUS,"Newest Asus VivoBook Thin & Lightweight Laptop (8G DDR4/256G SSD+1TB HDD)|15.6"" Full HD(1920x1080) WideView display| AMD Quad Core A12-9720P Processor| Wi-Fi |Fingerprint Reader|Windows 10 in S Mode",,599.99,0.0,https://www.newegg.com/p/1TS-001A-00YV1?Item=9SIAEYJA863956,//c1.neweggimages.com/ProductImageCompressAll300/AEYJ_1_20191013305894209.jpg
3,1TS-000D-07961,Computer Systems,Laptops / Notebooks,4,HP,"HP 15.6"" HD Laptop, 10th Gen. Intel Core i7-1065G Quad-Core Processor, 8GB DDR4 Memory, 256GB SSD, Iris Plus Graphics, Full-size island-style ash silver keyboard with numeric keypad, Windows 10 Home",,769.95,0.0,https://www.newegg.com/natural-silver-hp-15-dy1973cl/p/1TS-000D-07961?Item=9SIA9JJAMP4331,//c1.neweggimages.com/NeweggImage/ProductImageCompressAll300/A9JJS191203FcyD4.jpg
4,1TS-000A-064E5,Computer Systems,Laptops / Notebooks,4,DELL,"Dell Inspiron 5000 series 15.6"" Customized Laptop Intel 8th Gen Quad-Core i5-8265U Processor 8GB RAM 256GB SSD 2TB HDD Full HD Touchscreen Upgradable to 32GB RAM 1TB SSD 2TB HDD Windows 10 Silver",,792.95,0.0,https://www.newegg.com/p/1TS-000A-064E5?Item=9SIAJZDA2T3078,//c1.neweggimages.com/ProductImageCompressAll300/AJZD_1_20190909501182656.jpg
5,1TS-000X-00Z04,Computer Systems,Laptops / Notebooks,4,Acer America,"Acer Nitro 5 15.6"" IPS FHD Gaming Laptop, Intel Quad Core i5-7300HQ Nvidia Geforce GTX 1050, Red Backlit Keyboard 8GB RAM 256GB SSD 500GB HDD Upgradable to 32GB RAM 1TB SSD 2TB HDD Windows 10 Black",,744.44,0.0,https://www.newegg.com/p/1TS-000X-00Z04?Item=9SIAJZD9286037,//c1.neweggimages.com/ProductImageCompressAll300/AJZD_1_201904091567376327.jpg
6,1TS-000A-03S59,Computer Systems,Laptops / Notebooks,4,DELL,"Dell Inspiron 15.6"" Touchscreen Laptop,  8GB DDR4 SDRAM, 256GB SSD, Intel HD Graphics 620, Windows 10 Home",,1589.97,0.0,https://www.newegg.com/p/1TS-000A-03S59?Item=9SIA6R4B2R9068,//c1.neweggimages.com/NeweggImage/ProductImageCompressAll300/A9JA_1318624381406665615CKy8Io2o2.jpg
7,1TS-000D-05460,Computer Systems,Laptops / Notebooks,4,HP,"HP 14"" Thin and Light Customized Laptop Intel Core i3-7100U processor 8GB RAM 256GB SSD Upgradable to 16GB RAM 1024GB SSD Windows 10 Ash Silver Only 3.2lb 0.8"" thin USB Type-C",,459.39,0.0,https://www.newegg.com/p/1TS-000D-05460?Item=9SIAJZD9SS3063,//c1.neweggimages.com/ProductImageCompressAll300/AJZD_1_201907231969072027.jpg
8,1TS-000A-07CE3,Computer Systems,Laptops / Notebooks,4,DELL,"2020 Newest Dell Inspiron 15.6"" Power Touchscreen Flagship Laptop, 8th Gen Intel i5-8265U Up to 3.1Ghz, 8GB DDR4 SDRAM, 256GB SSD, Intel HD Graphics 620, Windows 10 Home",,699.99,0.0,https://www.newegg.com/p/1TS-000A-07CE3?Item=9SIA9JAAUV0262,//c1.neweggimages.com/NeweggImage/ProductImageCompressAll300/A9JAS191231IFOyX.jpg
9,1TS-000D-089B6,Computer Systems,Laptops / Notebooks,4,HP,"HP 14"" HD Notebook, Intel 10th Gen i3-1005G1 Dual Core Upto 3.4GHz, 8GB DDR4, 256GB M.2 SSD, UHD Graphics, HDMI, Card Reader, Wi-Fi, Bluetooth, Windows 10 Pro",,489.99,0.0,https://www.newegg.com/p/1TS-000D-089B6?Item=9SIA65EB010946,//c1.neweggimages.com/ProductImageCompressAll300/A65E_1_2020020377652477.jpg
10,1TS-000E-0HKA0,Computer Systems,Laptops / Notebooks,4,Lenovo,"Lenovo Ideapad S340 15IWL i5 Home and Business Laptop (Intel i5-8265U 4-Core, 8GB RAM, 256GB PCIe SSD + 500GB  HDD, 15.6"" HD (1366x768), Intel UHD 620, Wifi, Bluetooth, Webcam, 2xUSB 3.1, Win 10 Home)",,976.80,0.0,https://www.newegg.com/p/1TS-000E-0HKA0?Item=9SIA7ABB2J7888,//c1.neweggimages.com/ProductImageCompressAll300/V0F3_1_202002111062511480.jpg
11,1TS-000D-083J8,Computer Systems,Laptops / Notebooks,4,HP,"HP 15.6"" Thin and Light Touchscreen Customized Premium Laptop | 10th Gen Intel Quad-Core i7-1065G7 | 8GB RAM 256GB SSD | USB Type-C | Only 3.8lb | Upto 10 Hours Mixed Usage | Windows 10 Home Silver",,745.30,0.0,https://www.newegg.com/p/1TS-000D-083J8?Item=9SIAJZDAVY5746,//c1.neweggimages.com/ProductImageCompressAll300/AJZD_1_20200107355015127.jpg
12,1TS-000D-09BP4,Computer Systems,Laptops / Notebooks,4,HP,"HP Pavilion x360 2-in-1 Convertible Premium Business Laptop, 14"" FHD IPS Touchscreen, Intel Core i3-7100U, 8GB RAM 256GB SSD, B&O PLAY Backlit Keyboard Windows 10",,579.00,0.0,https://www.newegg.com/silver-hp-14-notebook-14-laptop-everyday-value/p/1TS-000D-09BP4?Item=9SIAMRPB472883,//c1.neweggimages.com/NeweggImage/ProductImageCompressAll300/AMRPS200304MBAeF.jpg
13,1TS-000E-0GZS5,Computer Systems,Laptops / Notebooks,4,Lenovo,"Lenovo Ideapad 330s 15.6"" Customized Business Laptop | AMD Ryzen 5 2500U Quad-Core | 8GB RAM 256GB SSD 1TB HDD | Full HD IPS | Radeon Vega 8 Graphics | Only 3.96lb | Windows 10 Home Grey",,615.64,0.0,https://www.newegg.com/p/1TS-000E-0GZS5?Item=9SIAJZDAWC4660,//c1.neweggimages.com/ProductImageCompressAll300/AJZD_1_20200113941713989.jpg
14,1TS-000E-0GZV3,Computer Systems,Laptops / Notebooks,4,Lenovo,"Lenovo Ideapad 330s 15.6"" Customized Business Laptop | AMD Ryzen 5 2500U Quad-Core | 8GB RAM 256GB SSD 1TB HDD | Full HD IPS | Radeon Vega 8 Graphics | Only 3.96lb | Windows 10 Home Grey",,615.64,0.0,https://www.newegg.com/p/1TS-000E-0GZV3?Item=9SIAJZDAWC4692,//c1.neweggimages.com/ProductImageCompressAll300/AJZD_1_20200113941713989.jpg
15,1TS-000D-096S3,Computer Systems,Laptops / Notebooks,4,HP,"HP 15 Notebook, 15.6"" Touch HD Display, Intel Core i7-8550U Upto 4.0GHz, 8GB RAM, 256GB SSD, HDMI, Card Reader, Wi-Fi, Bluetooth, Windows 10 Pro",,818.99,0.0,https://www.newegg.com/silver-hp-15-everyday-value/p/1TS-000D-096S3?Item=9SIAKKBB0B5686,//c1.neweggimages.com/NeweggImage/ProductImageCompressAll300/AKKBS200207Q04Tf.jpg
16,1TS-000E-0HM35,Computer Systems,Laptops / Notebooks,4,Lenovo,"Lenovo ThinkBook 14s Notebook, 14"" FHD Display, Intel Core i7-8565U Upto 4.6GHz, 8GB RAM, 256GB NVMe SSD, AMD Radeon 540X, HDMI, Wi-Fi, Bluetooth, Windows 10 Pro (20RM0008US)","Due to holiday observance, orders placed between 4/7 – 4/19 will experience shipping delays",899.99,0.0,https://www.newegg.com/silver-lenovo-thinkbook-14s/p/1TS-000E-0HM35?Item=9SIAA0SB0R0612,//c1.neweggimages.com/ProductImageCompressAll300/AA0S_1_202002121140330247.jpg
17,1TS-000E-0HP79,Computer Systems,Laptops / Notebooks,4,Lenovo,"Newest Lenovo ThinkBook 14s 14"" FHD IPS Home & Business Laptop, Intel Quad-Core i7-8565U upto 4.6GHz, 8GB RAM, 256GB SSD, Backlit Keyboard, Fingerprint Reader, AMD Radeon 540X, Windows 10 Pro",,834.99,0.0,https://www.newegg.com/gray-lenovo-thinkbook-14s-mainstream/p/1TS-000E-0HP79?Item=9SIAK1EB0V8921,//c1.neweggimages.com/ProductImageCompressAll300/AK1E_1_20200215292969120.jpg
18,1TS-000D-084U1,Computer Systems,Laptops / Notebooks,4,HP,"HP 14"" Customized Laptop | 10th Gen Intel Core i3-1005G1 up to 3.4 GHz | 8GB RAM 256GB SSD | USB Type-C | Wi-Fi | Bluetooth | Silver Only 3.2lb | Windows 10",,452.09,0.0,https://www.newegg.com/p/1TS-000D-084U1?Item=9SIAJZDAWE8332,//c1.neweggimages.com/ProductImageCompressAll300/AJZD_1_20191121766213943.jpg
19,1TS-000E-0J1X7,Computer Systems,Laptops / Notebooks,4,Lenovo,"Lenovo Flex 14.0"" HD 2-in-1 Touchscreen Notebook,8th Gen Intel Core i3-8145U,8GB DDR4,256GB SSD,Intel UHD 620 Graphics,Wifi-AC,Bluetooth 4.2,HDMI,USB,Windows 10 Pro",,575.00,0.0,https://www.newegg.com/black-lenovo-flex-81sq000d-creating-designing/p/1TS-000E-0J1X7?Item=9SIAE4NB7Z0634,//c1.neweggimages.com/ProductImageCompressAll300/AE4N_1_20191023587204988.jpg
20,1TS-000D-09F49,Computer Systems,Laptops / Notebooks,4,HP,"HP ZBook 14u G5 Workstation Laptop (Intel i5-8350U 4-Core, 8GB RAM, 256GB SSD, 14.0"" Full HD (1920x1080), Intel UHD 620, Fingerprint, Wifi, Bluetooth, Webcam, 2xUSB 3.1, 1xHDMI, Win 10 Pro)",,649.00,Special,https://www.newegg.com/p/1TS-000D-09F49?Item=9SIA7ABB9H1031,//c1.neweggimages.com/ProductImageCompressAll300/V0F3_1_20200401912886516.jpg
21,1TS-000D-08433,Computer Systems,Laptops / Notebooks,4,HP,"HP 15 Notebook, 15.6"" HD Touch Display, Intel Core i7-1065G7 Upto 3.9GHz, 8GB RAM, 256GB NVMe SSD, HDMI, Card Reader, Wi-Fi, Bluetooth, Windows 10 Pro","Due to holiday observance, orders placed between 4/7 – 4/19 will experience shipping delays",1195.99,0.0,https://www.newegg.com/gray-hp-15/p/1TS-000D-08433?Item=9SIAA0SAW44219,//c1.neweggimages.com/ProductImageCompressAll300/AA0S_1_20200109605439835.jpg
22,N82E16834269313,Computer Systems,Laptops / Notebooks,4,HP,"HP Laptop EliteBook 840 G3 (2VC86UT#ABA) Intel Core i5 6th Gen 6300U (2.40 GHz) 8 GB Memory 256 GB SSD Intel HD Graphics 520 14.0"" Windows 10 Pro 64-Bit","Due to holiday observance, orders placed between 4/7 – 4/19 will experience shipping delays",869.99,0.0,https://www.newegg.com/aberdeen-silver-hp-elitebook-840-g3/p/N82E16834269313?Item=9SIAA0SAVX1517,//c1.neweggimages.com/NeweggImage/ProductImageCompressAll300/34-269-313-S03.jpg
23,N82E16834155349,Computer Systems,Laptops / Notebooks,4,MSI,"MSI Laptop Creator 15M A9SD-044 Intel Core i5 9th Gen 9300H (2.40 GHz) 8 GB Memory 256 GB NVMe SSD NVIDIA GeForce GTX 1660 Ti 15.6"" Windows 10 Home 64-bit",,999.00,0.0,https://www.newegg.com/silver-msi-creator-15m-a9sd-044-creating-designing/p/N82E16834155349?Item=N82E16834155349,//c1.neweggimages.com/NeweggImage/ProductImageCompressAll300/V1DS_1_20200413299588732.jpg
24,1TS-000A-09Z81,Computer Systems,Laptops / Notebooks,4,DELL,"Dell Inspiron 14"" HD Laptop,10th Generation Intel Core i5-1035G4, 8GB DDR4,256GB SSD,Intel Iris Plus Graphics,Wifi-AC, Bluetooth 4.1, HDMI,Windows 10 Pro",,599.00,0.0,https://www.newegg.com/black-dell-inspiron-3000-mainstream/p/1TS-000A-09Z81?Item=9SIAE4NB839045,//c1.neweggimages.com/ProductImageCompressAll300/V2Y2_1_202002041476591289.jpg
25,N82E16834234777,Computer Systems,Laptops / Notebooks,4,ASUS,"ASUS VivoBook F542UA-DH71 15.6"" FHD Slim and Portable Laptop, Intel Core i7-7500U Processor, 8 GB DDR4 RAM; 256 GB M.2 SSD; Dual-Layer DVD-RW Drive; Full Keyboard; Windows 10",,949.99,11.99,https://www.newegg.com/dark-gray-asus-vivobook-f542ua-dh71-mainstream/p/N82E16834234777?Item=9SIAD6H6K36054,//c1.neweggimages.com/NeweggImage/ProductImageCompressAll300/34-234-777-V01.jpg
26,,Computer Systems,Laptops / Notebooks,4,DELL,Dell XPS 15- i7-8750H- GTX 1050Ti- 256GB SSD- 8GB RAM,,1549.33,0.0,https://www.newegg.com/silver-dell-fncwxb1653smp/p/1XV-000A-00CJ7?Item=9SIADDT8290386,//c1.neweggimages.com/NeweggImage/ProductImageCompressAll300/ADYY_1_201806061030236546.jpg
27,N82E16834234908,Computer Systems,Laptops / Notebooks,4,ASUS,"ASUS VivoBook S  Intel Core i5-8250U Processor, 8 GB DDR4 RAM, 256 GB SSD, 15.6"" FHD WideView Display, ASUS NanoEdge Bezel, Metal Cover Ultra-Thin and Portable Laptop, S510UA-DS51",,668.00,0.0,https://www.newegg.com/gold-asus-vivobook-s510ua-ds51-mainstream/p/N82E16834234908?Item=9SIACVB7DK7413,//c1.neweggimages.com/NeweggImage/ProductImageCompressAll300/34-234-908-V11.jpg
28,N82E16834154992,Computer Systems,Laptops / Notebooks,4,MSI,"MSI Laptop PS42 8M-064 Intel Core i5 8th Gen 8250U (1.60 GHz) 8 GB Memory 256 GB M.2 SATA SSD Intel UHD Graphics 620 14.0"" Windows 10 Pro 64-Bit",,769.99,0.0,https://www.newegg.com/aluminum-silver-msi-ps42-8m-064-mainstream/p/N82E16834154992?Item=9SIA8X5B0S5012,//c1.neweggimages.com/NeweggImage/ProductImageCompressAll300/34-154-992-V19.jpg
29,1TS-000E-0DNM6,Computer Systems,Laptops / Notebooks,4,Lenovo,"Lenovo ThinkPad T495 14"" FHD Touchscreen Laptop Ryzen 5 3500U 256GB SSD W10P",,1066.47,0.0,https://www.newegg.com/p/1TS-000E-0DNM6?Item=9SIA8H5AEP4401,//c1.neweggimages.com/ProductImageCompressAll300/A24G_1_2019063088693389.jpg
30,1TS-000E-0F795,Computer Systems,Laptops / Notebooks,4,Lenovo,"Lenovo Ideapad 330s 15.6"" Laptop, Windows 10, AMD Ryzen 5 2500U Quad-Core Processor, 8GB Memory, 256GB Storage, Platinum Grey - 81FB00HKUS Notebook PC Computer","Due to holiday observance, orders placed between 4/7 – 4/19 will experience shipping delays",599.99,0.0,https://www.newegg.com/gray-lenovo-ideapad-330s-everyday-value/p/1TS-000E-0F795?Item=9SIAA0SAHS7442,//c1.neweggimages.com/NeweggImage/ProductImageCompressAll300/A8X5_132164877842937204UbsTAQUe4x.jpg
31,1TS-000D-07HX1,Computer Systems,Laptops / Notebooks,4,HP,"HP Pavilion 15.6"" IPS FHD Gaming Laptop Core i5-9300H, 8GB DDR4 RAM, 256GB SSD+2TB SSHD, GTX 1050, Quad-Core up to 4.10 GHz, 1920x1080, Backlit, RJ-45 LAN, Bluetooth, USB-C, B&O, WebCam, Win 10",,877.99,0.0,https://www.newegg.com/p/1TS-000D-07HX1?Item=9SIA6V6AS57538,//c1.neweggimages.com/ProductImageCompressAll300/A6V6_1_20191223247157984.jpg
32,1TS-000D-07JP1,Computer Systems,Laptops / Notebooks,4,HP,"HP 14 Notebook, 14"" HD Display, Intel Core i3-1005G1 Upto 3.4GHz, 8GB RAM, 256GB SSD, HDMI, Card Reader, Wi-Fi, Bluetooth, Windows 10 Pro","Due to holiday observance, orders placed between 4/7 – 4/19 will experience shipping delays",549.99,0.0,https://www.newegg.com/champagne-gold-hp-14/p/1TS-000D-07JP1?Item=9SIAA0SARH6042,//c1.neweggimages.com/ProductImageCompressAll300/AA0S_1_202002031594360977.jpg
33,1TS-000D-069C5,Computer Systems,Laptops / Notebooks,4,HP,"HP 14 Notebook, 14"" HD Touch Display, Intel Core i3-8145U Upto 3.9GHz, 8GB RAM, 256GB NVMe SSD, HDMI, Card Reader, Wi-Fi, Bluetooth, Windows 10 Home","Due to holiday observance, orders placed between 4/7 – 4/19 will experience shipping delays",499.99,0.0,https://www.newegg.com/black-hp-14/p/1TS-000D-069C5?Item=9SIAEYAA6X5207,//c1.neweggimages.com/ProductImageCompressAll300/AEYA_1_201909192058975474.jpg
34,1TS-000A-03B40,Computer Systems,Laptops / Notebooks,4,DELL,"Dell XPS 9560 15.6"" IPS Ultra HD 4K Touchscreen Notebook, Intel Quad-Core i5-7300HQ Upto 3.5GHz, 8GB DDR4, 256GB NVMe SSD, NVIDIA GeForce GTX1050 4GB, Thunderbolt 3, HDMI, Card Reader, Windows 10 Pro",,1259.99,0.0,https://www.newegg.com/silver-dell-xps-9560-gaming-amp-entertainment/p/1TS-000A-03B40?Item=9SIADDT8629033,//c1.neweggimages.com/NeweggImage/ProductImageCompressAll300/AA0S_1_201808091623089091.jpg
35,1TS-001A-00WY3,Computer Systems,Laptops / Notebooks,4,ASUS,"ASUS VivoBook F512DA Notebook, 15.6"" FHD Display, AMD Ryzen 3 3200U Upto 3.5GHz, 8GB RAM, 256GB NVMe SSD, Vega 3, HDMI, Card Reader, Wi-Fi, Bluetooth, Windows 10 Home","Due to holiday observance, orders placed between 4/7 – 4/19 will experience shipping delays",549.99,0.0,https://www.newegg.com/dark-gray-asus-vivobook-f512da/p/1TS-001A-00WY3?Item=9SIAEYAA7E1518,//c1.neweggimages.com/ProductImageCompressAll300/AEYA_1_20190923926058343.jpg
