,product_category,brand,model_specifications,current_promotions,price,shipping,page_number,product_links,image_link
0,Laptops / Notebooks,HP,"HP 17 Business Laptop - Windows 10 Home - Intel Quad-Core i5-8250U, 8GB RAM, 500GB SSD, 17.3"" HD+ (1600x900) Display,  SD Card Reader, DVD+-RW Burner",,"1,044.99",Free Shipping,2,https://www.newegg.com/silver-17-3-hp-laptop-everyday-value/p/1TS-000D-03GU8?Item=9SIA8TK8UA9098,//c1.neweggimages.com/ProductImageCompressAll300/A8TK_1_2019030158504158.jpg
1,Laptops / Notebooks,HP,"HP 17 Business Laptop - Windows 10 Home - Intel Quad-Core i5-8250U, 8GB RAM, 500GB PCIe NVMe SSD + 2TB Storage HDD, 17.3"" HD+ (1600x900) Display,  SD Card Reader, DVD+-RW Burner",,"1,209.99",Free Shipping,2,https://www.newegg.com/silver-17-3-hp-laptop-everyday-value/p/1TS-000D-03H98?Item=9SIA8TK8UA9350,//c1.neweggimages.com/ProductImageCompressAll300/A8TK_1_2019030158504158.jpg
2,Laptops / Notebooks,HP,"HP 17 Business Laptop - Windows 7 Professional - Intel Quad-Core i5-8250U, 16GB RAM, 2TB PCIe NVMe SSD + 2TB Storage HDD, 17.3"" HD+ (1600x900) Display,  SD Card Reader, DVD+-RW Burner",,"1,924.99",Free Shipping,2,https://www.newegg.com/silver-17-3-hp-laptop-everyday-value/p/1TS-000D-03HC2?Item=9SIA8TK8UA9382,//c1.neweggimages.com/ProductImageCompressAll300/A8TK_1_2019030158504158.jpg
3,Laptops / Notebooks,HP,"HP 17 Business Laptop - Windows 7 Professional - Intel Quad-Core i5-8250U, 32GB RAM, 500GB PCIe NVMe SSD + 1TB Storage SSD, 17.3"" HD+ (1600x900) Display,  SD Card Reader, DVD+-RW Burner",,"2,199.99",Free Shipping,2,https://www.newegg.com/silver-17-3-hp-laptop-everyday-value/p/1TS-000D-03HH7?Item=9SIA8TK8UA9467,//c1.neweggimages.com/ProductImageCompressAll300/A8TK_1_2019030158504158.jpg
4,Laptops / Notebooks,HP,"HP 17.3"" HD+ Customized Premium Laptop | Intel Core i5-7200U Processor | 8GB RAM 128GB SSD 500GB HDD | DVD-RW | Backlit Keyboard | HDMI | Windows 10 Black",,712.38,Free Shipping,2,https://www.newegg.com/p/1TS-000D-072H4?Item=9SIAJZDAK05069,//c1.neweggimages.com/ProductImageCompressAll300/AJZD_1_201911151141222203.jpg
5,Laptops / Notebooks,HP,"HP 17.3"" HD+ Customized Premium Laptop | Intel Core i5-7200U Processor | 12GB RAM 256GB SSD | DVD-RW | Backlit Keyboard | HDMI | Windows 10 Black",,739.01,Free Shipping,2,https://www.newegg.com/p/1TS-000D-072P7?Item=9SIAJZDAK05124,//c1.neweggimages.com/ProductImageCompressAll300/AJZD_1_201911151141222203.jpg
6,Laptops / Notebooks,HP,"HP 17 Business Laptop - Windows 7 Professional - Intel Quad-Core i5-8250U, 32GB RAM, 500GB SSD, 17.3"" HD+ (1600x900) Display,  SD Card Reader, DVD+-RW Burner",,"1,704.99",Free Shipping,2,https://www.newegg.com/silver-17-3-hp-laptop-everyday-value/p/1TS-000D-03GY8?Item=9SIA8TK8UA9172,//c1.neweggimages.com/ProductImageCompressAll300/A8TK_1_2019030158504158.jpg
7,Laptops / Notebooks,HP,"HP 17 Business Laptop - Windows 10 Pro - Intel Quad-Core i5-8250U, 16GB RAM, 256GB PCIe NVMe SSD + 1TB Storage HDD, 17.3"" HD+ (1600x900) Display,  SD Card Reader, DVD+-RW Burner",,"1,374.99",Free Shipping,2,https://www.newegg.com/silver-17-3-hp-laptop-everyday-value/p/1TS-000D-03H61?Item=9SIA8TK8UA9289,//c1.neweggimages.com/ProductImageCompressAll300/A8TK_1_2019030158504158.jpg
8,Laptops / Notebooks,HP,HP 17.3-inch Notebook 17-by0053cl i5-8250U 12GB 1TB Radeon 530 Graphics 1600 x 900 Windows 10 3TT03UAR#ABA,,"1,319.99",Free Shipping,2,https://www.newegg.com/p/1TS-000D-03H25?Item=9SIA8TK8UA9230,//c1.neweggimages.com/ProductImageCompressAll300/A8TK_1_2019030158504158.jpg
9,Laptops / Notebooks,HP,"HP 17.3"" HD+ Customized Premium Laptop | Intel Core i5-7200U Processor | 8GB RAM 128GB SSD | DVD-RW | Backlit Keyboard | HDMI | Windows 10 Black",,692.41,Free Shipping,2,https://www.newegg.com/p/1TS-000D-072H0?Item=9SIAJZDAK05065,//c1.neweggimages.com/ProductImageCompressAll300/AJZD_1_201911151141222203.jpg
10,Laptops / Notebooks,HP,"HP 17.3"" HD+ Customized Premium Laptop | Intel Core i5-7200U Processor | 32GB RAM 1024GB SSD 1TB HDD | DVD-RW | Backlit Keyboard | HDMI | Windows 10 Black",,"1,051.93",Free Shipping,2,https://www.newegg.com/p/1TS-000D-072U1?Item=9SIAJZDAK05160,//c1.neweggimages.com/ProductImageCompressAll300/AJZD_1_201911151141222203.jpg
11,Laptops / Notebooks,HP,"HP 17 Business Laptop - Windows 7 Professional - Intel Quad-Core i5-8250U, 8GB RAM, 500GB SSD, 17.3"" HD+ (1600x900) Display,  SD Card Reader, DVD+-RW Burner",,"1,374.99",Free Shipping,2,https://www.newegg.com/silver-17-3-hp-laptop-everyday-value/p/1TS-000D-03GU9?Item=9SIA8TK8UA9099,//c1.neweggimages.com/ProductImageCompressAll300/A8TK_1_2019030158504158.jpg
12,Laptops / Notebooks,HP,"HP 17 Business Laptop - Windows 7 Professional - Intel Quad-Core i5-8250U, 32GB RAM, 2TB SSD, 17.3"" HD+ (1600x900) Display,  SD Card Reader, DVD+-RW Burner",,"1,924.99",Free Shipping,2,https://www.newegg.com/silver-17-3-hp-laptop-everyday-value/p/1TS-000D-03GZ6?Item=9SIA8TK8UA9183,//c1.neweggimages.com/ProductImageCompressAll300/A8TK_1_2019030158504158.jpg
13,Laptops / Notebooks,HP,"HP 17 Business Laptop - Linux Mint Cinnamon - Intel Quad-Core i5-8250U, 32GB RAM, 2TB PCIe NVMe SSD + 2TB Storage SSD, 17.3"" HD+ (1600x900) Display,  SD Card Reader, DVD+-RW Burner",,"2,199.99",Free Shipping,2,https://www.newegg.com/silver-17-3-hp-laptop-everyday-value/p/1TS-000D-03HR2?Item=9SIA8TK8UA9577,//c1.neweggimages.com/ProductImageCompressAll300/A8TK_1_2019030158504158.jpg
14,Laptops / Notebooks,HP,"HP 17 Business Laptop - Linux Mint Cinnamon - Intel Quad-Core i5-8250U, 8GB RAM, 256GB SSD, 17.3"" HD+ (1600x900) Display,  SD Card Reader, DVD+-RW Burner",,"1,022.99",Free Shipping,2,https://www.newegg.com/silver-17-3-hp-laptop-everyday-value/p/1TS-000D-03GU6?Item=9SIA8TK8UA9093,//c1.neweggimages.com/ProductImageCompressAll300/A8TK_1_2019030158504158.jpg
15,Laptops / Notebooks,HP,"HP 17 Business Laptop - Linux Mint Cinnamon - Intel Quad-Core i5-8250U, 16GB RAM, 2TB PCIe NVMe SSD + 1TB Storage HDD, 17.3"" HD+ (1600x900) Display,  SD Card Reader, DVD+-RW Burner",,"1,539.99",Free Shipping,2,https://www.newegg.com/silver-17-3-hp-laptop-everyday-value/p/1TS-000D-03H76?Item=9SIA8TK8UA9310,//c1.neweggimages.com/ProductImageCompressAll300/A8TK_1_2019030158504158.jpg
16,Laptops / Notebooks,HP,"HP 17 Business Laptop - Windows 10 Pro - Intel Quad-Core i5-8250U, 16GB RAM, 2TB PCIe NVMe SSD + 2TB Storage SSD, 17.3"" HD+ (1600x900) Display,  SD Card Reader, DVD+-RW Burner",,"1,979.99",Free Shipping,2,https://www.newegg.com/silver-17-3-hp-laptop-everyday-value/p/1TS-000D-03HN4?Item=9SIA8TK8UA9553,//c1.neweggimages.com/ProductImageCompressAll300/A8TK_1_2019030158504158.jpg
17,Laptops / Notebooks,HP,"HP 17 Business Laptop - Windows 7 Professional - Intel Quad-Core i5-8250U, 32GB RAM, 256GB PCIe NVMe SSD + 1TB Storage SSD, 17.3"" HD+ (1600x900) Display,  SD Card Reader, DVD+-RW Burner",,"2,144.99",Free Shipping,2,https://www.newegg.com/silver-17-3-hp-laptop-everyday-value/p/1TS-000D-03HH3?Item=9SIA8TK8UA9462,//c1.neweggimages.com/ProductImageCompressAll300/A8TK_1_2019030158504158.jpg
18,Laptops / Notebooks,HP,"HP 17 Business Laptop - Windows 10 Pro - Intel Quad-Core i5-8250U, 8GB RAM, 2TB PCIe NVMe SSD + 1TB Storage HDD, 17.3"" HD+ (1600x900) Display,  SD Card Reader, DVD+-RW Burner",,"1,484.99",Free Shipping,2,https://www.newegg.com/silver-17-3-hp-laptop-everyday-value/p/1TS-000D-03H57?Item=9SIA8TK8UA9283,//c1.neweggimages.com/ProductImageCompressAll300/A8TK_1_2019030158504158.jpg
19,Laptops / Notebooks,HP,"HP 17 Business Laptop - Windows 7 Professional - Intel Quad-Core i5-8250U, 32GB RAM, 1TB PCIe NVMe SSD + 4TB Storage SSD, 17.3"" HD+ (1600x900) Display,  SD Card Reader, DVD+-RW Burner",,"2,969.99",Free Shipping,2,https://www.newegg.com/silver-17-3-hp-laptop-everyday-value/p/1TS-000D-03HV5?Item=9SIA8TK8UA9686,//c1.neweggimages.com/ProductImageCompressAll300/A8TK_1_2019030158504158.jpg
20,Laptops / Notebooks,HP,"HP 17 Business Laptop - Windows 7 Professional - Intel Quad-Core i5-8250U, 8GB RAM, 500GB PCIe NVMe SSD + 1TB Storage SSD, 17.3"" HD+ (1600x900) Display,  SD Card Reader, DVD+-RW Burner",,"1,704.99",Free Shipping,2,https://www.newegg.com/silver-17-3-hp-laptop-everyday-value/p/1TS-000D-03HE6?Item=9SIA8TK8UA9426,//c1.neweggimages.com/ProductImageCompressAll300/A8TK_1_2019030158504158.jpg
21,Laptops / Notebooks,HP,"HP 17 Business Laptop - Windows 10 Home - Intel Quad-Core i5-8250U, 8GB RAM, 2TB PCIe NVMe SSD + 2TB Storage SSD, 17.3"" HD+ (1600x900) Display,  SD Card Reader, DVD+-RW Burner",,"1,704.99",Free Shipping,2,https://www.newegg.com/silver-17-3-hp-laptop-everyday-value/p/1TS-000D-03HK9?Item=9SIA8TK8UA9529,//c1.neweggimages.com/ProductImageCompressAll300/A8TK_1_2019030158504158.jpg
22,Laptops / Notebooks,HP,"HP 17.3"" HD+ Customized Laptop | Quad-Core Intel Core i5-8265U Mobile Processor | 16GB RAM 128GB SSD | DVD-RW | HDMI | Wifi | Bluetooth | Windows 10 Black",,736.93,Free Shipping,2,https://www.newegg.com/p/1TS-000D-07261?Item=9SIAJZDAK03918,//c1.neweggimages.com/ProductImageCompressAll300/AJZD_1_20191115704199485.jpg
23,Laptops / Notebooks,HP,"HP 17.3"" HD+ Customized Premium Laptop | Intel Core i5-7200U Processor | 12GB RAM 256GB SSD 1TB HDD | DVD-RW | Backlit Keyboard | HDMI | Windows 10 Black",,778.96,Free Shipping,2,https://www.newegg.com/p/1TS-000D-072R7?Item=9SIAJZDAK05136,//c1.neweggimages.com/ProductImageCompressAll300/AJZD_1_201911151141222203.jpg
24,Laptops / Notebooks,HP,"HP 17.3"" HD+ Customized Premium Laptop | Intel Core i5-7200U Processor | 8GB RAM 2TB HDD | DVD-RW | Backlit Keyboard | HDMI | Windows 10 Black",,732.36,Free Shipping,2,https://www.newegg.com/p/1TS-000D-072G6?Item=9SIAJZDAK05061,//c1.neweggimages.com/ProductImageCompressAll300/AJZD_1_201911151141222203.jpg
25,Laptops / Notebooks,HP,"HP 17 Business Laptop - Windows 7 Professional - Intel Quad-Core i5-8250U, 8GB RAM, 256GB PCIe NVMe SSD + 4TB Storage SSD, 17.3"" HD+ (1600x900) Display,  SD Card Reader, DVD+-RW Burner",,"2,309.99",Free Shipping,2,https://www.newegg.com/silver-17-3-hp-laptop-everyday-value/p/1TS-000D-03HR5?Item=9SIA8TK8UA9598,//c1.neweggimages.com/ProductImageCompressAll300/A8TK_1_2019030158504158.jpg
26,Laptops / Notebooks,HP,"HP 17 Business Laptop - Windows 10 Home - Intel Quad-Core i5-8250U, 16GB RAM, 1TB PCIe NVMe SSD + 2TB Storage HDD, 17.3"" HD+ (1600x900) Display,  SD Card Reader, DVD+-RW Burner",,"1,484.99",Free Shipping,2,https://www.newegg.com/silver-17-3-hp-laptop-everyday-value/p/1TS-000D-03HB7?Item=9SIA8TK8UA9372,//c1.neweggimages.com/ProductImageCompressAll300/A8TK_1_2019030158504158.jpg
27,Laptops / Notebooks,HP,"HP 17 Business Laptop - Linux Mint Cinnamon - Intel Quad-Core i5-8250U, 16GB RAM, 2TB SSD, 17.3"" HD+ (1600x900) Display,  SD Card Reader, DVD+-RW Burner",,"1,429.99",Free Shipping,2,https://www.newegg.com/silver-17-3-hp-laptop-everyday-value/p/1TS-000D-03GX7?Item=9SIA8TK8UA9141,//c1.neweggimages.com/ProductImageCompressAll300/A8TK_1_2019030158504158.jpg
28,Laptops / Notebooks,HP,"HP 17 Business Laptop - Linux Mint Cinnamon - Intel Quad-Core i5-8250U, 32GB RAM, 1TB PCIe NVMe SSD + 2TB Storage HDD, 17.3"" HD+ (1600x900) Display,  SD Card Reader, DVD+-RW Burner",,"1,814.99",Free Shipping,2,https://www.newegg.com/silver-17-3-hp-laptop-everyday-value/p/1TS-000D-03HD5?Item=9SIA8TK8UA9398,//c1.neweggimages.com/ProductImageCompressAll300/A8TK_1_2019030158504158.jpg
29,Laptops / Notebooks,HP,"HP 17.3"" HD+ Customized Premium Laptop | Intel Core i5-7200U Processor | 4GB RAM 1TB HDD | DVD-RW | Backlit Keyboard | HDMI | Windows 10 Black",,679.09,Free Shipping,2,https://www.newegg.com/p/1TS-000D-072G0?Item=9SIAJZDAK05055,//c1.neweggimages.com/ProductImageCompressAll300/AJZD_1_201911151141222203.jpg
30,Laptops / Notebooks,HP,"HP 17 Business Laptop - Windows 10 Home - Intel Quad-Core i5-8250U, 16GB RAM, 256GB SSD, 17.3"" HD+ (1600x900) Display,  SD Card Reader, DVD+-RW Burner",,"1,187.99",Free Shipping,2,https://www.newegg.com/silver-17-3-hp-laptop-everyday-value/p/1TS-000D-03GW3?Item=9SIA8TK8UA9120,//c1.neweggimages.com/ProductImageCompressAll300/A8TK_1_2019030158504158.jpg
31,Laptops / Notebooks,HP,"HP 17 Business Laptop - Windows 10 Pro - Intel Quad-Core i5-8250U, 32GB RAM, 256GB PCIe NVMe SSD + 1TB Storage SSD, 17.3"" HD+ (1600x900) Display,  SD Card Reader, DVD+-RW Burner",,"1,924.99",Free Shipping,2,https://www.newegg.com/silver-17-3-hp-laptop-everyday-value/p/1TS-000D-03HH1?Item=9SIA8TK8UA9460,//c1.neweggimages.com/ProductImageCompressAll300/A8TK_1_2019030158504158.jpg
32,Laptops / Notebooks,HP,"HP 17 Business Laptop - Windows 10 Pro - Intel Quad-Core i5-8250U, 16GB RAM, 1TB PCIe NVMe SSD + 4TB Storage SSD, 17.3"" HD+ (1600x900) Display,  SD Card Reader, DVD+-RW Burner",,"2,419.99",Free Shipping,2,https://www.newegg.com/silver-17-3-hp-laptop-everyday-value/p/1TS-000D-03HT7?Item=9SIA8TK8UA9656,//c1.neweggimages.com/ProductImageCompressAll300/A8TK_1_2019030158504158.jpg
33,Laptops / Notebooks,HP,"HP 17 Business Laptop - Windows 10 Pro - Intel Quad-Core i5-8250U, 8GB RAM, 500GB PCIe NVMe SSD + 4TB Storage SSD, 17.3"" HD+ (1600x900) Display,  SD Card Reader, DVD+-RW Burner",,"2,144.99",Free Shipping,2,https://www.newegg.com/silver-17-3-hp-laptop-everyday-value/p/1TS-000D-03HR7?Item=9SIA8TK8UA9603,//c1.neweggimages.com/ProductImageCompressAll300/A8TK_1_2019030158504158.jpg
34,Laptops / Notebooks,HP,"HP 17 Business Laptop - Windows 10 Pro - Intel Quad-Core i5-8250U, 8GB RAM, 256GB SSD, 17.3"" HD+ (1600x900) Display,  SD Card Reader, DVD+-RW Burner",,"1,132.99",Free Shipping,2,https://www.newegg.com/silver-17-3-hp-laptop-everyday-value/p/1TS-000D-03GU3?Item=9SIA8TK8UA9090,//c1.neweggimages.com/ProductImageCompressAll300/A8TK_1_2019030158504158.jpg
35,Laptops / Notebooks,HP,"HP 17 Business Laptop - Linux Mint Cinnamon - Intel Quad-Core i5-8250U, 32GB RAM, 2TB PCIe NVMe SSD + 1TB Storage SSD, 17.3"" HD+ (1600x900) Display,  SD Card Reader, DVD+-RW Burner",,"2,089.99",Free Shipping,2,https://www.newegg.com/silver-17-3-hp-laptop-everyday-value/p/1TS-000D-03HJ6?Item=9SIA8TK8UA9503,//c1.neweggimages.com/ProductImageCompressAll300/A8TK_1_2019030158504158.jpg
