,item_number,general_category,product_category,page_number,brand,model_specifications,current_promotions,price,shipping,product_links,image_link
0,1TS-000X-00VT0,Computer Systems,Laptops / Notebooks,1,Acer America,"Acer Aspire 3 15.6"" - AMD Ryzen 7 2700U Quad-core (4 Core) 2.20 GHz - 8 GB DDR4 SDRAM - 256 GB SSD - Windows 10 Home 64-bit - 1920 x 1080 - A315-41-R14K - NX.GY9AA.014 - Obsidian Black",,529.99,0.0,https://www.newegg.com/obsidian-black-acer-aspire-3-a315-41-r14k-mainstream/p/1TS-000X-00VT0,//c1.neweggimages.com/NeweggImage/ProductImageCompressAll300/1TS-000X-00VT0-V13.jpg
1,1TS-000D-07XU8,Computer Systems,Laptops / Notebooks,1,HP,"HP 15 Notebook, 15.6"" HD Touch Display, AMD Ryzen 7 3700U Upto 4.0GHz, 8GB RAM, 256GB NVMe SSD, Vega 10, HDMI, Card Reader, Wi-Fi, Bluetooth, Windows 10 Pro","Due to holiday observance, orders placed between 4/7 – 4/19 will experience shipping delays",599.00,0.0,https://www.newegg.com/silver-hp-15/p/1TS-000D-07XU8,//c1.neweggimages.com/ProductImageCompressAll300/AA0S_1_201912231321062456.jpg
2,1TS-000D-07XU1,Computer Systems,Laptops / Notebooks,1,HP,"HP 15 Notebook, 15.6"" HD Touch Display, AMD Ryzen 7 3700U Upto 4.0GHz, 8GB RAM, 128GB NVMe SSD, Vega 10, HDMI, Card Reader, Wi-Fi, Bluetooth, Windows 10 Pro","Due to holiday observance, orders placed between 4/7 – 4/19 will experience shipping delays",599.00,0.0,https://www.newegg.com/silver-hp-15/p/1TS-000D-07XU1,//c1.neweggimages.com/ProductImageCompressAll300/V0N6_1_20191223377423411.jpg
3,2WC-000J-008G1,Computer Systems,Laptops / Notebooks,1,Lenovo,"Lenovo Laptop ThinkPad E595 20NF0018US AMD Ryzen 7 2nd Gen 3700U (2.30 GHz) 8 GB Memory 256 GB SSD AMD Radeon RX Vega 10 15.6"" Windows 10 Pro 64-bit",,860.39,0.0,https://www.newegg.com/black-lenovo-thinkpad-e595-20nf0018us/p/2WC-000J-008G1,//c1.neweggimages.com/ProductImageCompressAll300/V15X_1_201910281139320194.jpg
4,1TS-000D-07XV8,Computer Systems,Laptops / Notebooks,1,HP,"HP 15 Notebook, 15.6"" HD Touch Display, AMD Ryzen 7 3700U Upto 4.0GHz, 8GB RAM, 512GB NVMe SSD, Vega 10, HDMI, Card Reader, Wi-Fi, Bluetooth, Windows 10 Pro","Due to holiday observance, orders placed between 4/7 – 4/19 will experience shipping delays",699.00,0.0,https://www.newegg.com/silver-hp-15/p/1TS-000D-07XV8,//c1.neweggimages.com/ProductImageCompressAll300/AA0S_1_20191223646496796.jpg
5,1TS-000D-07XW4,Computer Systems,Laptops / Notebooks,1,HP,"HP 15 Notebook, 15.6"" HD Touch Display, AMD Ryzen 7 3700U Upto 4.0GHz, 8GB RAM, 128GB NVMe SSD, Vega 10, HDMI, Card Reader, Wi-Fi, Bluetooth, Windows 10 Home","Due to holiday observance, orders placed between 4/7 – 4/19 will experience shipping delays",599.00,0.0,https://www.newegg.com/silver-hp-15/p/1TS-000D-07XW4,//c1.neweggimages.com/ProductImageCompressAll300/AEYA_1_201912231084719752.jpg
6,1TS-000D-07XX7,Computer Systems,Laptops / Notebooks,1,HP,"HP 15 Notebook, 15.6"" HD Touch Display, AMD Ryzen 7 3700U Upto 4.0GHz, 8GB RAM, 512GB NVMe SSD, Vega 10, HDMI, Card Reader, Wi-Fi, Bluetooth, Windows 10 Home","Due to holiday observance, orders placed between 4/7 – 4/19 will experience shipping delays",699.00,0.0,https://www.newegg.com/silver-hp-15/p/1TS-000D-07XX7,//c1.neweggimages.com/ProductImageCompressAll300/AEYA_1_201912231629331373.jpg
7,1TS-000E-0EVH4,Computer Systems,Laptops / Notebooks,1,Lenovo,"Lenovo IdeaPad S340-15API 81NC009FUS 15.6"" Notebook - 1366 x 768 - Ryzen 7 3700U - 8 GB RAM - 256 GB SSD - Abyss Blue",,698.99,1.99,https://www.newegg.com/p/1TS-000E-0EVH4,//c1.neweggimages.com/NeweggImage/ProductImageCompressAll300/V197_1_201909091886524457.jpg
8,1TS-000A-08JS9,Computer Systems,Laptops / Notebooks,1,DELL,"Dell Inspiron 5000 Series 15.6"" Customized Laptop | AMD Ryzen 7 2700U Quad-Core | 8GB RAM 1024GB SSD 1TB HDD | Full HD | Radeon Vega 10 Graphics | Windows 10 Home Silver",,844.85,0.0,https://www.newegg.com/p/1TS-000A-08JS9,//c1.neweggimages.com/ProductImageCompressAll300/AJZD_1_20200121335570724.jpg
9,1TS-000A-04P72,Computer Systems,Laptops / Notebooks,1,DELL,"Dell Inspiron 5575 15.6"" FHD Notebook, AMD Quad-Core Ryzen 7 2700U Upto 3.8GHz, 8GB RAM, 1TB SSD, Radeon Vega 10, HDMI, Card Reader, LAN, Wi-Fi, Bluetooth, Windows 10 Home","Due to holiday observance, orders placed between 4/7 – 4/19 will experience shipping delays",1059.49,0.0,https://www.newegg.com/silver-dell-inspiron-5575-creating-designing/p/1TS-000A-04P72,//c1.neweggimages.com/ProductImageCompressAll300/AA0S_1_201905231432136847.jpg
10,1TS-000D-087U9,Computer Systems,Laptops / Notebooks,1,HP,"Newest HP 15.6"" HD Touchscreen Premium Business Laptop PC, AMD Ryzen 7 3700U Quad-Core upto 4.0GHz, 8GB RAM, 128GB SSD, AMD Radeon RX Vega 10 Graphics, 802_11_AC, HDMI, Bluetooth, USB-C, Windows 10",,607.99,0.0,https://www.newegg.com/silver-hp-mainstream/p/1TS-000D-087U9,//c1.neweggimages.com/ProductImageCompressAll300/AK1E_1_202001221664199281.jpg
11,1TS-001A-024D4,Computer Systems,Laptops / Notebooks,1,ASUS,"ASUS TUF Gaming FX505D 15.6"" Quad Core AMD Ryzen 7 up to 4.0GHz, 8GB DDR4, 256GB NVME SSD, Nvidia GeForce GTX 1650 4GB, HDMI, Wi-Fi, Bluetooth, USB 3.1, Windows 10 Pro (Black) Laptop",,999.99,0.0,https://www.newegg.com/black-asus-tuf-fx505dt-wb72/p/1TS-001A-024D4,//c1.neweggimages.com/ProductImageCompressAll300/A65E_1_20200311335006281.jpg
12,1TS-000A-04P42,Computer Systems,Laptops / Notebooks,1,DELL,"Dell Inspiron 5575 15.6"" FHD Notebook, AMD Quad-Core Ryzen 7 2700U Upto 3.8GHz, 8GB RAM, 512GB SSD, Radeon Vega 10, HDMI, Card Reader, LAN, Wi-Fi, Bluetooth, Windows 10 Pro","Due to holiday observance, orders placed between 4/7 – 4/19 will experience shipping delays",903.49,0.0,https://www.newegg.com/silver-dell-inspiron-5575-creating-designing/p/1TS-000A-04P42,//c1.neweggimages.com/ProductImageCompressAll300/AA0S_1_201905231282217582.jpg
13,1TS-000D-07XX3,Computer Systems,Laptops / Notebooks,1,HP,"HP 15 Notebook, 15.6"" HD Touch Display, AMD Ryzen 7 3700U Upto 4.0GHz, 8GB RAM, 256GB NVMe SSD, Vega 10, HDMI, Card Reader, Wi-Fi, Bluetooth, Windows 10 Home","Due to holiday observance, orders placed between 4/7 – 4/19 will experience shipping delays",899.99,0.0,https://www.newegg.com/silver-hp-15/p/1TS-000D-07XX3,//c1.neweggimages.com/ProductImageCompressAll300/AEYA_1_201912231812649638.jpg
14,1TS-000A-04P38,Computer Systems,Laptops / Notebooks,1,DELL,"Dell Inspiron 5575 15.6"" FHD Notebook, AMD Quad-Core Ryzen 7 2700U Upto 3.8GHz, 8GB RAM, 256GB NVMe SSD + 1TB HDD, Radeon Vega 10, HDMI, Card Reader, LAN, Wi-Fi, Bluetooth, Windows 10 Pro","Due to holiday observance, orders placed between 4/7 – 4/19 will experience shipping delays",1000.99,0.0,https://www.newegg.com/silver-dell-inspiron-5575-creating-designing/p/1TS-000A-04P38,//c1.neweggimages.com/ProductImageCompressAll300/AA0S_1_201905231282217582.jpg
15,1TS-000A-04P35,Computer Systems,Laptops / Notebooks,1,DELL,"Dell Inspiron 5575 15.6"" FHD Notebook, AMD Quad-Core Ryzen 7 2700U Upto 3.8GHz, 8GB RAM, 1TB HDD, Radeon Vega 10, HDMI, Card Reader, LAN, Wi-Fi, Bluetooth, Windows 10 Home","Due to holiday observance, orders placed between 4/7 – 4/19 will experience shipping delays",890.49,0.0,https://www.newegg.com/silver-dell-inspiron-5575-creating-designing/p/1TS-000A-04P35,//c1.neweggimages.com/ProductImageCompressAll300/AA0S_1_201905231432136847.jpg
16,1TS-000D-06XS3,Computer Systems,Laptops / Notebooks,1,HP,"HP 15.6"" HD Touchscreen Laptop, AMD Ryzen 7 3700U Processor, 8GB Memory, 512GB SSD Storage, Backlit Keyboard, 2 Year Warranty Care Pack with Accidental Damage Protection, Windows 10 Home",,799.99,0.0,https://www.newegg.com/natural-silver-hp-15-db1973cl/p/1TS-000D-06XS3,//c1.neweggimages.com/NeweggImage/ProductImageCompressAll300/V0U8_132178202493009411UgSmM16IlU.jpg
17,1TS-0016-00N98,Computer Systems,Laptops / Notebooks,1,MSI,"MSI ALPHA 15 A3DD-003 Gaming and Business Laptop (AMD Ryzen 7 3750H 4-Core, 8GB RAM, 512GB SSD, 15.6"" Full HD (1920x1080), AMD Radeon RX5500M, Wifi, Bluetooth, Webcam, 3xUSB 3.2, 1xHDMI, Win 10 Home)",,1053.00,0.0,https://www.newegg.com/p/1TS-0016-00N98,//c1.neweggimages.com/ProductImageCompressAll300/A7AB_1_20191104190185842.jpg
18,1TS-000A-08JF3,Computer Systems,Laptops / Notebooks,1,DELL,"Dell Inspiron 5000 Series 15.6"" Customized Laptop | AMD Ryzen 7 2700U Quad-Core | 8GB RAM 256GB SSD | Full HD | Radeon Vega 10 Graphics | Windows 10 Home Silver",,668.20,0.0,https://www.newegg.com/p/1TS-000A-08JF3,//c1.neweggimages.com/ProductImageCompressAll300/AJZD_1_20200121335570724.jpg
19,N82E16834847843,Computer Systems,Laptops / Notebooks,1,Lenovo,"Lenovo Laptop IdeaPad S340 81NC001GUS AMD Ryzen 7 2nd Gen 3700U (2.30 GHz) 8 GB Memory 256 GB SSD AMD Radeon RX Vega 10 15.6"" Windows 10 Home 64-bit",,806.37,0.0,https://www.newegg.com/platinum-grey-lenovo-ideapad-s340-81nc001gus-mainstream/p/N82E16834847843,//c1.neweggimages.com/ProductImageCompressAll300/34-847-843-V25.jpg
20,1TS-000X-00V29,Computer Systems,Laptops / Notebooks,1,Acer America,"Acer Swift 3 SF315-41G-R6MP 15.6"" LCD Notebook - AMD Ryzen 7 2700U Quad-core (4 Core) 2.20 GHz - 8 GB DDR4 SDRAM - 256 GB SSD - Windows 10 Home 64-bit",,1028.00,0.0,https://www.newegg.com/steel-gray-acer-swift-3-sf315-41g-r6mp-mainstream/p/1TS-000X-00V29,//c1.neweggimages.com/ProductImageCompressAll300/A686_131884084558819221oKLvIGxCi0.jpg
21,1TS-000A-04P74,Computer Systems,Laptops / Notebooks,1,DELL,"Dell Inspiron 5575 15.6"" FHD Notebook, AMD Quad-Core Ryzen 7 2700U Upto 3.8GHz, 8GB RAM, 256GB NVMe SSD + 1TB HDD, Radeon Vega 10, HDMI, Card Reader, LAN, Wi-Fi, Bluetooth, Windows 10 Home","Due to holiday observance, orders placed between 4/7 – 4/19 will experience shipping delays",974.99,0.0,https://www.newegg.com/silver-dell-inspiron-5575-creating-designing/p/1TS-000A-04P74,//c1.neweggimages.com/ProductImageCompressAll300/AA0S_1_201905231432136847.jpg
22,1TS-000A-04P73,Computer Systems,Laptops / Notebooks,1,DELL,"Dell Inspiron 5575 15.6"" FHD Notebook, AMD Quad-Core Ryzen 7 2700U Upto 3.8GHz, 8GB RAM, 256GB SSD, Radeon Vega 10, HDMI, Card Reader, LAN, Wi-Fi, Bluetooth, Windows 10 Home","Due to holiday observance, orders placed between 4/7 – 4/19 will experience shipping delays",890.49,0.0,https://www.newegg.com/silver-dell-inspiron-5575-creating-designing/p/1TS-000A-04P73,//c1.neweggimages.com/ProductImageCompressAll300/AA0S_1_201905231432136847.jpg
23,1TS-000A-04P40,Computer Systems,Laptops / Notebooks,1,DELL,"Dell Inspiron 5575 15.6"" FHD Notebook, AMD Quad-Core Ryzen 7 2700U Upto 3.8GHz, 8GB RAM, 2TB SSD, Radeon Vega 10, HDMI, Card Reader, LAN, Wi-Fi, Bluetooth, Windows 10 Pro","Due to holiday observance, orders placed between 4/7 – 4/19 will experience shipping delays",1319.49,0.0,https://www.newegg.com/silver-dell-inspiron-5575-creating-designing/p/1TS-000A-04P40,//c1.neweggimages.com/ProductImageCompressAll300/AA0S_1_201905231282217582.jpg
24,1TS-000A-04P36,Computer Systems,Laptops / Notebooks,1,DELL,"Dell Inspiron 5575 15.6"" FHD Notebook, AMD Quad-Core Ryzen 7 2700U Upto 3.8GHz, 8GB RAM, 1TB NVMe SSD + 1TB HDD, Radeon Vega 10, HDMI, Card Reader, LAN, Wi-Fi, Bluetooth, Windows 10 Pro","Due to holiday observance, orders placed between 4/7 – 4/19 will experience shipping delays",1202.49,0.0,https://www.newegg.com/silver-dell-inspiron-5575-creating-designing/p/1TS-000A-04P36,//c1.neweggimages.com/ProductImageCompressAll300/AA0S_1_201905231282217582.jpg
25,1TS-000A-04P75,Computer Systems,Laptops / Notebooks,1,DELL,"Dell Inspiron 5575 15.6"" FHD Notebook, AMD Quad-Core Ryzen 7 2700U Upto 3.8GHz, 8GB RAM, 2TB SSD, Radeon Vega 10, HDMI, Card Reader, LAN, Wi-Fi, Bluetooth, Windows 10 Home","Due to holiday observance, orders placed between 4/7 – 4/19 will experience shipping delays",1286.99,0.0,https://www.newegg.com/silver-dell-inspiron-5575-creating-designing/p/1TS-000A-04P75,//c1.neweggimages.com/ProductImageCompressAll300/AA0S_1_201905231432136847.jpg
26,1TS-000A-04P39,Computer Systems,Laptops / Notebooks,1,DELL,"Dell Inspiron 5575 15.6"" FHD Notebook, AMD Quad-Core Ryzen 7 2700U Upto 3.8GHz, 8GB RAM, 256GB SSD, Radeon Vega 10, HDMI, Card Reader, LAN, Wi-Fi, Bluetooth, Windows 10 Pro","Due to holiday observance, orders placed between 4/7 – 4/19 will experience shipping delays",844.99,0.0,https://www.newegg.com/silver-dell-inspiron-5575-creating-designing/p/1TS-000A-04P39,//c1.neweggimages.com/ProductImageCompressAll300/AA0S_1_201905231282217582.jpg
27,1TS-000A-04P33,Computer Systems,Laptops / Notebooks,1,DELL,"Dell Inspiron 5575 15.6"" FHD Notebook, AMD Quad-Core Ryzen 7 2700U Upto 3.8GHz, 8GB RAM, 128GB NVMe SSD + 1TB HDD, Radeon Vega 10, HDMI, Card Reader, LAN, Wi-Fi, Bluetooth, Windows 10 Pro","Due to holiday observance, orders placed between 4/7 – 4/19 will experience shipping delays",974.99,0.0,https://www.newegg.com/silver-dell-inspiron-5575-creating-designing/p/1TS-000A-04P33,//c1.neweggimages.com/ProductImageCompressAll300/AA0S_1_201905231282217582.jpg
28,1TS-000A-04P76,Computer Systems,Laptops / Notebooks,1,DELL,"Dell Inspiron 5575 15.6"" FHD Notebook, AMD Quad-Core Ryzen 7 2700U Upto 3.8GHz, 8GB RAM, 512GB SSD, Radeon Vega 10, HDMI, Card Reader, LAN, Wi-Fi, Bluetooth, Windows 10 Home","Due to holiday observance, orders placed between 4/7 – 4/19 will experience shipping delays",948.99,0.0,https://www.newegg.com/silver-dell-inspiron-5575-creating-designing/p/1TS-000A-04P76,//c1.neweggimages.com/ProductImageCompressAll300/AA0S_1_201905231432136847.jpg
29,1TS-000D-07XX6,Computer Systems,Laptops / Notebooks,1,HP,"HP 15 Notebook, 15.6"" HD Touch Display, AMD Ryzen 7 3700U Upto 4.0GHz, 8GB RAM, 2TB NVMe SSD, Vega 10, HDMI, Card Reader, Wi-Fi, Bluetooth, Windows 10 Home","Due to holiday observance, orders placed between 4/7 – 4/19 will experience shipping delays",1329.99,0.0,https://www.newegg.com/silver-hp-15/p/1TS-000D-07XX6,//c1.neweggimages.com/ProductImageCompressAll300/AEYA_1_20191223301409722.jpg
30,1TS-000A-04P37,Computer Systems,Laptops / Notebooks,1,DELL,"Dell Inspiron 5575 15.6"" FHD Notebook, AMD Quad-Core Ryzen 7 2700U Upto 3.8GHz, 8GB RAM, 1TB SSD, Radeon Vega 10, HDMI, Card Reader, LAN, Wi-Fi, Bluetooth, Windows 10 Pro","Due to holiday observance, orders placed between 4/7 – 4/19 will experience shipping delays",1091.99,0.0,https://www.newegg.com/silver-dell-inspiron-5575-creating-designing/p/1TS-000A-04P37,//c1.neweggimages.com/ProductImageCompressAll300/AA0S_1_201905231282217582.jpg
31,1TS-000D-07XU5,Computer Systems,Laptops / Notebooks,1,HP,"HP 15 Notebook, 15.6"" HD Touch Display, AMD Ryzen 7 3700U Upto 4.0GHz, 8GB RAM, 1TB NVMe SSD, Vega 10, HDMI, Card Reader, Wi-Fi, Bluetooth, Windows 10 Pro","Due to holiday observance, orders placed between 4/7 – 4/19 will experience shipping delays",829.99,0.0,https://www.newegg.com/silver-hp-15/p/1TS-000D-07XU5,//c1.neweggimages.com/ProductImageCompressAll300/AA0S_1_201912231592780801.jpg
32,1TS-000D-07XV2,Computer Systems,Laptops / Notebooks,1,HP,"HP 15 Notebook, 15.6"" HD Touch Display, AMD Ryzen 7 3700U Upto 4.0GHz, 8GB RAM, 2TB NVMe SSD, Vega 10, HDMI, Card Reader, Wi-Fi, Bluetooth, Windows 10 Pro","Due to holiday observance, orders placed between 4/7 – 4/19 will experience shipping delays",1329.99,0.0,https://www.newegg.com/silver-hp-15/p/1TS-000D-07XV2,//c1.neweggimages.com/ProductImageCompressAll300/AA0S_1_201912231123865858.jpg
33,1TS-000A-04P41,Computer Systems,Laptops / Notebooks,1,DELL,"Dell Inspiron 5575 15.6"" FHD Notebook, AMD Quad-Core Ryzen 7 2700U Upto 3.8GHz, 8GB RAM, 512GB NVMe SSD + 1TB HDD, Radeon Vega 10, HDMI, Card Reader, LAN, Wi-Fi, Bluetooth, Windows 10 Pro","Due to holiday observance, orders placed between 4/7 – 4/19 will experience shipping delays",1072.49,0.0,https://www.newegg.com/silver-dell-inspiron-5575-creating-designing/p/1TS-000A-04P41,//c1.neweggimages.com/ProductImageCompressAll300/AA0S_1_201905231282217582.jpg
34,1TS-000A-04P69,Computer Systems,Laptops / Notebooks,1,DELL,"Dell Inspiron 5575 15.6"" FHD Notebook, AMD Quad-Core Ryzen 7 2700U Upto 3.8GHz, 8GB RAM, 128GB SSD, Radeon Vega 10, HDMI, Card Reader, LAN, Wi-Fi, Bluetooth, Windows 10 Home","Due to holiday observance, orders placed between 4/7 – 4/19 will experience shipping delays",857.99,0.0,https://www.newegg.com/silver-dell-inspiron-5575-creating-designing/p/1TS-000A-04P69,//c1.neweggimages.com/ProductImageCompressAll300/AA0S_1_201905231432136847.jpg
35,1TS-000A-04P71,Computer Systems,Laptops / Notebooks,1,DELL,"Dell Inspiron 5575 15.6"" FHD Notebook, AMD Quad-Core Ryzen 7 2700U Upto 3.8GHz, 8GB RAM, 1TB NVMe SSD + 1TB HDD, Radeon Vega 10, HDMI, Card Reader, LAN, Wi-Fi, Bluetooth, Windows 10 Home","Due to holiday observance, orders placed between 4/7 – 4/19 will experience shipping delays",1176.49,0.0,https://www.newegg.com/silver-dell-inspiron-5575-creating-designing/p/1TS-000A-04P71,//c1.neweggimages.com/ProductImageCompressAll300/AA0S_1_201905231432136847.jpg
