,item_number,general_category,product_category,page_number,brand,model_specifications,current_promotions,price,shipping,product_links,image_link
0,1TS-000D-07XU5,Computer Systems,Laptops / Notebooks,2,HP,"HP 15 Notebook, 15.6"" HD Touch Display, AMD Ryzen 7 3700U Upto 4.0GHz, 8GB RAM, 1TB NVMe SSD, Vega 10, HDMI, Card Reader, Wi-Fi, Bluetooth, Windows 10 Pro","Due to holiday observance, orders placed between 4/7 – 4/19 will experience shipping delays",829.99,0.0,https://www.newegg.com/silver-hp-15/p/1TS-000D-07XU5,//c1.neweggimages.com/ProductImageCompressAll300/AA0S_1_201912231592780801.jpg
1,1TS-000A-04P69,Computer Systems,Laptops / Notebooks,2,DELL,"Dell Inspiron 5575 15.6"" FHD Notebook, AMD Quad-Core Ryzen 7 2700U Upto 3.8GHz, 8GB RAM, 128GB SSD, Radeon Vega 10, HDMI, Card Reader, LAN, Wi-Fi, Bluetooth, Windows 10 Home","Due to holiday observance, orders placed between 4/7 – 4/19 will experience shipping delays",857.99,0.0,https://www.newegg.com/silver-dell-inspiron-5575-creating-designing/p/1TS-000A-04P69,//c1.neweggimages.com/ProductImageCompressAll300/AA0S_1_201905231432136847.jpg
2,1TS-000A-04P71,Computer Systems,Laptops / Notebooks,2,DELL,"Dell Inspiron 5575 15.6"" FHD Notebook, AMD Quad-Core Ryzen 7 2700U Upto 3.8GHz, 8GB RAM, 1TB NVMe SSD + 1TB HDD, Radeon Vega 10, HDMI, Card Reader, LAN, Wi-Fi, Bluetooth, Windows 10 Home","Due to holiday observance, orders placed between 4/7 – 4/19 will experience shipping delays",1176.49,0.0,https://www.newegg.com/silver-dell-inspiron-5575-creating-designing/p/1TS-000A-04P71,//c1.neweggimages.com/ProductImageCompressAll300/AA0S_1_201905231432136847.jpg
3,1TS-000D-07XV2,Computer Systems,Laptops / Notebooks,2,HP,"HP 15 Notebook, 15.6"" HD Touch Display, AMD Ryzen 7 3700U Upto 4.0GHz, 8GB RAM, 2TB NVMe SSD, Vega 10, HDMI, Card Reader, Wi-Fi, Bluetooth, Windows 10 Pro","Due to holiday observance, orders placed between 4/7 – 4/19 will experience shipping delays",1329.99,0.0,https://www.newegg.com/silver-hp-15/p/1TS-000D-07XV2,//c1.neweggimages.com/ProductImageCompressAll300/AA0S_1_201912231123865858.jpg
4,1TS-0016-00NA0,Computer Systems,Laptops / Notebooks,2,MSI,"MSI ALPHA 15 A3DD-003 Gaming and Business Laptop (AMD Ryzen 7 3750H 4-Core, 8GB RAM, 512GB SSD, 15.6"" Full HD (1920x1080), AMD Radeon RX5500M, Wifi, Bluetooth, Webcam, 3xUSB 3.2, 1xHDMI, Win 10 Home)",,1053.00,0.0,https://www.newegg.com/p/1TS-0016-00NA0,//c1.neweggimages.com/ProductImageCompressAll300/A7AB_132174501424075766FHOOU8F6dv.jpg
5,2WC-0001-00242,Computer Systems,Laptops / Notebooks,2,HP,"HP Laptop EliteBook 755 G5 (4HZ54UT#ABA) AMD Ryzen 7 1st Gen 2700U (2.20 GHz) 8 GB Memory 256 GB PCIe NVMe SSD AMD Radeon RX Vega 10 15.6"" Windows 10 Pro 64-Bit",,1495.97,24.96,https://www.newegg.com/hp-elitebook-755-g5-mainstream/p/2WC-0001-00242,//c1.neweggimages.com/ProductImageCompressAll300/A6ZPS191211T3Fly.jpg
6,1TS-0016-00N85,Computer Systems,Laptops / Notebooks,2,MSI,"MSI Alpha 15 A3DD-003 15.6"" Notebook - 1920 x 1080 - Ryzen 7 + Office 365 Bundle",,919.00,0.0,https://www.newegg.com/p/1TS-0016-00N85,//c1.neweggimages.com/ProductImageCompressAll300/A24G_1_20191027533753590.jpg
7,1TS-000A-08JJ3,Computer Systems,Laptops / Notebooks,2,DELL,"Dell Inspiron 5000 Series 15.6"" Customized Laptop | AMD Ryzen 7 2700U Quad-Core | 8GB RAM 1024GB SSD | Full HD | Radeon Vega 10 Graphics | Windows 10 Home Silver",,798.77,0.0,https://www.newegg.com/p/1TS-000A-08JJ3,//c1.neweggimages.com/ProductImageCompressAll300/AJZD_1_20200121335570724.jpg
8,1TS-001A-024D6,Computer Systems,Laptops / Notebooks,2,ASUS,"ASUS TUF Gaming FX505D 15.6"" Quad Core AMD Ryzen 7 up to 4.0GHz, 8GB DDR4, 512GB NVME SSD, Nvidia GeForce GTX 1650 4GB, HDMI, Wi-Fi, Bluetooth, USB 3.1, Windows 10 Pro (Black) Laptop",,1029.99,0.0,https://www.newegg.com/black-asus-tuf-fx505dt-wb72/p/1TS-001A-024D6,//c1.neweggimages.com/ProductImageCompressAll300/A65E_1_20200311335006281.jpg
9,1TS-000A-08JD8,Computer Systems,Laptops / Notebooks,2,DELL,"Dell Inspiron 5000 Series 15.6"" Customized Laptop | AMD Ryzen 7 2700U Quad-Core | 8GB RAM 500GB HDD | Full HD | Radeon Vega 10 Graphics | Windows 10 Home Silver",,637.48,0.0,https://www.newegg.com/p/1TS-000A-08JD8,//c1.neweggimages.com/ProductImageCompressAll300/AJZD_1_20200121335570724.jpg
10,1TS-000A-08JE5,Computer Systems,Laptops / Notebooks,2,DELL,"Dell Inspiron 5000 Series 15.6"" Customized Laptop | AMD Ryzen 7 2700U Quad-Core | 8GB RAM 128GB SSD 1TB HDD | Full HD | Radeon Vega 10 Graphics | Windows 10 Home Silver",,691.24,0.0,https://www.newegg.com/p/1TS-000A-08JE5,//c1.neweggimages.com/ProductImageCompressAll300/AJZD_1_20200121335570724.jpg
11,1TS-000E-0HZP9,Computer Systems,Laptops / Notebooks,2,Lenovo,"Lenovo ThinkPad E595 Notebook, 15.6"" FHD Display, AMD Ryzen 7 3700U, 8GB RAM, 128GB NVMe SSD, Vega 10, HDMI, Card Reader, Wi-Fi, BT, Windows 10 Pro","Due to holiday observance, orders placed between 4/7 – 4/19 will experience shipping delays",999.99,0.0,https://www.newegg.com/black-lenovo-thinkpad-e595/p/1TS-000E-0HZP9,//c1.neweggimages.com/ProductImageCompressAll300/AA0S_1_202003131852924183.jpg
12,1TS-000A-08JE0,Computer Systems,Laptops / Notebooks,2,DELL,"Dell Inspiron 5000 Series 15.6"" Customized Laptop | AMD Ryzen 7 2700U Quad-Core | 8GB RAM 2TB HDD | Full HD | Radeon Vega 10 Graphics | Windows 10 Home Silver",,691.24,0.0,https://www.newegg.com/p/1TS-000A-08JE0,//c1.neweggimages.com/ProductImageCompressAll300/AJZD_1_20200121335570724.jpg
13,1TS-000A-08JD9,Computer Systems,Laptops / Notebooks,2,DELL,"Dell Inspiron 5000 Series 15.6"" Customized Laptop | AMD Ryzen 7 2700U Quad-Core | 8GB RAM 1TB HDD | Full HD | Radeon Vega 10 Graphics | Windows 10 Home Silver",,660.52,0.0,https://www.newegg.com/p/1TS-000A-08JD9,//c1.neweggimages.com/ProductImageCompressAll300/AJZD_1_20200121335570724.jpg
14,1TS-000E-0HZT0,Computer Systems,Laptops / Notebooks,2,Lenovo,"Lenovo ThinkPad E595 Notebook, 15.6"" FHD Display, AMD Ryzen 7 3700U, 8GB RAM, 128GB NVMe SSD + 1TB HDD, Vega 10, HDMI, Card Reader, Wi-Fi, BT, Windows 10 Pro","Due to holiday observance, orders placed between 4/7 – 4/19 will experience shipping delays",1029.99,0.0,https://www.newegg.com/black-lenovo-thinkpad-e595/p/1TS-000E-0HZT0,//c1.neweggimages.com/ProductImageCompressAll300/AA0S_1_20200313512928813.jpg
15,1TS-000A-08JJ0,Computer Systems,Laptops / Notebooks,2,DELL,"Dell Inspiron 5000 Series 15.6"" Customized Laptop | AMD Ryzen 7 2700U Quad-Core | 8GB RAM 512GB SSD 2TB HDD | Full HD | Radeon Vega 10 Graphics | Windows 10 Home Silver",,783.41,0.0,https://www.newegg.com/p/1TS-000A-08JJ0,//c1.neweggimages.com/ProductImageCompressAll300/AJZD_1_20200121335570724.jpg
16,1TS-001A-024D2,Computer Systems,Laptops / Notebooks,2,ASUS,"ASUS TUF Gaming FX505D 15.6"" Quad Core AMD Ryzen 7 up to 4.0GHz, 8GB DDR4, 1TB NVME SSD, Nvidia GeForce GTX 1650 4GB, HDMI, Wi-Fi, Bluetooth, USB 3.1, Windows 10 Pro (Black) Laptop",,1099.99,0.0,https://www.newegg.com/black-asus-tuf-fx505dt-wb72/p/1TS-001A-024D2,//c1.neweggimages.com/ProductImageCompressAll300/A65E_1_20200311335006281.jpg
17,1TS-000A-08JE7,Computer Systems,Laptops / Notebooks,2,DELL,"Dell Inspiron 5000 Series 15.6"" Customized Laptop | AMD Ryzen 7 2700U Quad-Core | 8GB RAM 128GB SSD 2TB HDD | Full HD | Radeon Vega 10 Graphics | Windows 10 Home Silver",,721.97,0.0,https://www.newegg.com/p/1TS-000A-08JE7,//c1.neweggimages.com/ProductImageCompressAll300/AJZD_1_20200121335570724.jpg
18,1TS-000E-0HZT2,Computer Systems,Laptops / Notebooks,2,Lenovo,"Lenovo ThinkPad E595 Notebook, 15.6"" FHD Display, AMD Ryzen 7 3700U, 8GB RAM, 512GB NVMe SSD, Vega 10, HDMI, Card Reader, Wi-Fi, BT, Windows 10 Pro","Due to holiday observance, orders placed between 4/7 – 4/19 will experience shipping delays",1049.99,0.0,https://www.newegg.com/black-lenovo-thinkpad-e595/p/1TS-000E-0HZT2,//c1.neweggimages.com/ProductImageCompressAll300/AA0S_1_202003131810160920.jpg
19,1TS-000A-08JG5,Computer Systems,Laptops / Notebooks,2,DELL,"Dell Inspiron 5000 Series 15.6"" Customized Laptop | AMD Ryzen 7 2700U Quad-Core | 8GB RAM 256GB SSD 2TB HDD | Full HD | Radeon Vega 10 Graphics | Windows 10 Home Silver",,745.01,0.0,https://www.newegg.com/p/1TS-000A-08JG5,//c1.neweggimages.com/ProductImageCompressAll300/AJZD_1_20200121335570724.jpg
20,1TS-000A-08JF6,Computer Systems,Laptops / Notebooks,2,DELL,"Dell Inspiron 5000 Series 15.6"" Customized Laptop | AMD Ryzen 7 2700U Quad-Core | 8GB RAM 256GB SSD 500GB HDD | Full HD | Radeon Vega 10 Graphics | Windows 10 Home Silver",,691.24,0.0,https://www.newegg.com/p/1TS-000A-08JF6,//c1.neweggimages.com/ProductImageCompressAll300/AJZD_1_20200121335570724.jpg
21,1TS-000A-08JG0,Computer Systems,Laptops / Notebooks,2,DELL,"Dell Inspiron 5000 Series 15.6"" Customized Laptop | AMD Ryzen 7 2700U Quad-Core | 8GB RAM 256GB SSD 1TB HDD | Full HD | Radeon Vega 10 Graphics | Windows 10 Home Silver",,714.29,0.0,https://www.newegg.com/p/1TS-000A-08JG0,//c1.neweggimages.com/ProductImageCompressAll300/AJZD_1_20200121335570724.jpg
22,1TS-000A-08JE8,Computer Systems,Laptops / Notebooks,2,DELL,"Dell Inspiron 5000 Series 15.6"" Customized Laptop | AMD Ryzen 7 2700U Quad-Core | 8GB RAM 1024GB SSD 2TB HDD | Full HD | Radeon Vega 10 Graphics | Windows 10 Home Silver",,875.58,0.0,https://www.newegg.com/p/1TS-000A-08JE8,//c1.neweggimages.com/ProductImageCompressAll300/AJZD_1_20200121335570724.jpg
23,1TS-000E-0HZS0,Computer Systems,Laptops / Notebooks,2,Lenovo,"Lenovo ThinkPad E595 Notebook, 15.6"" FHD Display, AMD Ryzen 7 3700U, 8GB RAM, 256GB NVMe SSD + 1TB HDD, Vega 10, HDMI, Card Reader, Wi-Fi, BT, Windows 10 Pro","Due to holiday observance, orders placed between 4/7 – 4/19 will experience shipping delays",1049.99,0.0,https://www.newegg.com/black-lenovo-thinkpad-e595/p/1TS-000E-0HZS0,//c1.neweggimages.com/ProductImageCompressAll300/AA0S_1_20200313404470533.jpg
24,1TS-000A-08JG8,Computer Systems,Laptops / Notebooks,2,DELL,"Dell Inspiron 5000 Series 15.6"" Customized Laptop | AMD Ryzen 7 2700U Quad-Core | 8GB RAM 512GB SSD | Full HD | Radeon Vega 10 Graphics | Windows 10 Home Silver",,706.61,0.0,https://www.newegg.com/p/1TS-000A-08JG8,//c1.neweggimages.com/ProductImageCompressAll300/AJZD_1_20200121335570724.jpg
25,1TS-000A-08JE3,Computer Systems,Laptops / Notebooks,2,DELL,"Dell Inspiron 5000 Series 15.6"" Customized Laptop | AMD Ryzen 7 2700U Quad-Core | 8GB RAM 1024GB SSD 1TB HDD | Full HD | Radeon Vega 10 Graphics | Windows 10 Home Silver",,844.85,0.0,https://www.newegg.com/p/1TS-000A-08JE3,//c1.neweggimages.com/ProductImageCompressAll300/AJZD_1_20200121335570724.jpg
26,1TS-000A-08JE1,Computer Systems,Laptops / Notebooks,2,DELL,"Dell Inspiron 5000 Series 15.6"" Customized Laptop | AMD Ryzen 7 2700U Quad-Core | 8GB RAM 128GB SSD | Full HD | Radeon Vega 10 Graphics | Windows 10 Home Silver",,645.16,0.0,https://www.newegg.com/p/1TS-000A-08JE1,//c1.neweggimages.com/ProductImageCompressAll300/AJZD_1_20200121335570724.jpg
27,1TS-000E-0HZR3,Computer Systems,Laptops / Notebooks,2,Lenovo,"Lenovo ThinkPad E595 Notebook, 15.6"" FHD Display, AMD Ryzen 7 3700U, 8GB RAM, 1TB NVMe SSD + 1TB HDD, Vega 10, HDMI, Card Reader, Wi-Fi, BT, Windows 10 Pro","Due to holiday observance, orders placed between 4/7 – 4/19 will experience shipping delays",1139.99,0.0,https://www.newegg.com/black-lenovo-thinkpad-e595/p/1TS-000E-0HZR3,//c1.neweggimages.com/ProductImageCompressAll300/AA0S_1_202003131771825254.jpg
28,1TS-000E-0HZS8,Computer Systems,Laptops / Notebooks,2,Lenovo,"Lenovo ThinkPad E595 Notebook, 15.6"" FHD Display, AMD Ryzen 7 3700U, 8GB RAM, 512GB NVMe SSD + 1TB HDD, Vega 10, HDMI, Card Reader, Wi-Fi, BT, Windows 10 Pro","Due to holiday observance, orders placed between 4/7 – 4/19 will experience shipping delays",1079.99,0.0,https://www.newegg.com/black-lenovo-thinkpad-e595/p/1TS-000E-0HZS8,//c1.neweggimages.com/ProductImageCompressAll300/AA0S_1_202003131412725576.jpg
29,1TS-000E-0HZR7,Computer Systems,Laptops / Notebooks,2,Lenovo,"Lenovo ThinkPad E595 Notebook, 15.6"" FHD Display, AMD Ryzen 7 3700U, 8GB RAM, 1TB NVMe SSD, Vega 10, HDMI, Card Reader, Wi-Fi, BT, Windows 10 Pro","Due to holiday observance, orders placed between 4/7 – 4/19 will experience shipping delays",1109.99,0.0,https://www.newegg.com/black-lenovo-thinkpad-e595/p/1TS-000E-0HZR7,//c1.neweggimages.com/ProductImageCompressAll300/AA0S_1_202003131181389637.jpg
30,1TS-000E-0HZS4,Computer Systems,Laptops / Notebooks,2,Lenovo,"Lenovo ThinkPad E595 Notebook, 15.6"" FHD Display, AMD Ryzen 7 3700U, 8GB RAM, 256GB NVMe SSD, Vega 10, HDMI, Card Reader, Wi-Fi, BT, Windows 10 Pro (20NF0018US)","Due to holiday observance, orders placed between 4/7 – 4/19 will experience shipping delays",1019.99,0.0,https://www.newegg.com/black-lenovo-thinkpad-e595/p/1TS-000E-0HZS4,//c1.neweggimages.com/ProductImageCompressAll300/AA0S_1_20200313719074884.jpg
31,1TS-000A-08JH6,Computer Systems,Laptops / Notebooks,2,DELL,"Dell Inspiron 5000 Series 15.6"" Customized Laptop | AMD Ryzen 7 2700U Quad-Core | 8GB RAM 512GB SSD 1TB HDD | Full HD | Radeon Vega 10 Graphics | Windows 10 Home Silver",,752.69,0.0,https://www.newegg.com/p/1TS-000A-08JH6,//c1.neweggimages.com/ProductImageCompressAll300/AJZD_1_20200121335570724.jpg
32,1TS-000A-08JH2,Computer Systems,Laptops / Notebooks,2,DELL,"Dell Inspiron 5000 Series 15.6"" Customized Laptop | AMD Ryzen 7 2700U Quad-Core | 8GB RAM 512GB SSD 500GB HDD | Full HD | Radeon Vega 10 Graphics | Windows 10 Home Silver",,729.65,0.0,https://www.newegg.com/p/1TS-000A-08JH2,//c1.neweggimages.com/ProductImageCompressAll300/AJZD_1_20200121335570724.jpg
33,1TS-000A-08JE2,Computer Systems,Laptops / Notebooks,2,DELL,"Dell Inspiron 5000 Series 15.6"" Customized Laptop | AMD Ryzen 7 2700U Quad-Core | 8GB RAM 128GB SSD 500GB HDD | Full HD | Radeon Vega 10 Graphics | Windows 10 Home Silver",,668.20,0.0,https://www.newegg.com/p/1TS-000A-08JE2,//c1.neweggimages.com/ProductImageCompressAll300/AJZD_1_20200121335570724.jpg
34,1TS-000A-08JJ7,Computer Systems,Laptops / Notebooks,2,DELL,"Dell Inspiron 5000 Series 15.6"" Customized Laptop | AMD Ryzen 7 2700U Quad-Core | 8GB RAM 1024GB SSD 500GB HDD | Full HD | Radeon Vega 10 Graphics | Windows 10 Home Silver",,821.81,0.0,https://www.newegg.com/p/1TS-000A-08JJ7,//c1.neweggimages.com/ProductImageCompressAll300/AJZD_1_20200121335570724.jpg
35,1TS-000X-01YF6,Computer Systems,Laptops / Notebooks,2,Acer America,"Refurbished: Acer Aspire 3 A315 Notebook, 15.6"" FHD Display, AMD Ryzen 7 2700U Upto 3.8GHz, 8GB RAM, 256GB SSD, Vega 10, HDMI, Card Reader, Wi-Fi, Bluetooth, Windows 10 Pro","Due to holiday observance, orders placed between 4/7 – 4/19 will experience shipping delays",779.99,0.0,https://www.newegg.com/black-acer-aspire-3-a315/p/1TS-000X-01YF6,//c1.neweggimages.com/ProductImageCompressAll300/AA0S_1_20200305752612034.jpg
