,product_category,brand,model_specifications,current_promotions,price,shipping,page_number,product_links,image_link
0,Laptops / Notebooks,Lenovo,"Lenovo ThinkPad P53s Home and Business Laptop (Intel i7-8565U 4-Core, 40GB RAM, 2TB m.2 SATA SSD, 15.6"" Full HD (1920x1080), NVIDIA Quadro P520, Fingerprint, Wifi, Bluetooth, Webcam, Win 10 Pro)",,"2,338.80",0.0,1,https://www.newegg.com/p/1TS-000E-0F2J8,//c1.neweggimages.com/ProductImageCompressAll300/V0F3_1_20191008977374025.jpg
1,Laptops / Notebooks,Lenovo,"Lenovo ThinkPad T490 i7 Home and Business Laptop (Intel i7-8565U 4-Core, 40GB RAM, 2TB PCIe SSD, 14"" Full HD (1920x1080), Intel UHD 620, Fingerprint, Wifi, Bluetooth, Webcam, 2xUSB 3.1, Win 10 Pro)",,"2,338.80",0.0,1,https://www.newegg.com/p/1TS-000E-0GZD5,//c1.neweggimages.com/ProductImageCompressAll300/V0F3_1_20191103991548659.jpg
2,Laptops / Notebooks,Lenovo,"Lenovo Yoga 730 Convertible Home and Business Laptop-2-in-1 (Intel i7-8550U 4-Core, 40GB RAM, 2TB PCIe SSD, 15.6"" Touch  4K UHD (3840x2160), NVIDIA GTX 1050, Fingerprint, Wifi, Bluetooth, Win 10 Home)",,"2,218.80",0.0,1,https://www.newegg.com/p/1TS-000E-0H341,//c1.neweggimages.com/ProductImageCompressAll300/V0F3_1_2020020470423509.jpg
3,Laptops / Notebooks,Lenovo,"Lenovo ThinkPad P53s Home and Business Laptop (Intel i7-8565U 4-Core, 40GB RAM, 1TB PCIe SSD, 15.6"" Full HD (1920x1080), NVIDIA Quadro P520, Fingerprint, Wifi, Bluetooth, Webcam, Win 10 Pro)",Free Expedited Shipping,"2,098.80",0.0,1,https://www.newegg.com/p/1TS-000E-0F2J1,//c1.neweggimages.com/ProductImageCompressAll300/V0F3_1_20191008977374025.jpg
4,Laptops / Notebooks,Lenovo,"Lenovo ThinkPad P43s School and Business Laptop (Intel i7-8565U 4-Core, 40GB RAM, 512GB PCIe SSD, 14.0"" Full HD (1920x1080), NVIDIA Quadro P520, Fingerprint, Wifi, Bluetooth, Webcam, Win 10 Pro)",,"1,678.80",0.0,1,https://www.newegg.com/p/1TS-000E-0HJW5,//c1.neweggimages.com/ProductImageCompressAll300/V0F3_1_202002111350127402.jpg
5,Laptops / Notebooks,ASUS,"ASUS PRO P5440FF-XB74 Home and Business Laptop (Intel i7-8565U 4-Core, 40GB RAM, 1TB m.2 SATA SSD + 2TB  HDD, 14.0"" Full HD (1920x1080)) with ROG CASE , GT300 Mouse , GM50 Mouse pad",,"2,326.80",0.0,1,https://www.newegg.com/p/1TS-001A-023G8,//c1.neweggimages.com/ProductImageCompressAll300/V0F3_1_202002272070044852.jpg
6,Laptops / Notebooks,ASUS,"ASUS PRO P5440FF-XB74 Home and Business Laptop (Intel i7-8565U 4-Core, 40GB RAM, 16GB Intel Optane + 512GB  SATA SSD, 14.0"" Full HD (1920x1080)) with ROG CASE , GT300 Mouse , GM50 Mouse pad",,"2,134.80",0.0,1,https://www.newegg.com/p/1TS-001A-023J7,//c1.neweggimages.com/ProductImageCompressAll300/V0F3_1_202002272070044852.jpg
7,Laptops / Notebooks,ASUS,"ASUS PRO P5440FF-XB74 Home and Business Laptop (Intel i7-8565U 4-Core, 40GB RAM, 1TB m.2 SATA SSD + 1TB  HDD, 14.0"" Full HD (1920x1080)) with ROG CASE , GT300 Mouse , GM50 Mouse pad",,"2,290.80",0.0,1,https://www.newegg.com/p/1TS-001A-023J5,//c1.neweggimages.com/ProductImageCompressAll300/V0F3_1_202002272070044852.jpg
8,Laptops / Notebooks,ASUS,"ASUS PRO P5440FF-XB74 Home and Business Laptop (Intel i7-8565U 4-Core, 40GB RAM, 2TB m.2 SATA SSD + 2TB  HDD, 14.0"" Full HD (1920x1080)) with ROG CASE , GT300 Mouse , GM50 Mouse pad",,"2,626.80",0.0,1,https://www.newegg.com/p/1TS-001A-023H8,//c1.neweggimages.com/ProductImageCompressAll300/V0F3_1_202002272070044852.jpg
9,Laptops / Notebooks,ASUS,"ASUS PRO P5440FF-XB74 Home and Business Laptop (Intel i7-8565U 4-Core, 40GB RAM, 2TB  SATA SSD, 14.0"" Full HD (1920x1080), NVIDIA GeForce MX130) with ROG CASE , GT300 Mouse , GM50 Mouse pad",,"2,386.80",0.0,1,https://www.newegg.com/p/1TS-001A-023J4,//c1.neweggimages.com/ProductImageCompressAll300/V0F3_1_202002272070044852.jpg
10,Laptops / Notebooks,ASUS,"ASUS PRO P5440FF-XB74 Home and Business Laptop (Intel i7-8565U 4-Core, 40GB RAM, 4TB  SATA SSD, 14.0"" Full HD (1920x1080), NVIDIA GeForce MX130) with ROG CASE , GT300 Mouse , GM50 Mouse pad",,"2,986.80",0.0,1,https://www.newegg.com/p/1TS-001A-023H1,//c1.neweggimages.com/ProductImageCompressAll300/V0F3_1_202002272070044852.jpg
11,Laptops / Notebooks,ASUS,"ASUS PRO P5440FF-XB74 Home and Business Laptop (Intel i7-8565U 4-Core, 40GB RAM, 2TB m.2 SATA SSD + 1TB  HDD, 14.0"" Full HD (1920x1080)) with ROG CASE , GT300 Mouse , GM50 Mouse pad",,"2,590.80",0.0,1,https://www.newegg.com/p/1TS-001A-023H3,//c1.neweggimages.com/ProductImageCompressAll300/V0F3_1_202002272070044852.jpg
12,Laptops / Notebooks,Lenovo,"Lenovo ThinkPad T480s Home and Business Laptop (Intel i7-8650U 4-Core, 40GB RAM, 1TB m.2 SATA SSD, 14.0"" Full HD (1920x1080), Intel UHD 620, Fingerprint, Wifi, Bluetooth, Webcam, Win 10 Pro)",,"1,699.00",0.0,1,https://www.newegg.com/p/1TS-000E-0J655,//c1.neweggimages.com/ProductImageCompressAll300/A7AB_1_202004031813588574.jpg
13,Laptops / Notebooks,ASUS,"ASUS VivoBook S512FL School and Business Laptop (Intel i7-10510U 4-Core, 40GB RAM, 4TB  SATA SSD, 15.6"" Full HD (1920x1080), NVIDIA MX250, Wifi, Bluetooth, Webcam, 1xUSB 3.1, 1xHDMI, Win 10 Home)",,"2,099.00",0.0,1,https://www.newegg.com/p/1TS-001A-02527,//c1.neweggimages.com/ProductImageCompressAll300/A7AB_1_202004021842128910.jpg
14,Laptops / Notebooks,ASUS,"ASUS VivoBook S512FL School and Business Laptop (Intel i7-10510U 4-Core, 40GB RAM, 4TB  SATA SSD, 15.6"" Full HD (1920x1080), NVIDIA MX250, Wifi, Bluetooth, Webcam, 1xUSB 3.1, 1xHDMI, Win 10 Pro)",,"2,249.00",0.0,1,https://www.newegg.com/p/1TS-001A-02522,//c1.neweggimages.com/ProductImageCompressAll300/A7AB_1_202004021842128910.jpg
15,Laptops / Notebooks,ASUS,"ASUS VivoBook S512FL School and Business Laptop (Intel i7-10510U 4-Core, 40GB RAM, 2TB  SATA SSD, 15.6"" Full HD (1920x1080), NVIDIA MX250, Wifi, Bluetooth, Webcam, 1xUSB 3.1, 1xHDMI, Win 10 Pro)",,"1,749.00",0.0,1,https://www.newegg.com/p/1TS-001A-02528,//c1.neweggimages.com/ProductImageCompressAll300/A7AB_1_202004021842128910.jpg
16,Laptops / Notebooks,ASUS,"ASUS VivoBook S512FL School and Business Laptop (Intel i7-10510U 4-Core, 40GB RAM, 2TB  SATA SSD, 15.6"" Full HD (1920x1080), NVIDIA MX250, Wifi, Bluetooth, Webcam, 1xUSB 3.1, 1xHDMI, Win 10 Home)",,"1,599.00",0.0,1,https://www.newegg.com/p/1TS-001A-02524,//c1.neweggimages.com/ProductImageCompressAll300/A7AB_1_202004021842128910.jpg
17,Laptops / Notebooks,Lenovo,"Lenovo ThinkPad P43s School and Business Laptop (Intel i7-8565U 4-Core, 40GB RAM, 1TB m.2 SATA SSD, 14.0"" Full HD (1920x1080), NVIDIA Quadro P520, Fingerprint, Wifi, Bluetooth, Webcam, Win 10 Pro)",,"1,978.80",0.0,1,https://www.newegg.com/p/1TS-000E-0HJX1,//c1.neweggimages.com/ProductImageCompressAll300/V0F3_1_202002111350127402.jpg
18,Laptops / Notebooks,Lenovo,"Lenovo ThinkPad P43s 14"" FHD Laptop i7-8565U 40GB 2TB SSD W10P Quadro P520",Free Expedited Shipping,"2,099.00",0.0,1,https://www.newegg.com/p/1TS-000E-0HHF6,//c1.neweggimages.com/ProductImageCompressAll300/A7AB_1_202002071907147662.jpg
19,Laptops / Notebooks,ASUS,"ASUS ROG Zephyrus S GX701GX Gaming and Business Laptop (Intel i7-8750H 6-Core, 40GB RAM, 1TB PCIe SSD, 17.3"" Full HD (1920x1080), NVIDIA RTX 2080, Wifi, Bluetooth, Webcam, 3xUSB 3.1, Win 10 Pro)",Free Expedited Shipping,"4,258.80",0.0,1,https://www.newegg.com/p/1TS-001A-00RR4,//c1.neweggimages.com/ProductImageCompressAll300/A7AB_1_201907291794670326.jpg
20,Laptops / Notebooks,ASUS,"ASUS ROG Zephyrus S GX701GX Gaming and Business Laptop (Intel i7-8750H 6-Core, 40GB RAM, 2TB PCIe SSD, 17.3"" Full HD (1920x1080), NVIDIA RTX 2080, Wifi, Bluetooth, Webcam, 3xUSB 3.1, Win 10 Pro)",Free Expedited Shipping,"4,858.80",0.0,1,https://www.newegg.com/p/1TS-001A-00RR3,//c1.neweggimages.com/ProductImageCompressAll300/A7AB_1_201907291794670326.jpg
21,Laptops / Notebooks,ASUS,"ASUS ROG Zephyrus S GX701GX Gaming and Business Laptop (Intel i7-8750H 6-Core, 40GB RAM, 1TB PCIe SSD, 17.3"" Full HD (1920x1080), NVIDIA RTX 2080, ) with ROG CASE , GT300 Mouse , GM50 Mouse pad",,"4,366.80",0.0,1,https://www.newegg.com/p/1TS-001A-024U6,//c1.neweggimages.com/ProductImageCompressAll300/A7AB_1_202003242071632517.jpg
22,Laptops / Notebooks,ASUS,"ASUS PRO P5440FF-XB74 Home and Business Laptop (Intel i7-8565U 4-Core, 40GB RAM, 16GB Intel Optane + 512GB  SATA SSD, 14"" Full HD (1920x1080), NVIDIA GeForce MX130, Fingerprint, Wifi, Win 10 Pro)",Free Expedited Shipping,"2,026.80",0.0,1,https://www.newegg.com/p/1TS-001A-01SR0,//c1.neweggimages.com/ProductImageCompressAll300/V0F3_1_20200121126941211.jpg
23,Laptops / Notebooks,ASUS,"ASUS ROG Zephyrus S GX701GX Gaming and Business Laptop (Intel i7-8750H 6-Core, 40GB RAM, 2TB PCIe SSD, 17.3"" Full HD (1920x1080), NVIDIA RTX 2080, ) with ROG CASE , GT300 Mouse , GM50 Mouse pad",,"4,966.80",0.0,1,https://www.newegg.com/p/1TS-001A-024U9,//c1.neweggimages.com/ProductImageCompressAll300/A7AB_1_202003242071632517.jpg
24,Laptops / Notebooks,Lenovo,"Lenovo ThinkPad T490 Home and Business Laptop (Intel i7-8565U 4-Core, 40GB RAM, 1TB m.2 SATA SSD, 14.0"" Touch  Full HD (1920x1080), Intel UHD 615, Fingerprint, Wifi, Bluetooth, Webcam, Win 10 Home)",,"1,999.00",0.0,1,https://www.newegg.com/p/1TS-000E-0J369,//c1.neweggimages.com/ProductImageCompressAll300/V0F3_1_20191103991548659.jpg
25,Laptops / Notebooks,ASUS,"ASUS PRO P5440FF-XB74 Home and Business Laptop (Intel i7-8565U 4-Core, 40GB RAM, 512GB PCIe SSD + 1TB  HDD, 14"" Full HD (1920x1080), NVIDIA GeForce MX130, Fingerprint, Wifi, Bluetooth, Win 10 Pro)",Free Expedited Shipping,"1,882.80",0.0,1,https://www.newegg.com/p/1TS-001A-01SP1,//c1.neweggimages.com/ProductImageCompressAll300/V0F3_1_20200121126941211.jpg
26,Laptops / Notebooks,ASUS,"ASUS PRO P5440FF-XB74 Home and Business Laptop (Intel i7-8565U 4-Core, 40GB RAM, 512GB PCIe SSD, 14"" Full HD (1920x1080), NVIDIA GeForce MX130, Fingerprint, Wifi, Bluetooth, Webcam, Win 10 Pro)",,"1,798.80",0.0,1,https://www.newegg.com/p/1TS-001A-01SN8,//c1.neweggimages.com/ProductImageCompressAll300/V0F3_1_20200121126941211.jpg
27,Laptops / Notebooks,Lenovo,"Lenovo ThinkPad T480s Home and Business Laptop (Intel i7-8650U 4-Core, 40GB RAM, 1TB PCIe SSD, 14.0"" Full HD (1920x1080), Intel UHD 620, Fingerprint, Wifi, Bluetooth, Webcam, 2xUSB 3.1, Win 10 Pro)",,"1,749.00",0.0,1,https://www.newegg.com/p/1TS-000E-0J656,//c1.neweggimages.com/ProductImageCompressAll300/A7AB_1_202004031813588574.jpg
28,Laptops / Notebooks,ASUS,"ASUS PRO P5440FF-XB74 Home and Business Laptop (Intel i7-8565U 4-Core, 40GB RAM, 512GB m.2 SATA SSD + 1TB  HDD, 14"" Full HD (1920x1080), NVIDIA GeForce MX130, Fingerprint, Wifi, Bluetooth, Win 10 Pro)",Free Expedited Shipping,"1,769.00",0.0,1,https://www.newegg.com/p/1TS-001A-01SP8,//c1.neweggimages.com/ProductImageCompressAll300/V0F3_1_20200121126941211.jpg
29,Laptops / Notebooks,Lenovo,"Lenovo ThinkPad T490 Home and Business Laptop (Intel i7-8565U 4-Core, 40GB RAM, 512GB PCIe SSD, 14.0"" Touch  Full HD (1920x1080), Intel UHD 615, Fingerprint, Wifi, Win 10 Pro) with HP Thunderbolt Dock",,"2,299.00",0.0,1,https://www.newegg.com/p/1TS-000E-0J5T9,//c1.neweggimages.com/ProductImageCompressAll300/V0F3_1_202004031809615494.jpg
30,Laptops / Notebooks,Lenovo,"Lenovo ThinkPad T480s Home and Business Laptop (Intel i7-8650U 4-Core, 40GB RAM, 1TB m.2 SATA SSD, 14.0"" Full HD (1920x1080), Intel UHD 620, Fingerprint, Wifi, Win 10 Pro) with HP Thunderbolt Dock",,"1,899.00",0.0,1,https://www.newegg.com/p/1TS-000E-0J5K4,//c1.neweggimages.com/ProductImageCompressAll300/A7AB_1_20200403390255389.jpg
31,Laptops / Notebooks,Lenovo,"Lenovo ThinkPad T480s Home and Business Laptop (Intel i7-8650U 4-Core, 40GB RAM, 512GB PCIe SSD, 14.0"" Full HD (1920x1080), Intel UHD 620, Fingerprint, Wifi, Win 10 Pro) with HP Thunderbolt Dock",,"1,649.00",0.0,1,https://www.newegg.com/p/1TS-000E-0J5J8,//c1.neweggimages.com/ProductImageCompressAll300/A7AB_1_20200403390255389.jpg
32,Laptops / Notebooks,Lenovo,"Lenovo ThinkPad T490 Home and Business Laptop (Intel i7-8565U 4-Core, 40GB RAM, 512GB m.2 SATA SSD, 14.0"" Touch  Full HD (1920x1080), Intel UHD 615, Fingerprint, Win 10 Home) with HP Thunderbolt Dock",,"2,149.00",0.0,1,https://www.newegg.com/p/1TS-000E-0J5U3,//c1.neweggimages.com/ProductImageCompressAll300/V0F3_1_202004031809615494.jpg
33,Laptops / Notebooks,ASUS,"ASUS PRO P5440FF-XB74 Home and Business Laptop (Intel i7-8565U 4-Core, 40GB RAM, 512GB  SATA SSD, 14"" Full HD (1920x1080), NVIDIA GeForce MX130, Fingerprint, Wifi, Bluetooth, Webcam, Win 10 Pro)",Free Expedited Shipping,"1,649.00",0.0,1,https://www.newegg.com/p/1TS-001A-01SP5,//c1.neweggimages.com/ProductImageCompressAll300/V0F3_1_20200121126941211.jpg
34,Laptops / Notebooks,ASUS,"ASUS VivoBook S512 Thin and Light Laptop (Intel Core i7-10510U CPU, 15.6"" FHD Display,  40 GB RAM, 2TB HDD + 1TB SSD, NVIDIA GeForce MX250, FingerPrint, Windows 10 Home) S512FL-PH77, Silver-Metal",,"1,599.00",0.0,1,https://www.newegg.com/p/1TS-001A-025S3,//c1.neweggimages.com/ProductImageCompressAll300/A7AB_1_20200408871573578.jpg
35,Laptops / Notebooks,ASUS,"ASUS PRO P5440FF-XB74 Home and Business Laptop (Intel i7-8565U 4-Core, 40GB RAM, 512GB m.2 SATA SSD, 14"" Full HD (1920x1080), NVIDIA GeForce MX130, Fingerprint, Wifi, Bluetooth, Webcam, Win 10 Pro)",,"1,699.00",0.0,1,https://www.newegg.com/p/1TS-001A-01SP3,//c1.neweggimages.com/ProductImageCompressAll300/V0F3_1_20200121126941211.jpg
