,item_number,general_category,product_category,page_number,brand,model_specifications,current_promotions,price,shipping,product_links,image_link
0,1TS-000D-039R3,Computer Systems,Laptops / Notebooks,1,HP,"HP Laptop ProBook 450 G6 (5VC00UT#ABA) Intel Core i5 8th Gen 8265U (1.60 GHz) 8 GB Memory 256 GB SSD Intel UHD Graphics 620 15.6"" 1920 x 1080 Windows 10 Pro 64-bit",,849.00,0.0,https://www.newegg.com/natural-silver-hp-probook-450-g6-mainstream/p/1TS-000D-039R3?Item=1TS-000D-039R3,//c1.neweggimages.com/NeweggImage/ProductImageCompressAll300/A19P_1_201904111655030926.jpg
1,1TS-000X-00VT0,Computer Systems,Laptops / Notebooks,1,Acer America,"Acer Aspire 3 15.6"" - AMD Ryzen 7 2700U Quad-core (4 Core) 2.20 GHz - 8 GB DDR4 SDRAM - 256 GB SSD - Windows 10 Home 64-bit - 1920 x 1080 - A315-41-R14K - NX.GY9AA.014 - Obsidian Black",,529.99,0.0,https://www.newegg.com/obsidian-black-acer-aspire-3-a315-41-r14k-mainstream/p/1TS-000X-00VT0?Item=1TS-000X-00VT0,//c1.neweggimages.com/NeweggImage/ProductImageCompressAll300/1TS-000X-00VT0-V13.jpg
2,2WC-0001-00233,Computer Systems,Laptops / Notebooks,1,HP,"HP Laptop ProBook 645 G4 (4LB42UT#ABA) AMD Ryzen 7 1st Gen 2700U (2.20 GHz) 8 GB Memory 256 GB PCIe NVMe SSD AMD Radeon RX Vega 10 14.0"" Windows 10 Pro 64-Bit",,799.00,0.0,https://www.newegg.com/hp-probook-645-g4-mainstream/p/2WC-0001-00233?Item=2WC-0001-00233,//c1.neweggimages.com/NeweggImage/ProductImageCompressAll300/V112_1_20190327543337532.jpg
3,N82E16834235169,Computer Systems,Laptops / Notebooks,1,ASUS,"ASUS ZenBook 14, Intel Core Whiskey Lake i5-8265U, 8 GB RAM, 256 GB NVMe PCIe SSD, NumberPad, Wi-Fi 5, Windows 10, Ultra Thin and Light Laptop, 4-Way NanoEdge 14"" FHD, Silver Blue, UX431FA-ES51",,796.99,2.99,https://www.newegg.com/utopia-blue-metal-asus-zenbook-ux431fa-es51-mainstream/p/N82E16834235169?Item=N82E16834235169,//c1.neweggimages.com/NeweggImage/ProductImageCompressAll300/34-235-169-V15.jpg
4,N82E16834235153,Computer Systems,Laptops / Notebooks,1,ASUS,"ASUS VivoBook S15 15.6"" Whiskey Lake Intel Core i5-8265U Processor, 8 GB DDR4, 256 GB SSD, Windows 10 - S530FA-DB51-IG, Portable IPS Full HD NanoEdge Bezel Laptop, Backlit Keyboard",,699.00,0.0,https://www.newegg.com/icicle-gold-asus-vivobook-s15-s530fa-db51-ig-mainstream/p/N82E16834235153?Item=9SIACVB9PE5580,//c1.neweggimages.com/ProductImageCompressAll300/34-235-153-V01.jpg
5,1TS-000A-07BJ9,Computer Systems,Laptops / Notebooks,1,DELL,"Dell Inspiron 14 3000 Notebook, 14"" HD Display, Intel Core i5-1035G4 Upto 3.7GHz, 8GB RAM, 256GB NVMe SSD, HDMI, Card Reader, Wi-Fi, Bluetooth, Windows 10 Pro S","Due to holiday observance, orders placed between 4/7 – 4/19 will experience shipping delays",599.00,0.0,https://www.newegg.com/black-textured-dell-inspiron-14-3000/p/1TS-000A-07BJ9?Item=9SIAA0SAT41706,//c1.neweggimages.com/ProductImageCompressAll300/AA0S_1_20191223231199103.jpg
6,1TS-000A-06V09,Computer Systems,Laptops / Notebooks,1,DELL,"Dell i3583-5763BLK-PUS 15.6"" Touch screen Laptop i5-8265U 8GB 256GB SSD Bluetooth Webcam Windows 10 in S mode - Black",,699.99,22.97,https://www.newegg.com/black-dell-inspiron-15/p/1TS-000A-06V09?Item=9SIAFVFAS72980,//c1.neweggimages.com/NeweggImage/ProductImageCompressAll300/V0U8_132182429386891484R4jNcCDrp2.jpg
7,1TS-000E-0DDH7,Computer Systems,Laptops / Notebooks,1,Lenovo,"Lenovo Laptop ThinkPad E495 20NE0001US AMD Ryzen 7 2nd Gen 3700U (2.30 GHz) 8 GB Memory 256 GB SSD AMD Radeon RX Vega 10 14.0"" Windows 10 Pro 64-bit",,755.00,0.0,https://www.newegg.com/black-lenovo-thinkpad-e495-20ne0001us-mainstream/p/1TS-000E-0DDH7?Item=9SIACVBA1A2639,//c1.neweggimages.com/ProductImageCompressAll300/A6ZP_1_20190821935971236.jpg
8,N82E16834235136,Computer Systems,Laptops / Notebooks,1,ASUS,"ASUS VivoBook S15 15.6"" Whiskey Lake Intel Core i5-8265U Processor, 8 GB DDR4, 256 GB SSD, Windows 10 - S530FA-DB51-GN, Portable IPS Full HD NanoEdge Bezel Laptop, Backlit Keyboard",,856.99,11.99,https://www.newegg.com/firmament-green-asus-vivobook-s-s530fa-db51-gn-mainstream/p/N82E16834235136?Item=9SIAD6H9V56112,//c1.neweggimages.com/ProductImageCompressAll300/34-235-136-V08.jpg
9,N82E16834235135,Computer Systems,Laptops / Notebooks,1,ASUS,"ASUS VivoBook S15, 15.6"" Intel Core i5-8265U Processor, 8 GB DDR4, 256 GB SSD, Windows 10 - S530FA-DB51, Full HD NanoEdge Bezel, Gun Metal with Light Grey Trim Slim and Portable Laptop",,1139.00,0.0,https://www.newegg.com/gun-gray-metal-asus-vivobook-s-s530fa-db51-mainstream/p/N82E16834235135?Item=9SIAKVHAGD8346,//c1.neweggimages.com/ProductImageCompressAll300/34-235-135-V01.jpg
10,1TS-000D-088V7,Computer Systems,Laptops / Notebooks,1,HP,"HP EliteBook 840 G3 Notebook, 14"" FHD Display, Intel Core i5-6300U Upto 3.0GHz, 8GB RAM, 256GB SSD, VGA, DisplayPort, Card Reader, Wi-Fi, Bluetooth, Windows 10 Pro (8DZ57UT)","Due to holiday observance, orders placed between 4/7 – 4/19 will experience shipping delays",699.99,0.0,https://www.newegg.com/silver-hp-elitebook-840-g3/p/1TS-000D-088V7?Item=9SIAA0SAZC1037,//c1.neweggimages.com/ProductImageCompressAll300/V0N6_1_202002281492137480.jpg
11,1TS-000E-06AC4,Computer Systems,Laptops / Notebooks,1,Lenovo,"Lenovo 80V50010US Yoga 710 2-in-1 15.6"" Touch-Screen Laptop - Intel Core i5 - 8GB Memory - 256GB Solid State Drive - Black Touchscreen Tablet PC Computer",,639.00,0.0,https://www.newegg.com/black-lenovo-yoga-710/p/1TS-000E-06AC4?Item=9SIAEYJ77T4153,//c1.neweggimages.com/NeweggImage/ProductImageCompressAll300/AKR9_1_20191218905638602.jpg
12,N82E16834235139,Computer Systems,Laptops / Notebooks,1,ASUS,"ASUS VivoBook S15 15.6"" Whiskey Lake Intel Core i5-8265U Processor, 8 GB DDR4, 256 GB SSD, Windows 10 - S530FA-DB51-YL, Portable IPS Full HD NanoEdge Bezel Laptop, Backlit Keyboard",,856.99,11.99,https://www.newegg.com/silver-w-yellow-edges-asus-vivobook-s-s530fa-db51-yl-mainstream/p/N82E16834235139?Item=9SIAD6H9V56116,//c1.neweggimages.com/ProductImageCompressAll300/34-235-139-V01.jpg
13,1TS-000E-0FXW7,Computer Systems,Laptops / Notebooks,1,Lenovo,"Lenovo Ideapad 330 15.6"" Anti Glared HD Premium Business Laptop (AMD A9-9425 up to 3.7 GHz, 8GB DDR4 Memory, 256GB SSD, AMD Radeon R5 Graphic, DVD-RW, HDMI, Windows 10 Home) - Purple",,469.99,0.0,https://www.newegg.com/p/1TS-000E-0FXW7?Item=9SIADG3AX53534,//c1.neweggimages.com/NeweggImage/ProductImageCompressAll300/ADG3S191230v0f6J.jpg
14,1TS-001A-01TM6,Computer Systems,Laptops / Notebooks,1,ASUS,"ASUS VivoBook 15.6"" Thin and Light Customized Laptop | AMD Ryzen 3 3200U | 8GB RAM 256GB SSD | Full HD | Backlit Keyboard | Fingerprint | HDMI | Windows 10 Grey",,556.07,0.0,https://www.newegg.com/p/1TS-001A-01TM6?Item=9SIAJZDAZ81470,//c1.neweggimages.com/ProductImageCompressAll300/AJZD_1_202001281957613021.jpg
15,1TS-000D-07XU8,Computer Systems,Laptops / Notebooks,1,HP,"HP 15 Notebook, 15.6"" HD Touch Display, AMD Ryzen 7 3700U Upto 4.0GHz, 8GB RAM, 256GB NVMe SSD, Vega 10, HDMI, Card Reader, Wi-Fi, Bluetooth, Windows 10 Pro","Due to holiday observance, orders placed between 4/7 – 4/19 will experience shipping delays",599.00,0.0,https://www.newegg.com/silver-hp-15/p/1TS-000D-07XU8?Item=9SIAA0SAT65878,//c1.neweggimages.com/ProductImageCompressAll300/AA0S_1_201912231321062456.jpg
16,1TS-000D-07J48,Computer Systems,Laptops / Notebooks,1,HP,"HP 15 Notebook, 15.6"" HD Touch Display, Intel Core i5-1035G4 Upto 3.70GHz, 8GB RAM, 256GB SSD, HDMI, Card Reader, Wi-Fi, Bluetooth, Windows 10 Pro S","Due to holiday observance, orders placed between 4/7 – 4/19 will experience shipping delays",699.99,0.0,https://www.newegg.com/silver-hp-15dy/p/1TS-000D-07J48?Item=9SIAA0SAPH2762,//c1.neweggimages.com/ProductImageCompressAll300/AA0S_1_20200324767649286.jpg
17,1TS-000A-072N9,Computer Systems,Laptops / Notebooks,1,DELL,"Dell Inspiron 15 Laptop: 10th Gen Core i5-1035G1, 256GB SSD, 8GB RAM, 15.6"" Full HD Display",,739.00,0.0,https://www.newegg.com/silver-dell-inspiron-15-everyday-value/p/1TS-000A-072N9?Item=9SIAMRPB2Z3709,//c1.neweggimages.com/NeweggImage/ProductImageCompressAll300/A686S191130swy6I.jpg
18,N82E16834235248,Computer Systems,Laptops / Notebooks,1,ASUS,"ASUS VivoBook S15 S512 Thin and Light 15.6"" FHD, Intel Core i5-8265U CPU, 8 GB DDR4 RAM, PCIe NVMe 256 GB SSD, Windows 10 Home, S512FA-DB51, Silver Metal",,699.99,0.0,https://www.newegg.com/silver-asus-vivobook-s15-s512fa-db51-mainstream/p/N82E16834235248?Item=N82E16834235248,//c1.neweggimages.com/NeweggImage/ProductImageCompressAll300/34-235-248-V16.jpg
19,1TS-006W-00064,Computer Systems,Laptops / Notebooks,1,HP,"HP - ENVY x360 2-in-1 15.6"" Touch-Screen Laptop - AMD Ryzen 5 - 8GB Memory - 256GB Solid State Drive - Sandblasted Anodized Finish, Nightfall Black
15M-DS0011DX Tablet Notebook",,799.99,0.0,https://www.newegg.com/black-hp-envy-x360-everyday-value/p/1TS-006W-00064?Item=9SIAEYJAYF3699,//c1.neweggimages.com/NeweggImage/ProductImageCompressAll300/A8X5_132066384895265140RP26GGMq4l.jpg
20,1TS-000D-03AP9,Computer Systems,Laptops / Notebooks,1,HP,"HP Laptop 250 G7 (5YN09UT#ABA) Intel Core i5 8th Gen 8265U (1.60 GHz) 8 GB Memory 256 GB SSD Intel UHD Graphics 620 15.6"" Windows 10 Pro 64-bit",,719.33,0.0,https://www.newegg.com/hp-250-g7-mainstream/p/1TS-000D-03AP9?Item=9SIA1K6A870021,//c1.neweggimages.com/NeweggImage/ProductImageCompressAll300/V1DS_1_202004021482424524.jpg
21,1TS-000D-05HP3,Computer Systems,Laptops / Notebooks,1,HP,"HP 14"" HD Laptop, Intel Core i3-7100U 2.40GHz, 8GB RAM, 256GB SSD, HDMI, Card Reader, Wi-Fi, Bluetooth, Windows 10 Pro",,566.99,0.0,https://www.newegg.com/rose-gold-hp-14cf/p/1TS-000D-05HP3?Item=9SIAKKBAPT7884,//c1.neweggimages.com/NeweggImage/ProductImageCompressAll300/AA0S_1_20191004434523200.jpg
22,1B4-001S-00AZ8,Computer Systems,Laptops / Notebooks,1,HP,"HP EliteBook 840 G5 14"" LCD Notebook - Intel Core i5 (8th Gen) i5-8250U Quad-core (4 Core) 1.60 GHz - 8 GB DDR4 SDRAM - 256 GB SSD - Windows 10 Pro 64-bit (English) - 1920 x 1080 - Sure View, IPS Tech",,999.00,0.0,https://www.newegg.com/silver-hp-elitebook-840-g5-mainstream/p/1B4-001S-00AZ8?Item=1B4-001S-00AZ8,//c1.neweggimages.com/NeweggImage/ProductImageCompressAll300/AAUA_131801449452786789d9D99Etl9j.jpg
23,1TS-000E-0F387,Computer Systems,Laptops / Notebooks,1,Lenovo,"Lenovo Flagship ThinkPad T470 14"" FHD Multi-Touch Anti-Glare Laptop | Intel Dual Core i5-6300U | 8GB RAM | 256GB PCIe SSD | WiFi | HDMI | Fingerprint Reader | USB-C | Webcam | Windows 10 Pro",,749.99,0.0,https://www.newegg.com/p/1TS-000E-0F387?Item=9SIAEYJA799135,//c1.neweggimages.com/NeweggImage/ProductImageCompressAll300/AEYJ_132151703665785666lwc2PA7tY6.jpg
24,1TS-000E-0E8G1,Computer Systems,Laptops / Notebooks,1,Lenovo,"Lenovo Ideapad S340 Notebook, 15.6"" HD Display, Intel Core i5-8265U Upto 3.9GHz, 8GB RAM, 256GB SSD, HDMI, Card Reader, Wi-Fi, Bluetooth, Windows 10 Pro","Due to holiday observance, orders placed between 4/7 – 4/19 will experience shipping delays",699.99,0.0,https://www.newegg.com/metallic-gray-lenovo-ideapad-s340/p/1TS-000E-0E8G1?Item=9SIAA0S9PD2672,//c1.neweggimages.com/ProductImageCompressAll300/AA0S_1_20190719874915494.jpg
25,1TS-000D-07889,Computer Systems,Laptops / Notebooks,1,HP,"HP 14 Notebook, 14"" HD Display, Intel Core i5-1035G4 Upto 3.70GHz, 8GB RAM, 256GB SSD, HDMI, Card Reader, Wi-Fi, Bluetooth, Windows 10 Home","Due to holiday observance, orders placed between 4/7 – 4/19 will experience shipping delays",599.00,0.0,https://www.newegg.com/silver-hp-14dq/p/1TS-000D-07889?Item=9SIAEYAAMD3551,//c1.neweggimages.com/ProductImageCompressAll300/AEYAS19112685caw.jpg
26,N82E16834847999,Computer Systems,Laptops / Notebooks,1,Lenovo,"Lenovo ThinkPad T470s 20JSS0KS00 14"" Notebook - 1920 x 1080 - Core i5 i5-6300U - 8 GB RAM - 256 GB SSD - Black","Due to holiday observance, orders placed between 4/7 – 4/19 will experience shipping delays",769.99,0.0,https://www.newegg.com/black-lenovo-thinkpad-t470s-mainstream/p/N82E16834847999?Item=9SIAA0SAT56521,//c1.neweggimages.com/NeweggImage/ProductImageCompressAll300/A24G_1_201907271035573266.jpg
27,1TS-000D-03T02,Computer Systems,Laptops / Notebooks,1,HP,"HP 250 G5 15.6"" HD Notebook, Intel Dual-Core i5-6200U Upto 2.8GHz, 8GB RAM, 256GB SSD, DVDRW, VGA, HDMI, Card Reader, Wi-Fi, Bluetooth, Windows 10 Pro","Due to holiday observance, orders placed between 4/7 – 4/19 will experience shipping delays",749.99,0.0,https://www.newegg.com/dark-gray-hp-250-g5-mainstream/p/1TS-000D-03T02?Item=9SIAA0S91M0447,//c1.neweggimages.com/ProductImageCompressAll300/AA0S_1_202002181800275804.jpg
28,1TS-000E-0DNP2,Computer Systems,Laptops / Notebooks,1,Lenovo,"Lenovo ThinkBook 14s-IWL 20RM0008US 14"" Notebook - 1920 x 1080 - Core i7 i7-8565U - 8 GB RAM - 256 GB SSD",,849.99,0.0,https://www.newegg.com/p/1TS-000E-0DNP2?Item=9SIA8TKB1J9528,//c1.neweggimages.com/NeweggImage/ProductImageCompressAll300/V15X_1_20191028408898475.jpg
29,1TS-000D-098M6,Computer Systems,Laptops / Notebooks,1,HP,"HP 14"" HD Notebook, Ryzen 3 3200u Quad Core Upto 3.6GHz, 8GB DDR4, 256GB M.2 SSD, UHD Graphics, HDMI, Card Reader, Wi-Fi, Bluetooth, USB 3.1, Windows 10 Pro",,549.99,0.0,https://www.newegg.com/p/1TS-000D-098M6?Item=9SIA65EB192554,//c1.neweggimages.com/ProductImageCompressAll300/A65E_1_20200217473530409.jpg
30,1TS-000E-0HT26,Computer Systems,Laptops / Notebooks,1,Lenovo,"Lenovo Thinkbook 14s Premium Business Ultrabook, Windows 10 Pro, Intel Quad Core i5-8265U, 256B PCIe SSD, 8GB RAM, 14"" FHD IPS 1920x1080, Radeon 540X 2GB Graphics, Backlit Keyboard, Aluminum Body",,749.99,0.0,https://www.newegg.com/p/1TS-000E-0HT26?Item=9SIA8TKB1H3552,//c1.neweggimages.com/ProductImageCompressAll300/A8TK_1_202002202073019414.jpg
31,1TS-000A-09NM7,Computer Systems,Laptops / Notebooks,1,DELL,"Dell Inspiron BBY-W1J46FX Home and Business Laptop (Intel i5-8265U 4-Core, 8GB RAM, 256GB PCIe SSD + 2TB  HDD, 15.6"" Touch  HD (1366x768), Intel UHD 620, Wifi, Bluetooth, Webcam, Win 10 Pro in S-Mode)",,898.80,0.0,https://www.newegg.com/p/1TS-000A-09NM7?Item=9SIA7ABB2X0552,//c1.neweggimages.com/ProductImageCompressAll300/V0F3_1_20200213332301795.jpg
32,1TS-000F-00M56,Computer Systems,Laptops / Notebooks,1,Toshiba,"Toshiba Tecra A50 PS595U Home and Business Laptop (Intel i7-8550U 4-Core, 8GB RAM, 256GB SSD, 15.6"" Full HD (1920x1080), Intel UHD 620, Wifi, Bluetooth, Webcam, 1xUSB 3.2, 4xUSB 3.0, Win 10 Pro)",,799.00,0.0,https://www.newegg.com/p/1TS-000F-00M56?Item=9SIA7ABB9C6961,//c1.neweggimages.com/ProductImageCompressAll300/V0F3_1_20200201402579406.jpg
33,1TS-000E-0F6F8,Computer Systems,Laptops / Notebooks,1,Lenovo,"Lenovo Flex 14.0"" Full HD 2-in-1 Touchscreen Notebook,8th Gen Intel Core i5-8265U,8GB DDR4,256GB SSD,Intel UHD 615 Graphics,Wifi-AC,Bluetooth,HDMI,USB,Fingerprint Reader,Windows 10 Pro",,675.00,0.0,https://www.newegg.com/black-lenovo-flex-81sq000k-creating-designing/p/1TS-000E-0F6F8?Item=9SIAE4NAEV3037,//c1.neweggimages.com/ProductImageCompressAll300/AE4N_1_20191023587204988.jpg
34,1TS-000E-0FB04,Computer Systems,Laptops / Notebooks,1,Lenovo,"2019 Lenovo ThinkPad T470 14"" IPS Full HD FHD (1920x1080) Business Laptop (Intel Core i5-6300U, 8GB DDR4 RAM, 256GB PCIe NVMe M.2 SSD) Thunderbolt, Type-C, HDMI RJ-45, Windows 10 Professional 64 Bit",,829.99,0.0,https://www.newegg.com/p/1TS-000E-0FB04?Item=9SIADG3AHU7721,//c1.neweggimages.com/NeweggImage/ProductImageCompressAll300/ADG3_132177427687592037aIstoO9mK4.jpg
35,1TS-000A-070A0,Computer Systems,Laptops / Notebooks,1,DELL,"Dell Inspiron 3583 Notebook, 15.6"" HD Touch Display, Intel Core i5-8265U Upto 3.90GHz, 8GB RAM, 256GB NVMe SSD, HDMI, Card Reader, Wi-Fi, Bluetooth, Windows 10 Pro S","Due to holiday observance, orders placed between 4/7 – 4/19 will experience shipping delays",699.99,0.0,https://www.newegg.com/black-dell-inspiron-3583/p/1TS-000A-070A0?Item=9SIAA0SAM70882,//c1.neweggimages.com/ProductImageCompressAll300/AA0S_132191754140711087txanGmJJa4.jpg
