,product_category,brand,model_specifications,current_promotions,price,shipping,product_links,image_link
0,Laptops / Notebooks,HP,"HP EliteBook 840 G5 Premium School and Business Laptop (Intel 8th Gen i7-8550U Quad-Core, 16GB RAM, 256GB PCIe SSD, 14"" FHD 1920x1080 Sure View Display, Thunderbolt3, NFC, Fingerprint, Win 10 Pro)",Free Expedited Shipping,1449.00,0.0,https://www.newegg.com/p/1TS-000D-032G0?Item=9SIA7AB8D73120,//c1.neweggimages.com/ProductImageCompressAll300/A7AB_1_201811092013621813.jpg
1,Laptops / Notebooks,Lenovo,"Lenovo ThinkBook 14s Notebook, 14"" FHD Display, Intel Core i7-8565U Upto 4.6GHz, 16GB RAM, 256GB NVMe SSD, AMD Radeon 540X, HDMI, Wi-Fi, Bluetooth, Windows 10 Pro","Due to holiday observance, orders placed between 4/7 – 4/19 will experience shipping delays",999.99,0.0,https://www.newegg.com/silver-lenovo-thinkbook-14s/p/1TS-000E-0HM31?Item=9SIAA0SB0R0608,//c1.neweggimages.com/ProductImageCompressAll300/AA0S_1_20200212323015877.jpg
2,Laptops / Notebooks,HP,"HP EliteBook 840 G3 Notebook, 14"" FHD Display, Intel Core i5-6300U Upto 3.0GHz, 16GB RAM, 256GB SSD, VGA, DisplayPort, Card Reader, Wi-Fi, Bluetooth, Windows 10 Pro","Due to holiday observance, orders placed between 4/7 – 4/19 will experience shipping delays",799.99,0.0,https://www.newegg.com/silver-hp-elitebook-840-g3/p/1TS-000D-088T8?Item=9SIAA0SAZC1017,//c1.neweggimages.com/ProductImageCompressAll300/V0N6_1_202002281492137480.jpg
3,Laptops / Notebooks,DELL,"Dell Inspiron 14 3000 Notebook, 14"" HD Display, Intel Core i5-1035G4 Upto 3.7GHz, 16GB RAM, 256GB NVMe SSD, HDMI, Card Reader, Wi-Fi, Bluetooth, Windows 10 Pro S","Due to holiday observance, orders placed between 4/7 – 4/19 will experience shipping delays",649.99,0.0,https://www.newegg.com/black-textured-dell-inspiron-14-3000/p/1TS-000A-07BK6?Item=9SIAA0SAT41717,//c1.neweggimages.com/ProductImageCompressAll300/AA0S_1_20191223186419094.jpg
4,Laptops / Notebooks,HP,"HP 14 Notebook, 14"" HD Display, Intel Core i5-1035G4 Upto 3.70GHz, 16GB RAM, 256GB SSD, HDMI, Card Reader, Wi-Fi, Bluetooth, Windows 10 Pro","Due to holiday observance, orders placed between 4/7 – 4/19 will experience shipping delays",649.99,0.0,https://www.newegg.com/silver-hp-14dq/p/1TS-000D-07875?Item=9SIAA0SAMD3196,//c1.neweggimages.com/ProductImageCompressAll300/AA0SS191126Qu4dh.jpg
5,Laptops / Notebooks,HP,"HP 14-DQ1033CL Everyday Value Laptop (Intel i5-1035G4 4-Core, 16GB RAM, 256GB m.2 SATA SSD, 14"" Full HD (1920x1080), Intel Iris Plus Graphics, Wifi, Bluetooth, Webcam, 2xUSB 3.0, Win 10 Pro in S-Mode)",Free Expedited Shipping,1078.80,0.0,https://www.newegg.com/p/1TS-000D-07YS3?Item=9SIA7ABAX52514,//c1.neweggimages.com/ProductImageCompressAll300/V0F3_1_201912201034267132.jpg
6,Laptops / Notebooks,Lenovo,"2019 Lenovo ThinkPad T470 14"" IPS Full HD FHD (1920x1080) Business Laptop (Intel Core i5-6300U, 16GB DDR4 RAM, 256GB PCIe NVMe M.2 SSD) Thunderbolt, Type-C, HDMI RJ-45, Windows 10 Professional 64 Bit",,899.99,0.0,https://www.newegg.com/p/1TS-000E-0FB06?Item=9SIADG3AHU7773,//c1.neweggimages.com/NeweggImage/ProductImageCompressAll300/ADG3_132177430963831643QjullG0GQ8.jpg
7,Laptops / Notebooks,HP,"HP 14-DQ1033CL Everyday Value Laptop (Intel i5-1035G4 4-Core, 16GB RAM, 256GB PCIe SSD, 14"" Full HD (1920x1080), Intel Iris Plus Graphics, Wifi, Bluetooth, Webcam, 2xUSB 3.0, Win 10 Pro in S-Mode)",,1078.80,0.0,https://www.newegg.com/p/1TS-000D-07KD7?Item=9SIA7ABAUR2768,//c1.neweggimages.com/ProductImageCompressAll300/V0F3_1_201912201034267132.jpg
8,Laptops / Notebooks,HP,Newest HP 14 Premium HD Micro-edge Laptop |10Th Intel Core i3-1005G1|16GB DDR4|256GB M.2 SSD| Wi-Fi | Fast Charge| HDMI | Windows 10 | Pale Gold,,491.99,0.0,https://www.newegg.com/p/1TS-000D-06Z23?Item=9SIAEYJAJ24029,//c1.neweggimages.com/ProductImageCompressAll300/AEYJ_1_2019111194440215.jpg
9,Laptops / Notebooks,Lenovo,"Lenovo Flagship ThinkPad T470 14"" FHD Multi-Touch Anti-Glare Laptop | Intel Dual Core i5-6300U | 16GB RAM | 256GB PCIe SSD | WiFi | HDMI | Fingerprint Reader | USB-C | Webcam | Windows 10 Pro",,849.99,0.0,https://www.newegg.com/p/1TS-000E-0F3A0?Item=9SIAEYJA7D2822,//c1.neweggimages.com/NeweggImage/ProductImageCompressAll300/AEYJ_132152450396542621xnrK8dT7Uc.jpg
10,Laptops / Notebooks,HP,"HP ProBook 645 G4 Notebook, 14"" HD, AMD Quad-Core Ryzen 7 2700U Upto 3.8GHz, 16GB RAM, 256GB SSD, Radeon RX Vega 10, VGA, HDMI, Card Reader, Backlit Keyboard, Wi-Fi, BT, Windows 10 Pro","Due to holiday observance, orders placed between 4/7 – 4/19 will experience shipping delays",999.99,0.0,https://www.newegg.com/natural-silver-hp-probook-645-g4-standard/p/1TS-000D-045N6?Item=9SIAA0S98M0151,//c1.neweggimages.com/ProductImageCompressAll300/V1DS_1_20190516926373216.jpg
11,Laptops / Notebooks,HP,"HP 14"" HD Customized Laptop | 10th Gen Intel Quad-Core i5-1035G4 Processor up to 3.7 GHz | 16GB RAM 256GB SSD | USB Type-C | HDMI | Card Reader | Windows 10 | Silver Only 3.2lb",,654.52,0.0,https://www.newegg.com/p/1TS-000D-084J4?Item=9SIAJZDAWC4523,//c1.neweggimages.com/ProductImageCompressAll300/AJZD_1_20200113712419307.jpg
12,Laptops / Notebooks,HP,"HP ProBook 445R G6 Notebook, 14"" FHD Display, AMD Ryzen 5 3500U Upto 3.7GHz, 16GB RAM, 256GB NVMe SSD, Vega 8, HDMI, DisplayPort via USB-C, Card Reader, Wi-Fi, Bluetooth, Windows 10 Pro","Due to holiday observance, orders placed between 4/7 – 4/19 will experience shipping delays",899.99,0.0,https://www.newegg.com/silver-hp-probook-445r-g6/p/1TS-000D-09929?Item=9SIAA0SB1C3494,//c1.neweggimages.com/ProductImageCompressAll300/AA0S_1_20200218199887400.jpg
13,Laptops / Notebooks,DELL,"Dell Inspiron 3493 14"" Customized Laptop | 10th Gen Intel Core i3-1005G1 up to 3.4 GHz | 16GB RAM 256GB SSD | HDMI | Wi-Fi | Bluetooth | Black Only 3.4lb | Windows 10",,560.05,0.0,https://www.newegg.com/p/1TS-000A-08GW7?Item=9SIAJZDAX08778,//c1.neweggimages.com/ProductImageCompressAll300/AJZD_1_202001151156184635.jpg
14,Laptops / Notebooks,HP,"HP EliteBook 840 G3 Notebook, 14"" FHD Display, Intel Core i5-6300U Upto 3.0GHz, 16GB RAM, 256GB SSD + 1TB HDD, VGA, DisplayPort, Card Reader, Wi-Fi, Bluetooth, Windows 10 Pro","Due to holiday observance, orders placed between 4/7 – 4/19 will experience shipping delays",799.99,0.0,https://www.newegg.com/silver-hp-elitebook-840-g3/p/1TS-000D-088V4?Item=9SIAA0SAZC1034,//c1.neweggimages.com/ProductImageCompressAll300/V0N6_1_202002281492137480.jpg
15,Laptops / Notebooks,HP,"HP 14 Notebook, 14"" HD Display, AMD Ryzen 3 3200U Upto 3.5GHz, 16GB RAM, 256GB SSD, Vega 3, HDMI, Card Reader, Wi-Fi, Bluetooth, Windows 10 Pro","Due to holiday observance, orders placed between 4/7 – 4/19 will experience shipping delays",519.99,0.0,https://www.newegg.com/silver-hp-14/p/1TS-000D-09CK3?Item=9SIAA0SB6B2617,//c1.neweggimages.com/ProductImageCompressAll300/AA0S_1_20200310938809513.jpg
16,Laptops / Notebooks,DELL,"Dell Latitude 5400 Notebook, 14"" FHD Touch Display, Intel Core i7-8665U Upto 4.8GHz, 16GB RAM, 256GB NVMe SSD, HDMI, DisplayPort via USB-C, Card Reader, Wi-Fi, Bluetooth, Windows 10 Pro","Due to holiday observance, orders placed between 4/7 – 4/19 will experience shipping delays",1399.99,0.0,https://www.newegg.com/black-dell-latitude-5400/p/1TS-000A-09XN7?Item=9SIAA0SB6M7105,//c1.neweggimages.com/ProductImageCompressAll300/AA0S_1_20200406677639466.jpg
17,Laptops / Notebooks,HP,"HP 14 Notebook, 14"" HD Display, Intel Core i5-1035G1 Upto 3.6GHz, 16GB RAM, 256GB NVMe SSD, HDMI, Card Reader, Wi-Fi, Bluetooth, Windows 10 Pro","Due to holiday observance, orders placed between 4/7 – 4/19 will experience shipping delays",649.99,0.0,https://www.newegg.com/silver-hp-14/p/1TS-000D-06W34?Item=9SIAA0SAHS3681,//c1.neweggimages.com/ProductImageCompressAll300/AA0S_1_20191107868257662.jpg
18,Laptops / Notebooks,Lenovo,"Lenovo Flex 14.0"" Full HD 2-in-1 Touchscreen Notebook,8th Gen Intel Core i5-8265U,16GB DDR4,256GB SSD,Intel UHD 615 Graphics,Wifi-AC,Bluetooth,HDMI,USB,Fingerprint Reader,Windows 10 Pro",,749.00,0.0,https://www.newegg.com/black-lenovo-flex-81sq000k-creating-designing/p/1TS-000E-0F6F9?Item=9SIAE4NAEV3038,//c1.neweggimages.com/ProductImageCompressAll300/AE4N_1_20191023587204988.jpg
19,Laptops / Notebooks,HP,"HP 14 Notebook, 14"" HD Display, Intel Core i5-1035G4 Upto 3.70GHz, 16GB RAM, 256GB SSD, HDMI, Card Reader, Wi-Fi, Bluetooth, Windows 10 Home","Due to holiday observance, orders placed between 4/7 – 4/19 will experience shipping delays",649.99,0.0,https://www.newegg.com/silver-hp-14dq/p/1TS-000D-07887?Item=9SIAEYAAMD3549,//c1.neweggimages.com/ProductImageCompressAll300/AEYAS191126coqHy.jpg
20,Laptops / Notebooks,HP,"HP 14 Notebook, 14"" HD Display, AMD A9-9425 Upto 3.7GHz, 16GB RAM, 256GB NVMe SSD, HDMI, Card Reader, Wi-Fi, Bluetooth, Windows 10 Pro S","Due to holiday observance, orders placed between 4/7 – 4/19 will experience shipping delays",699.99,0.0,https://www.newegg.com/silver-hp-14/p/1TS-000D-07XJ5?Item=9SIAA0SAT50575,//c1.neweggimages.com/ProductImageCompressAll300/AA0S_1_201912231564192577.jpg
21,Laptops / Notebooks,HP,"HP ProBook 440 G6 Notebook, 14"" HD Display, Intel Core i5-8265U Upto 3.9GHz, 16GB RAM, 256GB SSD, HDMI, MicroDP, Card Reader, Wi-Fi, Bluetooth, Windows 10 Pro","Due to holiday observance, orders placed between 4/7 – 4/19 will experience shipping delays",1179.99,0.0,https://www.newegg.com/silver-hp-probook-440-g6/p/1TS-000D-05AX2?Item=9SIAA0S9X30218,//c1.neweggimages.com/ProductImageCompressAll300/V1RY_1_201908081653217086.jpg
22,Laptops / Notebooks,Lenovo,"Lenovo ThinkPad E490 Home and Business Laptop (Intel i7-8565U 4-Core, 16GB RAM, 256GB  SATA SSD, 14"" Full HD (1920x1080), Intel UHD 620, Fingerprint, Wifi, Bluetooth, Webcam, 2xUSB 3.0, Win 10 Pro)",Free Expedited Shipping,1258.80,0.0,https://www.newegg.com/p/1TS-000E-0F2F8?Item=9SIA7ABA6C2363,//c1.neweggimages.com/ProductImageCompressAll300/A7AB_1_201910081334023016.jpg
23,Laptops / Notebooks,Lenovo,"2018 Lenovo ThinkPad X1 Carbon (6th Gen) - Windows 10 Pro - Intel Quad Core i7-8550U, 256GB NVMe-PCIe SSD, 16GB RAM, 14"" FHD IPS (1920x1080) Display, Fingerprint Reader, Black",,1599.99,0.0,https://www.newegg.com/p/1TS-000E-098K7?Item=9SIA8TK7W88348,//c1.neweggimages.com/NeweggImage/ProductImageCompressAll300/A8TK_1_201806121971492725.jpg
24,Laptops / Notebooks,HP,Newest HP 14 Premium HD Micro-edge Laptop |10Th Intel Quad Core i5-1035G1|16GB DDR4|256GB NVMe SSD+16GB Intel Optane| Wi-Fi 5 (2x2)| Bluetooth | HDMI | Windows 10 Home,,600.99,0.0,https://www.newegg.com/p/1TS-000D-06T60?Item=9SIAEYJAG40840,//c1.neweggimages.com/ProductImageCompressAll300/AEYJ_1_20191102886498743.jpg
25,Laptops / Notebooks,HP,"HP 14"" Thin and Light Customized Laptop Intel Core i3-7100U processor 16GB RAM 256GB SSD Upgradable to 16GB RAM 1024GB SSD Windows 10 Ash Silver Only 3.2lb 0.8"" thin USB Type-C",,486.73,0.0,https://www.newegg.com/p/1TS-000D-05467?Item=9SIAJZD9SS3410,//c1.neweggimages.com/ProductImageCompressAll300/AJZD_1_201907231969072027.jpg
26,Laptops / Notebooks,HP,"HP 14"" HD Customized Laptop | 10th Gen Intel Quad-Core i5-1035G4 Processor up to 3.7 GHz | 16GB RAM 256GB SSD | USB Type-C | HDMI | Card Reader | Windows 10 | Silver Only 3.2lb",,654.52,0.0,https://www.newegg.com/p/1TS-000D-084H3?Item=9SIAJZDAWC4493,//c1.neweggimages.com/ProductImageCompressAll300/AJZD_1_20200113712419307.jpg
27,Laptops / Notebooks,HP,"HP 14"" HD Notebook, Intel i3-1005G1 Dual Core Upto 3.4GHz, 16GB DDR4, 256GB M.2 SSD, UHD Graphics, HDMI, Card Reader, Wi-Fi, Bluetooth, Windows 10 Pro",,519.99,0.0,https://www.newegg.com/p/1TS-000D-089B4?Item=9SIA65EB010478,//c1.neweggimages.com/ProductImageCompressAll300/A65E_1_2020020377652477.jpg
28,Laptops / Notebooks,Acer America,"Acer Swift 3 Narrow Bezel Slim Laptop, 14"" FHD IPS, AMD Ryzen 5 3500U Quad-core up to 3.70 GHz, 16GB DDR4 RAM, 256GB NVMe SSD, USB-C, Vega 8 Graphics, FP Reader, BT, WebCam, Win 10",,615.89,0.0,https://www.newegg.com/p/1TS-000X-01YD9?Item=9SIA6V6B542363,//c1.neweggimages.com/ProductImageCompressAll300/A6V6_1_202003051305089599.jpg
29,Laptops / Notebooks,DELL,"Dell Inspiron 14 3000 Series Laptop, 14"" HD Anti-Glare Display, 10th Gen Intel Quad-Core i5-1035G4  16GB RAM  256GB PCIe SSD + 1TB HDD, WiFi Bluetooth Webcam Win 10",,781.00,0.0,https://www.newegg.com/black-dell-inspiron-14-3000-series-everyday-value/p/1TS-000A-09X68?Item=9SIAMRPB6A2168,//c1.neweggimages.com/NeweggImage/ProductImageCompressAll300/AMRPS200309Yhpqd.jpg
30,Laptops / Notebooks,Acer America,"Acer Swift 3 Narrow Bezel Slim Laptop, 14"" FHD IPS, AMD Ryzen 5 3500U Quad-core up to 3.70 GHz, 16GB RAM, 256GB NVMe SSD, USB-C, Vega 8 Graphics, RJ-45 LAN, FP Reader, BT, WebCam, Win 10",,625.07,0.0,https://www.newegg.com/p/1TS-000X-01YE4?Item=9SIA6V6B542372,//c1.neweggimages.com/ProductImageCompressAll300/A6V6_1_202003051891880252.jpg
31,Laptops / Notebooks,HP,"HP 14"" HD Notebook, Ryzen 3 3200u Quad Core Upto 3.6GHz, 16GB DDR4, 256GB M.2 SSD, UHD Graphics, HDMI, Card Reader, Wi-Fi, Bluetooth, USB 3.1, Windows 10 Pro",,609.99,0.0,https://www.newegg.com/p/1TS-000D-098N1?Item=9SIA65EB192557,//c1.neweggimages.com/ProductImageCompressAll300/A65E_1_20200217473530409.jpg
32,Laptops / Notebooks,LG,"LG Gram 14"" Full HD IPS MIL-Spec Notebook Computer, Intel Core i7-8565U 1.8GHz, 16GB RAM, 256GB SSD, Windows 10 Home, Dark Silver",,1196.99,0.0,https://www.newegg.com/dark-silver-lg-gram-14-everyday-value/p/1TS-002J-000B7?Item=9SIAC4Z9B89175,//c1.neweggimages.com/ProductImageCompressAll300/A4P0_1320283264880849600Sb0TnkTYa.jpg
33,Laptops / Notebooks,HP,"HP 240 G6 14"" HD Notebook, Intel Dual-Core N4000 Upto 2.6GHz, 16GB RAM, 256GB SSD, VGA, HDMI, LAN, Card Reader, Wi-Fi, Bluetooth, Windows 10 Home","Due to holiday observance, orders placed between 4/7 – 4/19 will experience shipping delays",599.99,0.0,https://www.newegg.com/charcoal-gray-hp-240-g6-mainstream/p/1TS-000D-03NJ5?Item=9SIAEYA8WY4011,//c1.neweggimages.com/ProductImageCompressAll300/V2CK_1_201903151806305703.jpg
34,Laptops / Notebooks,HP,"HP 240 G6 14"" HD Notebook, Intel Dual-Core i3-6006U 2.0GHz, 16GB RAM, 256GB SSD, DVD-RW, VGA, HDMI, Card Reader, Wi-Fi, Bluetooth, Windows 10 Pro","Due to holiday observance, orders placed between 4/7 – 4/19 will experience shipping delays",569.99,0.0,https://www.newegg.com/charcoal-gray-hp-240-g6-mainstream/p/1TS-000D-03NM0?Item=9SIAA0S8WZ5683,//c1.neweggimages.com/ProductImageCompressAll300/AA0S_1_201903151897321564.jpg
35,Laptops / Notebooks,Panasonic,"Panasonic Toughbook CF-53, Intel Core i5-4310U @2.0GHz, 14'' HD, WiFi, Bluetooth, Insertable Smartcard, DVD-RW, Windows Pro",,1719.60,0.0,https://www.newegg.com/p/1TS-000H-00DA5?Item=9SIAHKVA8S6892,//c1.neweggimages.com/ProductImageCompressAll300/AHKV_1_201909271125617608.jpg
