,product_category,brand,model_specifications,current_promotions,price,shipping,page_number,product_links,image_link
0,Laptops / Notebooks,ASUS,"ASUS ZenBook 14 Ultra-Slim Laptop 14"" Full HD 4-Way NanoEdge Bezel, AMD R7 3700U CPU, 8 GB RAM, 512 GB PCIe SSD, NumberPad, Windows 10 - UM433DA-DH75, Icicle Silver",,749.99,0.0,1,https://www.newegg.com/icicle-silver-asus-zenbook-um433da-dh75-mainstream/p/N82E16834235302?Item=N82E16834235302,//c1.neweggimages.com/NeweggImage/ProductImageCompressAll300/34-235-302-V01.jpg
1,Laptops / Notebooks,Lenovo,"Lenovo Laptop ThinkPad E495 20NE0001US AMD Ryzen 7 2nd Gen 3700U (2.30 GHz) 8 GB Memory 256 GB SSD AMD Radeon RX Vega 10 14.0"" Windows 10 Pro 64-bit",,759.00,0.0,1,https://www.newegg.com/black-lenovo-thinkpad-e495-20ne0001us-mainstream/p/1TS-000E-0DDH7?Item=9SIACVBA1A2639,//c1.neweggimages.com/ProductImageCompressAll300/A6ZP_1_20190821935971236.jpg
2,Laptops / Notebooks,ASUS,"ASUS ZenBook 14 Ultra-Slim Laptop 14"" Full HD 4-Way NanoEdge Bezel, AMD R7 3700U CPU, 8 GB RAM, 1 TB PCIe SSD, NumberPad, Windows 10 - UM433DA-DH75, Icicle Silver",,"1,099.00",0.0,1,https://www.newegg.com/icicle-silver-asus-zenbook-um433da-dh75-mainstream/p/1TS-001A-021N8?Item=9SIA7ABB2H7424,//c1.neweggimages.com/NeweggImage/ProductImageCompressAll300/A7ABS200211AMMij.jpg
3,Laptops / Notebooks,ASUS,"ASUS ZenBook 14 Ultra-Slim Laptop 14"" Full HD 4-Way NanoEdge Bezel, AMD R7 3700U CPU, 8 GB RAM, 512 GB PCIe SSD, NumberPad, Windows 10 - UM433DA-DH75, Icicle Silver",,949.00,0.0,1,https://www.newegg.com/icicle-silver-asus-zenbook-um433da-dh75-mainstream/p/1TS-001A-02218?Item=9SIA7ABB362272,//c1.neweggimages.com/NeweggImage/ProductImageCompressAll300/A7ABS200215s4FTo.jpg
4,Laptops / Notebooks,ASUS,"ASUS ZenBook 14 Ultra-Slim Laptop 14"" Full HD 4-Way NanoEdge Bezel, AMD R7 3700U CPU, 8 GB RAM, 1 TB PCIe SSD, NumberPad, Windows 10 Pro- UM433DA-DH75, Icicle Silver",,"1,249.00",0.0,1,https://www.newegg.com/icicle-silver-asus-zenbook-um433da-dh75-mainstream/p/1TS-001A-021P0?Item=9SIA7ABB2H7427,//c1.neweggimages.com/NeweggImage/ProductImageCompressAll300/A7ABS200211ePUOu.jpg
5,Laptops / Notebooks,ASUS,"ASUS ZenBook 14 Ultra-Slim Laptop 14"" Full HD 4-Way NanoEdge Bezel, AMD R7 3700U CPU, 8 GB RAM, 2 TB PCIe SSD, NumberPad, Windows 10 - UM433DA-DH75, Icicle Silver",,"1,299.00",0.0,1,https://www.newegg.com/icicle-silver-asus-zenbook-um433da-dh75-mainstream/p/1TS-001A-021N9?Item=9SIA7ABB2H7426,//c1.neweggimages.com/NeweggImage/ProductImageCompressAll300/A7ABS2002119Fp96.jpg
6,Laptops / Notebooks,ASUS,"ASUS ZenBook 14 Ultra-Slim Laptop 14"" Full HD 4-Way NanoEdge Bezel, AMD R7 3700U CPU, 8 GB RAM, 2 TB PCIe SSD, NumberPad, Windows 10 Pro - UM433DA-DH75, Icicle Silver",,"1,449.00",0.0,1,https://www.newegg.com/icicle-silver-asus-zenbook-um433da-dh75-mainstream/p/1TS-001A-021P1?Item=9SIA7ABB2H7428,//c1.neweggimages.com/NeweggImage/ProductImageCompressAll300/A7ABS2002118oH6e.jpg
7,Laptops / Notebooks,HP,"HP ProBook 645 G4 Notebook, 14"" HD, AMD Quad-Core Ryzen 7 2700U Upto 3.8GHz, 16GB RAM, 256GB SSD, Radeon RX Vega 10, VGA, HDMI, Card Reader, Backlit Keyboard, Wi-Fi, BT, Windows 10 Pro","Due to holiday observance, orders placed between 4/7 – 4/19 will experience shipping delays",999.99,0.0,1,https://www.newegg.com/natural-silver-hp-probook-645-g4-standard/p/1TS-000D-045N6?Item=9SIAA0S98M0151,//c1.neweggimages.com/ProductImageCompressAll300/V1DS_1_20190516926373216.jpg
8,Laptops / Notebooks,HP,"HP Laptop ProBook 645 G4 (4LB42UT#ABA) AMD Ryzen 7 1st Gen 2700U (2.20 GHz) 8 GB Memory 256 GB PCIe NVMe SSD AMD Radeon RX Vega 10 14.0"" Windows 10 Pro 64-Bit",,799.00,0.0,1,https://www.newegg.com/hp-probook-645-g4-mainstream/p/2WC-0001-00233?Item=2WC-0001-00233,//c1.neweggimages.com/NeweggImage/ProductImageCompressAll300/V112_1_20190327543337532.jpg
9,Laptops / Notebooks,HP,"HP Laptop ProBook 445 G6 (6KJ26UT#ABA) AMD Ryzen 7 1st Gen 2700U (2.20 GHz) 16 GB Memory 512 GB SSD AMD Radeon Vega 10 14.0"" Windows 10 Pro 64-bit",,"1,095.87",0.0,1,https://www.newegg.com/silver-hp-probook-445-g6-mainstream/p/N82E16834270989?Item=9SIA6ZP8UM0075,//c1.neweggimages.com/ProductImageCompressAll300/A24G_1_20190306820040026.jpg
10,Laptops / Notebooks,ASUS,"ASUS ZenBook 14 UM433DA-DH75 Home and Business Laptop (AMD Ryzen 7 3700U 4-Core, 8GB RAM, 2TB PCIe SSD, 14.0"" Full HD (1920x1080), AMD Radeon RX Vega 10, Wifi, Bluetooth, Webcam, 1xHDMI, Win 10 Pro)",,"1,786.80",0.0,1,https://www.newegg.com/p/1TS-001A-02210?Item=9SIA7ABB2X0259,//c1.neweggimages.com/ProductImageCompressAll300/V0F3_1_202002131011343831.jpg
11,Laptops / Notebooks,ASUS,"ASUS ZenBook 14 UM433DA-DH75 Home and Business Laptop (AMD Ryzen 7 3700U 4-Core, 8GB RAM, 2TB PCIe SSD, 14.0"" Full HD (1920x1080), AMD Radeon RX Vega 10, Wifi, Bluetooth, Webcam, 1xHDMI, Win 10 Home)",,"1,606.80",0.0,1,https://www.newegg.com/p/1TS-001A-02208?Item=9SIA7ABB2X0257,//c1.neweggimages.com/ProductImageCompressAll300/V0F3_1_202002131011343831.jpg
12,Laptops / Notebooks,ASUS,"ASUS ZenBook 14 UM433DA-DH75 Home and Business Laptop (AMD Ryzen 7 3700U 4-Core, 8GB RAM, 1TB PCIe SSD, 14.0"" Full HD (1920x1080), AMD Radeon RX Vega 10, Wifi, Bluetooth, Webcam, 1xHDMI, Win 10 Pro)",,"1,546.80",0.0,1,https://www.newegg.com/p/1TS-001A-02207?Item=9SIA7ABB2X0256,//c1.neweggimages.com/ProductImageCompressAll300/V0F3_1_202002131011343831.jpg
13,Laptops / Notebooks,ASUS,"ASUS ZenBook 14 UM433DA-DH75 Home and Business Laptop (AMD Ryzen 7 3700U 4-Core, 8GB RAM, 512GB SSD, 14.0"" Full HD (1920x1080), AMD Radeon RX Vega 10, Wifi, Bluetooth, Webcam, 1xHDMI, Win 10 Home)",,946.80,0.0,1,https://www.newegg.com/p/1TS-001A-02201?Item=9SIA7ABB2X0080,//c1.neweggimages.com/ProductImageCompressAll300/V0F3_1_202002131011343831.jpg
14,Laptops / Notebooks,ASUS,"ASUS ZenBook 14 UM433DA-DH75 Home and Business Laptop (AMD Ryzen 7 3700U 4-Core, 8GB RAM, 1TB PCIe SSD, 14.0"" Full HD (1920x1080), AMD Radeon RX Vega 10, Wifi, Bluetooth, Webcam, 1xHDMI, Win 10 Home)",,"1,366.80",0.0,1,https://www.newegg.com/p/1TS-001A-02209?Item=9SIA7ABB2X0258,//c1.neweggimages.com/ProductImageCompressAll300/V0F3_1_202002131011343831.jpg
15,Laptops / Notebooks,ASUS,"ASUS ZenBook 14 Ultra-Slim Laptop 14"" Full HD 4-Way NanoEdge Bezel, AMD R7 3700U CPU, 16 GB DDR4, 1 TB PCIe SSD, Windows 10 Pro - UM433DA-NH74, Icicle Silver",,899.99,0.0,1,https://www.newegg.com/icicle-silver-asus-zenbook-um433da-nh74-mainstream/p/N82E16834235285?Item=N82E16834235285,//c1.neweggimages.com/NeweggImage/ProductImageCompressAll300/34-235-285-V19.jpg
16,Laptops / Notebooks,Lenovo,"Lenovo Laptop IdeaPad S540 81NH0019US AMD Ryzen 7 2nd Gen 3700U (2.30 GHz) 12 GB Memory 512 GB SSD AMD Radeon RX Vega 10 14.0"" Windows 10 Home 64-bit",,920.14,0.0,1,https://www.newegg.com/mineral-grey-lenovo-ideapad-s540-81nh0019us-mainstream/p/N82E16834847993?Item=9SIA1K6B3X3525,//c1.neweggimages.com/NeweggImage/ProductImageCompressAll300/34-847-993-V19.jpg
17,Laptops / Notebooks,HP,"HP ProBook 445R G6 14"" Notebook - 1920 x 1080 - Ryzen 7 3700U - 16 GB RAM - 256 GB SSD - Pike Silver Aluminum",,837.09,0.0,1,https://www.newegg.com/p/1TS-000D-05F68?Item=9SIAFJ8B1D8748,//c1.neweggimages.com/ProductImageCompressAll300/A98Y_1_201908191433067199.jpg
18,Laptops / Notebooks,HP,"HP ProBook 645 G4 14"" LCD Notebook - AMD Ryzen 7 2700U Quad-core (4 Core) 2.20 GHz - 8 GB DDR4 SDRAM - 500 GB HDD - Windows 10 Pro 64-bit - 1366 x 768 - Natural Silver - AMD Radeon RX Vega 10 Gra",,675.92,18.50,1,https://www.newegg.com/p/1TS-000D-02RC0?Item=9SIAMG8ANM8084,//c1.neweggimages.com/ProductImageCompressAll300/A24G_1_20180630596074717.jpg
19,Laptops / Notebooks,Lenovo,"Lenovo ThinkPad T495s 20QJ001KUS 14"" Notebook - 1920 x 1080 - Ryzen 7 3700U - 16 GB RAM - 512 GB SSD - Black - Windows 10 Pro 64-bit - AMD Radeon RX Vega 10 Graphics - In-plane Switching (IPS) Te",,"1,725.08",0.0,1,https://www.newegg.com/p/1TS-000E-0F583?Item=9SIA24GA8T6237,//c1.neweggimages.com/ProductImageCompressAll300/A6ZP_1_202004011493191349.jpg
20,Laptops / Notebooks,Lenovo,"Lenovo ThinkPad T495s 20QJ001KUS 14"" Notebook - 1920 x 1080  + Office 365 Bundle",,"1,745.08",0.0,1,https://www.newegg.com/p/1TS-000E-0F5G7?Item=9SIA24GA952675,//c1.neweggimages.com/ProductImageCompressAll300/A24G_1_201910191167371638.jpg
21,Laptops / Notebooks,HP,"HP ProBook 645 G4 Notebook, 14"" FHD Display, AMD Ryzen 7 2700U Upto 3.8GHz, 16GB RAM, 512GB NVMe SSD, Vega 10, VGA, HDMI, DisplayPort via USB-C, Card Reader, Wi-Fi, Bluetooth, Windows 10 Pro","Due to holiday observance, orders placed between 4/7 – 4/19 will experience shipping delays",919.99,0.0,1,https://www.newegg.com/silver-hp-probook-645-g4/p/1TS-000D-09CP3?Item=9SIAA0SB6B3382,//c1.neweggimages.com/ProductImageCompressAll300/AA0S_1_202003101932588032.jpg
22,Laptops / Notebooks,HP,"HP ProBook 645 G4 Notebook, 14"" HD, AMD Quad-Core Ryzen 7 2700U Upto 3.8GHz, 16GB RAM, 1TB SSD, Radeon RX Vega 10, VGA, HDMI, Card Reader, Backlit Keyboard, Wi-Fi, BT, Windows 10 Pro","Due to holiday observance, orders placed between 4/7 – 4/19 will experience shipping delays","1,189.99",0.0,1,https://www.newegg.com/natural-silver-hp-probook-645-g4-standard/p/1TS-000D-045N5?Item=9SIAA0S98M0149,//c1.neweggimages.com/ProductImageCompressAll300/V112_1_201905162053000545.jpg
23,Laptops / Notebooks,HP,"HP ProBook 645 G4 Notebook, 14"" FHD Display, AMD Ryzen 7 2700U Upto 3.8GHz, 8GB RAM, 1TB NVMe SSD, Vega 10, VGA, HDMI, DisplayPort via USB-C, Card Reader, Wi-Fi, Bluetooth, Windows 10 Pro","Due to holiday observance, orders placed between 4/7 – 4/19 will experience shipping delays",939.99,0.0,1,https://www.newegg.com/silver-hp-probook-645-g4/p/1TS-000D-09CP2?Item=9SIAA0SB6B3381,//c1.neweggimages.com/ProductImageCompressAll300/V0N6_1_20200310715532775.jpg
24,Laptops / Notebooks,HP,"HP ProBook 645 G4 Notebook, 14"" FHD Display, AMD Ryzen 7 2700U Upto 3.8GHz, 16GB RAM, 1TB NVMe SSD, Vega 10, VGA, HDMI, DisplayPort via USB-C, Card Reader, Wi-Fi, Bluetooth, Windows 10 Pro","Due to holiday observance, orders placed between 4/7 – 4/19 will experience shipping delays",979.99,0.0,1,https://www.newegg.com/silver-hp-probook-645-g4/p/1TS-000D-09CP0?Item=9SIAA0SB6B3380,//c1.neweggimages.com/ProductImageCompressAll300/V0N6_1_20200310917502515.jpg
25,Laptops / Notebooks,Lenovo,"Lenovo ThinkPad T495s 20QJ0009US 14"" Notebook - 1920 x 1080  + Office 365 Bundle",,"1,466.62",0.0,1,https://www.newegg.com/p/1TS-000E-0HVF8?Item=9SIA24GB4D6514,//c1.neweggimages.com/ProductImageCompressAll300/V009_1_20200224494790908.jpg
26,Laptops / Notebooks,HP,"HP ProBook 645 G4 Notebook, 14"" HD, AMD Quad-Core Ryzen 7 2700U Upto 3.8GHz, 16GB RAM, 2TB NVMe SSD + 1TB HDD, Radeon RX Vega 10, VGA, HDMI, Card Reader, Backlit Keyboard, Wi-Fi, BT, Windows 10 Pro","Due to holiday observance, orders placed between 4/7 – 4/19 will experience shipping delays","1,329.99",0.0,1,https://www.newegg.com/natural-silver-hp-probook-645-g4-standard/p/1TS-000D-045N7?Item=9SIAA0S98M0153,//c1.neweggimages.com/ProductImageCompressAll300/AA0S_1_20190516748126711.jpg
27,Laptops / Notebooks,HP,"HP ProBook 645 G4 Notebook, 14"" HD, AMD Quad-Core Ryzen 7 2700U Upto 3.8GHz, 32GB RAM, 512GB NVMe SSD + 1TB HDD, Radeon RX Vega 10, VGA, HDMI, Card Reader, Backlit Keyboard, Wi-Fi, BT, Windows 10 Pro","Due to holiday observance, orders placed between 4/7 – 4/19 will experience shipping delays","1,279.99",0.0,1,https://www.newegg.com/natural-silver-hp-probook-645-g4-standard/p/1TS-000D-045P6?Item=9SIAA0S98M0163,//c1.neweggimages.com/ProductImageCompressAll300/V0TG_1_20190516478163732.jpg
28,Laptops / Notebooks,HP,"HP ProBook 645 G4 Notebook, 14"" FHD Display, AMD Ryzen 7 2700U Upto 3.8GHz, 32GB RAM, 1TB NVMe SSD, Vega 10, VGA, HDMI, DisplayPort via USB-C, Card Reader, Wi-Fi, Bluetooth, Windows 10 Pro","Due to holiday observance, orders placed between 4/7 – 4/19 will experience shipping delays","1,049.99",0.0,1,https://www.newegg.com/silver-hp-probook-645-g4/p/1TS-000D-09CP7?Item=9SIAA0SB6B3383,//c1.neweggimages.com/ProductImageCompressAll300/AA0S_1_20200310136451161.jpg
29,Laptops / Notebooks,HP,"HP ProBook 645 G4 Notebook, 14"" HD, AMD Quad-Core Ryzen 7 2700U Upto 3.8GHz, 8GB RAM, 1TB SSD, Radeon RX Vega 10, VGA, HDMI, Card Reader, Backlit Keyboard, Wi-Fi, BT, Windows 10 Pro","Due to holiday observance, orders placed between 4/7 – 4/19 will experience shipping delays","1,139.99",0.0,1,https://www.newegg.com/natural-silver-hp-probook-645-g4-standard/p/1TS-000D-045P9?Item=9SIAA0S98M0168,//c1.neweggimages.com/ProductImageCompressAll300/AA0S_1_201905161392259772.jpg
30,Laptops / Notebooks,HP,"HP ProBook 645 G4 Notebook, 14"" HD, AMD Quad-Core Ryzen 7 2700U Upto 3.8GHz, 8GB RAM, 2TB SSD, Radeon RX Vega 10, VGA, HDMI, Card Reader, Backlit Keyboard, Wi-Fi, BT, Windows 10 Pro","Due to holiday observance, orders placed between 4/7 – 4/19 will experience shipping delays","1,319.99",0.0,1,https://www.newegg.com/natural-silver-hp-probook-645-g4-standard/p/1TS-000D-045R2?Item=9SIAA0S98M0172,//c1.neweggimages.com/ProductImageCompressAll300/A186_1_201905161367702558.jpg
31,Laptops / Notebooks,HP,"HP ProBook 645 G4 Notebook, 14"" HD, AMD Quad-Core Ryzen 7 2700U Upto 3.8GHz, 8GB RAM, 1TB NVMe SSD + 1TB HDD, Radeon RX Vega 10, VGA, HDMI, Card Reader, Backlit Keyboard, Wi-Fi, BT, Windows 10 Pro","Due to holiday observance, orders placed between 4/7 – 4/19 will experience shipping delays","1,189.99",0.0,1,https://www.newegg.com/natural-silver-hp-probook-645-g4-standard/p/1TS-000D-045P8?Item=9SIAA0S98M0166,//c1.neweggimages.com/ProductImageCompressAll300/A186_1_201905161413265780.jpg
32,Laptops / Notebooks,HP,"HP ProBook 645 G4 Notebook, 14"" HD, AMD Quad-Core Ryzen 7 2700U Upto 3.8GHz, 16GB RAM, 1TB NVMe SSD + 1TB HDD, Radeon RX Vega 10, VGA, HDMI, Card Reader, Backlit Keyboard, Wi-Fi, BT, Windows 10 Pro","Due to holiday observance, orders placed between 4/7 – 4/19 will experience shipping delays","1,149.99",0.0,1,https://www.newegg.com/natural-silver-hp-probook-645-g4-standard/p/1TS-000D-045N4?Item=9SIAA0S98M0147,//c1.neweggimages.com/ProductImageCompressAll300/AA0S_1_20190516833856055.jpg
33,Laptops / Notebooks,Lenovo,"Lenovo ThinkPad T495s 20QJ0009US 14"" Notebook - 1920 x 1080 - Ryzen 7 3700U - 8 GB RAM - 256 GB SSD - Black",,"1,446.62",0.0,1,https://www.newegg.com/p/1TS-000E-0EDJ7?Item=9SIA24GB4D6377,//c1.neweggimages.com/ProductImageCompressAll300/V1DS_1_20200225873425959.jpg
34,Laptops / Notebooks,HP,"HP ProBook 645 G4 Notebook, 14"" HD, AMD Quad-Core Ryzen 7 2700U Upto 3.8GHz, 16GB RAM, 2TB SSD, Radeon RX Vega 10, VGA, HDMI, Card Reader, Backlit Keyboard, Wi-Fi, BT, Windows 10 Pro","Due to holiday observance, orders placed between 4/7 – 4/19 will experience shipping delays","1,279.99",0.0,1,https://www.newegg.com/natural-silver-hp-probook-645-g4-standard/p/1TS-000D-045N8?Item=9SIAA0S98M0154,//c1.neweggimages.com/ProductImageCompressAll300/V112_1_201905161910136974.jpg
35,Laptops / Notebooks,HP,"HP ProBook 645 G4 Notebook, 14"" HD, AMD Quad-Core Ryzen 7 2700U Upto 3.8GHz, 32GB RAM, 512GB SSD, Radeon RX Vega 10, VGA, HDMI, Card Reader, Backlit Keyboard, Wi-Fi, BT, Windows 10 Pro","Due to holiday observance, orders placed between 4/7 – 4/19 will experience shipping delays","1,229.99",0.0,1,https://www.newegg.com/natural-silver-hp-probook-645-g4-standard/p/1TS-000D-045P7?Item=9SIAA0S98M0164,//c1.neweggimages.com/ProductImageCompressAll300/AA0S_1_20190516603938289.jpg
