,item_number,general_category,product_category,page_number,brand,model_specifications,current_promotions,price,shipping,product_links,image_link
0,1TS-000D-06XW9,Computer Systems,Laptops / Notebooks,3,HP,Newest HP 14 Premium HD Micro-edge Laptop |10Th Intel Core i3-1005G1|8GB DDR4|256GB M.2 SSD| Wi-Fi | Fast Charge| HDMI | Windows 10 | Natural Silver,,479.99,0.0,https://www.newegg.com/p/1TS-000D-06XW9?Item=9SIAEYJAJ11844,//c1.neweggimages.com/ProductImageCompressAll300/AEYJ_1_201911111867823963.jpg
1,1TS-000A-05NR2,Computer Systems,Laptops / Notebooks,3,DELL,"Dell Vostro 15 (5581) Business Laptop (Intel i7-8565U 4-Core, 8GB RAM, 256GB PCIe SSD + 1TB  HDD, 15.6"" Full HD (1920x1080), NVIDIA GeForce MX130, Wifi, Bluetooth, Webcam, 2xUSB 3.1, Win 10 Pro)",,969.00,0.0,https://www.newegg.com/p/1TS-000A-05NR2?Item=9SIA7AB9J13285,//c1.neweggimages.com/ProductImageCompressAll300/V0F3_1_20190714982549942.jpg
2,1TS-000E-099C8,Computer Systems,Laptops / Notebooks,3,Lenovo,"2018 Lenovo ThinkPad X1 Carbon Touch (6th Gen) - Windows 10 Pro - Intel Quad Core i7-8550U, 256GB NVMe-PCIe SSD, 8GB RAM, 14"" FHD IPS (1920x1080) Touchscreen, Fingerprint Reader, Black",,1699.99,0.0,https://www.newegg.com/p/1TS-000E-099C8?Item=9SIA8TK7WE2068,//c1.neweggimages.com/NeweggImage/ProductImageCompressAll300/A8TK_1_201806121971492725.jpg
3,1TS-000E-0FDD2,Computer Systems,Laptops / Notebooks,3,Lenovo,"Lenovo IdeaPad 330 15.6"" Thin and Light Customized Laptop | 8th Gen Intel Core i3-8130U Processor | 8GB RAM 256GB SSD | 802.11AC | USB 3.1 Type-C | Windows 10 Grey",,464.63,0.0,https://www.newegg.com/p/1TS-000E-0FDD2?Item=9SIAJZDAKC4933,//c1.neweggimages.com/ProductImageCompressAll300/AJZD_1_20191118632895783.jpg
4,1TS-000E-0FDB9,Computer Systems,Laptops / Notebooks,3,Lenovo,"Lenovo IdeaPad 330 15.6"" Thin and Light Customized Laptop | 8th Gen Intel Core i3-8130U Processor | 8GB RAM 256GB SSD | 802.11AC | USB 3.1 Type-C | Windows 10 Grey",,464.63,0.0,https://www.newegg.com/p/1TS-000E-0FDB9?Item=9SIAJZDAKC4920,//c1.neweggimages.com/ProductImageCompressAll300/AJZD_1_20191118632895783.jpg
5,1TS-000A-09MG8,Computer Systems,Laptops / Notebooks,3,DELL,"Dell Inspiron i5575 Home and Business Laptop (AMD Ryzen 5 PRO 2500U 4-Core, 8GB RAM, 256GB PCIe SSD + 2TB  HDD, 15.6"" Full HD (1920x1080), AMD Vega 8, Wifi, Bluetooth, Webcam, 2xUSB 3.0, Win 10 Home)",,898.80,0.0,https://www.newegg.com/p/1TS-000A-09MG8?Item=9SIA7ABB2R9782,//c1.neweggimages.com/ProductImageCompressAll300/V0F3_1_202002121878683368.jpg
6,1TS-000A-08P46,Computer Systems,Laptops / Notebooks,3,DELL,"Dell Latitude 5490 14"" HD (1366x768) Business Laptop (Intel Quad-Core i5-8350U VPro, 8GB DDR4 RAM, 256GB SSD) Backlit, Type-C, VGA, HDMI, Webcam, Windows Hello, Windows 10 Pro 64-bit",,869.99,0.0,https://www.newegg.com/p/1TS-000A-08P46?Item=9SIADG3B1G5864,//c1.neweggimages.com/NeweggImage/ProductImageCompressAll300/ADG3S200203W0uvU.jpg
7,1TS-000A-08G08,Computer Systems,Laptops / Notebooks,3,DELL,"Dell G3 Gaming Notebook, 15.6"" FHD Display, Intel Core i5-8300H Upto 4.0GHz, 8GB RAM, 256GB NVMe SSD + 1TB HDD, NVIDIA GeForce GTX 1050 Ti, HDMI, Wi-Fi, Bluetooth, Windows 10 Home","Due to holiday observance, orders placed between 4/7 – 4/19 will experience shipping delays",949.99,0.0,https://www.newegg.com/black-dell-gaming-g3/p/1TS-000A-08G08?Item=9SIAEYAAWE5267,//c1.neweggimages.com/ProductImageCompressAll300/AEYA_1_20200114575384598.jpg
8,1TS-000D-084H6,Computer Systems,Laptops / Notebooks,3,HP,"HP 14"" HD Customized Laptop | 10th Gen Intel Quad-Core i5-1035G4 Processor up to 3.7 GHz | 8GB RAM 256GB SSD | USB Type-C | HDMI | Card Reader | Windows 10 | Silver Only 3.2lb",,591.13,0.0,https://www.newegg.com/p/1TS-000D-084H6?Item=9SIAJZDAWC4515,//c1.neweggimages.com/ProductImageCompressAll300/AJZD_1_20200113712419307.jpg
9,N82E16834316901,Computer Systems,Laptops / Notebooks,3,Acer America,"Acer Laptop Aspire 5 A515-54-55AA Intel Core i5 10th Gen 10210U (1.60 GHz) 8 GB Memory 256 GB SSD Intel UHD Graphics 15.6"" Windows 10 Home 64-bit","Save $10 w/ Win10 Pro upgrade combo purchase, limited offer",649.99,0.0,https://www.newegg.com/silver-acer-aspire-5-a515-54-55aa/p/N82E16834316901?Item=N82E16834316901,//c1.neweggimages.com/NeweggImage/ProductImageCompressAll300/34-316-901-V01.jpg
10,1TS-000E-0HKE9,Computer Systems,Laptops / Notebooks,3,Lenovo,"Lenovo Ideapad S340 15IWL i5 Home and Business Laptop (Intel i5-8265U 4-Core, 8GB RAM, 256GB m.2 SATA SSD + 1TB  HDD, 15.6"" HD (1366x768), Intel UHD 620, Wifi, Bluetooth, Webcam, Win 10 Pro)",,1192.80,0.0,https://www.newegg.com/p/1TS-000E-0HKE9?Item=9SIA7ABB2J7938,//c1.neweggimages.com/ProductImageCompressAll300/V0F3_1_202002111062511480.jpg
11,1TS-000D-083T6,Computer Systems,Laptops / Notebooks,3,HP,"HP 15.6"" Thin and Light Touchscreen Customized Premium Laptop | 10th Gen Intel Core i3-1005G1 | 8GB RAM 256GB SSD | USB Type-C | Only 3.8lb | Upto 10 Hours Mixed Usage | Windows 10 Home Silver",,588.99,0.0,https://www.newegg.com/p/1TS-000D-083T6?Item=9SIAKKBB8P7789,//c1.neweggimages.com/NeweggImage/ProductImageCompressAll300/AJZD_1_20200107355015127.jpg
12,1TS-000A-09P30,Computer Systems,Laptops / Notebooks,3,DELL,"Dell Inspiron BBY-W1J46FX Home and Business Laptop (Intel i5-8265U 4-Core, 8GB RAM, 256GB m.2 SATA SSD + 500GB  HDD, 15.6"" Touch  HD (1366x768), Intel UHD 620, Wifi, Bluetooth, Win 10 Pro in S-Mode)",,1006.80,0.0,https://www.newegg.com/p/1TS-000A-09P30?Item=9SIA7ABB2X0746,//c1.neweggimages.com/ProductImageCompressAll300/V0F3_1_20200213332301795.jpg
13,1TS-000A-08GR9,Computer Systems,Laptops / Notebooks,3,DELL,"Dell Inspiron 3493 14"" Customized Laptop | 10th Gen Intel Core i3-1005G1 up to 3.4 GHz | 8GB RAM 256GB SSD 500GB HDD | HDMI | Wi-Fi | Bluetooth | Black Only 3.4lb | Windows 10",,526.32,0.0,https://www.newegg.com/p/1TS-000A-08GR9?Item=9SIAJZDAX08459,//c1.neweggimages.com/ProductImageCompressAll300/AJZD_1_202001151156184635.jpg
14,1TS-000E-0GZK9,Computer Systems,Laptops / Notebooks,3,Lenovo,"Lenovo Ideapad 330s 15.6"" Customized Business Laptop | AMD Ryzen 5 2500U Quad-Core | 8GB RAM 256GB SSD | Full HD IPS | Radeon Vega 8 Graphics | Only 3.96lb | Windows 10 Home Grey",,565.72,0.0,https://www.newegg.com/p/1TS-000E-0GZK9?Item=9SIAJZDAWC4611,//c1.neweggimages.com/ProductImageCompressAll300/AJZD_1_20200113941713989.jpg
15,1TS-000D-03N45,Computer Systems,Laptops / Notebooks,3,HP,"HP Envy X360 2-in-1 Laptop PC - Intel Core i5-8250U 1.60GHz, 8GB RAM, 256GB SSD, 15.6"" IPS Touch Display, UHD Graphics 620, Backlit Keyboard, Fingerprint reader, Bluetooth,  Webcam, Win 10 Home 64-bit",,869.00,0.0,https://www.newegg.com/p/1TS-000D-03N45?Item=9SIADRF8WT0287,//c1.neweggimages.com/NeweggImage/ProductImageCompressAll300/ADRF_131970676944910110zliKRR5TCb.jpg
16,N82E16834235224,Computer Systems,Laptops / Notebooks,3,ASUS,"ASUS Laptop VivoBook F510QA-DS99 AMD A12-Series A12-9720P (2.70 GHz) 8 GB Memory 256 GB SSD AMD Radeon R7 Series 15.6"" Windows 10 Home 64-bit",,539.99,0.0,https://www.newegg.com/gray-asus-vivobook-f510qa-ds99-mainstream/p/N82E16834235224?Item=9SIAEYJ9G21514,//c1.neweggimages.com/NeweggImage/ProductImageCompressAll300/34-235-224-V23.jpg
17,1TS-001A-00YV5,Computer Systems,Laptops / Notebooks,3,ASUS,"Newest Asus VivoBook Thin & Lightweight Laptop (8G DDR4/256G SSD)|15.6"" Full HD(1920x1080) WideView display| AMD Quad Core A12-9720P Processor| Wi-Fi AC|Fingerprint Reader|HDMI |Windows 10 in S Mode",,519.99,0.0,https://www.newegg.com/p/1TS-001A-00YV5?Item=9SIAEYJA863971,//c1.neweggimages.com/ProductImageCompressAll300/AEYJ_1_20191013305894209.jpg
18,1TS-000D-06T44,Computer Systems,Laptops / Notebooks,3,HP,Newest HP 14 Premium HD Micro-edge Laptop |10Th Intel Quad Core i5-1035G1|8GB DDR4|256GB NVMe SSD+16GB Intel Optane| Wi-Fi 5 (2x2)| Bluetooth | HDMI | Windows 10 Home,,549.99,0.0,https://www.newegg.com/p/1TS-000D-06T44?Item=9SIAEYJAG33041,//c1.neweggimages.com/ProductImageCompressAll300/AEYJ_132171489872747267zvKWMMoiOQ.jpg
19,1TS-000E-0H170,Computer Systems,Laptops / Notebooks,3,Lenovo,"Lenovo ThinkPad E470 Notebook, 14"" HD Display, Intel Core i5-6200U Upto 2.8GHz, 8GB RAM, 256GB SSD, HDMI, Card Reader, Wi-Fi, Bluetooth, Windows 10 Pro","Due to holiday observance, orders placed between 4/7 – 4/19 will experience shipping delays",769.99,0.0,https://www.newegg.com/black-lenovo-thinkpad-e470/p/1TS-000E-0H170?Item=9SIAA0SAYC5217,//c1.neweggimages.com/ProductImageCompressAll300/AA0S_1_202001231176402054.jpg
20,1TS-000D-069A7,Computer Systems,Laptops / Notebooks,3,HP,"HP 14 Notebook, 14"" HD Touch Display, Intel Core i3-8145U Upto 3.9GHz, 8GB RAM, 256GB NVMe SSD, HDMI, Card Reader, Wi-Fi, Bluetooth, Windows 10 Pro","Due to holiday observance, orders placed between 4/7 – 4/19 will experience shipping delays",499.00,0.0,https://www.newegg.com/black-hp-14/p/1TS-000D-069A7?Item=9SIAA0SA6X5162,//c1.neweggimages.com/ProductImageCompressAll300/AA0S_1_20190919990956310.jpg
21,1TS-000D-04TR6,Computer Systems,Laptops / Notebooks,3,HP,"HP 7KK06UT EliteBook 850 G6 15.6"" FHD Laptop i5-8265U 8GB 256GB SSD W10P",,1199.99,0.0,https://www.newegg.com/p/1TS-000D-04TR6?Item=9SIAAUABA06120,//c1.neweggimages.com/NeweggImage/ProductImageCompressAll300/A24G_1_20190709938819858.jpg
22,1TS-000E-0DB24,Computer Systems,Laptops / Notebooks,3,Lenovo,"Lenovo Laptop IdeaPad S340 81N8001LUS Intel Core i5 8th Gen 8265U (1.60 GHz) 8 GB Memory 256 GB SSD Intel UHD Graphics 620 15.6"" FHD 1920 x 1080 Windows 10 Home 64-bit",,761.10,0.0,https://www.newegg.com/platinum-grey-lenovo-ideapad-s340-81n8001lus-mainstream/p/1TS-000E-0DB24?Item=9SIA6ZP91S6268,//c1.neweggimages.com/ProductImageCompressAll300/A24G_1_20190405647746699.jpg
23,N82E16834736107,Computer Systems,Laptops / Notebooks,3,Microsoft,"Microsoft Surface Laptop 3 - 15"" Touch-Screen - AMD Ryzen 5 Microsoft Surface Edition - 8 GB Memory - 256 GB Solid State Drive - Platinum",,1499.00,2.99,https://www.newegg.com/platinum-microsoft-surface-laptop-3-vgz-00001-mainstream/p/N82E16834736107?Item=N82E16834736107,//c1.neweggimages.com/NeweggImage/ProductImageCompressAll300/34-736-107-V01.jpg
24,2WC-000J-00AB0,Computer Systems,Laptops / Notebooks,3,Lenovo,"Lenovo Laptop ThinkPad E14 20RA0050US Intel Core i7 10th Gen 10510U (1.80 GHz) 8 GB Memory 256 GB SSD Intel UHD Graphics 14.0"" Windows 10 Pro 64-bit",,1066.99,0.0,https://www.newegg.com/black-lenovo-thinkpad-e14-20ra0050us/p/2WC-000J-00AB0?Item=2WC-000J-00AB0,//c1.neweggimages.com/NeweggImage/ProductImageCompressAll300/V1DS_1_202004041586399374.jpg
25,1TS-001A-00GD9,Computer Systems,Laptops / Notebooks,3,ASUS,"Asus X555QA 15.6"" HD Notebook, AMD Quad-Core A12-9720P Upto 3.6GHz, 8GB RAM, 256GB SSD, VGA, HDMI, Card Reader, Wi-Fi, Bluetooth, Windows 10 Home","Due to holiday observance, orders placed between 4/7 – 4/19 will experience shipping delays",499.99,0.0,https://www.newegg.com/black-asus-x555qa-mainstream/p/1TS-001A-00GD9?Item=9SIAEYA91J8238,//c1.neweggimages.com/ProductImageCompressAll300/AEYA_1_201904031741469791.jpg
26,1TS-000E-0F200,Computer Systems,Laptops / Notebooks,3,Lenovo,"Lenovo ThinkPad E490 Notebook, 14"" FHD Display, Intel Core i7-8565U Upto 4.6GHz, 8GB RAM, 256GB NVMe SSD, HDMI, Card Reader, Wi-Fi, Bluetooth, Windows 10 Pro","Due to holiday observance, orders placed between 4/7 – 4/19 will experience shipping delays",1299.99,0.0,https://www.newegg.com/black-lenovo-thinkpad-e490/p/1TS-000E-0F200?Item=9SIAA0SAC78958,//c1.neweggimages.com/ProductImageCompressAll300/AA0S_1_201910041240878261.jpg
27,1TS-000D-07XM2,Computer Systems,Laptops / Notebooks,3,HP,"HP 14 Notebook, 14"" HD Display, AMD A9-9425 Upto 3.7GHz, 8GB RAM, 256GB NVMe SSD, HDMI, Card Reader, Wi-Fi, Bluetooth, Windows 10 Home S","Due to holiday observance, orders placed between 4/7 – 4/19 will experience shipping delays",449.00,0.0,https://www.newegg.com/silver-hp-14/p/1TS-000D-07XM2?Item=9SIAEYAAT52768,//c1.neweggimages.com/ProductImageCompressAll300/AEYA_1_20191223337782922.jpg
28,1TS-000D-036H4,Computer Systems,Laptops / Notebooks,3,HP,"HP ENVY x360 Touchscreen 2-in-1 15.6"" (1920 x 1080) Laptop -Intel Core i7-8550U Processor at 1.8GH - 8GB RAM- 256GB SSD - Wireless-AC WLAN + Bluetooth® 4.2 -  Windows 10 Home (64 bit) - HP Digital Pen",,999.00,5.15,https://www.newegg.com/p/1TS-000D-036H4?Item=9SIADRF8HT3820,//c1.neweggimages.com/NeweggImage/ProductImageCompressAll300/ADRF_131895411301120217z7XQbv6SDk.jpg
29,1TS-000E-0E7P2,Computer Systems,Laptops / Notebooks,3,Lenovo,"Lenovo IdeaPad S340 Notebook, 15.6"" HD Display, Intel Core i5-8265U Upto 3.9GHz, 8GB RAM, 256GB NVMe SSD + 1TB HDD, HDMI, Card Reader, Wi-Fi, Bluetooth, Windows 10 Home","Due to holiday observance, orders placed between 4/7 – 4/19 will experience shipping delays",789.99,0.0,https://www.newegg.com/black-lenovo-ideapad-s340/p/1TS-000E-0E7P2?Item=9SIAEYA9MJ9008,//c1.neweggimages.com/ProductImageCompressAll300/AEYA_1_201907121526568463.jpg
30,1TS-000E-0B0W6,Computer Systems,Laptops / Notebooks,3,Lenovo,"Lenovo 81CA001TUS Flex 5 15 2-in-1 Touchscreen Laptop - Intel Core i5 - GeForce MX130 - 1080p - Active Stylus Tablet Notebook 15.6"" Touch Screen 8GB 256GB SSD GeForce 130MX",,659.99,0.0,https://www.newegg.com/silver-lenovo-flex-5-everyday-value/p/1TS-000E-0B0W6?Item=9SIA8TKANZ1580,//c1.neweggimages.com/NeweggImage/ProductImageCompressAll300/A8X5_131853852196483349KaNPN9MHB3.jpg
31,1TS-000E-0E7J2,Computer Systems,Laptops / Notebooks,3,Lenovo,"Lenovo IdeaPad S340 Notebook, 15.6"" HD Display, Intel Core i5-8265U Upto 3.9GHz, 8GB RAM, 256GB NVMe SSD + 1TB HDD, HDMI, Card Reader, Wi-Fi, Bluetooth, Windows 10 Pro","Due to holiday observance, orders placed between 4/7 – 4/19 will experience shipping delays",809.99,0.0,https://www.newegg.com/black-lenovo-ideapad-s340/p/1TS-000E-0E7J2?Item=9SIAA0S9MJ8544,//c1.neweggimages.com/ProductImageCompressAll300/AA0S_1_20190712383682762.jpg
32,1TS-000A-06YB5,Computer Systems,Laptops / Notebooks,3,DELL,"Dell Inspiron 3000 Notebook, 15.6"" HD Display, Intel Core i7-8565U Upto 4.6GHz, 8GB RAM, 256GB SSD, HDMI, Card Reader, Wi-Fi, Bluetooth, Windows 10 Home","Due to holiday observance, orders placed between 4/7 – 4/19 will experience shipping delays",899.99,0.0,https://www.newegg.com/black-textured-dell-inspiron-3000/p/1TS-000A-06YB5?Item=9SIAEYAAKC3365,//c1.neweggimages.com/ProductImageCompressAll300/AEYA_1_20191118116830915.jpg
33,1TS-000D-07FE2,Computer Systems,Laptops / Notebooks,3,HP,"HP 15.6"" Home and Business Laptop, 10 Gen Core i5-1035G1, 8GB RAM, 256GB PCIe SSD, Quad-Core up to 3.60 GHz, USB-C, HDMI 1.4b 4K, Bluetooth 4.2, WebCam, Win 10",,683.98,0.0,https://www.newegg.com/p/1TS-000D-07FE2?Item=9SIAKKBATP3183,//c1.neweggimages.com/NeweggImage/ProductImageCompressAll300/A6V6_1_201912221475144819.jpg
34,1TS-000E-0F6Z7,Computer Systems,Laptops / Notebooks,3,Lenovo,"2019 Lenovo ideapad S340 15.6"" HD Flagship Home & Business Laptop PC, Intel Quad Core i5-8265U upto 3.9GHz, 8GB RAM, 256GB SSD Boot + 1TB HDD, USB-C, WIFI, HDMI, Bluetooth, Windows 10, Abyss Blue",,689.99,0.0,https://www.newegg.com/blue-lenovo-ideapad-s340-home-and-business-laptop-mainstream/p/1TS-000E-0F6Z7?Item=9SIAKYFACP2760,//c1.neweggimages.com/ProductImageCompressAll300/AK1E_1_201908092141856519.jpg
35,1TS-000A-03TS0,Computer Systems,Laptops / Notebooks,3,DELL,"Dell Inspiron 15.6"" Laptop Intel Pentium 1366 x 768 HD resolution 8GB DDR4 SDRAM 256GB SSD Intel UHD Graphics 605 MaxxAudio HDMI Wireless-b/g/n Black",,619.00,5.40,https://www.newegg.com/p/1TS-000A-03TS0?Item=9SIADRF8FR4612,//c1.neweggimages.com/NeweggImage/ProductImageCompressAll300/ADRF_131869601103181738JKW6HXUMuc.jpg
