,item_number,general_category,product_category,page_number,brand,model_specifications,current_promotions,price,shipping,product_links,image_link
0,N82E16834154990,Computer Systems,Laptops / Notebooks,2,MSI,"MSI Laptop PS42 8RB-060 Intel Core i5 8th Gen 8250U (1.60 GHz) 8 GB Memory 512 GB M.2 SATA SSD NVIDIA GeForce MX150 14.0"" Windows 10 Pro 64-Bit",,1019.99,0.0,https://www.newegg.com/aluminum-silver-msi-ps42-8rb-060-mainstream/p/N82E16834154990?Item=9SIA8X5B0S5050,//c1.neweggimages.com/NeweggImage/ProductImageCompressAll300/34-154-990-V40.jpg
1,1TS-000D-07876,Computer Systems,Laptops / Notebooks,2,HP,"HP 14 Notebook, 14"" HD Display, Intel Core i5-1035G4 Upto 3.70GHz, 8GB RAM, 1TB SSD, HDMI, Card Reader, Wi-Fi, Bluetooth, Windows 10 Pro","Due to holiday observance, orders placed between 4/7 – 4/19 will experience shipping delays",779.99,0.0,https://www.newegg.com/silver-hp-14dq/p/1TS-000D-07876?Item=9SIAA0SAMD3197,//c1.neweggimages.com/ProductImageCompressAll300/AA0SS191126CSOkA.jpg
2,1TS-000E-0F2C5,Computer Systems,Laptops / Notebooks,2,Lenovo,"Lenovo Flex 14 2-in-1 FHD Touchscreen Laptop, Intel Core i5-8265U 1.6HZ, Black Notebook 14"" 8GB Memory 512GB SSD Backlit Keyboard with Fingerprint Reader",,649.99,0.0,https://www.newegg.com/p/1TS-000E-0F2C5?Item=9SIAEYJA6A1731,//c1.neweggimages.com/NeweggImage/ProductImageCompressAll300/AEYJ_13214986498895201092S5PSPNxB.jpg
3,1TS-000D-03M78,Computer Systems,Laptops / Notebooks,2,HP,"HP 245 G6 Notebook, 14"" HD Display, AMD Dual-Core E2-9000e Upto 2.9GHz, 8GB RAM, 512GB SSD, VGA, HDMI, Card Reader, Wi-Fi, Bluetooth, Windows 10 Home","Due to holiday observance, orders placed between 4/7 – 4/19 will experience shipping delays",474.49,0.0,https://www.newegg.com/gray-hp-245-g6-everyday-value/p/1TS-000D-03M78?Item=9SIAEYA8VK4981,//c1.neweggimages.com/ProductImageCompressAll300/AEYA_1_201903081247475465.jpg
4,1TS-000D-07XK2,Computer Systems,Laptops / Notebooks,2,HP,"HP 14 Notebook, 14"" HD Display, AMD A9-9425 Upto 3.7GHz, 8GB RAM, 512GB NVMe SSD, HDMI, Card Reader, Wi-Fi, Bluetooth, Windows 10 Pro S","Due to holiday observance, orders placed between 4/7 – 4/19 will experience shipping delays",499.00,0.0,https://www.newegg.com/silver-hp-14/p/1TS-000D-07XK2?Item=9SIAA0SAT50582,//c1.neweggimages.com/ProductImageCompressAll300/AA0S_1_201912231276781379.jpg
5,1TS-000H-00D91,Computer Systems,Laptops / Notebooks,2,Panasonic,"Panasonic Toughbook CF-53, Intel Core i5-4310U @2.0GHz, 14'' HD, WiFi, Bluetooth, Insertable Smartcard, DVD-RW, Windows Pro",,1739.60,0.0,https://www.newegg.com/p/1TS-000H-00D91?Item=9SIAHKVA8S6865,//c1.neweggimages.com/ProductImageCompressAll300/AHKV_1_201909271125617608.jpg
6,1TS-000E-0C1T0,Computer Systems,Laptops / Notebooks,2,Lenovo,"Lenovo Yoga 920 13.9"" Full HD Premium Convertible 2-in-1 Thin and Light Laptop (Intel 8th Gen i7-8550U 4-C, 8GB RAM, 512GB PCIe SSD, 13.9"" FHD 1920x1080 Touch, Fingerprint, Thunderbolt3, Win 10 Home)",Free Expedited Shipping,1449.00,0.0,https://www.newegg.com/p/1TS-000E-0C1T0?Item=9SIA7AB8H59371,//c1.neweggimages.com/ProductImageCompressAll300/A7AB_1_201811292069527553.jpg
7,1TS-000E-09X69,Computer Systems,Laptops / Notebooks,2,Lenovo,"2018 Lenovo ThinkPad X1 Carbon (6th Gen) - Windows 10 Pro - Intel Quad Core i5-8250U, 512GB NVMe-PCIe SSD, 8GB RAM, 14"" FHD IPS (1920x1080) Display, Fingerprint Reader, Black",,1499.99,0.0,https://www.newegg.com/p/1TS-000E-09X69?Item=9SIA8TK89H6321,//c1.neweggimages.com/NeweggImage/ProductImageCompressAll300/A8TK_1_201806121971492725.jpg
8,1TS-000D-04A86,Computer Systems,Laptops / Notebooks,2,HP,"HP 14"" Thin and Light Customized Laptop Intel Core i3-7100U processor 8GB RAM 512GB SSD Upgradable to 16GB RAM 512GB SSD Windows 10 Silver Only 3.1lb",,492.68,0.0,https://www.newegg.com/p/1TS-000D-04A86?Item=9SIAJZD9AF7734,//c1.neweggimages.com/ProductImageCompressAll300/AJZD_1_20190531660874923.jpg
9,1XV-0001-00PV9,Computer Systems,Laptops / Notebooks,2,Lenovo,"Lenovo ThinkPad T490S, 14.0"" FHD, UHD Graphics 620, 8 GB DDR4 2400MHz (Soldered) RAM, 512 GB PCIe SSD, Win 10 Pro 64",,1699.99,0.0,https://www.newegg.com/lenovo-20nx002yus/p/1XV-0001-00PV9?Item=9SIA8TKB7B4343,//c1.neweggimages.com/NeweggImage/ProductImageCompressAll300/AHRC_1_20191218333548823.jpg
10,1TS-000H-00DC7,Computer Systems,Laptops / Notebooks,2,Panasonic,"Panasonic Toughbook FZ-55, i5-8365U 1.6GHz, Gloved Touch Display, 512GB SSD, 8GB, Emissive Backlit Keyboard, Infrared Webcam Semi-Rugged Toughbook FZ-55C0601VM",,2455.00,0.0,https://www.newegg.com/panasonic-toughbook-fz-55/p/1TS-000H-00DC7?Item=9SIA9FNAUP5551,//c1.neweggimages.com/NeweggImage/ProductImageCompressAll300/A9FNS1912301Cpou.jpg
11,1TS-000E-0HP88,Computer Systems,Laptops / Notebooks,2,Lenovo,"Newest Lenovo ThinkBook 14s 14"" FHD IPS Laptop PC, Intel Quad-Core i7-8565U upto 4.6GHz, 8GB RAM, 512GB SSD, Backlit Keyboard, Fingerprint Reader, AMD Radeon 540X, USB-C, WIFI, HDMI, Windows 10 Pro",,876.99,0.0,https://www.newegg.com/gray-lenovo-thinkbook-14s-mainstream/p/1TS-000E-0HP88?Item=9SIAKYFB357819,//c1.neweggimages.com/ProductImageCompressAll300/AK1E_1_20200215292969120.jpg
12,1TS-000D-09CN5,Computer Systems,Laptops / Notebooks,2,HP,"HP 14 Notebook, 14"" HD Display, AMD Ryzen 3 3200U Upto 3.5GHz, 8GB RAM, 512GB SSD, Vega 3, HDMI, Card Reader, Wi-Fi, Bluetooth, Windows 10 Home","Due to holiday observance, orders placed between 4/7 – 4/19 will experience shipping delays",479.99,0.0,https://www.newegg.com/silver-hp-14/p/1TS-000D-09CN5?Item=9SIAEYAB6B3003,//c1.neweggimages.com/ProductImageCompressAll300/AEYA_1_202003101558014227.jpg
13,1TS-000D-084F6,Computer Systems,Laptops / Notebooks,2,HP,"HP 14 Notebook, 14"" FHD Display, Intel Core i3-8130U Upto 3.40GHz, 8GB RAM, 512GB SSD, HDMI, Card Reader, Wi-Fi, Bluetooth, Windows 10 Pro S","Due to holiday observance, orders placed between 4/7 – 4/19 will experience shipping delays",499.00,0.0,https://www.newegg.com/silver-hp-14/p/1TS-000D-084F6?Item=9SIAA0SAX33399,//c1.neweggimages.com/ProductImageCompressAll300/V0N6_1_202001132127743832.jpg
14,1TS-001A-021U9,Computer Systems,Laptops / Notebooks,2,ASUS,"ASUS VivoBook Flip 14 TP412UA Home and Business Laptop (Intel i5-8250U 4-Core, 8GB RAM, 1TB m.2 SATA SSD, 14.0"" Touch  Full HD (1920x1080), Intel UHD 620, Fingerprint, Wifi, Bluetooth, Win 10 Home)",,1138.80,0.0,https://www.newegg.com/p/1TS-001A-021U9?Item=9SIA7ABB2T0426,//c1.neweggimages.com/ProductImageCompressAll300/A7AB_1_202002121763684540.jpg
15,1TS-001A-021U5,Computer Systems,Laptops / Notebooks,2,ASUS,"ASUS VivoBook Flip 14 TP412UA Home and Business Laptop (Intel i5-8250U 4-Core, 8GB RAM, 512GB m.2 SATA SSD, 14.0"" Touch  Full HD (1920x1080), Intel UHD 620, Fingerprint, Wifi, Bluetooth, Win 10 Home)",,1078.80,0.0,https://www.newegg.com/p/1TS-001A-021U5?Item=9SIA7ABB2T0422,//c1.neweggimages.com/ProductImageCompressAll300/A7AB_1_202002121763684540.jpg
16,1TS-001A-021U7,Computer Systems,Laptops / Notebooks,2,ASUS,"ASUS VivoBook Flip 14 TP412UA Home and Business Laptop (Intel i5-8250U 4-Core, 8GB RAM, 512GB m.2 SATA SSD, 14.0"" Touch  Full HD (1920x1080), Intel UHD 620, Fingerprint, Wifi, Bluetooth, Win 10 Pro)",,1258.80,0.0,https://www.newegg.com/p/1TS-001A-021U7?Item=9SIA7ABB2T0424,//c1.neweggimages.com/ProductImageCompressAll300/A7AB_1_202002121763684540.jpg
17,1TS-001A-021V2,Computer Systems,Laptops / Notebooks,2,ASUS,"ASUS VivoBook Flip 14 TP412UA Home and Business Laptop (Intel i5-8250U 4-Core, 8GB RAM, 1TB m.2 SATA SSD, 14.0"" Touch  Full HD (1920x1080), Intel UHD 620, Fingerprint, Wifi, Bluetooth, Win 10 Pro)",,1318.80,0.0,https://www.newegg.com/p/1TS-001A-021V2?Item=9SIA7ABB2T0429,//c1.neweggimages.com/ProductImageCompressAll300/A7AB_1_202002121763684540.jpg
18,1TS-000E-0J0X9,Computer Systems,Laptops / Notebooks,2,Lenovo,"Lenovo ThinkPad T470 2020 Flagship Laptop, 14"" FHD IPS Touchscreen, Intel Core i7-6500U 2.5GHz, 8GB DDR4 512GB SSD, Thunderbolt Fingerprint Backlit KB WiFi HDMI Win 10 Pro",,932.00,0.0,https://www.newegg.com/black-lenovo-thinkpad-t470-everyday-value/p/1TS-000E-0J0X9?Item=9SIAMRPB774468,//c1.neweggimages.com/NeweggImage/ProductImageCompressAll300/AMRPS200318hf63M.jpg
19,1TS-00BD-00004,Computer Systems,Laptops / Notebooks,2,Motile,"Motile M141 14"" AMD Ryzen 3 Dual Core up to 3.5 GHz, 8GB DDR4, 512GB M.2 SSD, Radeon Vega 3 Graphics, HDMI, Wi-Fi, Bluetooth, Windows 10 Pro (Black) Laptop",,449.99,0.0,https://www.newegg.com/black-motile-m141/p/1TS-00BD-00004?Item=9SIA65EB897860,//c1.neweggimages.com/ProductImageCompressAll300/A65E_1_20200402513484103.jpg
20,1TS-000D-08528,Computer Systems,Laptops / Notebooks,2,HP,"HP 14-dq1037wm Home and Business Laptop (Intel i3-1005G1 2-Core, 8GB RAM, 512GB m.2 SATA SSD, 14"" HD (1366x768), Intel UHD Graphics, Wifi, Bluetooth, Webcam, 2xUSB 3.1, 1xHDMI, Win 10 Home in S-Mode)",,778.80,0.0,https://www.newegg.com/p/1TS-000D-08528?Item=9SIA7ABB093348,//c1.neweggimages.com/ProductImageCompressAll300/A7AB_1_20200322345450374.jpg
21,1TS-000H-00DX5,Computer Systems,Laptops / Notebooks,2,Panasonic,"Panasonic Toughbook CF-53, Intel® Core™ i5-4310U, 2.0GHz, Boost up to 3.0 GHz,  Wi-Fi, Bluetooth, Multi DVD Drive, Windows® 10 Pro. 1 Year Warranty.",,1584.99,35.00,https://www.newegg.com/p/1TS-000H-00DX5?Item=9SIAMKKB7U6490,//c1.neweggimages.com/NeweggImage/ProductImageCompressAll300/AMKKS200323KX4iB.jpg
22,1TS-000D-09D56,Computer Systems,Laptops / Notebooks,2,HP,"Newest 2020 HP Slim Laptop 14"" Full HD MicroEdge Display 10th Gen Intel 4-Core i5-1035G4 (>i7-8550U) 8GB RAM 512GB SSD Backlit Keyboard Type C Webcam WIN10",,727.00,0.0,https://www.newegg.com/p/1TS-000D-09D56?Item=9SIAMRPB6E7445,//c1.neweggimages.com/NeweggImage/ProductImageCompressAll300/AMRPS200313KPfkJ.jpg
23,1TS-000E-0EGG1,Computer Systems,Laptops / Notebooks,2,Lenovo,"Lenovo ThinkPad X1 Yoga Laptop, 14.0"" WQHD (2560x1440) Touchscreen, 8th Gen Intel Core i7-8650U, 8GB RAM, 512 GB SSD, Win 10 Pro",,1449.00,0.0,https://www.newegg.com/lenovo-thinkpad-x1-yoga/p/1TS-000E-0EGG1?Item=9SIAGA59UG2121,//c1.neweggimages.com/ProductImageCompressAll300/AGA5_1_201901161984457065.jpg
24,1TS-000E-0CJS1,Computer Systems,Laptops / Notebooks,2,Lenovo,"Lenovo  Thinkpad T480s TouchScreen 14.0"", i7-8650U, 16 GB RAM, 512GB SSD, Win 10 Pro 64, Backlit keyboard, Fingerprint Reader, 1 Year Depot or Carry-in Warranty - 20L70028US",,1399.00,0.0,https://www.newegg.com/black-lenovo-thinkpad-t480s/p/1TS-000E-0CJS1?Item=9SIA7ABB952864,//c1.neweggimages.com/NeweggImage/ProductImageCompressAll300/AHRC_1_20191221635973953.jpg
25,1TS-000D-05AY4,Computer Systems,Laptops / Notebooks,2,HP,"HP ProBook 440 G6 Notebook, 14"" HD Display, Intel Core i5-8265U Upto 3.9GHz, 8GB RAM, 512GB SSD, HDMI, MicroDP, Card Reader, Wi-Fi, Bluetooth, Windows 10 Pro","Due to holiday observance, orders placed between 4/7 – 4/19 will experience shipping delays",1149.99,0.0,https://www.newegg.com/silver-hp-probook-440-g6/p/1TS-000D-05AY4?Item=9SIAA0S9X30230,//c1.neweggimages.com/ProductImageCompressAll300/AA0S_1_201908081524364496.jpg
26,1TS-000D-07XM9,Computer Systems,Laptops / Notebooks,2,HP,"HP 14 Notebook, 14"" HD Display, AMD A9-9425 Upto 3.7GHz, 8GB RAM, 512GB NVMe SSD, HDMI, Card Reader, Wi-Fi, Bluetooth, Windows 10 Home S","Due to holiday observance, orders placed between 4/7 – 4/19 will experience shipping delays",499.00,0.0,https://www.newegg.com/silver-hp-14/p/1TS-000D-07XM9?Item=9SIAEYAAT52779,//c1.neweggimages.com/ProductImageCompressAll300/AEYA_1_20191223499780569.jpg
27,1TS-000E-09E12,Computer Systems,Laptops / Notebooks,2,Lenovo,"Lenovo ThinkPad T480 Home and Business Laptop (Intel 8th Gen i5-8250U quad-core, 8GB RAM, 512GB SSD, 14"" (1366 x 768) Anti-Glare Display, Fingerprint, Thunderbolt 3, dTPM 2.0, Win 10 Pro)",Free Expedited Shipping,1099.00,0.0,https://www.newegg.com/p/1TS-000E-09E12?Item=9SIA7AB7U18578,//c1.neweggimages.com/NeweggImage/ProductImageCompressAll300/A7AB_1_201808141360893671.jpg
28,1TS-000D-04DD3,Computer Systems,Laptops / Notebooks,2,HP,"HP 14"" Full HD IPS Premium Customized Laptop Intel Core i3-8130U processor 8GB RAM 1024GB SSD Backlit Keyboard Upgradable to 16GB RAM 1024GB SSD Windows 10 Silver Only 3.0lb",,606.83,0.0,https://www.newegg.com/p/1TS-000D-04DD3?Item=9SIAJZD9BG3241,//c1.neweggimages.com/ProductImageCompressAll300/AJZD_1_2019061069488849.jpg
29,1TS-000X-01GN6,Computer Systems,Laptops / Notebooks,2,Acer America,"Newest Acer Aspire 3 14"" HD Premium Home & Business Laptop, AMD A9-9420e Dual-Core Processor up to 2.7GHz, 8GB RAM, 512GB SSD, AMD Radeon R5 Graphics, 802_11_AC, HDMI, Gigabit Ethernet, Windows 10",,450.99,0.0,https://www.newegg.com/black-acer-aspire-3-mainstream/p/1TS-000X-01GN6?Item=9SIAK1EAMP5916,//c1.neweggimages.com/ProductImageCompressAll300/AKYF_1_2019111982780504.jpg
30,1TS-000D-09931,Computer Systems,Laptops / Notebooks,2,HP,"HP ProBook 445R G6 Notebook, 14"" FHD Display, AMD Ryzen 5 3500U Upto 3.7GHz, 8GB RAM, 512GB NVMe SSD + 1TB HDD, Vega 8, HDMI, DisplayPort via USB-C, Card Reader, Wi-Fi, Bluetooth, Windows 10 Pro","Due to holiday observance, orders placed between 4/7 – 4/19 will experience shipping delays",929.99,0.0,https://www.newegg.com/silver-hp-probook-445r-g6/p/1TS-000D-09931?Item=9SIAA0SB1C3496,//c1.neweggimages.com/ProductImageCompressAll300/AA0S_1_20200218193768495.jpg
31,1TS-000D-096P9,Computer Systems,Laptops / Notebooks,2,HP,"HP 14"" HD Laptop, Intel Core i3-7100U 2.40GHz, 8GB RAM, 512GB SSD, HDMI, Card Reader, Wi-Fi, Bluetooth, Windows 10 Pro",,599.99,0.0,https://www.newegg.com/rose-gold-hp-14cf/p/1TS-000D-096P9?Item=9SIAKKBB0D6326,//c1.neweggimages.com/NeweggImage/ProductImageCompressAll300/AA0S_1_20200207688093043.jpg
32,1TS-000E-0GZZ4,Computer Systems,Laptops / Notebooks,2,Lenovo,"Lenovo ThinkPad  L480 Notebook, 14"" HD Display, Intel Core i5-8250U Upto 3.40 GHz, 8GB RAM, 1TB SSD, HDMI, Card Reader, Wi-Fi, Bluetooth, Windows 10 Pro","Due to holiday observance, orders placed between 4/7 – 4/19 will experience shipping delays",1299.99,0.0,https://www.newegg.com/black-lenovo-thinkpad-l480/p/1TS-000E-0GZZ4?Item=9SIAA0SAWE7058,//c1.neweggimages.com/ProductImageCompressAll300/AA0S_1_202001141943162182.jpg
33,1TS-000A-08GM4,Computer Systems,Laptops / Notebooks,2,DELL,"Dell Inspiron 3493 14"" Customized Laptop | 10th Gen Intel Core i3-1005G1 up to 3.4 GHz | 8GB RAM 512GB SSD | HDMI | Wi-Fi | Bluetooth | Black Only 3.4lb | Windows 10",,528.81,0.0,https://www.newegg.com/p/1TS-000A-08GM4?Item=9SIAMPTB8P4537,//c1.neweggimages.com/NeweggImage/ProductImageCompressAll300/AJZD_1_202001151156184635.jpg
34,N82E16834155383,Computer Systems,Laptops / Notebooks,2,MSI,"MSI Laptop Modern 14 A10RAS-884 Intel Core i5 10th Gen 10210U (1.60 GHz) 8 GB Memory 512 GB NVMe SSD NVIDIA GeForce MX330 14.0"" Windows 10 Home 64-bit",,799.00,2.99,https://www.newegg.com/grey-with-blue-diamond-cut-msi-modern-14-a10ras-884-mainstream/p/N82E16834155383?Item=N82E16834155383,//c1.neweggimages.com/NeweggImage/ProductImageCompressAll300/34-155-383-S19.jpg
35,N82E16834155382,Computer Systems,Laptops / Notebooks,2,MSI,"MSI Laptop Modern 14 A10RAS-883 Intel Core i7 10th Gen 10510U (1.80 GHz) 8 GB Memory 512 GB NVMe SSD NVIDIA GeForce MX330 14.0"" Windows 10 Home 64-bit",,899.00,2.99,https://www.newegg.com/grey-with-blue-diamond-cut-msi-modern-14-a10ras-883-mainstream/p/N82E16834155382?Item=N82E16834155382,//c1.neweggimages.com/NeweggImage/ProductImageCompressAll300/34-155-382-S19.jpg
