,item_number,general_category,product_category,page_number,brand,model_specifications,current_promotions,price,shipping,product_links,image_link
0,1TS-001A-00GC4,Computer Systems,Laptops / Notebooks,2,ASUS,"Asus X555QA 15.6"" HD Notebook, AMD Quad-Core A12-9720P Upto 3.6GHz, 8GB RAM, 256GB SSD, VGA, HDMI, Card Reader, Wi-Fi, Bluetooth, Windows 10 Pro","Due to holiday observance, orders placed between 4/7 – 4/19 will experience shipping delays",499.99,0.0,https://www.newegg.com/black-asus-x555qa-mainstream/p/1TS-001A-00GC4?Item=9SIAA0S91J7908,//c1.neweggimages.com/ProductImageCompressAll300/AA0S_1_20190403371769470.jpg
1,1TS-000E-0J6J5,Computer Systems,Laptops / Notebooks,2,Lenovo,"Lenovo ThinkBook 14s IWL Home and Business Laptop (Intel i5-8265U 4-Core, 8GB RAM, 256GB SSD, 14.0"" Full HD (1920x1080), AMD Radeon 540X, Fingerprint, Wifi, Bluetooth, Webcam, 2xUSB 3.1, Win 10 Pro)",,549.00,0.0,https://www.newegg.com/p/1TS-000E-0J6J5?Item=9SIA7ABB9V9268,//c1.neweggimages.com/ProductImageCompressAll300/V0F3_1_20200408454636435.jpg
2,1TS-000E-0F572,Computer Systems,Laptops / Notebooks,2,Lenovo,Lenovo Ideapad Premium 15.6 Inch HD Narrow Bezels Laptop |Intel Core i3-8130U| 8GB DDR4 | 256G SSD |  WiFi | HD webcam |HDMI | 4-in-1 SD Card |Dolby Audio |Windows 10|Midnight Blue|Aluminum chassis,,549.99,0.0,https://www.newegg.com/p/1TS-000E-0F572?Item=9SIAEYJA8S5024,//c1.neweggimages.com/ProductImageCompressAll300/AEYJ_1_20190904415870869.jpg
3,1TS-001A-00WV6,Computer Systems,Laptops / Notebooks,2,ASUS,"ASUS VivoBook F512DA Notebook, 15.6"" FHD Display, AMD Ryzen 3 3200U Upto 3.5GHz, 8GB RAM, 256GB NVMe SSD, Vega 3, HDMI, Card Reader, Wi-Fi, Bluetooth, Windows 10 Pro","Due to holiday observance, orders placed between 4/7 – 4/19 will experience shipping delays",549.99,0.0,https://www.newegg.com/dark-gray-asus-vivobook-f512da/p/1TS-001A-00WV6?Item=9SIAA0SA7E0601,//c1.neweggimages.com/ProductImageCompressAll300/AA0S_1_201909231569384799.jpg
4,0EP-0010-000B0,Computer Systems,Laptops / Notebooks,2,HP,"HP Laptop ProBook 450 G5 2ST09UT#ABA Intel Core i5 8th Gen 8250U (1.60 GHz) 8 GB Memory 256 GB SSD Intel UHD Graphics 620 15.6"" Windows 10 Pro 64-bit",,999.00,4.99,https://www.newegg.com/black-silver-hp-probook-450-g5-2st09ut-aba-mainstream/p/0EP-0010-000B0?Item=9SIADRFAY65556,//c1.neweggimages.com/ProductImageCompressAll300/0EP-0010-000B0-V01.jpg
5,1TS-000E-0E7J7,Computer Systems,Laptops / Notebooks,2,Lenovo,"Lenovo IdeaPad S340 Notebook, 15.6"" HD Display, Intel Core i5-8265U Upto 3.9GHz, 8GB RAM, 256GB SSD, HDMI, Card Reader, Wi-Fi, Bluetooth, Windows 10 Pro","Due to holiday observance, orders placed between 4/7 – 4/19 will experience shipping delays",759.99,0.0,https://www.newegg.com/black-lenovo-ideapad-s340/p/1TS-000E-0E7J7?Item=9SIAA0S9MJ8549,//c1.neweggimages.com/ProductImageCompressAll300/A27C_1_20190712847868041.jpg
6,N82E16834850877,Computer Systems,Laptops / Notebooks,2,Lenovo,"Lenovo Laptop IdeaPad 330 81D2005CUS AMD Ryzen 5 1st Gen 2500U (2.00 GHz) 8 GB Memory 256 GB SSD AMD Radeon Vega 8 15.6"" Windows 10 Home 64-Bit",,551.19,0.0,https://www.newegg.com/platinum-gray-lenovo-ideapad-330-81d2005cus-mainstream/p/N82E16834850877?Item=9SIACVB89F9444,//c1.neweggimages.com/NeweggImage/ProductImageCompressAll300/34-850-877-V14.jpg
7,N82E16834332358,Computer Systems,Laptops / Notebooks,2,Lenovo,"Lenovo ThinkPad E570 15.6"" Intel Core i5 7th Gen 7200U (2.50 GHz) 8 GB Memory 256 GB SSD Intel HD Graphics 620 IPS display  Windows 10 Pro 64-Bit (20H50045US) Laptop",,1099.00,5.99,https://www.newegg.com/black-lenovo-thinkpad-e570-mainstream/p/N82E16834332358?Item=9SIADRFA8A0790,//c1.neweggimages.com/NeweggImage/ProductImageCompressAll300/34-332-358-Z01.jpg
8,1TS-000E-0E7N8,Computer Systems,Laptops / Notebooks,2,Lenovo,"Lenovo IdeaPad S340 Notebook, 15.6"" HD Display, Intel Core i5-8265U Upto 3.9GHz, 8GB RAM, 256GB SSD, HDMI, Card Reader, Wi-Fi, Bluetooth, Windows 10 Home","Due to holiday observance, orders placed between 4/7 – 4/19 will experience shipping delays",739.99,0.0,https://www.newegg.com/black-lenovo-ideapad-s340/p/1TS-000E-0E7N8?Item=9SIAEYA9MJ9002,//c1.neweggimages.com/ProductImageCompressAll300/AEYA_1_201907121761659511.jpg
9,1TS-000E-0DBB8,Computer Systems,Laptops / Notebooks,2,Lenovo,"Lenovo IdeaPad 130 Laptop, 15.6"" HD Display, AMD A9-9425 Upto 3.70GHz, 8GB RAM, 256GB SSD, DVDRW, HDMI, Card Reader, Wi-Fi, Bluetooth, Windows 10 Home","Due to holiday observance, orders placed between 4/7 – 4/19 will experience shipping delays",499.99,0.0,https://www.newegg.com/black-lenovo-ideapad-130-mainstream/p/1TS-000E-0DBB8?Item=9SIAEYA9287717,//c1.neweggimages.com/ProductImageCompressAll300/AEYA_1_20190409745160726.jpg
10,1TS-000A-03F74,Computer Systems,Laptops / Notebooks,2,DELL,"Dell inspiron 15.6"" TouchScreen Full HD Laptop, 8th Gen Intel Core i3-8130U, 8GB DDR4 RAM, 256GB SSD, Intel® UHD Graphics 620, Wifi 802.11AC, Bluetooth 4.2, DVD-RW, HDMI, USB, Windows 10 Pro",,646.68,0.0,https://www.newegg.com/black-dell-inspiron-5570-mainstream/p/1TS-000A-03F74?Item=9SIAKKBB878410,//c1.neweggimages.com/NeweggImage/ProductImageCompressAll300/AE4N_131849755344390363GCjUNc4asv.jpg
11,N82E16834847844,Computer Systems,Laptops / Notebooks,2,Lenovo,"Lenovo Laptop IdeaPad S940 81R00004US Intel Core i7 8th Gen 8565U (1.80 GHz) 8 GB LPDDR3 Memory 256 GB PCIe SSD Intel UHD Graphics 620 14.0"" Windows 10 Home 64-bit",,1499.99,0.0,https://www.newegg.com/iron-grey-lenovo-ideapad-s940-81r00004us-mainstream/p/N82E16834847844?Item=N82E16834847844,//c1.neweggimages.com/NeweggImage/ProductImageCompressAll300/34-847-844-V12.jpg
12,N82E16834235252,Computer Systems,Laptops / Notebooks,2,ASUS,"ASUS VivoBook S15 S532 Thin & Light 15.6"" FHD, Intel Core i7-8565U CPU, GeForce MX250, 8 GB DDR4 RAM, 256 GB PCIe NVMe SSD, IR Camera, Windows 10 Home, S532FL-EB71, Transparent Silver","Due to holiday observance, orders placed between 4/7 – 4/19 will experience shipping delays",999.98,0.0,https://www.newegg.com/transparent-silver-metal-asus-vivobook-s15-s532fl-eb71-mainstream/p/N82E16834235252?Item=9SIAA0SB7W4791,//c1.neweggimages.com/NeweggImage/ProductImageCompressAll300/34-235-252-V15.jpg
13,1TS-000D-04H26,Computer Systems,Laptops / Notebooks,2,HP,"HP EliteBook 840 G6 14"" Notebook - 1920 x 1080 - Core i7 i7-8665U - 8 GB RAM - 256 GB SSD",,1641.97,18.99,https://www.newegg.com/p/1TS-000D-04H26?Item=9SIAFVFAAG0484,//c1.neweggimages.com/ProductImageCompressAll300/V08D_1_201907081378054939.jpg
14,N82E16834847981,Computer Systems,Laptops / Notebooks,2,Lenovo,"Lenovo ThinkPad T490 20N20032US 14"" Notebook - 1920 x 1080 - Core i5 i5-8265U - 8 GB RAM - 256 GB SSD - Black",,1415.64,0.0,https://www.newegg.com/black-lenovo-thinkpad-t490/p/N82E16834847981?Item=9SIA2F89T16523,//c1.neweggimages.com/ProductImageCompressAll300/A24G_1_20190719225318235.jpg
15,1TS-000D-04H29,Computer Systems,Laptops / Notebooks,2,HP,"HP EliteBook 840 G6 14"" Notebook - 1920 x 1080 - Core i7 i7-8565U - 8 GB RAM - 256 GB SSD",,1536.69,0.0,https://www.newegg.com/p/1TS-000D-04H29?Item=9SIA24G9FH2309,//c1.neweggimages.com/ProductImageCompressAll300/AF0Y_1_201907191459995793.jpg
16,1TS-000E-0B0U8,Computer Systems,Laptops / Notebooks,2,Lenovo,"Lenovo IdeaPad 330 15.6"" HD Notebook, Intel Dual-Core i3-8130U Upto 3.4GHz, 8GB DDR4, 256GB SSD, HDMI, USB Type-C, Card Reader, Wifi, Bluetooth, Windows 10 Professional 64Bit (Plum Purple)","Due to holiday observance, orders placed between 4/7 – 4/19 will experience shipping delays",549.99,0.0,https://www.newegg.com/purple-lenovo-ideapad-330-mainstream/p/1TS-000E-0B0U8?Item=9SIAA0S8D51495,//c1.neweggimages.com/ProductImageCompressAll300/V0N6_1_201810311658944877.jpg
17,1TS-000E-0F2K3,Computer Systems,Laptops / Notebooks,2,Lenovo,"Lenovo ThinkPad P53s Home and Business Laptop (Intel i7-8565U 4-Core, 8GB RAM, 256GB m.2 SATA SSD, 15.6"" Full HD (1920x1080), NVIDIA Quadro P520, Fingerprint, Wifi, Bluetooth, Webcam, Win 10 Pro)",,1558.80,0.0,https://www.newegg.com/p/1TS-000E-0F2K3?Item=9SIA7ABA6C2924,//c1.neweggimages.com/ProductImageCompressAll300/V0F3_1_20191008977374025.jpg
18,1TS-000A-07094,Computer Systems,Laptops / Notebooks,2,DELL,"Dell Inspiron 3583 Notebook, 15.6"" HD Touch Display, Intel Core i5-8265U Upto 3.90GHz, 8GB RAM, 256GB NVMe SSD + 1TB HDD, HDMI, Card Reader, Wi-Fi, Bluetooth, Windows 10 Pro S","Due to holiday observance, orders placed between 4/7 – 4/19 will experience shipping delays",699.99,0.0,https://www.newegg.com/black-dell-inspiron-3583/p/1TS-000A-07094?Item=9SIAA0SAM70876,//c1.neweggimages.com/ProductImageCompressAll300/AA0S_132191758302565419iGAvCF2oRX.jpg
19,1TS-000D-07XK0,Computer Systems,Laptops / Notebooks,2,HP,"HP 14 Notebook, 14"" HD Display, AMD A9-9425 Upto 3.7GHz, 8GB RAM, 256GB NVMe SSD, HDMI, Card Reader, Wi-Fi, Bluetooth, Windows 10 Pro S","Due to holiday observance, orders placed between 4/7 – 4/19 will experience shipping delays",449.00,0.0,https://www.newegg.com/silver-hp-14/p/1TS-000D-07XK0?Item=9SIAA0SAT50580,//c1.neweggimages.com/ProductImageCompressAll300/AA0S_1_201912231164700482.jpg
20,1TS-000E-0E7D1,Computer Systems,Laptops / Notebooks,2,Lenovo,"Lenovo IdeaPad S340 Notebook, 15.6"" HD Display, Intel Core i5-8265U Upto 3.9GHz, 8GB RAM, 256GB SSD, HDMI, Card Reader, Wi-Fi, Bluetooth, Windows 10 Pro","Due to holiday observance, orders placed between 4/7 – 4/19 will experience shipping delays",689.00,0.0,https://www.newegg.com/black-lenovo-ideapad-s340/p/1TS-000E-0E7D1?Item=9SIAA0S9MJ6311,//c1.neweggimages.com/ProductImageCompressAll300/AA0S_1_201907121513662767.jpg
21,1TS-000D-07878,Computer Systems,Laptops / Notebooks,2,HP,"HP 14 Notebook, 14"" HD Display, Intel Core i5-1035G4 Upto 3.70GHz, 8GB RAM, 256GB SSD, HDMI, Card Reader, Wi-Fi, Bluetooth, Windows 10 Pro","Due to holiday observance, orders placed between 4/7 – 4/19 will experience shipping delays",599.00,0.0,https://www.newegg.com/silver-hp-14dq/p/1TS-000D-07878?Item=9SIAA0SAMD3199,//c1.neweggimages.com/ProductImageCompressAll300/AA0SS191126Nrq5q.jpg
22,1TS-000D-069U8,Computer Systems,Laptops / Notebooks,2,HP,"HP ProBook 450 G6 Notebook, 15.6"" HD Display, Intel Core i5-8265U Upto 3.9GHz, 8GB RAM, 256GB SSD, HDMI, Card Reader, Wi-Fi, Bluetooth, Windows 10 Pro","Due to holiday observance, orders placed between 4/7 – 4/19 will experience shipping delays",999.99,0.0,https://www.newegg.com/silver-hp-probook-450-g6/p/1TS-000D-069U8?Item=9SIAA0SA7R3291,//c1.neweggimages.com/ProductImageCompressAll300/AA0S_1_202001151651854744.jpg
23,1TS-000D-06SW4,Computer Systems,Laptops / Notebooks,2,HP,"HP ProBook 450 G6 Notebook, 15.6"" HD Display, Intel Core i5-8265U Upto 3.9GHz, 8GB RAM, 256GB SSD, HDMI, Micro DisplayPort, Card Reader, Wi-Fi, Bluetooth, Windows 10 Home","Due to holiday observance, orders placed between 4/7 – 4/19 will experience shipping delays",979.99,0.0,https://www.newegg.com/silver-hp-probook-450-g6/p/1TS-000D-06SW4?Item=9SIAEYAAFZ2022,//c1.neweggimages.com/ProductImageCompressAll300/AEYA_1_20191112559509.jpg
24,1TS-000D-05AX1,Computer Systems,Laptops / Notebooks,2,HP,"HP ProBook 440 G6 Notebook, 14"" HD Display, Intel Core i5-8265U Upto 3.9GHz, 8GB RAM, 256GB SSD, HDMI, MicroDP, Card Reader, Wi-Fi, Bluetooth, Windows 10 Pro","Due to holiday observance, orders placed between 4/7 – 4/19 will experience shipping delays",999.99,0.0,https://www.newegg.com/silver-hp-probook-440-g6/p/1TS-000D-05AX1?Item=9SIAA0S9X30217,//c1.neweggimages.com/ProductImageCompressAll300/V1RY_1_201908081521316272.jpg
25,1TS-000D-03NJ0,Computer Systems,Laptops / Notebooks,2,HP,"HP 240 G6 14"" HD Notebook, Intel Dual-Core N4000 Upto 2.6GHz, 8GB RAM, 256GB SSD, VGA, HDMI, LAN, Card Reader, Wi-Fi, Bluetooth, Windows 10 Pro","Due to holiday observance, orders placed between 4/7 – 4/19 will experience shipping delays",499.99,0.0,https://www.newegg.com/charcoal-gray-hp-240-g6-mainstream/p/1TS-000D-03NJ0?Item=9SIAA0S8WY3056,//c1.neweggimages.com/ProductImageCompressAll300/AA0S_1_201903151423686720.jpg
26,1TS-000E-0FAG3,Computer Systems,Laptops / Notebooks,2,Lenovo,"Lenovo IdeaPad 330s Notebook, 15.6"" HD Display, AMD Ryzen 5 2500U Upto 3.6GHz, 8GB RAM, 256GB NVMe SSD, Vega 8, HDMI, Card Reader, Wi-Fi, Bluetooth, Windows 10 Pro","Due to holiday observance, orders placed between 4/7 – 4/19 will experience shipping delays",699.99,0.0,https://www.newegg.com/natural-silver-lenovo-ideapad-330s/p/1TS-000E-0FAG3?Item=9SIAA0SAHS7334,//c1.neweggimages.com/ProductImageCompressAll300/AA0S_1_201911072103934440.jpg
27,1TS-000D-06RW7,Computer Systems,Laptops / Notebooks,2,HP,"HP 250 G7 Notebook, 15.6"" HD Display, Intel Core i5-8265U Upto 3.9GHz, 8GB RAM, 256GB SSD, HDMI, Card Reader, Wi-Fi, Bluetooth, Windows 10 Pro","Due to holiday observance, orders placed between 4/7 – 4/19 will experience shipping delays",949.99,0.0,https://www.newegg.com/gray-hp-250-g7/p/1TS-000D-06RW7?Item=9SIAA0SAFT5102,//c1.neweggimages.com/ProductImageCompressAll300/AA0S_1_201910282120668859.jpg
28,1TS-000D-07XS2,Computer Systems,Laptops / Notebooks,2,HP,"HP 15 Notebook, 15.6"" HD Touch Display, Intel Core i5-1035G1 Upto 3.6GHz, 8GB RAM, 256GB NVMe SSD, HDMI, Card Reader, Wi-Fi, Bluetooth, Windows 10 Pro",,696.69,0.0,https://www.newegg.com/silver-hp-15/p/1TS-000D-07XS2?Item=9SIAKKBAT60250,//c1.neweggimages.com/NeweggImage/ProductImageCompressAll300/AA0S_1_20191223434148171.jpg
29,1TS-000D-05DJ1,Computer Systems,Laptops / Notebooks,2,HP,"HP ProBook 450 G6 Home and Business Laptop (Intel i5-8265U 4-Core, 8GB RAM, 256GB PCIe SSD + 2TB  HDD, 15.6"" HD (1366x768), Intel UHD 620, Wifi, Bluetooth, Webcam, 2xUSB 3.1, 1xHDMI, Win 10 Pro)",,1381.80,0.0,https://www.newegg.com/p/1TS-000D-05DJ1?Item=9SIA7AB9VG8567,//c1.neweggimages.com/ProductImageCompressAll300/V0F3_1_20190531800321581.jpg
30,1TS-000D-07YP3,Computer Systems,Laptops / Notebooks,2,HP,Newest HP 15.6 Inch Micro-edge HD Touchscreen WLED Flagship Laptop | 10th Gen Intel Core i3-1005G1|8GB DDR4|256GB M.2 SSD| HDMI | HD Audio | HD Wecam |Windows 10,,539.99,0.0,https://www.newegg.com/p/1TS-000D-07YP3?Item=9SIAEYJAX51740,//c1.neweggimages.com/ProductImageCompressAll300/AEYJ_1_201912301911244014.jpg
31,1TS-000E-0DBA9,Computer Systems,Laptops / Notebooks,2,Lenovo,"Lenovo IdeaPad 130 Laptop, 15.6"" HD Display, AMD A9-9425 Upto 3.70GHz, 8GB RAM, 256GB SSD, DVDRW, HDMI, Card Reader, Wi-Fi, Bluetooth, Windows 10 Pro","Due to holiday observance, orders placed between 4/7 – 4/19 will experience shipping delays",499.99,0.0,https://www.newegg.com/black-lenovo-ideapad-130-mainstream/p/1TS-000E-0DBA9?Item=9SIAA0S9287070,//c1.neweggimages.com/ProductImageCompressAll300/AA0S_1_20190409140791618.jpg
32,1TS-000E-0E8F8,Computer Systems,Laptops / Notebooks,2,Lenovo,"Lenovo Ideapad S340 Notebook, 15.6"" HD Display, Intel Core i5-8265U Upto 3.9GHz, 8GB RAM, 256GB NVMe SSD + 1TB HDD, HDMI, Card Reader, Wi-Fi, Bluetooth, Windows 10 Pro","Due to holiday observance, orders placed between 4/7 – 4/19 will experience shipping delays",699.99,0.0,https://www.newegg.com/metallic-gray-lenovo-ideapad-s340/p/1TS-000E-0E8F8?Item=9SIAA0S9PD2669,//c1.neweggimages.com/ProductImageCompressAll300/AA0S_1_20190719330486868.jpg
33,1TS-000D-06W71,Computer Systems,Laptops / Notebooks,2,HP,"2019 HP Elitebook 840 G5 14"" 4K UHD (3840x2160) Business Laptop (Intel Quad-Core i5-8250U, 8GB DDR4 RAM, 256GB PCIe NVMe M.2 SSD) Backlit, Fingerprint, Thunderbolt, B&O Audio, NFC, Windows 10 Pro",,1249.99,0.0,https://www.newegg.com/p/1TS-000D-06W71?Item=9SIADG3AHC5595,//c1.neweggimages.com/NeweggImage/ProductImageCompressAll300/ADG3_132176679447057279o0OlXNaXmw.jpg
34,1TS-000D-07KA8,Computer Systems,Laptops / Notebooks,2,HP,"HP 14-DQ1033CL Everyday Value Laptop (Intel i5-1035G4 4-Core, 8GB RAM, 256GB PCIe SSD, 14"" Full HD (1920x1080), Intel Iris Plus Graphics, Wifi, Bluetooth, Webcam, 2xUSB 3.0, Win 10 Pro in S-Mode)",,958.80,0.0,https://www.newegg.com/p/1TS-000D-07KA8?Item=9SIA7ABAUR2750,//c1.neweggimages.com/ProductImageCompressAll300/V0F3_1_201912201034267132.jpg
35,1TS-000D-06XW9,Computer Systems,Laptops / Notebooks,2,HP,Newest HP 14 Premium HD Micro-edge Laptop |10Th Intel Core i3-1005G1|8GB DDR4|256GB M.2 SSD| Wi-Fi | Fast Charge| HDMI | Windows 10 | Natural Silver,,479.99,0.0,https://www.newegg.com/p/1TS-000D-06XW9?Item=9SIAEYJAJ11844,//c1.neweggimages.com/ProductImageCompressAll300/AEYJ_1_201911111867823963.jpg
