,product_category,brand,model_specifications,current_promotions,price,shipping,page_number,product_links,image_link
0,Laptops / Notebooks,HP,"HP 17.3"" HD+ Customized Premium Laptop | Intel Core i5-7200U Processor | 12GB RAM 128GB SSD 500GB HDD | DVD-RW | Backlit Keyboard | HDMI | Windows 10 Black",,739.01,Free Shipping,3,https://www.newegg.com/p/1TS-000D-072N6?Item=9SIAJZDAK05113,//c1.neweggimages.com/ProductImageCompressAll300/AJZD_1_201911151141222203.jpg
1,Laptops / Notebooks,HP,"HP 17 Business Laptop - Windows 10 Pro - Intel Quad-Core i5-8250U, 8GB RAM, 256GB SSD, 17.3"" HD+ (1600x900) Display,  SD Card Reader, DVD+-RW Burner",,"1,132.99",Free Shipping,3,https://www.newegg.com/silver-17-3-hp-laptop-everyday-value/p/1TS-000D-03GU3?Item=9SIA8TK8UA9090,//c1.neweggimages.com/ProductImageCompressAll300/A8TK_1_2019030158504158.jpg
2,Laptops / Notebooks,HP,"HP 17 Business Laptop - Linux Mint Cinnamon - Intel Quad-Core i5-8250U, 8GB RAM, 500GB SSD, 17.3"" HD+ (1600x900) Display,  SD Card Reader, DVD+-RW Burner",,"1,044.99",Free Shipping,3,https://www.newegg.com/silver-17-3-hp-laptop-everyday-value/p/1TS-000D-03GV0?Item=9SIA8TK8UA9101,//c1.neweggimages.com/ProductImageCompressAll300/A8TK_1_2019030158504158.jpg
3,Laptops / Notebooks,HP,"HP 17 Business Laptop - Windows 10 Pro - Intel Quad-Core i5-8250U, 16GB RAM, 1TB PCIe NVMe SSD + 4TB Storage SSD, 17.3"" HD+ (1600x900) Display,  SD Card Reader, DVD+-RW Burner",,"2,419.99",Free Shipping,3,https://www.newegg.com/silver-17-3-hp-laptop-everyday-value/p/1TS-000D-03HT7?Item=9SIA8TK8UA9656,//c1.neweggimages.com/ProductImageCompressAll300/A8TK_1_2019030158504158.jpg
4,Laptops / Notebooks,HP,"HP 17 Business Laptop - Windows 10 Home - Intel Quad-Core i5-8250U, 8GB RAM, 1TB PCIe NVMe SSD + 2TB Storage HDD, 17.3"" HD+ (1600x900) Display,  SD Card Reader, DVD+-RW Burner",,"1,319.99",Free Shipping,3,https://www.newegg.com/silver-17-3-hp-laptop-everyday-value/p/1TS-000D-03HA2?Item=9SIA8TK8UA9354,//c1.neweggimages.com/ProductImageCompressAll300/A8TK_1_2019030158504158.jpg
5,Laptops / Notebooks,HP,"HP 17 Business Laptop - Windows 10 Home - Intel Quad-Core i5-8250U, 32GB RAM, 500GB SSD, 17.3"" HD+ (1600x900) Display,  SD Card Reader, DVD+-RW Burner",,"1,374.99",Free Shipping,3,https://www.newegg.com/silver-17-3-hp-laptop-everyday-value/p/1TS-000D-03GY7?Item=9SIA8TK8UA9155,//c1.neweggimages.com/ProductImageCompressAll300/A8TK_1_2019030158504158.jpg
6,Laptops / Notebooks,HP,"HP 17.3"" HD+ Customized Premium Laptop | Intel Core i5-7200U Processor | 24GB RAM 256GB SSD 500GB HDD | DVD-RW | Backlit Keyboard | HDMI | Windows 10 Black",,852.20,Free Shipping,3,https://www.newegg.com/p/1TS-000D-072R8?Item=9SIAJZDAK05137,//c1.neweggimages.com/ProductImageCompressAll300/AJZD_1_201911151141222203.jpg
7,Laptops / Notebooks,HP,"HP 17 Business Laptop - Windows 10 Pro - Intel Quad-Core i5-8250U, 8GB RAM, 500GB PCIe NVMe SSD + 4TB Storage SSD, 17.3"" HD+ (1600x900) Display,  SD Card Reader, DVD+-RW Burner",,"2,144.99",Free Shipping,3,https://www.newegg.com/silver-17-3-hp-laptop-everyday-value/p/1TS-000D-03HR7?Item=9SIA8TK8UA9603,//c1.neweggimages.com/ProductImageCompressAll300/A8TK_1_2019030158504158.jpg
8,Laptops / Notebooks,HP,"HP 17 Business Laptop - Windows 7 Professional - Intel Quad-Core i5-8250U, 16GB RAM, 2TB PCIe NVMe SSD + 2TB Storage SSD, 17.3"" HD+ (1600x900) Display,  SD Card Reader, DVD+-RW Burner",,"2,199.99",Free Shipping,3,https://www.newegg.com/silver-17-3-hp-laptop-everyday-value/p/1TS-000D-03HN6?Item=9SIA8TK8UA9557,//c1.neweggimages.com/ProductImageCompressAll300/A8TK_1_2019030158504158.jpg
9,Laptops / Notebooks,HP,"HP 17.3"" HD+ Customized Premium Laptop | Intel Core i5-7200U Processor | 16GB RAM 256GB SSD 500GB HDD | DVD-RW | Backlit Keyboard | HDMI | Windows 10 Black",,785.62,Free Shipping,3,https://www.newegg.com/p/1TS-000D-072N3?Item=9SIAJZDAK05110,//c1.neweggimages.com/ProductImageCompressAll300/AJZD_1_201911151141222203.jpg
10,Laptops / Notebooks,HP,"HP 17 Business Laptop - Windows 10 Home - Intel Quad-Core i5-8250U, 8GB RAM, 500GB PCIe NVMe SSD + 4TB Storage SSD, 17.3"" HD+ (1600x900) Display,  SD Card Reader, DVD+-RW Burner",,"2,034.99",Free Shipping,3,https://www.newegg.com/silver-17-3-hp-laptop-everyday-value/p/1TS-000D-03HR8?Item=9SIA8TK8UA9606,//c1.neweggimages.com/ProductImageCompressAll300/A8TK_1_2019030158504158.jpg
11,Laptops / Notebooks,HP,"HP 17 Business Laptop - Windows 10 Home - Intel Quad-Core i5-8250U, 32GB RAM, 1TB SSD, 17.3"" HD+ (1600x900) Display,  SD Card Reader, DVD+-RW Burner",,"1,484.99",Free Shipping,3,https://www.newegg.com/silver-17-3-hp-laptop-everyday-value/p/1TS-000D-03GZ1?Item=9SIA8TK8UA9176,//c1.neweggimages.com/ProductImageCompressAll300/A8TK_1_2019030158504158.jpg
12,Laptops / Notebooks,HP,"HP 17.3"" HD+ Customized Premium Laptop | Intel Core i5-7200U Processor | 24GB RAM 128GB SSD 1TB HDD | DVD-RW | Backlit Keyboard | HDMI | Windows 10 Black",,852.20,Free Shipping,3,https://www.newegg.com/p/1TS-000D-072N4?Item=9SIAJZDAK05111,//c1.neweggimages.com/ProductImageCompressAll300/AJZD_1_201911151141222203.jpg
13,Laptops / Notebooks,HP,"HP 17 Business Laptop - Windows 10 Home - Intel Quad-Core i5-8250U, 16GB RAM, 2TB PCIe NVMe SSD, 17.3"" HD+ (1600x900) Display,  SD Card Reader, DVD+-RW Burner",,"1,429.99",Free Shipping,3,https://www.newegg.com/silver-17-3-hp-laptop-everyday-value/p/1TS-000D-03H27?Item=9SIA8TK8UA9232,//c1.neweggimages.com/ProductImageCompressAll300/A8TK_1_2019030158504158.jpg
14,Laptops / Notebooks,HP,"HP 17 Business Laptop - Linux Mint Cinnamon - Intel Quad-Core i5-8250U, 32GB RAM, 256GB PCIe NVMe SSD + 1TB Storage SSD, 17.3"" HD+ (1600x900) Display,  SD Card Reader, DVD+-RW Burner",,"1,814.99",Free Shipping,3,https://www.newegg.com/silver-17-3-hp-laptop-everyday-value/p/1TS-000D-03HH4?Item=9SIA8TK8UA9463,//c1.neweggimages.com/ProductImageCompressAll300/A8TK_1_2019030158504158.jpg
15,Laptops / Notebooks,HP,"HP 17.3"" HD+ Customized Premium Laptop | Intel Core i5-7200U Processor | 24GB RAM 512GB SSD 500GB HDD | DVD-RW | Backlit Keyboard | HDMI | Windows 10 Black",,878.83,Free Shipping,3,https://www.newegg.com/p/1TS-000D-072S8?Item=9SIAJZDAK05147,//c1.neweggimages.com/ProductImageCompressAll300/AJZD_1_201911151141222203.jpg
16,Laptops / Notebooks,HP,"HP 17 Business Laptop - Linux Mint Cinnamon - Intel Quad-Core i5-8250U, 32GB RAM, 256GB PCIe NVMe SSD, 17.3"" HD+ (1600x900) Display,  SD Card Reader, DVD+-RW Burner",,"1,484.99",Free Shipping,3,https://www.newegg.com/silver-17-3-hp-laptop-everyday-value/p/1TS-000D-03H33?Item=9SIA8TK8UA9239,//c1.neweggimages.com/ProductImageCompressAll300/A8TK_1_2019030158504158.jpg
17,Laptops / Notebooks,HP,"HP 17 Business Laptop - Linux Mint Cinnamon - Intel Quad-Core i5-8250U, 16GB RAM, 500GB PCIe NVMe SSD, 17.3"" HD+ (1600x900) Display,  SD Card Reader, DVD+-RW Burner",,"1,209.99",Free Shipping,3,https://www.newegg.com/silver-17-3-hp-laptop-everyday-value/p/1TS-000D-03H21?Item=9SIA8TK8UA9223,//c1.neweggimages.com/ProductImageCompressAll300/A8TK_1_2019030158504158.jpg
18,Laptops / Notebooks,HP,"HP 17 Business Laptop - Windows 10 Home - Intel Quad-Core i5-8250U, 32GB RAM, 500GB PCIe NVMe SSD, 17.3"" HD+ (1600x900) Display,  SD Card Reader, DVD+-RW Burner",,"1,539.99",Free Shipping,3,https://www.newegg.com/silver-17-3-hp-laptop-everyday-value/p/1TS-000D-03H35?Item=9SIA8TK8UA9243,//c1.neweggimages.com/ProductImageCompressAll300/A8TK_1_2019030158504158.jpg
19,Laptops / Notebooks,HP,"HP 17.3"" HD+ Customized Premium Laptop | Intel Core i5-7200U Processor | 12GB RAM 256GB SSD 500GB HDD | DVD-RW | Backlit Keyboard | HDMI | Windows 10 Black",,758.99,Free Shipping,3,https://www.newegg.com/p/1TS-000D-072R1?Item=9SIAJZDAK05128,//c1.neweggimages.com/ProductImageCompressAll300/AJZD_1_201911151141222203.jpg
20,Laptops / Notebooks,HP,"HP 17 Business Laptop - Windows 7 Professional - Intel Quad-Core i5-8250U, 32GB RAM, 256GB SSD, 17.3"" HD+ (1600x900) Display,  SD Card Reader, DVD+-RW Burner",,"1,682.99",Free Shipping,3,https://www.newegg.com/silver-17-3-hp-laptop-everyday-value/p/1TS-000D-03GY4?Item=9SIA8TK8UA9151,//c1.neweggimages.com/ProductImageCompressAll300/A8TK_1_2019030158504158.jpg
21,Laptops / Notebooks,HP,"HP 17 Business Laptop - Windows 7 Professional - Intel Quad-Core i5-8250U, 8GB RAM, 2TB PCIe NVMe SSD + 1TB Storage SSD, 17.3"" HD+ (1600x900) Display,  SD Card Reader, DVD+-RW Burner",,"1,924.99",Free Shipping,3,https://www.newegg.com/silver-17-3-hp-laptop-everyday-value/p/1TS-000D-03HF4?Item=9SIA8TK8UA9436,//c1.neweggimages.com/ProductImageCompressAll300/A8TK_1_2019030158504158.jpg
22,Laptops / Notebooks,HP,"HP 17 Business Laptop - Linux Mint Cinnamon - Intel Quad-Core i5-8250U, 32GB RAM, 2TB PCIe NVMe SSD, 17.3"" HD+ (1600x900) Display,  SD Card Reader, DVD+-RW Burner",,"1,759.99",Free Shipping,3,https://www.newegg.com/silver-17-3-hp-laptop-everyday-value/p/1TS-000D-03H45?Item=9SIA8TK8UA9267,//c1.neweggimages.com/ProductImageCompressAll300/A8TK_1_2019030158504158.jpg
23,Laptops / Notebooks,HP,"HP 17.3"" HD+ Customized Premium Laptop | Intel Core i5-7200U Processor | 8GB RAM 512GB SSD | DVD-RW | Backlit Keyboard | HDMI | Windows 10 Black",,739.01,Free Shipping,3,https://www.newegg.com/p/1TS-000D-072G9?Item=9SIAJZDAK05064,//c1.neweggimages.com/ProductImageCompressAll300/AJZD_1_201911151141222203.jpg
24,Laptops / Notebooks,HP,"HP 17.3"" HD+ Customized Premium Laptop | Intel Core i5-7200U Processor | 8GB RAM 1024GB SSD | DVD-RW | Backlit Keyboard | HDMI | Windows 10 Black",,825.57,Free Shipping,3,https://www.newegg.com/p/1TS-000D-072J4?Item=9SIAJZDAK05079,//c1.neweggimages.com/ProductImageCompressAll300/AJZD_1_201911151141222203.jpg
25,Laptops / Notebooks,HP,"HP 17 Business Laptop - Linux Mint Cinnamon - Intel Quad-Core i5-8250U, 32GB RAM, 500GB PCIe NVMe SSD + 4TB Storage SSD, 17.3"" HD+ (1600x900) Display,  SD Card Reader, DVD+-RW Burner",,"2,529.99",Free Shipping,3,https://www.newegg.com/silver-17-3-hp-laptop-everyday-value/p/1TS-000D-03HV2?Item=9SIA8TK8UA9683,//c1.neweggimages.com/ProductImageCompressAll300/A8TK_1_2019030158504158.jpg
26,Laptops / Notebooks,HP,"HP 17 Business Laptop - Windows 10 Home - Intel Quad-Core i5-8250U, 32GB RAM, 1TB PCIe NVMe SSD + 4TB Storage SSD, 17.3"" HD+ (1600x900) Display,  SD Card Reader, DVD+-RW Burner",,"2,639.99",Free Shipping,3,https://www.newegg.com/silver-17-3-hp-laptop-everyday-value/p/1TS-000D-03HV4?Item=9SIA8TK8UA9685,//c1.neweggimages.com/ProductImageCompressAll300/A8TK_1_2019030158504158.jpg
27,Laptops / Notebooks,HP,"HP 17 Business Laptop - Linux Mint Cinnamon - Intel Quad-Core i5-8250U, 32GB RAM, 1TB PCIe NVMe SSD + 1TB Storage SSD, 17.3"" HD+ (1600x900) Display,  SD Card Reader, DVD+-RW Burner",,"1,979.99",Free Shipping,3,https://www.newegg.com/silver-17-3-hp-laptop-everyday-value/p/1TS-000D-03HJ2?Item=9SIA8TK8UA9473,//c1.neweggimages.com/ProductImageCompressAll300/A8TK_1_2019030158504158.jpg
28,Laptops / Notebooks,HP,"HP 17 Business Laptop - Linux Mint Cinnamon - Intel Quad-Core i5-8250U, 8GB RAM, 500GB PCIe NVMe SSD, 17.3"" HD+ (1600x900) Display,  SD Card Reader, DVD+-RW Burner",,"1,044.99",Free Shipping,3,https://www.newegg.com/p/1TS-000D-03H05?Item=9SIA8TK8UA9197,//c1.neweggimages.com/ProductImageCompressAll300/A8TK_1_2019030158504158.jpg
29,Laptops / Notebooks,HP,"HP 17 Business Laptop - Linux Mint Cinnamon - Intel Quad-Core i5-8250U, 32GB RAM, 1TB PCIe NVMe SSD + 2TB Storage SSD, 17.3"" HD+ (1600x900) Display,  SD Card Reader, DVD+-RW Burner",,"2,089.99",Free Shipping,3,https://www.newegg.com/silver-17-3-hp-laptop-everyday-value/p/1TS-000D-03HP9?Item=9SIA8TK8UA9573,//c1.neweggimages.com/ProductImageCompressAll300/A8TK_1_2019030158504158.jpg
30,Laptops / Notebooks,HP,"HP 17 Business Laptop - Linux Mint Cinnamon - Intel Quad-Core i5-8250U, 32GB RAM, 2TB PCIe NVMe SSD + 1TB Storage HDD, 17.3"" HD+ (1600x900) Display,  SD Card Reader, DVD+-RW Burner",,"1,869.99",Free Shipping,3,https://www.newegg.com/silver-17-3-hp-laptop-everyday-value/p/1TS-000D-03H92?Item=9SIA8TK8UA9343,//c1.neweggimages.com/ProductImageCompressAll300/A8TK_1_2019030158504158.jpg
31,Laptops / Notebooks,HP,"HP 17.3"" HD+ Customized Premium Laptop | Intel Core i5-7200U Processor | 16GB RAM 1024GB SSD 500GB HDD | DVD-RW | Backlit Keyboard | HDMI | Windows 10 Black",,898.80,Free Shipping,3,https://www.newegg.com/p/1TS-000D-072K6?Item=9SIAJZDAK05093,//c1.neweggimages.com/ProductImageCompressAll300/AJZD_1_201911151141222203.jpg
32,Laptops / Notebooks,HP,"HP 17 Business Laptop - Windows 7 Professional - Intel Quad-Core i5-8250U, 8GB RAM, 256GB PCIe NVMe SSD + 1TB Storage SSD, 17.3"" HD+ (1600x900) Display,  SD Card Reader, DVD+-RW Burner",,"1,649.99",Free Shipping,3,https://www.newegg.com/silver-17-3-hp-laptop-everyday-value/p/1TS-000D-03HE2?Item=9SIA8TK8UA9420,//c1.neweggimages.com/ProductImageCompressAll300/A8TK_1_2019030158504158.jpg
33,Laptops / Notebooks,HP,"HP 17 Business Laptop - Windows 10 Home - Intel Quad-Core i5-8250U, 32GB RAM, 1TB PCIe NVMe SSD + 1TB Storage HDD, 17.3"" HD+ (1600x900) Display,  SD Card Reader, DVD+-RW Burner",,"1,759.99",Free Shipping,3,https://www.newegg.com/silver-17-3-hp-laptop-everyday-value/p/1TS-000D-03H86?Item=9SIA8TK8UA9323,//c1.neweggimages.com/ProductImageCompressAll300/A8TK_1_2019030158504158.jpg
34,Laptops / Notebooks,HP,"HP 17 Business Laptop - Windows 10 Home - Intel Quad-Core i5-8250U, 8GB RAM, 2TB PCIe NVMe SSD + 2TB Storage HDD, 17.3"" HD+ (1600x900) Display,  SD Card Reader, DVD+-RW Burner",,"1,429.99",Free Shipping,3,https://www.newegg.com/silver-17-3-hp-laptop-everyday-value/p/1TS-000D-03HA5?Item=9SIA8TK8UA9357,//c1.neweggimages.com/ProductImageCompressAll300/A8TK_1_2019030158504158.jpg
35,Laptops / Notebooks,HP,"HP 17 Business Laptop - Windows 10 Pro - Intel Quad-Core i5-8250U, 8GB RAM, 1TB PCIe NVMe SSD + 2TB Storage HDD, 17.3"" HD+ (1600x900) Display,  SD Card Reader, DVD+-RW Burner",,"1,429.99",Free Shipping,3,https://www.newegg.com/silver-17-3-hp-laptop-everyday-value/p/1TS-000D-03HA1?Item=9SIA8TK8UA9353,//c1.neweggimages.com/ProductImageCompressAll300/A8TK_1_2019030158504158.jpg
