,item_number,general_category,product_category,page_number,brand,model_specifications,current_promotions,price,shipping,product_links,image_link
0,N82E16834235302,Computer Systems,Laptops / Notebooks,1,ASUS,"ASUS ZenBook 14 Ultra-Slim Laptop 14"" Full HD 4-Way NanoEdge Bezel, AMD R7 3700U CPU, 8 GB RAM, 512 GB PCIe SSD, NumberPad, Windows 10 - UM433DA-DH75, Icicle Silver",,779.99,0.0,https://www.newegg.com/icicle-silver-asus-zenbook-um433da-dh75-mainstream/p/N82E16834235302?Item=N82E16834235302,//c1.neweggimages.com/NeweggImage/ProductImageCompressAll300/34-235-302-V01.jpg
1,N82E16834235321,Computer Systems,Laptops / Notebooks,1,ASUS,"ASUS VivoBook S14 S432 Thin and Light 14"" FHD, Intel Core i7-8565U CPU, 8 GB RAM, 512 GB PCIe NVMe SSD, IR Camera, Windows 10 Home, S432FA-AB74, Transparent Silver","Save $20 w/ Win10 Pro upgrade purchase, limited offer",699.99,0.0,https://www.newegg.com/transparent-silver-asus-vivobook-s14-s432-mainstream/p/N82E16834235321?Item=N82E16834235321,//c1.neweggimages.com/NeweggImage/ProductImageCompressAll300/A8X5S2001298HDjt.jpg
2,N82E16834235175,Computer Systems,Laptops / Notebooks,1,ASUS,"ASUS ZenBook S13 Ultra Thin & Light Laptop 13.9"" FHD, Intel Core i7-8565U CPU, GeForce MX150, 8 GB RAM, 512 GB PCIe SSD, Windows 10 Pro, Silver Blue, UX392FN-XS71","Save $279.99 w/ ASUS Zenfone Max (value of $299.99) combo purchase, limited offer",999.99,0.0,https://www.newegg.com/utopia-blue-asus-zenbook-ux392fn-xs71-mainstream/p/N82E16834235175?Item=N82E16834235175,//c1.neweggimages.com/NeweggImage/ProductImageCompressAll300/34-235-175-V19.jpg
3,N82E16834235318,Computer Systems,Laptops / Notebooks,1,ASUS,"ASUS ZenBook 14 Ultra Thin and Light Laptop, 4-Way NanoEdge 14"" FHD, Intel Core i7-10510U, 8 GB RAM, 512 GB PCIe SSD, NVIDIA GeForce MX250, Windows 10 Home, Utopia Blue, UX431FL-EH74",,882.99,0.0,https://www.newegg.com/silver-asus-ux431fl-eh74/p/N82E16834235318?Item=N82E16834235318,//c1.neweggimages.com/NeweggImage/ProductImageCompressAll300/34-235-318-S31.jpg
4,1TS-000A-07BM5,Computer Systems,Laptops / Notebooks,1,DELL,"Dell Inspiron 14 3000 Notebook, 14"" HD Display, Intel Core i5-1035G4 Upto 3.7GHz, 8GB RAM, 512GB NVMe SSD, HDMI, Card Reader, Wi-Fi, Bluetooth, Windows 10 Pro S","Due to holiday observance, orders placed between 4/7 – 4/19 will experience shipping delays",649.99,0.0,https://www.newegg.com/black-textured-dell-inspiron-14-3000/p/1TS-000A-07BM5?Item=9SIAA0SAT41738,//c1.neweggimages.com/ProductImageCompressAll300/AA0S_1_20191223341141050.jpg
5,N82E16834235170,Computer Systems,Laptops / Notebooks,1,ASUS,"ASUS ZenBook 14, Intel Core Whiskey Lake i7-8565U, 8 GB RAM, 512 GB NVMe PCIe SSD, Wi-Fi 5, Windows 10, Silver Blue, Ultra Thin and Light Laptop, 4-Way NanoEdge 14"" FHD UX431FA-ES74",,872.99,0.0,https://www.newegg.com/utopia-blue-metal-asus-zenbook-ux431fa-es74-mainstream/p/N82E16834235170?Item=N82E16834235170,//c1.neweggimages.com/NeweggImage/ProductImageCompressAll300/34-235-170-V17.jpg
6,1TS-001A-02218,Computer Systems,Laptops / Notebooks,1,ASUS,"ASUS ZenBook 14 Ultra-Slim Laptop 14"" Full HD 4-Way NanoEdge Bezel, AMD R7 3700U CPU, 8 GB RAM, 512 GB PCIe SSD, NumberPad, Windows 10 - UM433DA-DH75, Icicle Silver",,949.00,0.0,https://www.newegg.com/icicle-silver-asus-zenbook-um433da-dh75-mainstream/p/1TS-001A-02218?Item=9SIA7ABB362272,//c1.neweggimages.com/NeweggImage/ProductImageCompressAll300/A7ABS200215s4FTo.jpg
7,1TS-001A-021N8,Computer Systems,Laptops / Notebooks,1,ASUS,"ASUS ZenBook 14 Ultra-Slim Laptop 14"" Full HD 4-Way NanoEdge Bezel, AMD R7 3700U CPU, 8 GB RAM, 1 TB PCIe SSD, NumberPad, Windows 10 - UM433DA-DH75, Icicle Silver",,1099.00,0.0,https://www.newegg.com/icicle-silver-asus-zenbook-um433da-dh75-mainstream/p/1TS-001A-021N8?Item=9SIA7ABB2H7424,//c1.neweggimages.com/NeweggImage/ProductImageCompressAll300/A7ABS200211AMMij.jpg
8,1TS-000E-0GZB8,Computer Systems,Laptops / Notebooks,1,Lenovo,"Lenovo ThinkPad T490 i7 Home and Business Laptop (Intel i7-8565U 4-Core, 8GB RAM, 512GB SSD, 14"" Full HD (1920x1080), Intel UHD 620, Fingerprint, Wifi, Bluetooth, Webcam, 2xUSB 3.1, Win 10 Pro)",Free Expedited Shipping,1318.80,0.0,https://www.newegg.com/p/1TS-000E-0GZB8?Item=9SIA7ABAYM1975,//c1.neweggimages.com/ProductImageCompressAll300/V0F3_1_20191103991548659.jpg
9,1TS-001A-021P0,Computer Systems,Laptops / Notebooks,1,ASUS,"ASUS ZenBook 14 Ultra-Slim Laptop 14"" Full HD 4-Way NanoEdge Bezel, AMD R7 3700U CPU, 8 GB RAM, 1 TB PCIe SSD, NumberPad, Windows 10 Pro- UM433DA-DH75, Icicle Silver",,1249.00,0.0,https://www.newegg.com/icicle-silver-asus-zenbook-um433da-dh75-mainstream/p/1TS-001A-021P0?Item=9SIA7ABB2H7427,//c1.neweggimages.com/NeweggImage/ProductImageCompressAll300/A7ABS200211ePUOu.jpg
10,1TS-000E-0FB08,Computer Systems,Laptops / Notebooks,1,Lenovo,"2019 Lenovo ThinkPad T470 14"" IPS Full HD FHD (1920x1080) Business Laptop (Intel Core i5-6300U, 8GB DDR4 RAM, 512GB PCIe NVMe M.2 SSD) Thunderbolt, Type-C, HDMI RJ-45, Windows 10 Professional 64 Bit",,899.99,0.0,https://www.newegg.com/p/1TS-000E-0FB08?Item=9SIADG3AHU7775,//c1.neweggimages.com/NeweggImage/ProductImageCompressAll300/ADG3_132177437854068691XCraftoYD5.jpg
11,1TS-000D-089B5,Computer Systems,Laptops / Notebooks,1,HP,"HP 14"" HD Notebook, Intel i3-1005G1 Dual Core Upto 3.4GHz, 8GB DDR4, 512GB M.2 SSD, UHD Graphics, HDMI, Card Reader, Wi-Fi, Bluetooth, Windows 10 Pro",,499.99,0.0,https://www.newegg.com/p/1TS-000D-089B5?Item=9SIA65EB010496,//c1.neweggimages.com/ProductImageCompressAll300/A65E_1_2020020377652477.jpg
12,1TS-000D-07877,Computer Systems,Laptops / Notebooks,1,HP,"HP 14 Notebook, 14"" HD Display, Intel Core i5-1035G4 Upto 3.70GHz, 8GB RAM, 512GB SSD, HDMI, Card Reader, Wi-Fi, Bluetooth, Windows 10 Pro","Due to holiday observance, orders placed between 4/7 – 4/19 will experience shipping delays",829.99,0.0,https://www.newegg.com/silver-hp-14dq/p/1TS-000D-07877?Item=9SIAA0SAMD3198,//c1.neweggimages.com/ProductImageCompressAll300/AA0SS1911264zFtG.jpg
13,1TS-001A-00GC5,Computer Systems,Laptops / Notebooks,1,ASUS,"Asus X555QA 15.6"" HD Notebook, AMD Quad-Core A12-9720P Upto 3.6GHz, 8GB RAM, 512GB SSD, VGA, HDMI, Card Reader, Wi-Fi, Bluetooth, Windows 10 Pro","Due to holiday observance, orders placed between 4/7 – 4/19 will experience shipping delays",629.99,0.0,https://www.newegg.com/black-asus-x555qa-mainstream/p/1TS-001A-00GC5?Item=9SIAA0S91J7910,//c1.neweggimages.com/ProductImageCompressAll300/AA0S_1_20190403407529388.jpg
14,1TS-000E-0F6F7,Computer Systems,Laptops / Notebooks,1,Lenovo,"Lenovo Flex 14.0"" Full HD 2-in-1 Touchscreen Notebook,8th Gen Intel Core i5-8265U,8GB DDR4,512GB SSD,Intel UHD 615 Graphics,Wifi-AC,Bluetooth,HDMI,USB,Fingerprint Reader,Windows 10 Pro",,725.00,0.0,https://www.newegg.com/black-lenovo-flex-81sq000k-creating-designing/p/1TS-000E-0F6F7?Item=9SIAE4NAEV3035,//c1.neweggimages.com/ProductImageCompressAll300/AE4N_1_20191023587204988.jpg
15,1TS-000E-0F390,Computer Systems,Laptops / Notebooks,1,Lenovo,"Lenovo Flagship ThinkPad T470 14"" FHD Multi-Touch Anti-Glare Laptop | Intel Dual Core i5-6300U | 8GB RAM | 1TB SSD | WiFi | HDMI | Fingerprint Reader | USB-C | Webcam | Windows 10 Pro",,899.99,0.0,https://www.newegg.com/p/1TS-000E-0F390?Item=9SIAEYJA7A0564,//c1.neweggimages.com/NeweggImage/ProductImageCompressAll300/AEYJ_13215171050255643273pzWIocvQ.jpg
16,1TS-000D-06Z30,Computer Systems,Laptops / Notebooks,1,HP,Newest HP 14 Premium HD Micro-edge Laptop |10Th Intel Core i3-1005G1|8GB DDR4|512GB M.2 SSD| Wi-Fi | Fast Charge| HDMI | Windows 10 | Pale Gold,,478.99,0.0,https://www.newegg.com/p/1TS-000D-06Z30?Item=9SIAEYJAJ24036,//c1.neweggimages.com/ProductImageCompressAll300/AEYJ_1_2019111194440215.jpg
17,1TS-000E-0FDD8,Computer Systems,Laptops / Notebooks,1,Lenovo,"Lenovo IdeaPad 330 15.6"" Thin and Light Customized Laptop | 8th Gen Intel Core i3-8130U Processor | 8GB RAM 1024GB SSD | 802.11AC | USB 3.1 Type-C | Windows 10 Grey",,582.52,0.0,https://www.newegg.com/p/1TS-000E-0FDD8?Item=9SIAJZDAKC4939,//c1.neweggimages.com/ProductImageCompressAll300/AJZD_1_20191118632895783.jpg
18,1TS-000D-084J5,Computer Systems,Laptops / Notebooks,1,HP,"HP 14"" HD Customized Laptop | 10th Gen Intel Quad-Core i5-1035G4 Processor up to 3.7 GHz | 8GB RAM 1024GB SSD | USB Type-C | HDMI | Card Reader | Windows 10 | Silver Only 3.2lb",,725.83,0.0,https://www.newegg.com/p/1TS-000D-084J5?Item=9SIAJZDAWC4524,//c1.neweggimages.com/ProductImageCompressAll300/AJZD_1_20200113712419307.jpg
19,1TS-000E-0GZC1,Computer Systems,Laptops / Notebooks,1,Lenovo,"Lenovo ThinkPad T490 i7 Home and Business Laptop (Intel i7-8565U 4-Core, 8GB RAM, 1TB PCIe SSD, 14"" Full HD (1920x1080), Intel UHD 620, Fingerprint, Wifi, Bluetooth, Webcam, 2xUSB 3.1, Win 10 Pro)",,1738.80,0.0,https://www.newegg.com/p/1TS-000E-0GZC1?Item=9SIA7ABAYM2712,//c1.neweggimages.com/ProductImageCompressAll300/V0F3_1_20191103991548659.jpg
20,1TS-000A-08GU6,Computer Systems,Laptops / Notebooks,1,DELL,"Dell Inspiron 3493 14"" Customized Laptop | 10th Gen Intel Core i3-1005G1 up to 3.4 GHz | 8GB RAM 1024GB SSD | HDMI | Wi-Fi | Bluetooth | Black Only 3.4lb | Windows 10",,620.78,0.0,https://www.newegg.com/p/1TS-000A-08GU6?Item=9SIAJZDAX08565,//c1.neweggimages.com/ProductImageCompressAll300/AJZD_1_202001151156184635.jpg
21,1TS-000E-0J6N1,Computer Systems,Laptops / Notebooks,1,Lenovo,"Lenovo ThinkBook 14s IWL Home and Business Laptop (Intel i5-8265U 4-Core, 8GB RAM, 1TB PCIe SSD, 14.0"" Full HD (1920x1080), AMD Radeon 540X, Fingerprint, Wifi, Bluetooth, Webcam, Win 10 Pro)",,899.00,0.0,https://www.newegg.com/p/1TS-000E-0J6N1?Item=9SIA7ABB9V9453,//c1.neweggimages.com/ProductImageCompressAll300/V0F3_1_20200408454636435.jpg
22,N82E16834316873,Computer Systems,Laptops / Notebooks,1,Acer America,"Acer Laptop Swift 5 SF514-54T-5428 Intel Core i5 10th Gen 1035G1 (1.00 GHz) 8 GB LPDDR4 Memory 512 GB SSD Intel UHD Graphics 14"" Touchscreen Windows 10 Home 64-bit",,899.99,2.99,https://www.newegg.com/charcoal-blue-acer-swift-5-sf514-54t-5428-mainstream/p/N82E16834316873?Item=N82E16834316873,//c1.neweggimages.com/NeweggImage/ProductImageCompressAll300/34-316-873-S01.jpg
23,1TS-000E-0HJR7,Computer Systems,Laptops / Notebooks,1,Lenovo,"Lenovo S540 14"" Full HD Touchscreen Laptop,8th Gen Intel Core i7-8565U,8GB DDR4,512GB SSD,Intel UHD Graphics 620,Wifi-AC,Bluetooth,Fingerprint Reader,HDMI,Windows 10 Pro",,799.00,0.0,https://www.newegg.com/grey-lenovo-s540-81qx-mainstream/p/1TS-000E-0HJR7?Item=9SIAE4NB0G4190,//c1.neweggimages.com/ProductImageCompressAll300/V139_1_202002111304871859.jpg
24,1TS-000D-03NP7,Computer Systems,Laptops / Notebooks,1,HP,"HP 240 G6 14"" HD Notebook, Intel Dual-Core i3-6006U 2.0GHz, 8GB RAM, 1TB SSD, DVD-RW, VGA, HDMI, Card Reader, Wi-Fi, Bluetooth, Windows 10 Home","Due to holiday observance, orders placed between 4/7 – 4/19 will experience shipping delays",699.99,0.0,https://www.newegg.com/charcoal-gray-hp-240-g6-mainstream/p/1TS-000D-03NP7?Item=9SIAEYA8WZ5996,//c1.neweggimages.com/ProductImageCompressAll300/AEYA_1_201903151623494126.jpg
25,1TS-000D-07890,Computer Systems,Laptops / Notebooks,1,HP,"HP 14 Notebook, 14"" HD Display, Intel Core i5-1035G4 Upto 3.70GHz, 8GB RAM, 512GB SSD, HDMI, Card Reader, Wi-Fi, Bluetooth, Windows 10 Home","Due to holiday observance, orders placed between 4/7 – 4/19 will experience shipping delays",679.99,0.0,https://www.newegg.com/silver-hp-14dq/p/1TS-000D-07890?Item=9SIAEYAAMD3552,//c1.neweggimages.com/ProductImageCompressAll300/AEYAS191126CrdUE.jpg
26,1TS-000E-0E8Z4,Computer Systems,Laptops / Notebooks,1,Lenovo,"Lenovo Flex 14 2-in-1 Touchscreen Laptop - Intel Core i5 - 1080p - Blue 81SQ000KUS Notebook PC Computer Tablet 14"" 8GB Memory 512GB SSD",,649.99,0.0,https://www.newegg.com/p/1TS-000E-0E8Z4?Item=9SIAEYJA4Z5152,//c1.neweggimages.com/NeweggImage/ProductImageCompressAll300/A8X5_1320830705469691433ioVjdMnUQ.jpg
27,1TS-000D-037S2,Computer Systems,Laptops / Notebooks,1,HP,"HP 14"" HD Notebook, 8th Generation Intel Core i5-8265U Quad Core Processor,8GB DDR4 RAM,512GB SSD,Intel UHD Graphics 620,Wifi-AC,Bluetooth 4.2,USB,HDMI,Windows 10 Pro 64 Bit",,625.00,0.0,https://www.newegg.com/silver-hp14cl-mainstream/p/1TS-000D-037S2?Item=9SIAE4N8K53242,//c1.neweggimages.com/ProductImageCompressAll300/AE4N_1_20181223636130996.jpg
28,1TS-000D-06Z51,Computer Systems,Laptops / Notebooks,1,HP,Newest HP 14 inch Slim HD Micro-edge Laptop | AMD Ryzen 3 |8GB DDR4|512GB M.2 SSD| Wi-Fi | HDMI | Windows 10 | Gold,,539.99,0.0,https://www.newegg.com/p/1TS-000D-06Z51?Item=9SIAEYJAJ33093,//c1.neweggimages.com/ProductImageCompressAll300/AEYJ_1_20191111947728874.jpg
29,1TS-000D-06T56,Computer Systems,Laptops / Notebooks,1,HP,Newest HP 14 Premium HD Micro-edge Laptop |10Th Intel Quad Core i5-1035G1|8GB DDR4|512GB NVMe SSD| Wi-Fi 5 (2x2)| Bluetooth | HDMI | Windows 10 Home,,639.99,0.0,https://www.newegg.com/p/1TS-000D-06T56?Item=9SIAEYJAG40835,//c1.neweggimages.com/ProductImageCompressAll300/AEYJ_1_20191102886498743.jpg
30,1TS-000D-05465,Computer Systems,Laptops / Notebooks,1,HP,"HP 14"" Thin and Light Customized Laptop Intel Core i3-7100U processor 8GB RAM 1024GB SSD Upgradable to 16GB RAM 1024GB SSD Windows 10 Ash Silver Only 3.2lb 0.8"" thin USB Type-C",,572.57,0.0,https://www.newegg.com/p/1TS-000D-05465?Item=9SIAJZD9SS3389,//c1.neweggimages.com/ProductImageCompressAll300/AJZD_1_201907231969072027.jpg
31,1TS-000E-0HP95,Computer Systems,Laptops / Notebooks,1,Lenovo,"Lenovo Thinkpad T490 14"" Full HD FHD (1920x1080) IPS Anti-Glare Business Laptop (Intel Quad-Core i7-8565U, 8GB DDR4 RAM, 512GB PCIe SSD) Backlit, Type-C, Thunderbolt, Fingerprint, Windows 10 Pro 64",,1399.99,0.0,https://www.newegg.com/p/1TS-000E-0HP95?Item=9SIADG3B395502,//c1.neweggimages.com/NeweggImage/ProductImageCompressAll300/ADG3S200217HHGlf.jpg
32,1TS-000D-09JE7,Computer Systems,Laptops / Notebooks,1,HP,"HP Pavilion x360 2-in-1 Convertible Premium Business Laptop, 14"" FHD IPS Touchscreen, Intel Core i3-7100U, 8GB RAM 512GB SSD, B&O PLAY Backlit Keyboard Windows 10",,669.00,0.0,https://www.newegg.com/silver-hp-14-notebook-14-laptop-everyday-value/p/1TS-000D-09JE7?Item=9SIAMRPB8F2109,//c1.neweggimages.com/NeweggImage/ProductImageCompressAll300/AMRPS200405kD2R3.jpg
33,1TS-000A-09X67,Computer Systems,Laptops / Notebooks,1,DELL,"Dell Inspiron 14 3000 Series Laptop, 14"" HD Anti-Glare Display, 10th Gen Intel Quad-Core i5-1035G4  8GB RAM 512GB PCIe SSD + 1TB HDD, WiFi Bluetooth Webcam Win 10",,749.00,0.0,https://www.newegg.com/black-dell-inspiron-14-3000-series-everyday-value/p/1TS-000A-09X67?Item=9SIAMRPB6A2167,//c1.neweggimages.com/NeweggImage/ProductImageCompressAll300/AMRPS200309Bvy5X.jpg
34,1TS-000E-0HP80,Computer Systems,Laptops / Notebooks,1,Lenovo,"Newest Lenovo ThinkBook 14s 14"" FHD IPS Home & Business Laptop, Intel Quad-Core i7-8565U upto 4.6GHz, 8GB RAM, 1024GB SSD, Backlit Keyboard, Fingerprint Reader, AMD Radeon 540X, Windows 10 Pro",,984.99,0.0,https://www.newegg.com/gray-lenovo-thinkbook-14s-mainstream/p/1TS-000E-0HP80?Item=9SIAK1EB0V8922,//c1.neweggimages.com/ProductImageCompressAll300/AK1E_1_20200215292969120.jpg
35,1TS-000D-084U5,Computer Systems,Laptops / Notebooks,1,HP,"HP 14"" Customized Laptop | 10th Gen Intel Core i3-1005G1 up to 3.4 GHz | 8GB RAM 512GB SSD | USB Type-C | Wi-Fi | Bluetooth | Silver Only 3.2lb | Windows 10",,485.83,0.0,https://www.newegg.com/p/1TS-000D-084U5?Item=9SIAJZDAWE8336,//c1.neweggimages.com/ProductImageCompressAll300/AJZD_1_20191121766213943.jpg
