,item_number,general_category,product_category,page_number,brand,model_specifications,current_promotions,price,shipping,product_links,image_link
0,2WC-0001-00233,Computer Systems,Laptops / Notebooks,5,HP,"HP ProBook 440 G6 Notebook, 14"" HD Display, Intel Core i5-8265U Upto 3.9GHz, 32GB RAM, 256GB NVMe SSD + 1TB HDD, HDMI, MicroDP, Card Reader, Wi-Fi, Bluetooth, Windows 10 Pro","Due to holiday observance, orders placed between 4/7 – 4/19 will experience shipping delays",1429.99,0.0,https://www.newegg.com/silver-hp-probook-440-g6/p/1TS-000D-05AX9?Item=9SIAA0S9X30225,//c1.neweggimages.com/ProductImageCompressAll300/V1RY_1_201908081872881231.jpg
1,2WC-0001-00233,Computer Systems,Laptops / Notebooks,5,DELL,"Dell Inspiron 14 3000 Notebook, 14"" HD Display, Intel Core i5-1035G4 Upto 3.7GHz, 8GB RAM, 256GB NVMe SSD, HDMI, Card Reader, Wi-Fi, Bluetooth, Windows 10 Home S","Due to holiday observance, orders placed between 4/7 – 4/19 will experience shipping delays",599.00,0.0,https://www.newegg.com/black-textured-dell-inspiron-14-3000/p/1TS-000A-07BN4?Item=9SIAEYAAT42693,//c1.neweggimages.com/ProductImageCompressAll300/V1VV_1_20191223730083991.jpg
2,2WC-0001-00233,Computer Systems,Laptops / Notebooks,5,HP,"HP ProBook 640 G4 Notebook, 14"" HD Display, Intel Core i5-7200U Upto 3.1GHz, 8GB RAM, 256GB SSD, HDMI, Card Reader, Wi-Fi, Bluetooth, Windows 10 Pro","Due to holiday observance, orders placed between 4/7 – 4/19 will experience shipping delays",999.99,0.0,https://www.newegg.com/silver-hp-probook-640-g4/p/1TS-000D-06DV2?Item=9SIAA0SAC12214,//c1.neweggimages.com/ProductImageCompressAll300/AA0S_1_201910031896039677.jpg
3,2WC-0001-00233,Computer Systems,Laptops / Notebooks,5,Lenovo,"Lenovo ThinkPad T470p 14.0"" IPS FHD Notebook, Intel Quad-Core i5-7300HQ Upto 3.5GHz, 32GB DDR4, 256GB SSD, Mini DisplayPort, HDMI, Docking Connector, Backlit Keyboard, WiFi, Bluetooth, Windows 10 Pro","Due to holiday observance, orders placed between 4/7 – 4/19 will experience shipping delays",1379.99,0.0,https://www.newegg.com/black-lenovo-thinkpad-t470p-notebook/p/1TS-000E-0C1X7?Item=9SIAA0S8GP6971,//c1.neweggimages.com/ProductImageCompressAll300/AA0S_1_201811302814701.jpg
4,2WC-0001-00233,Computer Systems,Laptops / Notebooks,5,HP,"HP 14 Notebook, 14"" HD Display, Intel Core i5-1035G1 Upto 3.6GHz, 16GB RAM, 256GB NVMe SSD, HDMI, Card Reader, Wi-Fi, Bluetooth, Windows 10 Pro","Due to holiday observance, orders placed between 4/7 – 4/19 will experience shipping delays",769.99,0.0,https://www.newegg.com/champagne-gold-hp-14/p/1TS-000D-07XF5?Item=9SIAA0SAT46139,//c1.neweggimages.com/ProductImageCompressAll300/AA0S_1_201912231509793221.jpg
5,2WC-0001-00233,Computer Systems,Laptops / Notebooks,5,HP,"HP 14 Notebook, 14"" HD Touch Display, Intel Core i3-8145U Upto 3.9GHz, 4GB RAM, 256GB NVMe SSD, HDMI, Card Reader, Wi-Fi, Bluetooth, Windows 10 Pro","Due to holiday observance, orders placed between 4/7 – 4/19 will experience shipping delays",469.99,0.0,https://www.newegg.com/black-hp-14/p/1TS-000D-069A1?Item=9SIAA0SA6X5158,//c1.neweggimages.com/ProductImageCompressAll300/AA0S_1_201909191244337075.jpg
6,2WC-0001-00233,Computer Systems,Laptops / Notebooks,5,HP,"HP 245 G6 Notebook, 14"" HD Display, AMD Dual-Core E2-9000e Upto 2.9GHz, 8GB RAM, 256GB SSD, VGA, HDMI, Card Reader, Wi-Fi, Bluetooth, Windows 10 Home","Due to holiday observance, orders placed between 4/7 – 4/19 will experience shipping delays",448.49,0.0,https://www.newegg.com/gray-hp-245-g6-everyday-value/p/1TS-000D-03M77?Item=9SIAEYA8VK4979,//c1.neweggimages.com/ProductImageCompressAll300/AEYA_1_201903082003918396.jpg
7,2WC-0001-00233,Computer Systems,Laptops / Notebooks,5,HP,"HP 240 G6 14"" HD Notebook, Intel Dual-Core i3-6006U 2.0GHz, 8GB RAM, 256GB SSD + 1TB HDD, DVD-RW, VGA, HDMI, Card Reader, Wi-Fi, Bluetooth, Windows 10 Pro","Due to holiday observance, orders placed between 4/7 – 4/19 will experience shipping delays",469.99,0.0,https://www.newegg.com/charcoal-gray-hp-240-g6-mainstream/p/1TS-000D-03NN0?Item=9SIAA0S8WZ5708,//c1.neweggimages.com/ProductImageCompressAll300/AA0S_1_20190315800128004.jpg
8,2WC-0001-00233,Computer Systems,Laptops / Notebooks,5,HP,"HP 240 G6 14"" HD Notebook, Intel Dual-Core N4000 Upto 2.6GHz, 16GB RAM, 256GB SSD, VGA, HDMI, LAN, Card Reader, Wi-Fi, Bluetooth, Windows 10 Pro","Due to holiday observance, orders placed between 4/7 – 4/19 will experience shipping delays",599.99,0.0,https://www.newegg.com/charcoal-gray-hp-240-g6-mainstream/p/1TS-000D-03NH3?Item=9SIAA0S8WY3043,//c1.neweggimages.com/ProductImageCompressAll300/AA0S_1_201903151967380137.jpg
9,2WC-0001-00233,Computer Systems,Laptops / Notebooks,5,ASUS,"Asus X555QA 15.6"" HD Notebook, AMD Quad-Core A12-9720P Upto 3.6GHz, 16GB RAM, 256GB SSD, VGA, HDMI, Card Reader, Wi-Fi, Bluetooth, Windows 10 Home","Due to holiday observance, orders placed between 4/7 – 4/19 will experience shipping delays",599.99,0.0,https://www.newegg.com/black-asus-x555qa-mainstream/p/1TS-001A-00GD2?Item=9SIAEYA91J8231,//c1.neweggimages.com/ProductImageCompressAll300/AEYA_1_201904031193756951.jpg
10,2WC-0001-00233,Computer Systems,Laptops / Notebooks,5,HP,"HP 245 G6 Notebook, 14"" HD Display, AMD Dual-Core E2-9000e Upto 2.9GHz, 8GB RAM, 256GB SSD, VGA, HDMI, Card Reader, Wi-Fi, Bluetooth, Windows 10 Pro","Due to holiday observance, orders placed between 4/7 – 4/19 will experience shipping delays",461.49,0.0,https://www.newegg.com/gray-hp-245-g6-everyday-value/p/1TS-000D-03M70?Item=9SIAA0S8VK1349,//c1.neweggimages.com/ProductImageCompressAll300/AA0S_1_201903082060922149.jpg
11,2WC-0001-00233,Computer Systems,Laptops / Notebooks,5,HP,"HP 240 G6 14"" HD Notebook, Intel Dual-Core i3-6006U 2.0GHz, 4GB RAM, 256GB SSD, DVD-RW, VGA, HDMI, Card Reader, Wi-Fi, Bluetooth, Windows 10 Home","Due to holiday observance, orders placed between 4/7 – 4/19 will experience shipping delays",439.99,0.0,https://www.newegg.com/charcoal-gray-hp-240-g6-mainstream/p/1TS-000D-03NP3?Item=9SIAEYA8WZ5990,//c1.neweggimages.com/ProductImageCompressAll300/AEYA_1_201903151681046075.jpg
12,2WC-0001-00233,Computer Systems,Laptops / Notebooks,5,HP,"HP 245 G6 Notebook, 14"" HD Display, AMD Dual-Core E2-9000e Upto 2.9GHz, 4GB RAM, 256GB SSD, VGA, HDMI, Card Reader, Wi-Fi, Bluetooth, Windows 10 Home","Due to holiday observance, orders placed between 4/7 – 4/19 will experience shipping delays",415.99,0.0,https://www.newegg.com/gray-hp-245-g6-everyday-value/p/1TS-000D-03M74?Item=9SIAEYA8VK4972,//c1.neweggimages.com/ProductImageCompressAll300/V112_1_201903081985442417.jpg
13,2WC-0001-00233,Computer Systems,Laptops / Notebooks,5,HP,"HP ProBook 440 G6 Notebook, 14"" HD Display, Intel Core i5-8265U Upto 3.9GHz, 8GB RAM, 256GB NVMe SSD + 1TB HDD, HDMI, MicroDP, Card Reader, Wi-Fi, Bluetooth, Windows 10 Pro","Due to holiday observance, orders placed between 4/7 – 4/19 will experience shipping delays",1049.99,0.0,https://www.newegg.com/silver-hp-probook-440-g6/p/1TS-000D-05AW7?Item=9SIAA0S9X30213,//c1.neweggimages.com/ProductImageCompressAll300/AA0S_1_201908081619700854.jpg
14,2WC-0001-00233,Computer Systems,Laptops / Notebooks,5,HP,"HP 240 G6 14"" HD Notebook, Intel Dual-Core i3-6006U 2.0GHz, 8GB RAM, 256GB SSD, DVD-RW, VGA, HDMI, Card Reader, Wi-Fi, Bluetooth, Windows 10 Pro","Due to holiday observance, orders placed between 4/7 – 4/19 will experience shipping delays",469.99,0.0,https://www.newegg.com/charcoal-gray-hp-240-g6-mainstream/p/1TS-000D-03NN1?Item=9SIAA0S8WZ5711,//c1.neweggimages.com/ProductImageCompressAll300/AA0S_1_201903152008049183.jpg
15,2WC-0001-00233,Computer Systems,Laptops / Notebooks,5,HP,"HP 14 Laptop, Intel 10th Gen Core i5-1035G1, 8GB SDRAM, 256GB SSD + 16GB Intel Optane memory, Pale Gold, 14-dq1040wm",,549.99,0.0,https://www.newegg.com/gold-hp-14-dq1040wm/p/1TS-006W-000C1?Item=9SIAADFAGB6965,//c1.neweggimages.com/NeweggImage/ProductImageCompressAll300/AADF_132173668330427493m6hwT9bwjC.jpg
16,2WC-0001-00233,Computer Systems,Laptops / Notebooks,5,HP,"2019 HP Pavilion 14"" IPS FHD Premium Thin & Lightweight Laptop, Intel Quad Core i5-8265U upto 3.9GHz, 16GB RAM, 256GB SSD, Backlit Keyboard, USB-C, WIFI, HDMI, GbE LAN, Windows 10, Warm Gold",,813.99,0.0,https://www.newegg.com/gold-hp-pavilion-14-mainstream/p/1TS-000D-05NM5?Item=9SIAK1EA1D9513,//c1.neweggimages.com/ProductImageCompressAll300/AK1E_1_201908312085389007.jpg
17,2WC-0001-00233,Computer Systems,Laptops / Notebooks,5,HP,"2019 HP Pavilion 14"" IPS FHD Premium Thin & Lightweight Laptop, Intel Quad Core i5-8265U upto 3.9GHz, 8GB RAM, 256GB SSD, Backlit Keyboard, USB-C, WIFI, HDMI, GbE LAN, Windows 10, Warm Gold",,749.99,0.0,https://www.newegg.com/gold-hp-pavilion-14-mainstream/p/1TS-000D-05NM3?Item=9SIAK1EA1D9511,//c1.neweggimages.com/ProductImageCompressAll300/AK1E_1_201908312085389007.jpg
18,2WC-0001-00233,Computer Systems,Laptops / Notebooks,5,HP,"2019 HP Pavilion 14"" IPS FHD Premium Thin & Lightweight Laptop, Intel Quad Core i5-8265U upto 3.9GHz, 16GB RAM, 256GB SSD, Backlit Keyboard, USB-C, WIFI, HDMI, GbE LAN, Windows 10, Misty Mauve",,813.99,0.0,https://www.newegg.com/purple-hp-pavilion-14-mainstream/p/1TS-000D-05NK5?Item=9SIAK1EA1D8462,//c1.neweggimages.com/ProductImageCompressAll300/AK1E_1_201908311294395929.jpg
19,2WC-0001-00233,Computer Systems,Laptops / Notebooks,5,Lenovo,"Lenovo ThinkPad T480s Touchscreen 14"" 1920x1080 Ultrabook PC, Intel Core i5-8350U 1.70GHz, 8GB DDR3 RAM, 256 SSD, Win-10 Pro",,1149.99,0.0,https://www.newegg.com/black-lenovo-thinkpad-t480s-mainstream/p/1TS-000E-0C1N8?Item=9SIADT28GT4082,//c1.neweggimages.com/NeweggImage/ProductImageCompressAll300/ADT2_131879105427166203Stsnp5YogV.jpg
20,2WC-0001-00233,Computer Systems,Laptops / Notebooks,5,HP,"HP Elitebook 840 G3 Business Laptop 14"" Anti-Glare FHD (1920x1080), Intel Core i5-6300U, 8GB DDR4 RAM, 256GB NVMe M.2 SSD, Type-C, HD Webcam, Windows 10 Pro",,749.99,0.0,https://www.newegg.com/p/1TS-000D-078Z7?Item=9SIADG3APG8248,//c1.neweggimages.com/NeweggImage/ProductImageCompressAll300/ADG3_132192117746652562R3lID4EdQT.jpg
21,2WC-0001-00233,Computer Systems,Laptops / Notebooks,5,HP,"HP 14-CF0006DX Home Office Laptop (Intel i3-7100U 2-Core, 4GB RAM, 256GB PCIe SSD, 14"" HD (1366x768), Intel HD 620, Wifi, Bluetooth, Webcam, 2xUSB 3.1, 1xHDMI, SD Card, Win 10 Home in S-Mode)",,598.28,0.0,https://www.newegg.com/p/1TS-000D-06HD4?Item=9SIAKKBAPC7398,//c1.neweggimages.com/NeweggImage/ProductImageCompressAll300/V0F3_1_201910091218196365.jpg
22,2WC-0001-00233,Computer Systems,Laptops / Notebooks,5,Lenovo,"Lenovo ThinkPad 14"" Full HD IPS Business Laptop | Intel Core i5-6300U | 8G RAM | 256G SSD | Mini DisplayPort | Fingerprint Reader | VGA |  Windows 7 Pro(Downgrade From Windows 10 Pro)+Win10 Pro 64bit",,849.99,0.0,https://www.newegg.com/p/1TS-000E-093K5?Item=9SIAEYJ7CK5675,//c1.neweggimages.com/NeweggImage/ProductImageCompressAll300/AEYJ_131722934862251515XykWVCmBbC.jpg
23,2WC-0001-00233,Computer Systems,Laptops / Notebooks,5,Lenovo,"Lenovo Thinkpad Flagship 14.1-inch Laptop ,Intel Core i5 up to 2.9 GHz, 12GB RAM, 256GB SSD, HD Display, Finger Print Reader, 802.11 AC WiFi, Windows 7 Pro(Downgrade From Windows 10Pro) + Win10 Pro",,889.99,0.0,https://www.newegg.com/p/1TS-000E-093K4?Item=9SIAEYJ7CK5295,//c1.neweggimages.com/NeweggImage/ProductImageCompressAll300/AEYJ_131722919948127073r9494jNz0P.jpg
24,2WC-0001-00233,Computer Systems,Laptops / Notebooks,5,HP,Newest HP 14 Premium HD Micro-edge Laptop |10Th Intel Core i3-1005G1|4GB DDR4|256GB M.2 SSD| Wi-Fi | Fast Charge| HDMI | Windows 10 | Natural Silver,,449.99,0.0,https://www.newegg.com/p/1TS-000D-06XV2?Item=9SIAEYJAHZ1085,//c1.neweggimages.com/ProductImageCompressAll300/AEYJ_1_201911111867823963.jpg
25,2WC-0001-00233,Computer Systems,Laptops / Notebooks,5,HP,Newest HP 14 inch Slim HD Micro-edge Laptop | AMD Ryzen 3 |8GB DDR4|256GB M.2 SSD| Wi-Fi | HDMI | Windows 10 | Gold,,499.99,0.0,https://www.newegg.com/p/1TS-000D-06Z44?Item=9SIAEYJAJ25982,//c1.neweggimages.com/ProductImageCompressAll300/AEYJ_1_20191111947728874.jpg
26,2WC-0001-00233,Computer Systems,Laptops / Notebooks,5,DELL,"Dell Inspiron 3480 14"" i3-8145U Dual Core upto 3.9GHz, 16GB DDR4, 256GB SSD, Intel HD Graphics 620, HDMI, Card Reader, Wi-Fi, Bluetooth, USB 3.1, Windows 10 Pro (Black) HD Notebook Laptop",,529.99,0.0,https://www.newegg.com/black-dell-inspiron-3480/p/1TS-000A-069P7?Item=9SIA65EA7J4843,//c1.neweggimages.com/ProductImageCompressAll300/A65E_1_201909241973466248.jpg
27,2WC-0001-00233,Computer Systems,Laptops / Notebooks,5,Lenovo,"Lenovo Yoga 920 13.9"" Full HD Premium Convertible 2-in-1 Thin and Light Laptop (Intel 8th Gen i7-8550U 4-C, 8GB RAM, 256GB PCIe SSD, 13.9"" FHD 1920x1080 Touch, Fingerprint, Thunderbolt3, Win 10 Pro)",,999.00,0.0,https://www.newegg.com/p/1TS-000E-0C1T3?Item=9SIA7AB8H59380,//c1.neweggimages.com/ProductImageCompressAll300/A7AB_1_201811292069527553.jpg
28,2WC-0001-00233,Computer Systems,Laptops / Notebooks,5,Lenovo,"2018 Lenovo ThinkPad X1 Carbon (6th Gen) - Windows 10 Pro - Intel Quad Core i5-8250U, 256GB NVMe-PCIe SSD, 8GB RAM, 14"" FHD IPS (1920x1080) Display, Fingerprint Reader, Black",,1399.97,0.0,https://www.newegg.com/p/1TS-000E-09X65?Item=9SIA8TK89H6317,//c1.neweggimages.com/NeweggImage/ProductImageCompressAll300/A8TK_1_201806121971492725.jpg
29,2WC-0001-00233,Computer Systems,Laptops / Notebooks,5,HP,Newest HP 14 Premium HD Micro-edge Laptop |10Th Intel Quad Core i5-1035G1|12GB DDR4|256GB NVMe SSD+16GB Intel Optane| Wi-Fi 5 (2x2)| Bluetooth | HDMI | Windows 10 Home,,599.99,0.0,https://www.newegg.com/p/1TS-000D-06T47?Item=9SIAEYJAG33044,//c1.neweggimages.com/ProductImageCompressAll300/AEYJ_1_20191102886498743.jpg
30,2WC-0001-00233,Computer Systems,Laptops / Notebooks,5,HP,Newest HP 14 Premium HD Micro-edge Laptop |10Th Intel Quad Core i5-1035G1|16GB DDR4|256GB NVMe SSD+16GB Intel Optane| Wi-Fi 5 (2x2)| Bluetooth | HDMI | Windows 10 Home,,649.99,0.0,https://www.newegg.com/p/1TS-000D-06T45?Item=9SIAEYJAG33042,//c1.neweggimages.com/ProductImageCompressAll300/AEYJ_1_20191102886498743.jpg
31,2WC-0001-00233,Computer Systems,Laptops / Notebooks,5,Lenovo,"Lenovo Business 330S Laptop- Linux Mint Cinnamon, Intel i7-8550U, 20GB RAM, 256GB PCIe NVMe SSD , 14"" FHD IPS (1920x1080) Display, Fast Charging",,1484.99,0.0,https://www.newegg.com/gray-lenovo-330s/p/1TS-000E-0D450?Item=9SIA8TK8UH6341,//c1.neweggimages.com/ProductImageCompressAll300/A8TK_1_20190304562021573.jpg
32,2WC-0001-00233,Computer Systems,Laptops / Notebooks,5,HP,"HP 14"" Full HD IPS Premium Customized Laptop Intel Core i3-8130U processor 12GB RAM 256GB SSD Backlit Keyboard Upgradable to 16GB RAM 1024GB SSD Windows 10 Silver Only 3.0lb",,524.65,0.0,https://www.newegg.com/p/1TS-000D-04DC0?Item=9SIAJZD9BG3193,//c1.neweggimages.com/ProductImageCompressAll300/AJZD_1_2019061069488849.jpg
33,2WC-0001-00233,Computer Systems,Laptops / Notebooks,5,HP,"HP 14"" Thin and Light Customized Laptop Intel Core i3-7100U processor 8GB RAM 256GB SSD Upgradable to 16GB RAM 512GB SSD Windows 10 Silver Only 3.1lb",,425.40,0.0,https://www.newegg.com/p/1TS-000D-04A74?Item=9SIAJZD9AF7660,//c1.neweggimages.com/ProductImageCompressAll300/AJZD_1_20190531660874923.jpg
34,2WC-0001-00233,Computer Systems,Laptops / Notebooks,5,HP,"HP 14"" Full HD IPS Premium Customized Laptop Intel Core i3-8130U processor 8GB RAM 256GB SSD Backlit Keyboard Upgradable to 16GB RAM 1024GB SSD Windows 10 Silver Only 3.0lb",,499.37,0.0,https://www.newegg.com/p/1TS-000D-04DB6?Item=9SIAJZD9BG3181,//c1.neweggimages.com/ProductImageCompressAll300/AJZD_1_2019061069488849.jpg
35,2WC-0001-00233,Computer Systems,Laptops / Notebooks,5,HP,"HP 14"" Thin and Light Customized Laptop Intel Core i3-7100U processor 12GB RAM 256GB SSD Upgradable to 16GB RAM 512GB SSD Windows 10 Silver Only 3.1lb",,450.06,0.0,https://www.newegg.com/p/1TS-000D-04A77?Item=9SIAJZD9AF7672,//c1.neweggimages.com/ProductImageCompressAll300/AJZD_1_20190531660874923.jpg
