,item_number,general_category,product_category,page_number,brand,model_specifications,current_promotions,price,shipping,product_links,image_link
0,N82E16834235302,Computer Systems,Laptops / Notebooks,1,ASUS,"ASUS ZenBook 14 Ultra-Slim Laptop 14"" Full HD 4-Way NanoEdge Bezel, AMD R7 3700U CPU, 8 GB RAM, 512 GB PCIe SSD, NumberPad, Windows 10 - UM433DA-DH75, Icicle Silver","Save $20 off w/ Win 10 Home Pro Upgrade combo purchase, limited offer",779.99,0.0,https://www.newegg.com/icicle-silver-asus-zenbook-um433da-dh75-mainstream/p/N82E16834235302?Item=N82E16834235302,//c1.neweggimages.com/NeweggImage/ProductImageCompressAll300/34-235-302-V01.jpg
1,1TS-000X-00VT0,Computer Systems,Laptops / Notebooks,1,Acer America,"Acer Aspire 3 15.6"" - AMD Ryzen 7 2700U Quad-core (4 Core) 2.20 GHz - 8 GB DDR4 SDRAM - 256 GB SSD - Windows 10 Home 64-bit - 1920 x 1080 - A315-41-R14K - NX.GY9AA.014 - Obsidian Black",,604.99,0.0,https://www.newegg.com/obsidian-black-acer-aspire-3-a315-41-r14k-mainstream/p/1TS-000X-00VT0?Item=9SIA8X5APC5581,//c1.neweggimages.com/NeweggImage/ProductImageCompressAll300/1TS-000X-00VT0-V13.jpg
2,2WC-0001-00233,Computer Systems,Laptops / Notebooks,1,HP,"HP Laptop ProBook 645 G4 (4LB42UT#ABA) AMD Ryzen 7 1st Gen 2700U (2.20 GHz) 8 GB Memory 256 GB PCIe NVMe SSD AMD Radeon RX Vega 10 14.0"" Windows 10 Pro 64-Bit",,799.00,0.0,https://www.newegg.com/hp-probook-645-g4-mainstream/p/2WC-0001-00233?Item=2WC-0001-00233,//c1.neweggimages.com/NeweggImage/ProductImageCompressAll300/V112_1_20190327543337532.jpg
3,1TS-000D-07XU2,Computer Systems,Laptops / Notebooks,1,HP,"HP 15 Notebook, 15.6"" HD Touch Display, AMD Ryzen 7 3700U Upto 4.0GHz, 16GB RAM, 512GB NVMe SSD, Vega 10, HDMI, Card Reader, Wi-Fi, Bluetooth, Windows 10 Pro","Due to holiday observance, orders placed between 4/7 – 4/19 will experience shipping delays",829.99,0.0,https://www.newegg.com/silver-hp-15/p/1TS-000D-07XU2?Item=9SIAA0SAT65872,//c1.neweggimages.com/ProductImageCompressAll300/AA0S_1_201912231592104651.jpg
4,1TS-000A-03YH2,Computer Systems,Laptops / Notebooks,1,DELL,"Dell Inspiron 15 5000 (5575) Laptop, 15.6”, AMD Ryzen™ 5 2500U with Radeon™ Vega8 Graphics, 1TB HDD, 4GB RAM, i5575-A410BLU-PUS Notebook PC Computer Blue",,478.80,0.0,https://www.newegg.com/p/1TS-000A-03YH2?Item=9SIA7ABB3X9998,//c1.neweggimages.com/ProductImageCompressAll300/A8X5_131916077615228605M2m1PGDC3h.jpg
5,1TS-000D-07XX0,Computer Systems,Laptops / Notebooks,1,HP,"HP 15 Notebook, 15.6"" HD Touch Display, AMD Ryzen 7 3700U Upto 4.0GHz, 16GB RAM, 256GB NVMe SSD, Vega 10, HDMI, Card Reader, Wi-Fi, Bluetooth, Windows 10 Home","Due to holiday observance, orders placed between 4/7 – 4/19 will experience shipping delays",649.99,0.0,https://www.newegg.com/silver-hp-15/p/1TS-000D-07XX0?Item=9SIAEYAAT66026,//c1.neweggimages.com/ProductImageCompressAll300/V1VV_1_201912231887637038.jpg
6,1TS-001A-02218,Computer Systems,Laptops / Notebooks,1,ASUS,"ASUS ZenBook 14 Ultra-Slim Laptop 14"" Full HD 4-Way NanoEdge Bezel, AMD R7 3700U CPU, 8 GB RAM, 512 GB PCIe SSD, NumberPad, Windows 10 - UM433DA-DH75, Icicle Silver",,949.00,0.0,https://www.newegg.com/icicle-silver-asus-zenbook-um433da-dh75-mainstream/p/1TS-001A-02218?Item=9SIA7ABB362272,//c1.neweggimages.com/NeweggImage/ProductImageCompressAll300/A7ABS200215s4FTo.jpg
7,1TS-001A-021N8,Computer Systems,Laptops / Notebooks,1,ASUS,"ASUS ZenBook 14 Ultra-Slim Laptop 14"" Full HD 4-Way NanoEdge Bezel, AMD R7 3700U CPU, 8 GB RAM, 1 TB PCIe SSD, NumberPad, Windows 10 - UM433DA-DH75, Icicle Silver",,1099.00,0.0,https://www.newegg.com/icicle-silver-asus-zenbook-um433da-dh75-mainstream/p/1TS-001A-021N8?Item=9SIA7ABB2H7424,//c1.neweggimages.com/NeweggImage/ProductImageCompressAll300/A7ABS200211AMMij.jpg
8,1TS-000E-0DDH7,Computer Systems,Laptops / Notebooks,1,Lenovo,"Lenovo Laptop ThinkPad E495 20NE0001US AMD Ryzen 7 2nd Gen 3700U (2.30 GHz) 8 GB Memory 256 GB SSD AMD Radeon RX Vega 10 14.0"" Windows 10 Pro 64-bit",,764.00,0.0,https://www.newegg.com/black-lenovo-thinkpad-e495-20ne0001us-mainstream/p/1TS-000E-0DDH7?Item=9SIACVBA1A2639,//c1.neweggimages.com/ProductImageCompressAll300/A6ZP_1_20190821935971236.jpg
9,1TS-001A-021P0,Computer Systems,Laptops / Notebooks,1,ASUS,"ASUS ZenBook 14 Ultra-Slim Laptop 14"" Full HD 4-Way NanoEdge Bezel, AMD R7 3700U CPU, 8 GB RAM, 1 TB PCIe SSD, NumberPad, Windows 10 Pro- UM433DA-DH75, Icicle Silver",,1249.00,0.0,https://www.newegg.com/icicle-silver-asus-zenbook-um433da-dh75-mainstream/p/1TS-001A-021P0?Item=9SIA7ABB2H7427,//c1.neweggimages.com/NeweggImage/ProductImageCompressAll300/A7ABS200211ePUOu.jpg
10,1TS-001A-021N9,Computer Systems,Laptops / Notebooks,1,ASUS,"ASUS ZenBook 14 Ultra-Slim Laptop 14"" Full HD 4-Way NanoEdge Bezel, AMD R7 3700U CPU, 8 GB RAM, 2 TB PCIe SSD, NumberPad, Windows 10 - UM433DA-DH75, Icicle Silver",,1299.00,0.0,https://www.newegg.com/icicle-silver-asus-zenbook-um433da-dh75-mainstream/p/1TS-001A-021N9?Item=9SIA7ABB2H7426,//c1.neweggimages.com/NeweggImage/ProductImageCompressAll300/A7ABS2002119Fp96.jpg
11,1TS-000X-00WU2,Computer Systems,Laptops / Notebooks,1,Acer America,"Acer - Nitro 5 15.6"" Laptop - AMD Ryzen 5 - 8GB Memory - AMD Radeon RX 560X - 1TB Hard Drive - Black Notebook PC Computer  AN515-42-R5ED",,null,0.0,https://www.newegg.com/black-acer-nitro-5-gaming-entertainment/p/1TS-000X-00WU2?Item=9SIAEYJB7C4546,//c1.neweggimages.com/NeweggImage/ProductImageCompressAll300/A8X5_131867479414670734nSdNgU11d0.jpg
12,1TS-000D-07XU6,Computer Systems,Laptops / Notebooks,1,HP,"HP 15 Notebook, 15.6"" HD Touch Display, AMD Ryzen 7 3700U Upto 4.0GHz, 32GB RAM, 1TB NVMe SSD, Vega 10, HDMI, Card Reader, Wi-Fi, Bluetooth, Windows 10 Pro","Due to holiday observance, orders placed between 4/7 – 4/19 will experience shipping delays",1429.99,0.0,https://www.newegg.com/silver-hp-15/p/1TS-000D-07XU6?Item=9SIAA0SAT65876,//c1.neweggimages.com/ProductImageCompressAll300/AA0S_1_201912231506438013.jpg
13,1TS-000D-07XU8,Computer Systems,Laptops / Notebooks,1,HP,"HP 15 Notebook, 15.6"" HD Touch Display, AMD Ryzen 7 3700U Upto 4.0GHz, 8GB RAM, 256GB NVMe SSD, Vega 10, HDMI, Card Reader, Wi-Fi, Bluetooth, Windows 10 Pro","Due to holiday observance, orders placed between 4/7 – 4/19 will experience shipping delays",599.00,0.0,https://www.newegg.com/silver-hp-15/p/1TS-000D-07XU8?Item=9SIAA0SAT65878,//c1.neweggimages.com/ProductImageCompressAll300/AA0S_1_201912231321062456.jpg
14,1TS-000E-0FAM1,Computer Systems,Laptops / Notebooks,1,Lenovo,"Lenovo IdeaPad 330s Notebook, 15.6"" HD Display, AMD Ryzen 5 2500U Upto 3.6GHz, 8GB RAM, 128GB NVMe SSD, Vega 8, HDMI, Card Reader, Wi-Fi, Bluetooth, Windows 10 Home","Due to holiday observance, orders placed between 4/7 – 4/19 will experience shipping delays",629.99,0.0,https://www.newegg.com/natural-silver-lenovo-ideapad-330s/p/1TS-000E-0FAM1?Item=9SIAEYAAHS7421,//c1.neweggimages.com/ProductImageCompressAll300/V1VV_1_20191107398015459.jpg
15,1TS-000D-07XU3,Computer Systems,Laptops / Notebooks,1,HP,"HP 15 Notebook, 15.6"" HD Touch Display, AMD Ryzen 7 3700U Upto 4.0GHz, 12GB RAM, 512GB NVMe SSD, Vega 10, HDMI, Card Reader, Wi-Fi, Bluetooth, Windows 10 Pro","Due to holiday observance, orders placed between 4/7 – 4/19 will experience shipping delays",749.00,0.0,https://www.newegg.com/silver-hp-15/p/1TS-000D-07XU3?Item=9SIAA0SAT65873,//c1.neweggimages.com/ProductImageCompressAll300/AA0S_1_20191223917982911.jpg
16,1TS-000D-04DS8,Computer Systems,Laptops / Notebooks,1,HP,"HP ENVY x360 - 15z Home and Business Laptop (AMD Ryzen 7 3700U 4-Core, 64GB RAM, 512GB  PCIe SSD, 15.6"" Touch  Full HD (1920x1080), AMD Vega 10, Fingerprint, Wifi, Bluetooth, Webcam, Win 10 Home)",,1858.80,0.0,https://www.newegg.com/p/1TS-000D-04DS8?Item=9SIA7AB9CW6225,//c1.neweggimages.com/ProductImageCompressAll300/V0F3_1_20190612637570189.jpg
17,1TS-000D-07XV1,Computer Systems,Laptops / Notebooks,1,HP,"HP 15 Notebook, 15.6"" HD Touch Display, AMD Ryzen 7 3700U Upto 4.0GHz, 16GB RAM, 1TB NVMe SSD, Vega 10, HDMI, Card Reader, Wi-Fi, Bluetooth, Windows 10 Pro","Due to holiday observance, orders placed between 4/7 – 4/19 will experience shipping delays",899.00,0.0,https://www.newegg.com/silver-hp-15/p/1TS-000D-07XV1?Item=9SIAA0SAT65881,//c1.neweggimages.com/ProductImageCompressAll300/AA0S_1_201912231190136038.jpg
18,1TS-001A-021P1,Computer Systems,Laptops / Notebooks,1,ASUS,"ASUS ZenBook 14 Ultra-Slim Laptop 14"" Full HD 4-Way NanoEdge Bezel, AMD R7 3700U CPU, 8 GB RAM, 2 TB PCIe SSD, NumberPad, Windows 10 Pro - UM433DA-DH75, Icicle Silver",,1449.00,0.0,https://www.newegg.com/icicle-silver-asus-zenbook-um433da-dh75-mainstream/p/1TS-001A-021P1?Item=9SIA7ABB2H7428,//c1.neweggimages.com/NeweggImage/ProductImageCompressAll300/A7ABS2002118oH6e.jpg
19,1TS-000A-04P26,Computer Systems,Laptops / Notebooks,1,DELL,"Dell Inspiron 5575 15.6"" FHD Notebook, AMD Quad-Core Ryzen 7 2700U Upto 3.8GHz, 32GB RAM, 1TB NVMe SSD + 1TB HDD, Radeon Vega 10, HDMI, Card Reader, LAN, Wi-Fi, Bluetooth, Windows 10 Pro","Due to holiday observance, orders placed between 4/7 – 4/19 will experience shipping delays",1377.99,0.0,https://www.newegg.com/silver-dell-inspiron-5575-creating-designing/p/1TS-000A-04P26?Item=9SIAA0S96V9394,//c1.neweggimages.com/ProductImageCompressAll300/AA0S_1_201905231282217582.jpg
20,1TS-000D-07XU1,Computer Systems,Laptops / Notebooks,1,HP,"HP 15 Notebook, 15.6"" HD Touch Display, AMD Ryzen 7 3700U Upto 4.0GHz, 8GB RAM, 128GB NVMe SSD, Vega 10, HDMI, Card Reader, Wi-Fi, Bluetooth, Windows 10 Pro","Due to holiday observance, orders placed between 4/7 – 4/19 will experience shipping delays",599.00,0.0,https://www.newegg.com/silver-hp-15/p/1TS-000D-07XU1?Item=9SIAA0SAT65871,//c1.neweggimages.com/ProductImageCompressAll300/V0N6_1_20191223377423411.jpg
21,1TS-000E-0FAH0,Computer Systems,Laptops / Notebooks,1,Lenovo,"Lenovo IdeaPad 330s Notebook, 15.6"" HD Display, AMD Ryzen 5 2500U Upto 3.6GHz, 8GB RAM, 128GB NVMe SSD, Vega 8, HDMI, Card Reader, Wi-Fi, Bluetooth, Windows 10 Pro","Due to holiday observance, orders placed between 4/7 – 4/19 will experience shipping delays",629.99,0.0,https://www.newegg.com/natural-silver-lenovo-ideapad-330s/p/1TS-000E-0FAH0?Item=9SIAA0SAHS7341,//c1.neweggimages.com/ProductImageCompressAll300/AA0S_1_20191107578138973.jpg
22,1TS-000E-0FAJ2,Computer Systems,Laptops / Notebooks,1,Lenovo,"Lenovo IdeaPad 330s Notebook, 15.6"" HD Display, AMD Ryzen 5 2500U Upto 3.6GHz, 12GB RAM, 512GB NVMe SSD, Vega 8, HDMI, Card Reader, Wi-Fi, Bluetooth, Windows 10 Home","Due to holiday observance, orders placed between 4/7 – 4/19 will experience shipping delays",831.99,0.0,https://www.newegg.com/natural-silver-lenovo-ideapad-330s/p/1TS-000E-0FAJ2?Item=9SIAEYAAHS7402,//c1.neweggimages.com/ProductImageCompressAll300/AEYA_1_20191107808990306.jpg
23,1TS-000A-0A161,Computer Systems,Laptops / Notebooks,1,DELL,"Dell Inspiron 3000 Home and Business Laptop (AMD Ryzen 5 2500U 4-Core, 64GB RAM, 4TB  SATA SSD, 15.6"" HD (1366x768), AMD Vega 8, Wifi, Bluetooth, Webcam, 2xUSB 3.1, 1xHDMI, SD Card, Win 10 Pro)",,1999.00,0.0,https://www.newegg.com/p/1TS-000A-0A161?Item=9SIA7ABB9V7733,//c1.neweggimages.com/ProductImageCompressAll300/V2X1_1_20200407231353743.jpg
24,1TS-000D-076V2,Computer Systems,Laptops / Notebooks,1,HP,"HP Pavilion 15 Notebook, 15.6"" FHD Display, AMD Ryzen 5 3550H Upto 3.7GHz, 16GB RAM, 512GB NVMe SSD + 1TB HDD, NVIDIA GeForce GTX 1050, HDMI, Card Reader, Wi-Fi, Bluetooth, Windows 10 Pro","Due to holiday observance, orders placed between 4/7 – 4/19 will experience shipping delays",889.99,0.0,https://www.newegg.com/black-hp-pavilion-15/p/1TS-000D-076V2?Item=9SIAA0SAM70533,//c1.neweggimages.com/ProductImageCompressAll300/AA0SS191126FzXd2.jpg
25,1TS-000D-07XX2,Computer Systems,Laptops / Notebooks,1,HP,"HP 15 Notebook, 15.6"" HD Touch Display, AMD Ryzen 7 3700U up to 4.0 GHz, 12 GB RAM, 512 GB NVMe SSD, Vega 10, HDMI, Card Reader, Wi-Fi, Bluetooth, Windows 10 Home","Due to holiday observance, orders placed between 4/7 – 4/19 will experience shipping delays",749.00,0.0,https://www.newegg.com/silver-hp-15/p/1TS-000D-07XX2?Item=9SIAEYAAT66028,//c1.neweggimages.com/ProductImageCompressAll300/AEYA_1_201912231590138563.jpg
26,1TS-000D-04DV0,Computer Systems,Laptops / Notebooks,1,HP,"HP ENVY x360 - 15z Home and Business Laptop (AMD Ryzen 7 3700U 4-Core, 32GB RAM, 256GB  SATA SSD, 15.6"" Touch  Full HD (1920x1080), AMD Vega 10, Fingerprint, Wifi, Bluetooth, Webcam, Win 10 Home)",,1558.80,0.0,https://www.newegg.com/p/1TS-000D-04DV0?Item=9SIA7AB9CW6247,//c1.neweggimages.com/ProductImageCompressAll300/V0F3_1_20190612637570189.jpg
27,1TS-000D-076Z2,Computer Systems,Laptops / Notebooks,1,HP,"HP Pavilion 15 Notebook, 15.6"" FHD Display, AMD Ryzen 5 3550H Upto 3.7GHz, 16GB RAM, 512GB NVMe SSD, NVIDIA GeForce GTX 1050, HDMI, Card Reader, Wi-Fi, Bluetooth, Windows 10 Home","Due to holiday observance, orders placed between 4/7 – 4/19 will experience shipping delays",839.99,0.0,https://www.newegg.com/black-hp-pavilion-15/p/1TS-000D-076Z2?Item=9SIAEYAAM70619,//c1.neweggimages.com/ProductImageCompressAll300/AEYAS191127fdRst.jpg
28,1TS-000D-07XV4,Computer Systems,Laptops / Notebooks,1,HP,"HP 15 Notebook, 15.6"" HD Touch Display, AMD Ryzen 7 3700U Upto 4.0GHz, 12GB RAM, 256GB NVMe SSD, Vega 10, HDMI, Card Reader, Wi-Fi, Bluetooth, Windows 10 Pro","Due to holiday observance, orders placed between 4/7 – 4/19 will experience shipping delays",699.00,0.0,https://www.newegg.com/silver-hp-15/p/1TS-000D-07XV4?Item=9SIAA0SAT65884,//c1.neweggimages.com/ProductImageCompressAll300/AA0S_1_20191223382086982.jpg
29,1TS-000D-07XW7,Computer Systems,Laptops / Notebooks,1,HP,"HP 15 Notebook, 15.6"" HD Touch Display, AMD Ryzen 7 3700U Upto 4.0GHz, 32GB RAM, 1TB NVMe SSD, Vega 10, HDMI, Card Reader, Wi-Fi, Bluetooth, Windows 10 Home","Due to holiday observance, orders placed between 4/7 – 4/19 will experience shipping delays",1429.99,0.0,https://www.newegg.com/silver-hp-15/p/1TS-000D-07XW7?Item=9SIAEYAAT66022,//c1.neweggimages.com/ProductImageCompressAll300/AEYA_1_201912231024761653.jpg
30,1TS-000E-0FAF2,Computer Systems,Laptops / Notebooks,1,Lenovo,"Lenovo IdeaPad 330s Notebook, 15.6"" HD Display, AMD Ryzen 5 2500U Upto 3.6GHz, 12GB RAM, 512GB NVMe SSD, Vega 8, HDMI, Card Reader, Wi-Fi, Bluetooth, Windows 10 Pro","Due to holiday observance, orders placed between 4/7 – 4/19 will experience shipping delays",857.99,0.0,https://www.newegg.com/natural-silver-lenovo-ideapad-330s/p/1TS-000E-0FAF2?Item=9SIAA0SAHS7323,//c1.neweggimages.com/ProductImageCompressAll300/AA0S_1_20191107860315826.jpg
31,1TS-000E-0FAE7,Computer Systems,Laptops / Notebooks,1,Lenovo,"Lenovo IdeaPad 330s Notebook, 15.6"" HD Display, AMD Ryzen 5 2500U Upto 3.6GHz, 20GB RAM, 256GB NVMe SSD, Vega 8, HDMI, Card Reader, Wi-Fi, Bluetooth, Windows 10 Pro","Due to holiday observance, orders placed between 4/7 – 4/19 will experience shipping delays",870.99,0.0,https://www.newegg.com/natural-silver-lenovo-ideapad-330s/p/1TS-000E-0FAE7?Item=9SIAA0SAHS7318,//c1.neweggimages.com/ProductImageCompressAll300/AA0S_1_201911071509759320.jpg
32,1TS-000D-07XW0,Computer Systems,Laptops / Notebooks,1,HP,"HP 15 Notebook, 15.6"" HD Touch Display, AMD Ryzen 7 3700U Upto 4.0GHz, 32GB RAM, 512GB NVMe SSD, Vega 10, HDMI, Card Reader, Wi-Fi, Bluetooth, Windows 10 Home","Due to holiday observance, orders placed between 4/7 – 4/19 will experience shipping delays",1129.99,0.0,https://www.newegg.com/silver-hp-15/p/1TS-000D-07XW0?Item=9SIAEYAAT66015,//c1.neweggimages.com/ProductImageCompressAll300/AEYA_1_201912232024620164.jpg
33,1TS-000E-0FAG3,Computer Systems,Laptops / Notebooks,1,Lenovo,"Lenovo IdeaPad 330s Notebook, 15.6"" HD Display, AMD Ryzen 5 2500U Upto 3.6GHz, 8GB RAM, 256GB NVMe SSD, Vega 8, HDMI, Card Reader, Wi-Fi, Bluetooth, Windows 10 Pro","Due to holiday observance, orders placed between 4/7 – 4/19 will experience shipping delays",699.99,0.0,https://www.newegg.com/natural-silver-lenovo-ideapad-330s/p/1TS-000E-0FAG3?Item=9SIAA0SAHS7334,//c1.neweggimages.com/ProductImageCompressAll300/AA0S_1_201911072103934440.jpg
34,1TS-000D-07XV8,Computer Systems,Laptops / Notebooks,1,HP,"HP 15 Notebook, 15.6"" HD Touch Display, AMD Ryzen 7 3700U Upto 4.0GHz, 8GB RAM, 512GB NVMe SSD, Vega 10, HDMI, Card Reader, Wi-Fi, Bluetooth, Windows 10 Pro","Due to holiday observance, orders placed between 4/7 – 4/19 will experience shipping delays",699.00,0.0,https://www.newegg.com/silver-hp-15/p/1TS-000D-07XV8?Item=9SIAA0SAT65888,//c1.neweggimages.com/ProductImageCompressAll300/AA0S_1_20191223646496796.jpg
35,1TS-000D-07XW2,Computer Systems,Laptops / Notebooks,1,HP,"HP 15 Notebook, 15.6"" HD Touch Display, AMD Ryzen 7 3700U Upto 4.0GHz, 16GB RAM, 512GB NVMe SSD, Vega 10, HDMI, Card Reader, Wi-Fi, Bluetooth, Windows 10 Home","Due to holiday observance, orders placed between 4/7 – 4/19 will experience shipping delays",829.99,0.0,https://www.newegg.com/silver-hp-15/p/1TS-000D-07XW2?Item=9SIAEYAAT66017,//c1.neweggimages.com/ProductImageCompressAll300/AEYA_1_20191223985220936.jpg
