,item_number,general_category,product_category,page_number,brand,model_specifications,current_promotions,price,shipping,product_links,image_link
0,1TS-001A-00V10,Computer Systems,Laptops / Notebooks,7,ASUS,"ASUS TUF705 Gaming and Entertainment Laptop (AMD Ryzen 7 3750H 4-Core, 64GB RAM, 512GB  SATA SSD, 17.3"" Full HD (1920x1080), NVIDIA GTX 1660 Ti, ) with ROG CASE , GT300 Mouse , GM50 Mouse pad",,2387.99,0.0,https://www.newegg.com/p/1TS-001A-00V10?Item=9SIA7AB9VN6509,//c1.neweggimages.com/ProductImageCompressAll300/A7AB_1_201908161622343265.jpg
1,1TS-001A-00V08,Computer Systems,Laptops / Notebooks,7,ASUS,"ASUS TUF705 Gaming and Entertainment Laptop (AMD Ryzen 7 3750H 4-Core, 16GB RAM, 1TB  SATA SSD, 17.3"" Full HD (1920x1080), NVIDIA GTX 1660 Ti, Win 10 Pro) with ROG CASE , GT300 Mouse , GM50 Mouse pad",,2207.99,0.0,https://www.newegg.com/p/1TS-001A-00V08?Item=9SIA7AB9VN6507,//c1.neweggimages.com/ProductImageCompressAll300/A7AB_1_201908161622343265.jpg
2,1TS-001A-00V14,Computer Systems,Laptops / Notebooks,7,ASUS,"ASUS TUF705 Gaming and Entertainment Laptop (AMD Ryzen 7 3750H 4-Core, 64GB RAM, 1TB  SATA SSD, 17.3"" Full HD (1920x1080), NVIDIA GTX 1660 Ti, Win 10 Home) with ROG CASE , GT300 Mouse , GM50 Mouse pad",,2507.99,0.0,https://www.newegg.com/p/1TS-001A-00V14?Item=9SIA7AB9VN6513,//c1.neweggimages.com/ProductImageCompressAll300/A7AB_1_201908161622343265.jpg
3,1TS-001A-00V15,Computer Systems,Laptops / Notebooks,7,ASUS,"ASUS TUF705 Gaming and Entertainment Laptop (AMD Ryzen 7 3750H 4-Core, 32GB RAM, 1TB  SATA SSD, 17.3"" Full HD (1920x1080), NVIDIA GTX 1660 Ti, Win 10 Home) with ROG CASE , GT300 Mouse , GM50 Mouse pad",Free Expedited Shipping,2267.99,0.0,https://www.newegg.com/p/1TS-001A-00V15?Item=9SIA7AB9VN6514,//c1.neweggimages.com/ProductImageCompressAll300/A7AB_1_201908161622343265.jpg
4,1TS-001A-00V11,Computer Systems,Laptops / Notebooks,7,ASUS,"ASUS TUF705 Gaming and Entertainment Laptop (AMD Ryzen 7 3750H 4-Core, 32GB RAM, 4TB  SATA SSD, 17.3"" Full HD (1920x1080), NVIDIA GTX 1660 Ti, Win 10 Pro) with ROG CASE , GT300 Mouse , GM50 Mouse pad",Free Expedited Shipping,3227.99,0.0,https://www.newegg.com/p/1TS-001A-00V11?Item=9SIA7AB9VN6510,//c1.neweggimages.com/ProductImageCompressAll300/A7AB_1_201908161622343265.jpg
5,1TS-001A-00V04,Computer Systems,Laptops / Notebooks,7,ASUS,"ASUS TUF705 Gaming and Entertainment Laptop (AMD Ryzen 7 3750H 4-Core, 16GB RAM, 2TB  SATA SSD, 17.3"" Full HD (1920x1080), NVIDIA GTX 1660 Ti, Win 10 Home) with ROG CASE , GT300 Mouse , GM50 Mouse pad",Free Expedited Shipping,2207.99,0.0,https://www.newegg.com/p/1TS-001A-00V04?Item=9SIA7AB9VN6503,//c1.neweggimages.com/ProductImageCompressAll300/A7AB_1_201908161622343265.jpg
6,1TS-001A-00V18,Computer Systems,Laptops / Notebooks,7,ASUS,"ASUS TUF705 Gaming and Entertainment Laptop (AMD Ryzen 7 3750H 4-Core, 64GB RAM, 2TB  SATA SSD, 17.3"" Full HD (1920x1080), NVIDIA GTX 1660 Ti, Win 10 Home) with ROG CASE , GT300 Mouse , GM50 Mouse pad",Free Expedited Shipping,2687.99,0.0,https://www.newegg.com/p/1TS-001A-00V18?Item=9SIA7AB9VN6517,//c1.neweggimages.com/ProductImageCompressAll300/A7AB_1_201908161622343265.jpg
7,1TS-001A-00V03,Computer Systems,Laptops / Notebooks,7,ASUS,"ASUS TUF705 Gaming and Entertainment Laptop (AMD Ryzen 7 3750H 4-Core, 16GB RAM, 512GB  SATA SSD, 17.3"" Full HD (1920x1080), NVIDIA GTX 1660 Ti, ) with ROG CASE , GT300 Mouse , GM50 Mouse pad",Free Expedited Shipping,2087.99,0.0,https://www.newegg.com/p/1TS-001A-00V03?Item=9SIA7AB9VN6502,//c1.neweggimages.com/ProductImageCompressAll300/A7AB_1_201908161622343265.jpg
8,1TS-001A-00V13,Computer Systems,Laptops / Notebooks,7,ASUS,"ASUS TUF705 Gaming and Entertainment Laptop (AMD Ryzen 7 3750H 4-Core, 16GB RAM, 2TB  SATA SSD, 17.3"" Full HD (1920x1080), NVIDIA GTX 1660 Ti, Win 10 Pro) with ROG CASE , GT300 Mouse , GM50 Mouse pad",Free Expedited Shipping,2387.99,0.0,https://www.newegg.com/p/1TS-001A-00V13?Item=9SIA7AB9VN6512,//c1.neweggimages.com/ProductImageCompressAll300/A7AB_1_201908161622343265.jpg
9,1TS-001A-00V00,Computer Systems,Laptops / Notebooks,7,ASUS,"ASUS TUF705 Gaming and Entertainment Laptop (AMD Ryzen 7 3750H 4-Core, 16GB RAM, 1TB  SATA SSD, 17.3"" Full HD (1920x1080), NVIDIA GTX 1660 Ti, Win 10 Home) with ROG CASE , GT300 Mouse , GM50 Mouse pad",Free Expedited Shipping,2027.99,0.0,https://www.newegg.com/p/1TS-001A-00V00?Item=9SIA7AB9VN6499,//c1.neweggimages.com/ProductImageCompressAll300/A7AB_1_201908161622343265.jpg
10,1TS-001A-00V17,Computer Systems,Laptops / Notebooks,7,ASUS,"ASUS TUF705 Gaming and Entertainment Laptop (AMD Ryzen 7 3750H 4-Core, 16GB RAM, 4TB  SATA SSD, 17.3"" Full HD (1920x1080), NVIDIA GTX 1660 Ti, Win 10 Pro) with ROG CASE , GT300 Mouse , GM50 Mouse pad",Free Expedited Shipping,2987.99,0.0,https://www.newegg.com/p/1TS-001A-00V17?Item=9SIA7AB9VN6516,//c1.neweggimages.com/ProductImageCompressAll300/A7AB_1_201908161622343265.jpg
11,1TS-001A-00V01,Computer Systems,Laptops / Notebooks,7,ASUS,"ASUS TUF705 Gaming and Entertainment Laptop (AMD Ryzen 7 3750H 4-Core, 32GB RAM, 512GB  SATA SSD, 17.3"" Full HD (1920x1080), NVIDIA GTX 1660 Ti, ) with ROG CASE , GT300 Mouse , GM50 Mouse pad",Free Expedited Shipping,2327.99,0.0,https://www.newegg.com/p/1TS-001A-00V01?Item=9SIA7AB9VN6500,//c1.neweggimages.com/ProductImageCompressAll300/A7AB_1_201908161622343265.jpg
12,1TS-001A-00UZ9,Computer Systems,Laptops / Notebooks,7,ASUS,"ASUS TUF705 Gaming and Entertainment Laptop (AMD Ryzen 7 3750H 4-Core, 32GB RAM, 2TB  SATA SSD, 17.3"" Full HD (1920x1080), NVIDIA GTX 1660 Ti, Win 10 Home) with ROG CASE , GT300 Mouse , GM50 Mouse pad",Free Expedited Shipping,2447.99,0.0,https://www.newegg.com/p/1TS-001A-00UZ9?Item=9SIA7AB9VN6498,//c1.neweggimages.com/ProductImageCompressAll300/A7AB_1_201908161622343265.jpg
13,1TS-001A-00V06,Computer Systems,Laptops / Notebooks,7,ASUS,"ASUS TUF705 Gaming and Entertainment Laptop (AMD Ryzen 7 3750H 4-Core, 32GB RAM, 4TB  SATA SSD, 17.3"" Full HD (1920x1080), NVIDIA GTX 1660 Ti, Win 10 Home) with ROG CASE , GT300 Mouse , GM50 Mouse pad",Free Expedited Shipping,3047.99,0.0,https://www.newegg.com/p/1TS-001A-00V06?Item=9SIA7AB9VN6505,//c1.neweggimages.com/ProductImageCompressAll300/A7AB_1_201908161622343265.jpg
14,1TS-001A-00V12,Computer Systems,Laptops / Notebooks,7,ASUS,"ASUS TUF705 Gaming and Entertainment Laptop (AMD Ryzen 7 3750H 4-Core, 32GB RAM, 512GB  SATA SSD, 17.3"" Full HD (1920x1080), NVIDIA GTX 1660 Ti, ) with ROG CASE , GT300 Mouse , GM50 Mouse pad",Free Expedited Shipping,2147.99,0.0,https://www.newegg.com/p/1TS-001A-00V12?Item=9SIA7AB9VN6511,//c1.neweggimages.com/ProductImageCompressAll300/A7AB_1_201908161622343265.jpg
15,1TS-000E-0FAF6,Computer Systems,Laptops / Notebooks,7,Lenovo,"Lenovo IdeaPad 330s Notebook, 15.6"" HD Display, AMD Ryzen 5 2500U Upto 3.6GHz, 20GB RAM, 128GB NVMe SSD + 1TB HDD, Vega 8, HDMI, Card Reader, Wi-Fi, Bluetooth, Windows 10 Pro","Due to holiday observance, orders placed between 4/7 – 4/19 will experience shipping delays",883.99,0.0,https://www.newegg.com/natural-silver-lenovo-ideapad-330s/p/1TS-000E-0FAF6?Item=9SIAA0SAHS7327,//c1.neweggimages.com/ProductImageCompressAll300/AA0S_1_20191107569829573.jpg
16,1TS-000A-04P72,Computer Systems,Laptops / Notebooks,7,DELL,"Dell Inspiron 5575 15.6"" FHD Notebook, AMD Quad-Core Ryzen 7 2700U Upto 3.8GHz, 8GB RAM, 1TB SSD, Radeon Vega 10, HDMI, Card Reader, LAN, Wi-Fi, Bluetooth, Windows 10 Home","Due to holiday observance, orders placed between 4/7 – 4/19 will experience shipping delays",1059.49,0.0,https://www.newegg.com/silver-dell-inspiron-5575-creating-designing/p/1TS-000A-04P72?Item=9SIAEYA96W2019,//c1.neweggimages.com/ProductImageCompressAll300/AA0S_1_201905231432136847.jpg
17,1TS-000A-04P21,Computer Systems,Laptops / Notebooks,7,DELL,"Dell Inspiron 5575 15.6"" FHD Notebook, AMD Quad-Core Ryzen 7 2700U Upto 3.8GHz, 16GB RAM, 256GB SSD, Radeon Vega 10, HDMI, Card Reader, LAN, Wi-Fi, Bluetooth, Windows 10 Pro","Due to holiday observance, orders placed between 4/7 – 4/19 will experience shipping delays",974.99,0.0,https://www.newegg.com/silver-dell-inspiron-5575-creating-designing/p/1TS-000A-04P21?Item=9SIAA0S96V9387,//c1.neweggimages.com/ProductImageCompressAll300/AA0S_1_201905231282217582.jpg
18,1TS-000E-0FAG8,Computer Systems,Laptops / Notebooks,7,Lenovo,"Lenovo IdeaPad 330s Notebook, 15.6"" HD Display, AMD Ryzen 5 2500U Upto 3.6GHz, 20GB RAM, 256GB NVMe SSD + 1TB HDD, Vega 8, HDMI, Card Reader, Wi-Fi, Bluetooth, Windows 10 Pro","Due to holiday observance, orders placed between 4/7 – 4/19 will experience shipping delays",909.99,0.0,https://www.newegg.com/natural-silver-lenovo-ideapad-330s/p/1TS-000E-0FAG8?Item=9SIAA0SAHS7339,//c1.neweggimages.com/ProductImageCompressAll300/AA0S_1_201911072018752155.jpg
19,1TS-000A-03N16,Computer Systems,Laptops / Notebooks,7,DELL,"Dell Inspiron 15 Premium Home and Business Laptop (AMD Ryzen 5 2500U Quad-Core, 16GB RAM, 2TB Sata SSD, 15.6"" Full HD (1920 x 1080) Touchscreen, AMD Radeon Vega 8, DVD, Win 10 Home)",,1099.00,0.0,https://www.newegg.com/p/1TS-000A-03N16?Item=9SIA7AB86U0560,//c1.neweggimages.com/NeweggImage/ProductImageCompressAll300/A97K_1_201810112021626296.jpg
20,1TS-000A-08JG6,Computer Systems,Laptops / Notebooks,7,DELL,"Dell Inspiron 5000 Series 15.6"" Customized Laptop | AMD Ryzen 7 2700U Quad-Core | 16GB RAM 256GB SSD 500GB HDD | Full HD | Radeon Vega 10 Graphics | Windows 10 Home Silver",,752.69,0.0,https://www.newegg.com/p/1TS-000A-08JG6?Item=9SIAJZDAY87038,//c1.neweggimages.com/ProductImageCompressAll300/AJZD_1_20200121335570724.jpg
21,1TS-000D-089G2,Computer Systems,Laptops / Notebooks,7,HP,"HP 17 Notebook, 17.3"" HD+ Display, AMD Ryzen 7 3700U Upto 4.0GHz, 16GB RAM, 256GB NVMe SSD + 1TB HDD, Vega 10, DVDRW, HDMI, Card Reader, Wi-Fi, Bluetooth, Windows 10 Home","Due to holiday observance, orders placed between 4/7 – 4/19 will experience shipping delays",999.99,0.0,https://www.newegg.com/black-textured-hp-17/p/1TS-000D-089G2?Item=9SIAEYAB011155,//c1.neweggimages.com/ProductImageCompressAll300/AEYA_1_202002041420954086.jpg
22,1TS-000D-089G6,Computer Systems,Laptops / Notebooks,7,HP,"HP 17 Notebook, 17.3"" HD+ Display, AMD Ryzen 7 3700U Upto 4.0GHz, 8GB RAM, 256GB NVMe SSD + 1TB HDD, Vega 10, DVDRW, HDMI, Card Reader, Wi-Fi, Bluetooth, Windows 10 Home","Due to holiday observance, orders placed between 4/7 – 4/19 will experience shipping delays",899.99,0.0,https://www.newegg.com/black-textured-hp-17/p/1TS-000D-089G6?Item=9SIAEYAB011159,//c1.neweggimages.com/ProductImageCompressAll300/AEYA_1_20200204809149623.jpg
23,1TS-000D-09912,Computer Systems,Laptops / Notebooks,7,HP,"HP ProBook 445R G6 Notebook, 14"" FHD Display, AMD Ryzen 5 3500U Upto 3.7GHz, 16GB RAM, 128GB NVMe SSD + 1TB HDD, Vega 8, HDMI, DisplayPort via USB-C, Card Reader, Wi-Fi, Bluetooth, Windows 10 Pro","Due to holiday observance, orders placed between 4/7 – 4/19 will experience shipping delays",849.99,0.0,https://www.newegg.com/silver-hp-probook-445r-g6/p/1TS-000D-09912?Item=9SIAA0SB1C3477,//c1.neweggimages.com/ProductImageCompressAll300/AA0S_1_20200218506713667.jpg
24,1TS-000D-089D8,Computer Systems,Laptops / Notebooks,7,HP,"HP 17 Notebook, 17.3"" HD+ Display, AMD Ryzen 7 3700U Upto 4.0GHz, 8GB RAM, 128GB NVMe SSD + 1TB HDD, Vega 10, DVDRW, HDMI, Card Reader, Wi-Fi, Bluetooth, Windows 10 Pro","Due to holiday observance, orders placed between 4/7 – 4/19 will experience shipping delays",829.99,0.0,https://www.newegg.com/black-textured-hp-17/p/1TS-000D-089D8?Item=9SIAA0SB011097,//c1.neweggimages.com/ProductImageCompressAll300/AA0S_1_20200204494889376.jpg
25,1TS-000D-089D0,Computer Systems,Laptops / Notebooks,7,HP,"HP 17 Notebook, 17.3"" HD+ Display, AMD Ryzen 7 3700U Upto 4.0GHz, 32GB RAM, 512GB NVMe SSD + 1TB HDD, Vega 10, DVDRW, HDMI, Card Reader, Wi-Fi, Bluetooth, Windows 10 Pro","Due to holiday observance, orders placed between 4/7 – 4/19 will experience shipping delays",1329.99,0.0,https://www.newegg.com/black-textured-hp-17/p/1TS-000D-089D0?Item=9SIAA0SB011089,//c1.neweggimages.com/ProductImageCompressAll300/AA0S_1_202002041917028356.jpg
26,1TS-000D-09931,Computer Systems,Laptops / Notebooks,7,HP,"HP ProBook 445R G6 Notebook, 14"" FHD Display, AMD Ryzen 5 3500U Upto 3.7GHz, 8GB RAM, 512GB NVMe SSD + 1TB HDD, Vega 8, HDMI, DisplayPort via USB-C, Card Reader, Wi-Fi, Bluetooth, Windows 10 Pro","Due to holiday observance, orders placed between 4/7 – 4/19 will experience shipping delays",929.99,0.0,https://www.newegg.com/silver-hp-probook-445r-g6/p/1TS-000D-09931?Item=9SIAA0SB1C3496,//c1.neweggimages.com/ProductImageCompressAll300/AA0S_1_20200218193768495.jpg
27,1TS-000E-0GZM4,Computer Systems,Laptops / Notebooks,7,Lenovo,"Lenovo Ideapad 330s 15.6"" Customized Business Laptop | AMD Ryzen 5 2500U Quad-Core | 12GB RAM 128GB SSD | Full HD IPS | Radeon Vega 8 Graphics | Only 3.96lb | Windows 10 Home Grey",,574.04,0.0,https://www.newegg.com/p/1TS-000E-0GZM4?Item=9SIAJZDAWC4616,//c1.neweggimages.com/ProductImageCompressAll300/AJZD_1_20200113941713989.jpg
28,1TS-000E-0GZK0,Computer Systems,Laptops / Notebooks,7,Lenovo,"Lenovo Ideapad 330s 15.6"" Customized Business Laptop | AMD Ryzen 5 2500U Quad-Core | 8GB RAM 512GB SSD | Full HD IPS | Radeon Vega 8 Graphics | Only 3.96lb | Windows 10 Home Grey",,599.00,0.0,https://www.newegg.com/p/1TS-000E-0GZK0?Item=9SIAJZDAWC4602,//c1.neweggimages.com/ProductImageCompressAll300/AJZD_1_20200113941713989.jpg
29,1TS-000A-08JK3,Computer Systems,Laptops / Notebooks,7,DELL,"Dell Inspiron 5000 Series 15.6"" Customized Laptop | AMD Ryzen 7 2700U Quad-Core | 16GB RAM 1024GB SSD 1TB HDD | Full HD | Radeon Vega 10 Graphics | Windows 10 Home Silver",,906.30,0.0,https://www.newegg.com/p/1TS-000A-08JK3?Item=9SIAJZDAY87066,//c1.neweggimages.com/ProductImageCompressAll300/AJZD_1_20200121335570724.jpg
30,1TS-000E-0GZT7,Computer Systems,Laptops / Notebooks,7,Lenovo,"Lenovo Ideapad 330s 15.6"" Customized Business Laptop | AMD Ryzen 5 2500U Quad-Core | 12GB RAM 256GB SSD 1TB HDD | Full HD IPS | Radeon Vega 8 Graphics | Only 3.96lb | Windows 10 Home Grey",,648.92,0.0,https://www.newegg.com/p/1TS-000E-0GZT7?Item=9SIAJZDAWC4674,//c1.neweggimages.com/ProductImageCompressAll300/AJZD_1_20200113941713989.jpg
31,1TS-000D-089G5,Computer Systems,Laptops / Notebooks,7,HP,"HP 17 Notebook, 17.3"" HD+ Display, AMD Ryzen 7 3700U Upto 4.0GHz, 32GB RAM, 1TB SSD, Vega 10, DVDRW, HDMI, Card Reader, Wi-Fi, Bluetooth, Windows 10 Home","Due to holiday observance, orders placed between 4/7 – 4/19 will experience shipping delays",1429.99,0.0,https://www.newegg.com/black-textured-hp-17/p/1TS-000D-089G5?Item=9SIAEYAB011158,//c1.neweggimages.com/ProductImageCompressAll300/AEYA_1_202002041503315776.jpg
32,1TS-000E-0GZT6,Computer Systems,Laptops / Notebooks,7,Lenovo,"Lenovo Ideapad 330s 15.6"" Customized Business Laptop | AMD Ryzen 5 2500U Quad-Core | 12GB RAM 512GB SSD 1TB HDD | Full HD IPS | Radeon Vega 8 Graphics | Only 3.96lb | Windows 10 Home Grey",,682.20,0.0,https://www.newegg.com/p/1TS-000E-0GZT6?Item=9SIAJZDAWC4673,//c1.neweggimages.com/ProductImageCompressAll300/AJZD_1_20200113941713989.jpg
33,1TS-000D-09920,Computer Systems,Laptops / Notebooks,7,HP,"HP ProBook 445R G6 Notebook, 14"" FHD Display, AMD Ryzen 5 3500U Upto 3.7GHz, 16GB RAM, 512GB NVMe SSD, Vega 8, HDMI, DisplayPort via USB-C, Card Reader, Wi-Fi, Bluetooth, Windows 10 Pro","Due to holiday observance, orders placed between 4/7 – 4/19 will experience shipping delays",979.99,0.0,https://www.newegg.com/silver-hp-probook-445r-g6/p/1TS-000D-09920?Item=9SIAA0SB1C3485,//c1.neweggimages.com/ProductImageCompressAll300/AA0S_1_20200218853731708.jpg
34,1TS-000D-089F7,Computer Systems,Laptops / Notebooks,7,HP,"HP 17 Notebook, 17.3"" HD+ Display, AMD Ryzen 7 3700U Upto 4.0GHz, 32GB RAM, 2TB SSD, Vega 10, DVDRW, HDMI, Card Reader, Wi-Fi, Bluetooth, Windows 10 Home","Due to holiday observance, orders placed between 4/7 – 4/19 will experience shipping delays",1629.99,0.0,https://www.newegg.com/black-textured-hp-17/p/1TS-000D-089F7?Item=9SIAEYAB011150,//c1.neweggimages.com/ProductImageCompressAll300/AEYA_1_202002043490071.jpg
35,1TS-001A-024D4,Computer Systems,Laptops / Notebooks,7,ASUS,"ASUS TUF Gaming FX505D 15.6"" Quad Core AMD Ryzen 7 up to 4.0GHz, 8GB DDR4, 256GB NVME SSD, Nvidia GeForce GTX 1650 4GB, HDMI, Wi-Fi, Bluetooth, USB 3.1, Windows 10 Pro (Black) Laptop",,999.99,0.0,https://www.newegg.com/black-asus-tuf-fx505dt-wb72/p/1TS-001A-024D4?Item=9SIA65EB6C8446,//c1.neweggimages.com/ProductImageCompressAll300/A65E_1_20200311335006281.jpg
