,item_number,general_category,product_category,page_number,brand,model_specifications,current_promotions,price,shipping,product_links,image_link
0,1TS-001A-01U46,Computer Systems,Laptops / Notebooks,5,ASUS,"ASUS FX705DT 17.3"" Customized Gaming Laptop | AMD Ryzen 7 3750H Processor | 32GB RAM 256GB SSD 500GB HDD | GeForce GTX 1650 4GB GDDR5 | RGB Backlit Keyboard | Windows 10 Black",,1144.24,0.0,https://www.newegg.com/p/1TS-001A-01U46?Item=9SIAJZDAZ84364,//c1.neweggimages.com/ProductImageCompressAll300/AJZD_1_202001281913377908.jpg
1,1TS-001A-01U50,Computer Systems,Laptops / Notebooks,5,ASUS,"ASUS FX705DT 17.3"" Customized Gaming Laptop | AMD Ryzen 7 3750H Processor | 32GB RAM 256GB SSD 1TB HDD | GeForce GTX 1650 4GB GDDR5 | RGB Backlit Keyboard | Windows 10 Black",,1165.05,0.0,https://www.newegg.com/p/1TS-001A-01U50?Item=9SIAJZDAZ84369,//c1.neweggimages.com/ProductImageCompressAll300/AJZD_1_202001281913377908.jpg
2,1TS-001A-01U49,Computer Systems,Laptops / Notebooks,5,ASUS,"ASUS FX705DT 17.3"" Customized Gaming Laptop | AMD Ryzen 7 3750H Processor | 24GB RAM 1024GB SSD 1TB HDD | GeForce GTX 1650 4GB GDDR5 | RGB Backlit Keyboard | Windows 10 Black",,1213.59,0.0,https://www.newegg.com/p/1TS-001A-01U49?Item=9SIAJZDAZ84368,//c1.neweggimages.com/ProductImageCompressAll300/AJZD_1_202001281913377908.jpg
3,1TS-001A-01U00,Computer Systems,Laptops / Notebooks,5,ASUS,"ASUS FX705DT 17.3"" Customized Gaming Laptop | AMD Ryzen 7 3750H Processor | 16GB RAM 128GB SSD | GeForce GTX 1650 4GB GDDR5 | RGB Backlit Keyboard | Windows 10 Black",,963.94,0.0,https://www.newegg.com/p/1TS-001A-01U00?Item=9SIAJZDAZ84256,//c1.neweggimages.com/ProductImageCompressAll300/AJZD_1_202001281913377908.jpg
4,1TS-001A-01U28,Computer Systems,Laptops / Notebooks,5,ASUS,"ASUS FX705DT 17.3"" Customized Gaming Laptop | AMD Ryzen 7 3750H Processor | 16GB RAM 256GB SSD | GeForce GTX 1650 4GB GDDR5 | RGB Backlit Keyboard | Windows 10 Black",,984.74,0.0,https://www.newegg.com/p/1TS-001A-01U28?Item=9SIAJZDAZ84284,//c1.neweggimages.com/ProductImageCompressAll300/AJZD_1_202001281913377908.jpg
5,1TS-001A-01U68,Computer Systems,Laptops / Notebooks,5,ASUS,"ASUS FX705DT 17.3"" Customized Gaming Laptop | AMD Ryzen 7 3750H Processor | 24GB RAM 128GB SSD | GeForce GTX 1650 4GB GDDR5 | RGB Backlit Keyboard | Windows 10 Black",,1033.29,0.0,https://www.newegg.com/p/1TS-001A-01U68?Item=9SIAJZDAZ84387,//c1.neweggimages.com/ProductImageCompressAll300/AJZD_1_202001281913377908.jpg
6,1TS-001A-01U03,Computer Systems,Laptops / Notebooks,5,ASUS,"ASUS FX705DT 17.3"" Customized Gaming Laptop | AMD Ryzen 7 3750H Processor | 12GB RAM 256GB SSD 500GB HDD | GeForce GTX 1650 4GB GDDR5 | RGB Backlit Keyboard | Windows 10 Black",,977.81,0.0,https://www.newegg.com/p/1TS-001A-01U03?Item=9SIAJZDAZ84259,//c1.neweggimages.com/ProductImageCompressAll300/AJZD_1_202001281913377908.jpg
7,1TS-001A-01U26,Computer Systems,Laptops / Notebooks,5,ASUS,"ASUS FX705DT 17.3"" Customized Gaming Laptop | AMD Ryzen 7 3750H Processor | 12GB RAM 2TB HDD | GeForce GTX 1650 4GB GDDR5 | RGB Backlit Keyboard | Windows 10 Black",,977.81,0.0,https://www.newegg.com/p/1TS-001A-01U26?Item=9SIAJZDAZ84282,//c1.neweggimages.com/ProductImageCompressAll300/AJZD_1_202001281913377908.jpg
8,1TS-001A-01U29,Computer Systems,Laptops / Notebooks,5,ASUS,"ASUS FX705DT 17.3"" Customized Gaming Laptop | AMD Ryzen 7 3750H Processor | 8GB RAM 256GB SSD 2TB HDD | GeForce GTX 1650 4GB GDDR5 | RGB Backlit Keyboard | Windows 10 Black",,998.61,0.0,https://www.newegg.com/p/1TS-001A-01U29?Item=9SIAJZDAZ84285,//c1.neweggimages.com/ProductImageCompressAll300/AJZD_1_202001281913377908.jpg
9,1TS-001A-01U40,Computer Systems,Laptops / Notebooks,5,ASUS,"ASUS FX705DT 17.3"" Customized Gaming Laptop | AMD Ryzen 7 3750H Processor | 16GB RAM 512GB SSD | GeForce GTX 1650 4GB GDDR5 | RGB Backlit Keyboard | Windows 10 Black",,1012.48,0.0,https://www.newegg.com/p/1TS-001A-01U40?Item=9SIAJZDAZ84296,//c1.neweggimages.com/ProductImageCompressAll300/AJZD_1_202001281913377908.jpg
10,1TS-001A-01U16,Computer Systems,Laptops / Notebooks,5,ASUS,"ASUS FX705DT 17.3"" Customized Gaming Laptop | AMD Ryzen 7 3750H Processor | 16GB RAM 500GB HDD | GeForce GTX 1650 4GB GDDR5 | RGB Backlit Keyboard | Windows 10 Black",,957.00,0.0,https://www.newegg.com/p/1TS-001A-01U16?Item=9SIAJZDAZ84272,//c1.neweggimages.com/ProductImageCompressAll300/AJZD_1_202001281913377908.jpg
11,1TS-000E-0GZM5,Computer Systems,Laptops / Notebooks,5,Lenovo,"Lenovo Ideapad 330s 15.6"" Customized Business Laptop | AMD Ryzen 5 2500U Quad-Core | 12GB RAM 256GB SSD | Full HD IPS | Radeon Vega 8 Graphics | Only 3.96lb | Windows 10 Home Grey",,599.00,0.0,https://www.newegg.com/p/1TS-000E-0GZM5?Item=9SIAJZDAWC4617,//c1.neweggimages.com/ProductImageCompressAll300/AJZD_1_20200113941713989.jpg
12,1TS-001A-01U69,Computer Systems,Laptops / Notebooks,5,ASUS,"ASUS FX705DT 17.3"" Customized Gaming Laptop | AMD Ryzen 7 3750H Processor | 32GB RAM 128GB SSD 2TB HDD | GeForce GTX 1650 4GB GDDR5 | RGB Backlit Keyboard | Windows 10 Black",,1171.98,0.0,https://www.newegg.com/p/1TS-001A-01U69?Item=9SIAJZDAZ84388,//c1.neweggimages.com/ProductImageCompressAll300/AJZD_1_202001281913377908.jpg
13,1TS-001A-01U42,Computer Systems,Laptops / Notebooks,5,ASUS,"ASUS FX705DT 17.3"" Customized Gaming Laptop | AMD Ryzen 7 3750H Processor | 16GB RAM 512GB SSD 500GB HDD | GeForce GTX 1650 4GB GDDR5 | RGB Backlit Keyboard | Windows 10 Black",,1033.29,0.0,https://www.newegg.com/p/1TS-001A-01U42?Item=9SIAJZDAZ84301,//c1.neweggimages.com/ProductImageCompressAll300/AJZD_1_202001281913377908.jpg
14,1TS-001A-01U84,Computer Systems,Laptops / Notebooks,5,ASUS,"ASUS FX705DT 17.3"" Customized Gaming Laptop | AMD Ryzen 7 3750H Processor | 32GB RAM 1024GB SSD 1TB HDD | GeForce GTX 1650 4GB GDDR5 | RGB Backlit Keyboard | Windows 10 Black",,1282.94,0.0,https://www.newegg.com/p/1TS-001A-01U84?Item=9SIAJZDAZ84403,//c1.neweggimages.com/ProductImageCompressAll300/AJZD_1_202001281913377908.jpg
15,1TS-001A-01U86,Computer Systems,Laptops / Notebooks,5,ASUS,"ASUS FX705DT 17.3"" Customized Gaming Laptop | AMD Ryzen 7 3750H Processor | 32GB RAM 1024GB SSD 2TB HDD | GeForce GTX 1650 4GB GDDR5 | RGB Backlit Keyboard | Windows 10 Black",,1310.68,0.0,https://www.newegg.com/p/1TS-001A-01U86?Item=9SIAJZDAZ84405,//c1.neweggimages.com/ProductImageCompressAll300/AJZD_1_202001281913377908.jpg
16,1TS-001A-01U45,Computer Systems,Laptops / Notebooks,5,ASUS,"ASUS FX705DT 17.3"" Customized Gaming Laptop | AMD Ryzen 7 3750H Processor | 24GB RAM 1024GB SSD 500GB HDD | GeForce GTX 1650 4GB GDDR5 | RGB Backlit Keyboard | Windows 10 Black",,1192.79,0.0,https://www.newegg.com/p/1TS-001A-01U45?Item=9SIAJZDAZ84363,//c1.neweggimages.com/ProductImageCompressAll300/AJZD_1_202001281913377908.jpg
17,1TS-001A-01U15,Computer Systems,Laptops / Notebooks,5,ASUS,"ASUS FX705DT 17.3"" Customized Gaming Laptop | AMD Ryzen 7 3750H Processor | 12GB RAM 512GB SSD | GeForce GTX 1650 4GB GDDR5 | RGB Backlit Keyboard | Windows 10 Black",,984.74,0.0,https://www.newegg.com/p/1TS-001A-01U15?Item=9SIAJZDAZ84271,//c1.neweggimages.com/ProductImageCompressAll300/AJZD_1_202001281913377908.jpg
18,1TS-001A-01U04,Computer Systems,Laptops / Notebooks,5,ASUS,"ASUS FX705DT 17.3"" Customized Gaming Laptop | AMD Ryzen 7 3750H Processor | 16GB RAM 128GB SSD 500GB HDD | GeForce GTX 1650 4GB GDDR5 | RGB Backlit Keyboard | Windows 10 Black",,984.74,0.0,https://www.newegg.com/p/1TS-001A-01U04?Item=9SIAJZDAZ84260,//c1.neweggimages.com/ProductImageCompressAll300/AJZD_1_202001281913377908.jpg
19,1TS-001A-01U35,Computer Systems,Laptops / Notebooks,5,ASUS,"ASUS FX705DT 17.3"" Customized Gaming Laptop | AMD Ryzen 7 3750H Processor | 12GB RAM 128GB SSD 500GB HDD | GeForce GTX 1650 4GB GDDR5 | RGB Backlit Keyboard | Windows 10 Black",,957.00,0.0,https://www.newegg.com/p/1TS-001A-01U35?Item=9SIAJZDAZ84291,//c1.neweggimages.com/ProductImageCompressAll300/AJZD_1_202001281913377908.jpg
20,1TS-001A-01U72,Computer Systems,Laptops / Notebooks,5,ASUS,"ASUS FX705DT 17.3"" Customized Gaming Laptop | AMD Ryzen 7 3750H Processor | 32GB RAM 512GB SSD 2TB HDD | GeForce GTX 1650 4GB GDDR5 | RGB Backlit Keyboard | Windows 10 Black",,1220.53,0.0,https://www.newegg.com/p/1TS-001A-01U72?Item=9SIAJZDAZ84391,//c1.neweggimages.com/ProductImageCompressAll300/AJZD_1_202001281913377908.jpg
21,1TS-001A-01U66,Computer Systems,Laptops / Notebooks,5,ASUS,"ASUS FX705DT 17.3"" Customized Gaming Laptop | AMD Ryzen 7 3750H Processor | 32GB RAM 512GB SSD 1TB HDD | GeForce GTX 1650 4GB GDDR5 | RGB Backlit Keyboard | Windows 10 Black",,1192.79,0.0,https://www.newegg.com/p/1TS-001A-01U66?Item=9SIAJZDAZ84385,//c1.neweggimages.com/ProductImageCompressAll300/AJZD_1_202001281913377908.jpg
22,1TS-001A-01U21,Computer Systems,Laptops / Notebooks,5,ASUS,"ASUS FX705DT 17.3"" Customized Gaming Laptop | AMD Ryzen 7 3750H Processor | 8GB RAM 256GB SSD 500GB HDD | GeForce GTX 1650 4GB GDDR5 | RGB Backlit Keyboard | Windows 10 Black",,950.07,0.0,https://www.newegg.com/p/1TS-001A-01U21?Item=9SIAJZDAZ84277,//c1.neweggimages.com/ProductImageCompressAll300/AJZD_1_202001281913377908.jpg
23,1TS-000E-0F795,Computer Systems,Laptops / Notebooks,5,Lenovo,"Lenovo Ideapad 330s 15.6"" Laptop, Windows 10, AMD Ryzen 5 2500U Quad-Core Processor, 8GB Memory, 256GB Storage, Platinum Grey - 81FB00HKUS Notebook PC Computer","Due to holiday observance, orders placed between 4/7 – 4/19 will experience shipping delays",599.99,0.0,https://www.newegg.com/gray-lenovo-ideapad-330s-everyday-value/p/1TS-000E-0F795?Item=9SIAA0SAHS7442,//c1.neweggimages.com/NeweggImage/ProductImageCompressAll300/A8X5_132164877842937204UbsTAQUe4x.jpg
24,1TS-000D-07XX7,Computer Systems,Laptops / Notebooks,5,HP,"HP 15 Notebook, 15.6"" HD Touch Display, AMD Ryzen 7 3700U Upto 4.0GHz, 8GB RAM, 512GB NVMe SSD, Vega 10, HDMI, Card Reader, Wi-Fi, Bluetooth, Windows 10 Home","Due to holiday observance, orders placed between 4/7 – 4/19 will experience shipping delays",699.00,0.0,https://www.newegg.com/silver-hp-15/p/1TS-000D-07XX7?Item=9SIAEYAAT66033,//c1.neweggimages.com/ProductImageCompressAll300/AEYA_1_201912231629331373.jpg
25,1TS-000D-07707,Computer Systems,Laptops / Notebooks,5,HP,"HP Pavilion 15 Notebook, 15.6"" FHD Display, AMD Ryzen 5 3550H Upto 3.7GHz, 8GB RAM, 512GB NVMe SSD, NVIDIA GeForce GTX 1050, HDMI, Card Reader, Wi-Fi, Bluetooth, Windows 10 Home","Due to holiday observance, orders placed between 4/7 – 4/19 will experience shipping delays",799.99,0.0,https://www.newegg.com/black-hp-pavilion-15/p/1TS-000D-07707?Item=9SIAEYAAM70634,//c1.neweggimages.com/ProductImageCompressAll300/AEYAS191127vi9Bd.jpg
26,1TS-000E-0FAJ3,Computer Systems,Laptops / Notebooks,5,Lenovo,"Lenovo IdeaPad 330s Notebook, 15.6"" HD Display, AMD Ryzen 5 2500U Upto 3.6GHz, 12GB RAM, 1TB NVMe SSD + 1TB HDD, Vega 8, HDMI, Card Reader, Wi-Fi, Bluetooth, Windows 10 Home","Due to holiday observance, orders placed between 4/7 – 4/19 will experience shipping delays",948.99,0.0,https://www.newegg.com/natural-silver-lenovo-ideapad-330s/p/1TS-000E-0FAJ3?Item=9SIAEYAAHS7403,//c1.neweggimages.com/ProductImageCompressAll300/AEYA_1_20191107697004675.jpg
27,1TS-000E-0FAH6,Computer Systems,Laptops / Notebooks,5,Lenovo,"Lenovo IdeaPad 330s Notebook, 15.6"" HD Display, AMD Ryzen 5 2500U Upto 3.6GHz, 20GB RAM, 256GB NVMe SSD, Vega 8, HDMI, Card Reader, Wi-Fi, Bluetooth, Windows 10 Home","Due to holiday observance, orders placed between 4/7 – 4/19 will experience shipping delays",844.99,0.0,https://www.newegg.com/natural-silver-lenovo-ideapad-330s/p/1TS-000E-0FAH6?Item=9SIAEYAAHS7395,//c1.neweggimages.com/ProductImageCompressAll300/AEYA_1_20191107363503735.jpg
28,1TS-000A-04P27,Computer Systems,Laptops / Notebooks,5,DELL,"Dell Inspiron 5575 15.6"" FHD Notebook, AMD Quad-Core Ryzen 7 2700U Upto 3.8GHz, 32GB RAM, 1TB SSD, Radeon Vega 10, HDMI, Card Reader, LAN, Wi-Fi, Bluetooth, Windows 10 Pro","Due to holiday observance, orders placed between 4/7 – 4/19 will experience shipping delays",1260.99,0.0,https://www.newegg.com/silver-dell-inspiron-5575-creating-designing/p/1TS-000A-04P27?Item=9SIAA0S96V9395,//c1.neweggimages.com/ProductImageCompressAll300/AA0S_1_201905231282217582.jpg
29,1TS-000D-07706,Computer Systems,Laptops / Notebooks,5,HP,"HP Pavilion 15 Notebook, 15.6"" FHD Display, AMD Ryzen 5 3550H Upto 3.7GHz, 8GB RAM, 512GB NVMe SSD + 1TB HDD, NVIDIA GeForce GTX 1050, HDMI, Card Reader, Wi-Fi, Bluetooth, Windows 10 Home","Due to holiday observance, orders placed between 4/7 – 4/19 will experience shipping delays",829.99,0.0,https://www.newegg.com/black-hp-pavilion-15/p/1TS-000D-07706?Item=9SIAEYAAM70633,//c1.neweggimages.com/ProductImageCompressAll300/AEYAS191127k5Lvu.jpg
30,1TS-000E-0FAJ9,Computer Systems,Laptops / Notebooks,5,Lenovo,"Lenovo IdeaPad 330s Notebook, 15.6"" HD Display, AMD Ryzen 5 2500U Upto 3.6GHz, 12GB RAM, 1TB NVMe SSD, Vega 8, HDMI, Card Reader, Wi-Fi, Bluetooth, Windows 10 Home","Due to holiday observance, orders placed between 4/7 – 4/19 will experience shipping delays",909.99,0.0,https://www.newegg.com/natural-silver-lenovo-ideapad-330s/p/1TS-000E-0FAJ9?Item=9SIAEYAAHS7409,//c1.neweggimages.com/ProductImageCompressAll300/AEYA_1_201911072036598551.jpg
31,1TS-000D-076V6,Computer Systems,Laptops / Notebooks,5,HP,"HP Pavilion 15 Notebook, 15.6"" FHD Display, AMD Ryzen 5 3550H Upto 3.7GHz, 16GB RAM, 1TB NVMe SSD + 1TB HDD, NVIDIA GeForce GTX 1050, HDMI, Card Reader, Wi-Fi, Bluetooth, Windows 10 Pro","Due to holiday observance, orders placed between 4/7 – 4/19 will experience shipping delays",949.99,0.0,https://www.newegg.com/black-hp-pavilion-15/p/1TS-000D-076V6?Item=9SIAA0SAM70537,//c1.neweggimages.com/ProductImageCompressAll300/AA0SS19112649Kam.jpg
32,1TS-000E-0FAH2,Computer Systems,Laptops / Notebooks,5,Lenovo,"Lenovo IdeaPad 330s Notebook, 15.6"" HD Display, AMD Ryzen 5 2500U Upto 3.6GHz, 8GB RAM, 512GB NVMe SSD + 1TB HDD, Vega 8, HDMI, Card Reader, Wi-Fi, Bluetooth, Windows 10 Pro","Due to holiday observance, orders placed between 4/7 – 4/19 will experience shipping delays",829.99,0.0,https://www.newegg.com/natural-silver-lenovo-ideapad-330s/p/1TS-000E-0FAH2?Item=9SIAA0SAHS7343,//c1.neweggimages.com/ProductImageCompressAll300/AA0S_1_201911071424111909.jpg
33,1TS-000D-07XU7,Computer Systems,Laptops / Notebooks,5,HP,"HP 15 Notebook, 15.6"" HD Touch Display, AMD Ryzen 7 3700U Upto 4.0GHz, 16GB RAM, 128GB NVMe SSD, Vega 10, HDMI, Card Reader, Wi-Fi, Bluetooth, Windows 10 Pro","Due to holiday observance, orders placed between 4/7 – 4/19 will experience shipping delays",699.00,0.0,https://www.newegg.com/silver-hp-15/p/1TS-000D-07XU7?Item=9SIAA0SAT65877,//c1.neweggimages.com/ProductImageCompressAll300/AA0S_1_20191223347110925.jpg
34,1TS-000D-07XV5,Computer Systems,Laptops / Notebooks,5,HP,"HP 15 Notebook, 15.6"" HD Touch Display, AMD Ryzen 7 3700U Upto 4.0GHz, 16GB RAM, 256GB NVMe SSD, Vega 10, HDMI, Card Reader, Wi-Fi, Bluetooth, Windows 10 Pro","Due to holiday observance, orders placed between 4/7 – 4/19 will experience shipping delays",999.99,0.0,https://www.newegg.com/silver-hp-15/p/1TS-000D-07XV5?Item=9SIAA0SAT65885,//c1.neweggimages.com/ProductImageCompressAll300/AA0S_1_201912231160884898.jpg
35,1TS-000D-076W6,Computer Systems,Laptops / Notebooks,5,HP,"HP Pavilion 15 Notebook, 15.6"" FHD Display, AMD Ryzen 5 3550H Upto 3.7GHz, 8GB RAM, 256GB NVMe SSD, NVIDIA GeForce GTX 1050, HDMI, Card Reader, Wi-Fi, Bluetooth, Windows 10 Pro","Due to holiday observance, orders placed between 4/7 – 4/19 will experience shipping delays",789.99,0.0,https://www.newegg.com/black-hp-pavilion-15/p/1TS-000D-076W6?Item=9SIAA0SAM70547,//c1.neweggimages.com/ProductImageCompressAll300/AA0SS191126QjBe5.jpg
