,item_number,general_category,product_category,page_number,brand,model_specifications,current_promotions,price,shipping,product_links,image_link
0,1TS-000D-076Z4,Computer Systems,Laptops / Notebooks,6,HP,"HP Pavilion 15 Notebook, 15.6"" FHD Display, AMD Ryzen 5 3550H Upto 3.7GHz, 16GB RAM, 256GB NVMe SSD + 1TB HDD, NVIDIA GeForce GTX 1050, HDMI, Card Reader, Wi-Fi, Bluetooth, Windows 10 Home","Due to holiday observance, orders placed between 4/7 – 4/19 will experience shipping delays",839.99,0.0,https://www.newegg.com/black-hp-pavilion-15/p/1TS-000D-076Z4?Item=9SIAEYAAM70621,//c1.neweggimages.com/ProductImageCompressAll300/AEYAS1911270idJC.jpg
1,1TS-000E-0FAE5,Computer Systems,Laptops / Notebooks,6,Lenovo,"Lenovo IdeaPad 330s Notebook, 15.6"" HD Display, AMD Ryzen 5 2500U Upto 3.6GHz, 8GB RAM, 1TB NVMe SSD + 1TB HDD, Vega 8, HDMI, Card Reader, Wi-Fi, Bluetooth, Windows 10 Pro","Due to holiday observance, orders placed between 4/7 – 4/19 will experience shipping delays",929.99,0.0,https://www.newegg.com/natural-silver-lenovo-ideapad-330s/p/1TS-000E-0FAE5?Item=9SIAA0SAHS7316,//c1.neweggimages.com/ProductImageCompressAll300/AA0S_1_20191107199170016.jpg
2,1TS-000D-07XW4,Computer Systems,Laptops / Notebooks,6,HP,"HP 15 Notebook, 15.6"" HD Touch Display, AMD Ryzen 7 3700U Upto 4.0GHz, 8GB RAM, 128GB NVMe SSD, Vega 10, HDMI, Card Reader, Wi-Fi, Bluetooth, Windows 10 Home","Due to holiday observance, orders placed between 4/7 – 4/19 will experience shipping delays",599.00,0.0,https://www.newegg.com/silver-hp-15/p/1TS-000D-07XW4?Item=9SIAEYAAT66019,//c1.neweggimages.com/ProductImageCompressAll300/AEYA_1_201912231084719752.jpg
3,1TS-000D-07XU7,Computer Systems,Laptops / Notebooks,6,HP,"HP 15 Notebook, 15.6"" HD Touch Display, AMD Ryzen 7 3700U Upto 4.0GHz, 16GB RAM, 128GB NVMe SSD, Vega 10, HDMI, Card Reader, Wi-Fi, Bluetooth, Windows 10 Pro","Due to holiday observance, orders placed between 4/7 – 4/19 will experience shipping delays",699.00,0.0,https://www.newegg.com/silver-hp-15/p/1TS-000D-07XU7?Item=9SIAA0SAT65877,//c1.neweggimages.com/ProductImageCompressAll300/AA0S_1_20191223347110925.jpg
4,1TS-000E-0FAG0,Computer Systems,Laptops / Notebooks,6,Lenovo,"Lenovo IdeaPad 330s Notebook, 15.6"" HD Display, AMD Ryzen 5 2500U Upto 3.6GHz, 20GB RAM, 1TB NVMe SSD + 1TB HDD, Vega 8, HDMI, Card Reader, Wi-Fi, Bluetooth, Windows 10 Pro","Due to holiday observance, orders placed between 4/7 – 4/19 will experience shipping delays",1026.99,0.0,https://www.newegg.com/natural-silver-lenovo-ideapad-330s/p/1TS-000E-0FAG0?Item=9SIAA0SAHS7331,//c1.neweggimages.com/ProductImageCompressAll300/AA0S_1_20191107778485822.jpg
5,1TS-000E-0EVH4,Computer Systems,Laptops / Notebooks,6,Lenovo,"Lenovo IdeaPad S340-15API 81NC009FUS 15.6"" Notebook - 1366 x 768 - Ryzen 7 3700U - 8 GB RAM - 256 GB SSD - Abyss Blue",,743.29,0.0,https://www.newegg.com/p/1TS-000E-0EVH4?Item=9SIAKACAUX1546,//c1.neweggimages.com/ProductImageCompressAll300/V197_1_201909091886524457.jpg
6,1TS-000E-0GZT8,Computer Systems,Laptops / Notebooks,6,Lenovo,"Lenovo Ideapad 330s 15.6"" Customized Business Laptop | AMD Ryzen 5 2500U Quad-Core | 12GB RAM 512GB SSD 500GB HDD | Full HD IPS | Radeon Vega 8 Graphics | Only 3.96lb | Windows 10 Home Grey",,657.24,0.0,https://www.newegg.com/p/1TS-000E-0GZT8?Item=9SIAJZDAWC4675,//c1.neweggimages.com/ProductImageCompressAll300/AJZD_1_20200113941713989.jpg
7,1TS-000D-089E5,Computer Systems,Laptops / Notebooks,6,HP,"HP 17 Notebook, 17.3"" HD+ Display, AMD Ryzen 7 3700U Upto 4.0GHz, 16GB RAM, 128GB NVMe SSD + 1TB HDD, Vega 10, DVDRW, HDMI, Card Reader, Wi-Fi, Bluetooth, Windows 10 Home","Due to holiday observance, orders placed between 4/7 – 4/19 will experience shipping delays",929.99,0.0,https://www.newegg.com/black-textured-hp-17/p/1TS-000D-089E5?Item=9SIAEYAB011138,//c1.neweggimages.com/ProductImageCompressAll300/AEYA_1_20200204699271047.jpg
8,1TS-000D-089G7,Computer Systems,Laptops / Notebooks,6,HP,"HP 17 Notebook, 17.3"" HD+ Display, AMD Ryzen 7 3700U Upto 4.0GHz, 32GB RAM, 512GB NVMe SSD + 1TB HDD, Vega 10, DVDRW, HDMI, Card Reader, Wi-Fi, Bluetooth, Windows 10 Home","Due to holiday observance, orders placed between 4/7 – 4/19 will experience shipping delays",1329.99,0.0,https://www.newegg.com/black-textured-hp-17/p/1TS-000D-089G7?Item=9SIAEYAB011160,//c1.neweggimages.com/ProductImageCompressAll300/AEYA_1_202002041122161687.jpg
9,1TS-000E-0GZM7,Computer Systems,Laptops / Notebooks,6,Lenovo,"Lenovo Ideapad 330s 15.6"" Customized Business Laptop | AMD Ryzen 5 2500U Quad-Core | 12GB RAM 512GB SSD | Full HD IPS | Radeon Vega 8 Graphics | Only 3.96lb | Windows 10 Home Grey",,632.28,0.0,https://www.newegg.com/p/1TS-000E-0GZM7?Item=9SIAJZDAWC4619,//c1.neweggimages.com/ProductImageCompressAll300/AJZD_1_20200113941713989.jpg
10,1TS-000D-09930,Computer Systems,Laptops / Notebooks,6,HP,"HP ProBook 445R G6 Notebook, 14"" FHD Display, AMD Ryzen 5 3500U Upto 3.7GHz, 8GB RAM, 128GB NVMe SSD + 1TB HDD, Vega 8, HDMI, DisplayPort via USB-C, Card Reader, Wi-Fi, Bluetooth, Windows 10 Pro","Due to holiday observance, orders placed between 4/7 – 4/19 will experience shipping delays",749.99,0.0,https://www.newegg.com/silver-hp-probook-445r-g6/p/1TS-000D-09930?Item=9SIAA0SB1C3495,//c1.neweggimages.com/ProductImageCompressAll300/AA0S_1_202002182100162786.jpg
11,1TS-000D-089C2,Computer Systems,Laptops / Notebooks,6,HP,"HP 17 Notebook, 17.3"" HD+ Display, AMD Ryzen 7 3700U Upto 4.0GHz, 16GB RAM, 1TB HDD, Vega 10, DVDRW, HDMI, Card Reader, Wi-Fi, Bluetooth, Windows 10 Home (9SV61UA)","Due to holiday observance, orders placed between 4/7 – 4/19 will experience shipping delays",1169.99,0.0,https://www.newegg.com/black-textured-hp-17/p/1TS-000D-089C2?Item=9SIAA0SB011081,//c1.neweggimages.com/ProductImageCompressAll300/AA0S_1_202002041221904891.jpg
12,1TS-000E-0GZT2,Computer Systems,Laptops / Notebooks,6,Lenovo,"Lenovo Ideapad 330s 15.6"" Customized Business Laptop | AMD Ryzen 5 2500U Quad-Core | 12GB RAM 128GB SSD 500GB HDD | Full HD IPS | Radeon Vega 8 Graphics | Only 3.96lb | Windows 10 Home Grey",,599.00,0.0,https://www.newegg.com/p/1TS-000E-0GZT2?Item=9SIAJZDAWC4667,//c1.neweggimages.com/ProductImageCompressAll300/AJZD_1_20200113941713989.jpg
13,1TS-000E-0HZR8,Computer Systems,Laptops / Notebooks,6,Lenovo,"Lenovo ThinkPad E595 Notebook, 15.6"" FHD Display, AMD Ryzen 7 3700U, 16GB RAM, 1TB NVMe SSD, Vega 10, HDMI, Card Reader, Wi-Fi, BT, Windows 10 Pro","Due to holiday observance, orders placed between 4/7 – 4/19 will experience shipping delays",1149.99,0.0,https://www.newegg.com/black-lenovo-thinkpad-e595/p/1TS-000E-0HZR8?Item=9SIAA0SB6E9163,//c1.neweggimages.com/ProductImageCompressAll300/AA0S_1_20200313627363680.jpg
14,1TS-000A-08JH7,Computer Systems,Laptops / Notebooks,6,DELL,"Dell Inspiron 5000 Series 15.6"" Customized Laptop | AMD Ryzen 7 2700U Quad-Core | 16GB RAM 512GB SSD | Full HD | Radeon Vega 10 Graphics | Windows 10 Home Silver",,768.05,0.0,https://www.newegg.com/p/1TS-000A-08JH7?Item=9SIAJZDAY87049,//c1.neweggimages.com/ProductImageCompressAll300/AJZD_1_20200121335570724.jpg
15,1TS-000A-0A0Z6,Computer Systems,Laptops / Notebooks,6,DELL,"Dell Inspiron 3000 Home and Business Laptop (AMD Ryzen 5 2500U 4-Core, 8GB RAM, 512GB PCIe SSD + 1TB  HDD, 15.6"" HD (1366x768), AMD Vega 8, Wifi, Bluetooth, Webcam, 2xUSB 3.1, 1xHDMI, Win 10 Pro)",,799.00,0.0,https://www.newegg.com/p/1TS-000A-0A0Z6?Item=9SIA7ABB9V7629,//c1.neweggimages.com/ProductImageCompressAll300/V2X1_1_20200407231353743.jpg
16,1TS-000A-08JX9,Computer Systems,Laptops / Notebooks,6,DELL,"Dell Inspiron 5000 Series 15.6"" Customized Laptop | AMD Ryzen 7 2700U Quad-Core | 24GB RAM 256GB SSD 1TB HDD | Full HD | Radeon Vega 10 Graphics | Windows 10 Home Silver",,852.53,0.0,https://www.newegg.com/p/1TS-000A-08JX9?Item=9SIAJZDAY87176,//c1.neweggimages.com/ProductImageCompressAll300/AJZD_1_20200121335570724.jpg
17,1TS-000E-0GZS5,Computer Systems,Laptops / Notebooks,6,Lenovo,"Lenovo Ideapad 330s 15.6"" Customized Business Laptop | AMD Ryzen 5 2500U Quad-Core | 8GB RAM 256GB SSD 1TB HDD | Full HD IPS | Radeon Vega 8 Graphics | Only 3.96lb | Windows 10 Home Grey",,615.64,0.0,https://www.newegg.com/p/1TS-000E-0GZS5?Item=9SIAJZDAWC4660,//c1.neweggimages.com/ProductImageCompressAll300/AJZD_1_20200113941713989.jpg
18,1TS-000E-0E5Z3,Computer Systems,Laptops / Notebooks,6,Lenovo,"Lenovo IdeaPad S340-15API 81NC001FUS 15.6"" Notebook - 1920 x 1080 - Ryzen 5 3500U - 8 GB RAM - 1 TB HDD - Platinum Gray",,540.53,0.0,https://www.newegg.com/p/1TS-000E-0E5Z3?Item=9SIA6ZPB876580,//c1.neweggimages.com/ProductImageCompressAll300/A6ZP_1_202004032115573116.jpg
19,1TS-001A-024D5,Computer Systems,Laptops / Notebooks,6,ASUS,"ASUS TUF Gaming FX505D 15.6"" Quad Core AMD Ryzen 7 up to 4.0GHz, 32GB DDR4, 512GB NVME SSD, Nvidia GeForce GTX 1650 4GB, HDMI, Wi-Fi, Bluetooth, USB 3.1, Windows 10 Pro (Black) Laptop",,1139.99,0.0,https://www.newegg.com/black-asus-tuf-fx505dt-wb72/p/1TS-001A-024D5?Item=9SIA65EB6C8447,//c1.neweggimages.com/ProductImageCompressAll300/A65E_1_20200311335006281.jpg
20,1TS-001A-01TU5,Computer Systems,Laptops / Notebooks,6,ASUS,"ASUS FX705DT 17.3"" Customized Gaming Laptop | AMD Ryzen 7 3750H Processor | 16GB RAM 128GB SSD 500GB HDD | GeForce GTX 1650 4GB GDDR5 | RGB Backlit Keyboard | Windows 10 Black",,984.74,0.0,https://www.newegg.com/p/1TS-001A-01TU5?Item=9SIAJZDAZ84113,//c1.neweggimages.com/ProductImageCompressAll300/AJZD_1_202001281913377908.jpg
21,N82E16834270989,Computer Systems,Laptops / Notebooks,6,HP,"HP Laptop ProBook 445 G6 (6KJ26UT#ABA) AMD Ryzen 7 1st Gen 2700U (2.20 GHz) 16 GB Memory 512 GB SSD AMD Radeon Vega 10 14.0"" Windows 10 Pro 64-bit",,1095.87,0.0,https://www.newegg.com/silver-hp-probook-445-g6-mainstream/p/N82E16834270989?Item=9SIA6ZP8UM0075,//c1.neweggimages.com/ProductImageCompressAll300/A24G_1_20190306820040026.jpg
22,1TS-000E-0FAJ5,Computer Systems,Laptops / Notebooks,6,Lenovo,"Lenovo IdeaPad 330s Notebook, 15.6"" HD Display, AMD Ryzen 5 2500U Upto 3.6GHz, 8GB RAM, 256GB NVMe SSD + 1TB HDD, Vega 8, HDMI, Card Reader, Wi-Fi, Bluetooth, Windows 10 Home","Due to holiday observance, orders placed between 4/7 – 4/19 will experience shipping delays",699.99,0.0,https://www.newegg.com/natural-silver-lenovo-ideapad-330s/p/1TS-000E-0FAJ5?Item=9SIAEYAAHS7405,//c1.neweggimages.com/ProductImageCompressAll300/AEYA_1_20191107220347570.jpg
23,1TS-000E-0FAH4,Computer Systems,Laptops / Notebooks,6,Lenovo,"Lenovo IdeaPad 330s Notebook, 15.6"" HD Display, AMD Ryzen 5 2500U Upto 3.6GHz, 12GB RAM, 128GB NVMe SSD + 1TB HDD, Vega 8, HDMI, Card Reader, Wi-Fi, Bluetooth, Windows 10 Home","Due to holiday observance, orders placed between 4/7 – 4/19 will experience shipping delays",805.99,0.0,https://www.newegg.com/natural-silver-lenovo-ideapad-330s/p/1TS-000E-0FAH4?Item=9SIAEYAAHS7393,//c1.neweggimages.com/ProductImageCompressAll300/AEYA_1_201911071244216694.jpg
24,1TS-000E-0FAG6,Computer Systems,Laptops / Notebooks,6,Lenovo,"Lenovo IdeaPad 330s Notebook, 15.6"" HD Display, AMD Ryzen 5 2500U Upto 3.6GHz, 8GB RAM, 128GB NVMe SSD + 1TB HDD, Vega 8, HDMI, Card Reader, Wi-Fi, Bluetooth, Windows 10 Pro","Due to holiday observance, orders placed between 4/7 – 4/19 will experience shipping delays",629.99,0.0,https://www.newegg.com/natural-silver-lenovo-ideapad-330s/p/1TS-000E-0FAG6?Item=9SIAA0SAHS7337,//c1.neweggimages.com/ProductImageCompressAll300/AA0S_1_201911071541110209.jpg
25,1TS-000A-04P72,Computer Systems,Laptops / Notebooks,6,DELL,"Dell Inspiron 5575 15.6"" FHD Notebook, AMD Quad-Core Ryzen 7 2700U Upto 3.8GHz, 8GB RAM, 1TB SSD, Radeon Vega 10, HDMI, Card Reader, LAN, Wi-Fi, Bluetooth, Windows 10 Home","Due to holiday observance, orders placed between 4/7 – 4/19 will experience shipping delays",1059.49,0.0,https://www.newegg.com/silver-dell-inspiron-5575-creating-designing/p/1TS-000A-04P72?Item=9SIAEYA96W2019,//c1.neweggimages.com/ProductImageCompressAll300/AA0S_1_201905231432136847.jpg
26,1TS-000A-04P21,Computer Systems,Laptops / Notebooks,6,DELL,"Dell Inspiron 5575 15.6"" FHD Notebook, AMD Quad-Core Ryzen 7 2700U Upto 3.8GHz, 16GB RAM, 256GB SSD, Radeon Vega 10, HDMI, Card Reader, LAN, Wi-Fi, Bluetooth, Windows 10 Pro","Due to holiday observance, orders placed between 4/7 – 4/19 will experience shipping delays",974.99,0.0,https://www.newegg.com/silver-dell-inspiron-5575-creating-designing/p/1TS-000A-04P21?Item=9SIAA0S96V9387,//c1.neweggimages.com/ProductImageCompressAll300/AA0S_1_201905231282217582.jpg
27,1TS-000E-0FAG8,Computer Systems,Laptops / Notebooks,6,Lenovo,"Lenovo IdeaPad 330s Notebook, 15.6"" HD Display, AMD Ryzen 5 2500U Upto 3.6GHz, 20GB RAM, 256GB NVMe SSD + 1TB HDD, Vega 8, HDMI, Card Reader, Wi-Fi, Bluetooth, Windows 10 Pro","Due to holiday observance, orders placed between 4/7 – 4/19 will experience shipping delays",909.99,0.0,https://www.newegg.com/natural-silver-lenovo-ideapad-330s/p/1TS-000E-0FAG8?Item=9SIAA0SAHS7339,//c1.neweggimages.com/ProductImageCompressAll300/AA0S_1_201911072018752155.jpg
28,1TS-000E-0FAF6,Computer Systems,Laptops / Notebooks,6,Lenovo,"Lenovo IdeaPad 330s Notebook, 15.6"" HD Display, AMD Ryzen 5 2500U Upto 3.6GHz, 20GB RAM, 128GB NVMe SSD + 1TB HDD, Vega 8, HDMI, Card Reader, Wi-Fi, Bluetooth, Windows 10 Pro","Due to holiday observance, orders placed between 4/7 – 4/19 will experience shipping delays",883.99,0.0,https://www.newegg.com/natural-silver-lenovo-ideapad-330s/p/1TS-000E-0FAF6?Item=9SIAA0SAHS7327,//c1.neweggimages.com/ProductImageCompressAll300/AA0S_1_20191107569829573.jpg
29,1TS-000D-077X4,Computer Systems,Laptops / Notebooks,6,HP,"HP Pavilion 15 Notebook, 15.6"" FHD Display, AMD Ryzen 5 3550H Upto 3.7GHz, 32GB RAM, 2TB NVMe SSD, NVIDIA GeForce GTX 1050, HDMI, Card Reader, Wi-Fi, Bluetooth, Windows 10 Home","Due to holiday observance, orders placed between 4/7 – 4/19 will experience shipping delays",1879.99,0.0,https://www.newegg.com/black-hp-pavilion-15/p/1TS-000D-077X4?Item=9SIAEYAAM95966,//c1.neweggimages.com/ProductImageCompressAll300/AEYAS191129N6qb1.jpg
30,1TS-000E-0FAJ0,Computer Systems,Laptops / Notebooks,6,Lenovo,"Lenovo IdeaPad 330s Notebook, 15.6"" HD Display, AMD Ryzen 5 2500U Upto 3.6GHz, 12GB RAM, 128GB NVMe SSD, Vega 8, HDMI, Card Reader, Wi-Fi, Bluetooth, Windows 10 Home","Due to holiday observance, orders placed between 4/7 – 4/19 will experience shipping delays",766.99,0.0,https://www.newegg.com/natural-silver-lenovo-ideapad-330s/p/1TS-000E-0FAJ0?Item=9SIAEYAAHS7399,//c1.neweggimages.com/ProductImageCompressAll300/AEYA_1_20191107377060051.jpg
31,1TS-001A-00V07,Computer Systems,Laptops / Notebooks,6,ASUS,"ASUS TUF705 Gaming and Entertainment Laptop (AMD Ryzen 7 3750H 4-Core, 16GB RAM, 4TB  SATA SSD, 17.3"" Full HD (1920x1080), NVIDIA GTX 1660 Ti, Win 10 Home) with ROG CASE , GT300 Mouse , GM50 Mouse pad",,2807.99,0.0,https://www.newegg.com/p/1TS-001A-00V07?Item=9SIA7AB9VN6506,//c1.neweggimages.com/ProductImageCompressAll300/A7AB_1_201908161622343265.jpg
32,1TS-001A-00V20,Computer Systems,Laptops / Notebooks,6,ASUS,"ASUS TUF705 Gaming and Entertainment Laptop (AMD Ryzen 7 3750H 4-Core, 64GB RAM, 2TB  SATA SSD, 17.3"" Full HD (1920x1080), NVIDIA GTX 1660 Ti, Win 10 Pro) with ROG CASE , GT300 Mouse , GM50 Mouse pad",,2867.99,0.0,https://www.newegg.com/p/1TS-001A-00V20?Item=9SIA7AB9VN6519,//c1.neweggimages.com/ProductImageCompressAll300/A7AB_1_201908161622343265.jpg
33,1TS-001A-00V05,Computer Systems,Laptops / Notebooks,6,ASUS,"ASUS TUF705 Gaming and Entertainment Laptop (AMD Ryzen 7 3750H 4-Core, 32GB RAM, 1TB  SATA SSD, 17.3"" Full HD (1920x1080), NVIDIA GTX 1660 Ti, Win 10 Pro) with ROG CASE , GT300 Mouse , GM50 Mouse pad",,2447.99,0.0,https://www.newegg.com/p/1TS-001A-00V05?Item=9SIA7AB9VN6504,//c1.neweggimages.com/ProductImageCompressAll300/A7AB_1_201908161622343265.jpg
34,1TS-001A-00V02,Computer Systems,Laptops / Notebooks,6,ASUS,"ASUS TUF705 Gaming and Entertainment Laptop (AMD Ryzen 7 3750H 4-Core, 64GB RAM, 4TB  SATA SSD, 17.3"" Full HD (1920x1080), NVIDIA GTX 1660 Ti, Win 10 Home) with ROG CASE , GT300 Mouse , GM50 Mouse pad",,3287.99,0.0,https://www.newegg.com/p/1TS-001A-00V02?Item=9SIA7AB9VN6501,//c1.neweggimages.com/ProductImageCompressAll300/A7AB_1_201908161622343265.jpg
35,1TS-001A-00V16,Computer Systems,Laptops / Notebooks,6,ASUS,"ASUS TUF705 Gaming and Entertainment Laptop (AMD Ryzen 7 3750H 4-Core, 64GB RAM, 512GB  SATA SSD, 17.3"" Full HD (1920x1080), NVIDIA GTX 1660 Ti, ) with ROG CASE , GT300 Mouse , GM50 Mouse pad",,2567.99,0.0,https://www.newegg.com/p/1TS-001A-00V16?Item=9SIA7AB9VN6515,//c1.neweggimages.com/ProductImageCompressAll300/A7AB_1_201908161622343265.jpg
