,item_number,general_category,product_category,page_number,brand,model_specifications,current_promotions,price,shipping,product_links,image_link
0,1TS-001A-00J87,Computer Systems,Laptops / Notebooks,10,ASUS,"ASUS TUF TUF705DU-PB74 Gaming and Entertainment Laptop (AMD Ryzen 7 3750H 4-Core, 16GB RAM, 2TB  PCIe SSD + 2TB  HDD , 17.3"" Full HD (1920x1080), NVIDIA GTX 1660 Ti, Wifi, Bluetooth, Win 10 Home)",,1952.49,0.0,https://www.newegg.com/p/1TS-001A-00J87?Item=9SIA7AB9B78447,//c1.neweggimages.com/ProductImageCompressAll300/V0F3_1_201905191798296115.jpg
1,1TS-001A-00J86,Computer Systems,Laptops / Notebooks,10,ASUS,"ASUS TUF TUF705DU-PB74 Gaming and Entertainment Laptop (AMD Ryzen 7 3750H 4-Core, 16GB RAM, 2TB  PCIe SSD + 1TB  HDD , 17.3"" Full HD (1920x1080), NVIDIA GTX 1660 Ti, Wifi, Bluetooth, Win 10 Home)",,1912.49,0.0,https://www.newegg.com/p/1TS-001A-00J86?Item=9SIA7AB9B78446,//c1.neweggimages.com/ProductImageCompressAll300/V0F3_1_201905191798296115.jpg
2,1TS-001A-00J67,Computer Systems,Laptops / Notebooks,10,ASUS,"ASUS TUF TUF705DU-PB74 Gaming and Entertainment Laptop (AMD Ryzen 7 3750H 4-Core, 32GB RAM, 2TB  PCIe SSD + 2TB  HDD , 17.3"" Full HD (1920x1080), NVIDIA GTX 1660 Ti, Wifi, Bluetooth, Win 10 Pro)",,2302.49,0.0,https://www.newegg.com/p/1TS-001A-00J67?Item=9SIA7AB9B78427,//c1.neweggimages.com/ProductImageCompressAll300/V0F3_1_201905191798296115.jpg
3,1TS-001A-00J60,Computer Systems,Laptops / Notebooks,10,ASUS,"ASUS TUF TUF705DU-PB74 Gaming and Entertainment Laptop (AMD Ryzen 7 3750H 4-Core, 16GB RAM, 2TB  PCIe SSD + 1TB  HDD , 17.3"" Full HD (1920x1080), NVIDIA GTX 1660 Ti, Wifi, Bluetooth, Win 10 Pro)",,2062.49,0.0,https://www.newegg.com/p/1TS-001A-00J60?Item=9SIA7AB9B78420,//c1.neweggimages.com/ProductImageCompressAll300/V0F3_1_201905191798296115.jpg
4,1TS-001A-00J63,Computer Systems,Laptops / Notebooks,10,ASUS,"ASUS TUF TUF705DU-PB74 Gaming and Entertainment Laptop (AMD Ryzen 7 3750H 4-Core, 32GB RAM, 512GB  PCIe SSD + 2TB  HDD , 17.3"" Full HD (1920x1080), NVIDIA GTX 1660 Ti, Wifi, Bluetooth, Win 10 Pro)",,1802.49,0.0,https://www.newegg.com/p/1TS-001A-00J63?Item=9SIA7AB9B78423,//c1.neweggimages.com/ProductImageCompressAll300/V0F3_1_201905191798296115.jpg
5,1TS-001A-00J95,Computer Systems,Laptops / Notebooks,10,ASUS,"ASUS TUF TUF705DU-PB74 Gaming and Entertainment Laptop (AMD Ryzen 7 3750H 4-Core, 32GB RAM, 2TB  PCIe SSD + 1TB  HDD , 17.3"" Full HD (1920x1080), NVIDIA GTX 1660 Ti, Wifi, Bluetooth, Win 10 Home)",,2112.49,0.0,https://www.newegg.com/p/1TS-001A-00J95?Item=9SIA7AB9B78455,//c1.neweggimages.com/ProductImageCompressAll300/V0F3_1_201905191798296115.jpg
6,1TS-001A-00J73,Computer Systems,Laptops / Notebooks,10,ASUS,"ASUS TUF TUF705DU-PB74 Gaming and Entertainment Laptop (AMD Ryzen 7 3750H 4-Core, 64GB RAM, 2TB  PCIe SSD + 2TB  HDD , 17.3"" Full HD (1920x1080), NVIDIA GTX 1660 Ti, Wifi, Bluetooth, Win 10 Pro)",,2502.49,0.0,https://www.newegg.com/p/1TS-001A-00J73?Item=9SIA7AB9B78433,//c1.neweggimages.com/ProductImageCompressAll300/V0F3_1_201905191798296115.jpg
7,1TS-001A-00J76,Computer Systems,Laptops / Notebooks,10,ASUS,"ASUS TUF TUF705DU-PB74 Gaming and Entertainment Laptop (AMD Ryzen 7 3750H 4-Core, 64GB RAM, 1TB  PCIe SSD + 1TB  HDD , 17.3"" Full HD (1920x1080), NVIDIA GTX 1660 Ti, Wifi, Bluetooth, Win 10 Home)",,2112.49,0.0,https://www.newegg.com/p/1TS-001A-00J76?Item=9SIA7AB9B78436,//c1.neweggimages.com/ProductImageCompressAll300/V0F3_1_201905191798296115.jpg
8,1TS-001A-00J79,Computer Systems,Laptops / Notebooks,10,ASUS,"ASUS TUF TUF705DU-PB74 Gaming and Entertainment Laptop (AMD Ryzen 7 3750H 4-Core, 64GB RAM, 2TB  PCIe SSD + 2TB  HDD , 17.3"" Full HD (1920x1080), NVIDIA GTX 1660 Ti, Wifi, Bluetooth, Win 10 Home)",,2352.49,0.0,https://www.newegg.com/p/1TS-001A-00J79?Item=9SIA7AB9B78439,//c1.neweggimages.com/ProductImageCompressAll300/V0F3_1_201905191798296115.jpg
9,1TS-001A-00J75,Computer Systems,Laptops / Notebooks,10,ASUS,"ASUS TUF TUF705DU-PB74 Gaming and Entertainment Laptop (AMD Ryzen 7 3750H 4-Core, 64GB RAM, 512GB  PCIe SSD + 2TB  HDD , 17.3"" Full HD (1920x1080), NVIDIA GTX 1660 Ti, Wifi, Bluetooth, Win 10 Home)",,1852.49,0.0,https://www.newegg.com/p/1TS-001A-00J75?Item=9SIA7AB9B78435,//c1.neweggimages.com/ProductImageCompressAll300/V0F3_1_201905191798296115.jpg
10,1TS-001A-00J59,Computer Systems,Laptops / Notebooks,10,ASUS,"ASUS TUF TUF705DU-PB74 Gaming and Entertainment Laptop (AMD Ryzen 7 3750H 4-Core, 16GB RAM, 1TB  PCIe SSD + 2TB  HDD , 17.3"" Full HD (1920x1080), NVIDIA GTX 1660 Ti, Wifi, Bluetooth, Win 10 Pro)",,2279.99,0.0,https://www.newegg.com/p/1TS-001A-00J59?Item=9SIA7AB9B78419,//c1.neweggimages.com/ProductImageCompressAll300/V0F3_1_201905191798296115.jpg
11,1TS-001A-00J93,Computer Systems,Laptops / Notebooks,10,ASUS,"ASUS TUF TUF705DU-PB74 Gaming and Entertainment Laptop (AMD Ryzen 7 3750H 4-Core, 32GB RAM, 1TB  PCIe SSD + 2TB  HDD , 17.3"" Full HD (1920x1080), NVIDIA GTX 1660 Ti, Wifi, Bluetooth, Win 10 Home)",,2339.99,0.0,https://www.newegg.com/p/1TS-001A-00J93?Item=9SIA7AB9B78453,//c1.neweggimages.com/ProductImageCompressAll300/V0F3_1_201905191798296115.jpg
12,1TS-001A-00J48,Computer Systems,Laptops / Notebooks,10,ASUS,"ASUS TUF TUF705DU-PB74 Gaming and Entertainment Laptop (AMD Ryzen 7 3750H 4-Core, 32GB RAM, 1TB  PCIe SSD, 17.3"" Full HD (1920x1080), NVIDIA GTX 1660 Ti, Wifi, Bluetooth, Webcam, Win 10 Pro)",,2399.99,0.0,https://www.newegg.com/p/1TS-001A-00J48?Item=9SIA7AB9B78408,//c1.neweggimages.com/ProductImageCompressAll300/V0F3_1_201905191798296115.jpg
13,1TS-001A-00J45,Computer Systems,Laptops / Notebooks,10,ASUS,"ASUS TUF TUF705DU-PB74 Gaming and Entertainment Laptop (AMD Ryzen 7 3750H 4-Core, 16GB RAM, 1TB  PCIe SSD, 17.3"" Full HD (1920x1080), NVIDIA GTX 1660 Ti, Wifi, Bluetooth, Webcam, Win 10 Pro)",,2159.99,0.0,https://www.newegg.com/p/1TS-001A-00J45?Item=9SIA7AB9B78401,//c1.neweggimages.com/ProductImageCompressAll300/V0F3_1_201905191798296115.jpg
14,1TS-001A-00J94,Computer Systems,Laptops / Notebooks,10,ASUS,"ASUS TUF TUF705DU-PB74 Gaming and Entertainment Laptop (AMD Ryzen 7 3750H 4-Core, 32GB RAM, 2TB  PCIe SSD, 17.3"" Full HD (1920x1080), NVIDIA GTX 1660 Ti, Wifi, Bluetooth, Webcam, Win 10 Home)",,2459.99,0.0,https://www.newegg.com/p/1TS-001A-00J94?Item=9SIA7AB9B78454,//c1.neweggimages.com/ProductImageCompressAll300/V0F3_1_201905191798296115.jpg
15,1TS-001A-00J84,Computer Systems,Laptops / Notebooks,10,ASUS,"ASUS TUF TUF705DU-PB74 Gaming and Entertainment Laptop (AMD Ryzen 7 3750H 4-Core, 16GB RAM, 1TB  PCIe SSD + 2TB  HDD , 17.3"" Full HD (1920x1080), NVIDIA GTX 1660 Ti, Wifi, Bluetooth, Win 10 Home)",,2099.99,0.0,https://www.newegg.com/p/1TS-001A-00J84?Item=9SIA7AB9B78444,//c1.neweggimages.com/ProductImageCompressAll300/V0F3_1_201905191798296115.jpg
16,1TS-001A-00J85,Computer Systems,Laptops / Notebooks,10,ASUS,"ASUS TUF TUF705DU-PB74 Gaming and Entertainment Laptop (AMD Ryzen 7 3750H 4-Core, 16GB RAM, 2TB  PCIe SSD, 17.3"" Full HD (1920x1080), NVIDIA GTX 1660 Ti, Wifi, Bluetooth, Webcam, Win 10 Home)",,2219.99,0.0,https://www.newegg.com/p/1TS-001A-00J85?Item=9SIA7AB9B78445,//c1.neweggimages.com/ProductImageCompressAll300/V0F3_1_201905191798296115.jpg
17,1TS-001A-00J80,Computer Systems,Laptops / Notebooks,10,ASUS,"ASUS TUF TUF705DU-PB74 Gaming and Entertainment Laptop (AMD Ryzen 7 3750H 4-Core, 16GB RAM, 512GB  PCIe SSD + 1TB  HDD , 17.3"" Full HD (1920x1080), NVIDIA GTX 1660 Ti, Wifi, Bluetooth, Win 10 Home)",,1691.99,0.0,https://www.newegg.com/p/1TS-001A-00J80?Item=9SIA7AB9B78440,//c1.neweggimages.com/ProductImageCompressAll300/V0F3_1_201905191798296115.jpg
18,1TS-001A-00J74,Computer Systems,Laptops / Notebooks,10,ASUS,"ASUS TUF TUF705DU-PB74 Gaming and Entertainment Laptop (AMD Ryzen 7 3750H 4-Core, 64GB RAM, 512GB  PCIe SSD + 1TB  HDD , 17.3"" Full HD (1920x1080), NVIDIA GTX 1660 Ti, Wifi, Bluetooth, Win 10 Home)",,2171.99,0.0,https://www.newegg.com/p/1TS-001A-00J74?Item=9SIA7AB9B78434,//c1.neweggimages.com/ProductImageCompressAll300/V0F3_1_201905191798296115.jpg
19,1TS-001A-00J71,Computer Systems,Laptops / Notebooks,10,ASUS,"ASUS TUF TUF705DU-PB74 Gaming and Entertainment Laptop (AMD Ryzen 7 3750H 4-Core, 64GB RAM, 1TB  PCIe SSD + 2TB  HDD , 17.3"" Full HD (1920x1080), NVIDIA GTX 1660 Ti, Wifi, Bluetooth, Win 10 Pro)",,2759.99,0.0,https://www.newegg.com/p/1TS-001A-00J71?Item=9SIA7AB9B78431,//c1.neweggimages.com/ProductImageCompressAll300/V0F3_1_201905191798296115.jpg
20,1TS-001A-00J58,Computer Systems,Laptops / Notebooks,10,ASUS,"ASUS TUF TUF705DU-PB74 Gaming and Entertainment Laptop (AMD Ryzen 7 3750H 4-Core, 16GB RAM, 1TB  PCIe SSD + 1TB  HDD , 17.3"" Full HD (1920x1080), NVIDIA GTX 1660 Ti, Wifi, Bluetooth, Win 10 Pro)",,2231.99,0.0,https://www.newegg.com/p/1TS-001A-00J58?Item=9SIA7AB9B78418,//c1.neweggimages.com/ProductImageCompressAll300/V0F3_1_201905191798296115.jpg
21,1TS-001A-00J53,Computer Systems,Laptops / Notebooks,10,ASUS,"ASUS TUF TUF705DU-PB74 Gaming and Entertainment Laptop (AMD Ryzen 7 3750H 4-Core, 64GB RAM, 512GB  PCIe SSD, 17.3"" Full HD (1920x1080), NVIDIA GTX 1660 Ti, Wifi, Bluetooth, Webcam, Win 10 Pro)",,2279.99,0.0,https://www.newegg.com/p/1TS-001A-00J53?Item=9SIA7AB9B78413,//c1.neweggimages.com/ProductImageCompressAll300/V0F3_1_201905191798296115.jpg
22,1TS-001A-00J65,Computer Systems,Laptops / Notebooks,10,ASUS,"ASUS TUF TUF705DU-PB74 Gaming and Entertainment Laptop (AMD Ryzen 7 3750H 4-Core, 32GB RAM, 1TB  PCIe SSD + 2TB  HDD , 17.3"" Full HD (1920x1080), NVIDIA GTX 1660 Ti, Wifi, Bluetooth, Win 10 Pro)",,2519.99,0.0,https://www.newegg.com/p/1TS-001A-00J65?Item=9SIA7AB9B78425,//c1.neweggimages.com/ProductImageCompressAll300/V0F3_1_201905191798296115.jpg
23,1TS-001A-00J92,Computer Systems,Laptops / Notebooks,10,ASUS,"ASUS TUF TUF705DU-PB74 Gaming and Entertainment Laptop (AMD Ryzen 7 3750H 4-Core, 32GB RAM, 1TB  PCIe SSD + 1TB  HDD , 17.3"" Full HD (1920x1080), NVIDIA GTX 1660 Ti, Wifi, Bluetooth, Win 10 Home)",,2291.99,0.0,https://www.newegg.com/p/1TS-001A-00J92?Item=9SIA7AB9B78452,//c1.neweggimages.com/ProductImageCompressAll300/V0F3_1_201905191798296115.jpg
24,1TS-001A-00J54,Computer Systems,Laptops / Notebooks,10,ASUS,"ASUS TUF TUF705DU-PB74 Gaming and Entertainment Laptop (AMD Ryzen 7 3750H 4-Core, 64GB RAM, 1TB  PCIe SSD, 17.3"" Full HD (1920x1080), NVIDIA GTX 1660 Ti, Wifi, Bluetooth, Webcam, Win 10 Pro)",,2639.99,0.0,https://www.newegg.com/p/1TS-001A-00J54?Item=9SIA7AB9B78414,//c1.neweggimages.com/ProductImageCompressAll300/V0F3_1_201905191798296115.jpg
25,1TS-001A-00J82,Computer Systems,Laptops / Notebooks,10,ASUS,"ASUS TUF TUF705DU-PB74 Gaming and Entertainment Laptop (AMD Ryzen 7 3750H 4-Core, 16GB RAM, 1TB  PCIe SSD, 17.3"" Full HD (1920x1080), NVIDIA GTX 1660 Ti, Wifi, Bluetooth, Webcam, Win 10 Home)",,1979.99,0.0,https://www.newegg.com/p/1TS-001A-00J82?Item=9SIA7AB9B78442,//c1.neweggimages.com/ProductImageCompressAll300/V0F3_1_201905191798296115.jpg
26,1TS-001A-00J51,Computer Systems,Laptops / Notebooks,10,ASUS,"ASUS TUF TUF705DU-PB74 Gaming and Entertainment Laptop (AMD Ryzen 7 3750H 4-Core, 64GB RAM, 1TB  PCIe SSD, 17.3"" Full HD (1920x1080), NVIDIA GTX 1660 Ti, Wifi, Bluetooth, Webcam, Win 10 Home)",Free Expedited Shipping,2459.99,0.0,https://www.newegg.com/p/1TS-001A-00J51?Item=9SIA7AB9B78411,//c1.neweggimages.com/ProductImageCompressAll300/V0F3_1_201905191798296115.jpg
27,1TS-001A-00J64,Computer Systems,Laptops / Notebooks,10,ASUS,"ASUS TUF TUF705DU-PB74 Gaming and Entertainment Laptop (AMD Ryzen 7 3750H 4-Core, 32GB RAM, 1TB  PCIe SSD + 1TB  HDD , 17.3"" Full HD (1920x1080), NVIDIA GTX 1660 Ti, Wifi, Bluetooth, Win 10 Pro)",Free Expedited Shipping,2471.99,0.0,https://www.newegg.com/p/1TS-001A-00J64?Item=9SIA7AB9B78424,//c1.neweggimages.com/ProductImageCompressAll300/V0F3_1_201905191798296115.jpg
28,1TS-001A-00J50,Computer Systems,Laptops / Notebooks,10,ASUS,"ASUS TUF TUF705DU-PB74 Gaming and Entertainment Laptop (AMD Ryzen 7 3750H 4-Core, 64GB RAM, 512GB  PCIe SSD, 17.3"" Full HD (1920x1080), NVIDIA GTX 1660 Ti, Wifi, Bluetooth, Webcam, Win 10 Home)",Free Expedited Shipping,2099.99,0.0,https://www.newegg.com/p/1TS-001A-00J50?Item=9SIA7AB9B78410,//c1.neweggimages.com/ProductImageCompressAll300/V0F3_1_201905191798296115.jpg
29,1TS-001A-00J46,Computer Systems,Laptops / Notebooks,10,ASUS,"ASUS TUF TUF705DU-PB74 Gaming and Entertainment Laptop (AMD Ryzen 7 3750H 4-Core, 16GB RAM, 2TB  PCIe SSD, 17.3"" Full HD (1920x1080), NVIDIA GTX 1660 Ti, Wifi, Bluetooth, Webcam, Win 10 Pro)",Free Expedited Shipping,2399.99,0.0,https://www.newegg.com/p/1TS-001A-00J46?Item=9SIA7AB9B78406,//c1.neweggimages.com/ProductImageCompressAll300/V0F3_1_201905191798296115.jpg
30,1TS-001A-00J81,Computer Systems,Laptops / Notebooks,10,ASUS,"ASUS TUF TUF705DU-PB74 Gaming and Entertainment Laptop (AMD Ryzen 7 3750H 4-Core, 16GB RAM, 512GB  PCIe SSD + 2TB  HDD , 17.3"" Full HD (1920x1080), NVIDIA GTX 1660 Ti, Wifi, Bluetooth, Win 10 Home)",Free Expedited Shipping,1452.49,0.0,https://www.newegg.com/p/1TS-001A-00J81?Item=9SIA7AB9B78441,//c1.neweggimages.com/ProductImageCompressAll300/V0F3_1_201905191798296115.jpg
31,1TS-001A-00J61,Computer Systems,Laptops / Notebooks,10,ASUS,"ASUS TUF TUF705DU-PB74 Gaming and Entertainment Laptop (AMD Ryzen 7 3750H 4-Core, 16GB RAM, 2TB  PCIe SSD + 2TB  HDD , 17.3"" Full HD (1920x1080), NVIDIA GTX 1660 Ti, Wifi, Bluetooth, Win 10 Pro)",Free Expedited Shipping,2102.49,0.0,https://www.newegg.com/p/1TS-001A-00J61?Item=9SIA7AB9B78421,//c1.neweggimages.com/ProductImageCompressAll300/V0F3_1_201905191798296115.jpg
32,1TS-001A-00J91,Computer Systems,Laptops / Notebooks,10,ASUS,"ASUS TUF TUF705DU-PB74 Gaming and Entertainment Laptop (AMD Ryzen 7 3750H 4-Core, 32GB RAM, 1TB  PCIe SSD, 17.3"" Full HD (1920x1080), NVIDIA GTX 1660 Ti, Wifi, Bluetooth, Webcam, Win 10 Home)",Free Expedited Shipping,2219.99,0.0,https://www.newegg.com/p/1TS-001A-00J91?Item=9SIA7AB9B78451,//c1.neweggimages.com/ProductImageCompressAll300/V0F3_1_201905191798296115.jpg
33,1TS-001A-00J77,Computer Systems,Laptops / Notebooks,10,ASUS,"ASUS TUF TUF705DU-PB74 Gaming and Entertainment Laptop (AMD Ryzen 7 3750H 4-Core, 64GB RAM, 1TB  PCIe SSD + 2TB  HDD , 17.3"" Full HD (1920x1080), NVIDIA GTX 1660 Ti, Wifi, Bluetooth, Win 10 Home)",Free Expedited Shipping,2579.99,0.0,https://www.newegg.com/p/1TS-001A-00J77?Item=9SIA7AB9B78437,//c1.neweggimages.com/ProductImageCompressAll300/V0F3_1_201905191798296115.jpg
34,1TS-001A-00J47,Computer Systems,Laptops / Notebooks,10,ASUS,"ASUS TUF TUF705DU-PB74 Gaming and Entertainment Laptop (AMD Ryzen 7 3750H 4-Core, 32GB RAM, 512GB  PCIe SSD, 17.3"" Full HD (1920x1080), NVIDIA GTX 1660 Ti, Wifi, Bluetooth, Webcam, Win 10 Pro)",Free Expedited Shipping,2039.99,0.0,https://www.newegg.com/p/1TS-001A-00J47?Item=9SIA7AB9B78407,//c1.neweggimages.com/ProductImageCompressAll300/V0F3_1_201905191798296115.jpg
35,1TS-001A-00J62,Computer Systems,Laptops / Notebooks,10,ASUS,"ASUS TUF TUF705DU-PB74 Gaming and Entertainment Laptop (AMD Ryzen 7 3750H 4-Core, 32GB RAM, 512GB  PCIe SSD + 1TB  HDD , 17.3"" Full HD (1920x1080), NVIDIA GTX 1660 Ti, Wifi, Bluetooth, Win 10 Pro)",Free Expedited Shipping,2111.99,0.0,https://www.newegg.com/p/1TS-001A-00J62?Item=9SIA7AB9B78422,//c1.neweggimages.com/ProductImageCompressAll300/V0F3_1_201905191798296115.jpg
