,item_number,general_category,product_category,page_number,brand,model_specifications,current_promotions,price,shipping,product_links,image_link
0,1TS-001A-01U08,Computer Systems,Laptops / Notebooks,4,ASUS,"ASUS FX705DT 17.3"" Customized Gaming Laptop | AMD Ryzen 7 3750H Processor | 16GB RAM 128GB SSD 1TB HDD | GeForce GTX 1650 4GB GDDR5 | RGB Backlit Keyboard | Windows 10 Black",,1005.55,0.0,https://www.newegg.com/p/1TS-001A-01U08?Item=9SIAJZDAZ84264,//c1.neweggimages.com/ProductImageCompressAll300/AJZD_1_202001281913377908.jpg
1,1TS-001A-01U02,Computer Systems,Laptops / Notebooks,4,ASUS,"ASUS FX705DT 17.3"" Customized Gaming Laptop | AMD Ryzen 7 3750H Processor | 8GB RAM 1024GB SSD | GeForce GTX 1650 4GB GDDR5 | RGB Backlit Keyboard | Windows 10 Black",,1047.16,0.0,https://www.newegg.com/p/1TS-001A-01U02?Item=9SIAJZDAZ84258,//c1.neweggimages.com/ProductImageCompressAll300/AJZD_1_202001281913377908.jpg
2,1TS-001A-01U10,Computer Systems,Laptops / Notebooks,4,ASUS,"ASUS FX705DT 17.3"" Customized Gaming Laptop | AMD Ryzen 7 3750H Processor | 8GB RAM 1024GB SSD 1TB HDD | GeForce GTX 1650 4GB GDDR5 | RGB Backlit Keyboard | Windows 10 Black",,1088.77,0.0,https://www.newegg.com/p/1TS-001A-01U10?Item=9SIAJZDAZ84266,//c1.neweggimages.com/ProductImageCompressAll300/AJZD_1_202001281913377908.jpg
3,1TS-001A-01U62,Computer Systems,Laptops / Notebooks,4,ASUS,"ASUS FX705DT 17.3"" Customized Gaming Laptop | AMD Ryzen 7 3750H Processor | 32GB RAM 512GB SSD 500GB HDD | GeForce GTX 1650 4GB GDDR5 | RGB Backlit Keyboard | Windows 10 Black",,1171.98,0.0,https://www.newegg.com/p/1TS-001A-01U62?Item=9SIAJZDAZ84381,//c1.neweggimages.com/ProductImageCompressAll300/AJZD_1_202001281913377908.jpg
4,1TS-001A-01U38,Computer Systems,Laptops / Notebooks,4,ASUS,"ASUS FX705DT 17.3"" Customized Gaming Laptop | AMD Ryzen 7 3750H Processor | 12GB RAM 1024GB SSD 1TB HDD | GeForce GTX 1650 4GB GDDR5 | RGB Backlit Keyboard | Windows 10 Black",,1116.50,0.0,https://www.newegg.com/p/1TS-001A-01U38?Item=9SIAJZDAZ84294,//c1.neweggimages.com/ProductImageCompressAll300/AJZD_1_202001281913377908.jpg
5,1TS-001A-01U60,Computer Systems,Laptops / Notebooks,4,ASUS,"ASUS FX705DT 17.3"" Customized Gaming Laptop | AMD Ryzen 7 3750H Processor | 24GB RAM 256GB SSD 1TB HDD | GeForce GTX 1650 4GB GDDR5 | RGB Backlit Keyboard | Windows 10 Black",,1095.70,0.0,https://www.newegg.com/p/1TS-001A-01U60?Item=9SIAJZDAZ84379,//c1.neweggimages.com/ProductImageCompressAll300/AJZD_1_202001281913377908.jpg
6,1TS-001A-01U01,Computer Systems,Laptops / Notebooks,4,ASUS,"ASUS FX705DT 17.3"" Customized Gaming Laptop | AMD Ryzen 7 3750H Processor | 8GB RAM 128GB SSD | GeForce GTX 1650 4GB GDDR5 | RGB Backlit Keyboard | Windows 10 Black",,908.46,0.0,https://www.newegg.com/p/1TS-001A-01U01?Item=9SIAJZDAZ84257,//c1.neweggimages.com/ProductImageCompressAll300/AJZD_1_202001281913377908.jpg
7,1TS-001A-01U36,Computer Systems,Laptops / Notebooks,4,ASUS,"ASUS FX705DT 17.3"" Customized Gaming Laptop | AMD Ryzen 7 3750H Processor | 16GB RAM 256GB SSD 1TB HDD | GeForce GTX 1650 4GB GDDR5 | RGB Backlit Keyboard | Windows 10 Black",,1026.35,0.0,https://www.newegg.com/p/1TS-001A-01U36?Item=9SIAJZDAZ84292,//c1.neweggimages.com/ProductImageCompressAll300/AJZD_1_202001281913377908.jpg
8,1TS-001A-01U82,Computer Systems,Laptops / Notebooks,4,ASUS,"ASUS FX705DT 17.3"" Customized Gaming Laptop | AMD Ryzen 7 3750H Processor | 24GB RAM 1024GB SSD | GeForce GTX 1650 4GB GDDR5 | RGB Backlit Keyboard | Windows 10 Black",,1171.98,0.0,https://www.newegg.com/p/1TS-001A-01U82?Item=9SIAJZDAZ84401,//c1.neweggimages.com/ProductImageCompressAll300/AJZD_1_202001281913377908.jpg
9,1TS-001A-01TZ8,Computer Systems,Laptops / Notebooks,4,ASUS,"ASUS FX705DT 17.3"" Customized Gaming Laptop | AMD Ryzen 7 3750H Processor | 12GB RAM 256GB SSD | GeForce GTX 1650 4GB GDDR5 | RGB Backlit Keyboard | Windows 10 Black",,957.00,0.0,https://www.newegg.com/p/1TS-001A-01TZ8?Item=9SIAJZDAZ84254,//c1.neweggimages.com/ProductImageCompressAll300/AJZD_1_202001281913377908.jpg
10,1TS-001A-01U06,Computer Systems,Laptops / Notebooks,4,ASUS,"ASUS FX705DT 17.3"" Customized Gaming Laptop | AMD Ryzen 7 3750H Processor | 12GB RAM 256GB SSD 1TB HDD | GeForce GTX 1650 4GB GDDR5 | RGB Backlit Keyboard | Windows 10 Black",,998.61,0.0,https://www.newegg.com/p/1TS-001A-01U06?Item=9SIAJZDAZ84262,//c1.neweggimages.com/ProductImageCompressAll300/AJZD_1_202001281913377908.jpg
11,1TS-001A-01U70,Computer Systems,Laptops / Notebooks,4,ASUS,"ASUS FX705DT 17.3"" Customized Gaming Laptop | AMD Ryzen 7 3750H Processor | 24GB RAM 512GB SSD 500GB HDD | GeForce GTX 1650 4GB GDDR5 | RGB Backlit Keyboard | Windows 10 Black",,1102.64,0.0,https://www.newegg.com/p/1TS-001A-01U70?Item=9SIAJZDAZ84389,//c1.neweggimages.com/ProductImageCompressAll300/AJZD_1_202001281913377908.jpg
12,1TS-001A-01U61,Computer Systems,Laptops / Notebooks,4,ASUS,"ASUS FX705DT 17.3"" Customized Gaming Laptop | AMD Ryzen 7 3750H Processor | 32GB RAM 128GB SSD 500GB HDD | GeForce GTX 1650 4GB GDDR5 | RGB Backlit Keyboard | Windows 10 Black",,1123.44,0.0,https://www.newegg.com/p/1TS-001A-01U61?Item=9SIAJZDAZ84380,//c1.neweggimages.com/ProductImageCompressAll300/AJZD_1_202001281913377908.jpg
13,1TS-001A-01U44,Computer Systems,Laptops / Notebooks,4,ASUS,"ASUS FX705DT 17.3"" Customized Gaming Laptop | AMD Ryzen 7 3750H Processor | 24GB RAM 1TB HDD | GeForce GTX 1650 4GB GDDR5 | RGB Backlit Keyboard | Windows 10 Black",,1047.16,0.0,https://www.newegg.com/p/1TS-001A-01U44?Item=9SIAJZDAZ84362,//c1.neweggimages.com/ProductImageCompressAll300/AJZD_1_202001281913377908.jpg
14,1TS-001A-01U13,Computer Systems,Laptops / Notebooks,4,ASUS,"ASUS FX705DT 17.3"" Customized Gaming Laptop | AMD Ryzen 7 3750H Processor | 8GB RAM 128GB SSD 2TB HDD | GeForce GTX 1650 4GB GDDR5 | RGB Backlit Keyboard | Windows 10 Black",,977.81,0.0,https://www.newegg.com/p/1TS-001A-01U13?Item=9SIAJZDAZ84269,//c1.neweggimages.com/ProductImageCompressAll300/AJZD_1_202001281913377908.jpg
15,1TS-001A-01U81,Computer Systems,Laptops / Notebooks,4,ASUS,"ASUS FX705DT 17.3"" Customized Gaming Laptop | AMD Ryzen 7 3750H Processor | 32GB RAM 2TB HDD | GeForce GTX 1650 4GB GDDR5 | RGB Backlit Keyboard | Windows 10 Black",,1144.24,0.0,https://www.newegg.com/p/1TS-001A-01U81?Item=9SIAJZDAZ84400,//c1.neweggimages.com/ProductImageCompressAll300/AJZD_1_202001281913377908.jpg
16,1TS-001A-01U73,Computer Systems,Laptops / Notebooks,4,ASUS,"ASUS FX705DT 17.3"" Customized Gaming Laptop | AMD Ryzen 7 3750H Processor | 32GB RAM 500GB HDD | GeForce GTX 1650 4GB GDDR5 | RGB Backlit Keyboard | Windows 10 Black",,1095.70,0.0,https://www.newegg.com/p/1TS-001A-01U73?Item=9SIAJZDAZ84392,//c1.neweggimages.com/ProductImageCompressAll300/AJZD_1_202001281913377908.jpg
17,1TS-001A-01U80,Computer Systems,Laptops / Notebooks,4,ASUS,"ASUS FX705DT 17.3"" Customized Gaming Laptop | AMD Ryzen 7 3750H Processor | 32GB RAM 1024GB SSD 500GB HDD | GeForce GTX 1650 4GB GDDR5 | RGB Backlit Keyboard | Windows 10 Black",,1262.14,0.0,https://www.newegg.com/p/1TS-001A-01U80?Item=9SIAJZDAZ84399,//c1.neweggimages.com/ProductImageCompressAll300/AJZD_1_202001281913377908.jpg
18,1TS-001A-01U85,Computer Systems,Laptops / Notebooks,4,ASUS,"ASUS FX705DT 17.3"" Customized Gaming Laptop | AMD Ryzen 7 3750H Processor | 32GB RAM 256GB SSD | GeForce GTX 1650 4GB GDDR5 | RGB Backlit Keyboard | Windows 10 Black",,1123.44,0.0,https://www.newegg.com/p/1TS-001A-01U85?Item=9SIAJZDAZ84404,//c1.neweggimages.com/ProductImageCompressAll300/AJZD_1_202001281913377908.jpg
19,1TS-001A-01U30,Computer Systems,Laptops / Notebooks,4,ASUS,"ASUS FX705DT 17.3"" Customized Gaming Laptop | AMD Ryzen 7 3750H Processor | 12GB RAM 128GB SSD | GeForce GTX 1650 4GB GDDR5 | RGB Backlit Keyboard | Windows 10 Black",,936.20,0.0,https://www.newegg.com/p/1TS-001A-01U30?Item=9SIAJZDAZ84286,//c1.neweggimages.com/ProductImageCompressAll300/AJZD_1_202001281913377908.jpg
20,1TS-001A-01U51,Computer Systems,Laptops / Notebooks,4,ASUS,"ASUS FX705DT 17.3"" Customized Gaming Laptop | AMD Ryzen 7 3750H Processor | 16GB RAM 1024GB SSD | GeForce GTX 1650 4GB GDDR5 | RGB Backlit Keyboard | Windows 10 Black",,1102.64,0.0,https://www.newegg.com/p/1TS-001A-01U51?Item=9SIAJZDAZ84370,//c1.neweggimages.com/ProductImageCompressAll300/AJZD_1_202001281913377908.jpg
21,1TS-001A-01U34,Computer Systems,Laptops / Notebooks,4,ASUS,"ASUS FX705DT 17.3"" Customized Gaming Laptop | AMD Ryzen 7 3750H Processor | 12GB RAM 1024GB SSD 500GB HDD | GeForce GTX 1650 4GB GDDR5 | RGB Backlit Keyboard | Windows 10 Black",,1095.70,0.0,https://www.newegg.com/p/1TS-001A-01U34?Item=9SIAJZDAZ84290,//c1.neweggimages.com/ProductImageCompressAll300/AJZD_1_202001281913377908.jpg
22,1TS-001A-01U59,Computer Systems,Laptops / Notebooks,4,ASUS,"ASUS FX705DT 17.3"" Customized Gaming Laptop | AMD Ryzen 7 3750H Processor | 16GB RAM 1024GB SSD 1TB HDD | GeForce GTX 1650 4GB GDDR5 | RGB Backlit Keyboard | Windows 10 Black",,1144.24,0.0,https://www.newegg.com/p/1TS-001A-01U59?Item=9SIAJZDAZ84378,//c1.neweggimages.com/ProductImageCompressAll300/AJZD_1_202001281913377908.jpg
23,1TS-001A-01U19,Computer Systems,Laptops / Notebooks,4,ASUS,"ASUS FX705DT 17.3"" Customized Gaming Laptop | AMD Ryzen 7 3750H Processor | 12GB RAM 512GB SSD 500GB HDD | GeForce GTX 1650 4GB GDDR5 | RGB Backlit Keyboard | Windows 10 Black",,1005.55,0.0,https://www.newegg.com/p/1TS-001A-01U19?Item=9SIAJZDAZ84275,//c1.neweggimages.com/ProductImageCompressAll300/AJZD_1_202001281913377908.jpg
24,1TS-001A-01U63,Computer Systems,Laptops / Notebooks,4,ASUS,"ASUS FX705DT 17.3"" Customized Gaming Laptop | AMD Ryzen 7 3750H Processor | 24GB RAM 256GB SSD 2TB HDD | GeForce GTX 1650 4GB GDDR5 | RGB Backlit Keyboard | Windows 10 Black",,1123.44,0.0,https://www.newegg.com/p/1TS-001A-01U63?Item=9SIAJZDAZ84382,//c1.neweggimages.com/ProductImageCompressAll300/AJZD_1_202001281913377908.jpg
25,1TS-001A-01U18,Computer Systems,Laptops / Notebooks,4,ASUS,"ASUS FX705DT 17.3"" Customized Gaming Laptop | AMD Ryzen 7 3750H Processor | 12GB RAM 500GB HDD | GeForce GTX 1650 4GB GDDR5 | RGB Backlit Keyboard | Windows 10 Black",,929.26,0.0,https://www.newegg.com/p/1TS-001A-01U18?Item=9SIAJZDAZ84274,//c1.neweggimages.com/ProductImageCompressAll300/AJZD_1_202001281913377908.jpg
26,1TS-001A-01U58,Computer Systems,Laptops / Notebooks,4,ASUS,"ASUS FX705DT 17.3"" Customized Gaming Laptop | AMD Ryzen 7 3750H Processor | 32GB RAM 128GB SSD | GeForce GTX 1650 4GB GDDR5 | RGB Backlit Keyboard | Windows 10 Black",,1102.64,0.0,https://www.newegg.com/p/1TS-001A-01U58?Item=9SIAJZDAZ84377,//c1.neweggimages.com/ProductImageCompressAll300/AJZD_1_202001281913377908.jpg
27,1TS-001A-01U53,Computer Systems,Laptops / Notebooks,4,ASUS,"ASUS FX705DT 17.3"" Customized Gaming Laptop | AMD Ryzen 7 3750H Processor | 32GB RAM 256GB SSD 2TB HDD | GeForce GTX 1650 4GB GDDR5 | RGB Backlit Keyboard | Windows 10 Black",,1192.79,0.0,https://www.newegg.com/p/1TS-001A-01U53?Item=9SIAJZDAZ84371,//c1.neweggimages.com/ProductImageCompressAll300/AJZD_1_202001281913377908.jpg
28,1TS-001A-01U43,Computer Systems,Laptops / Notebooks,4,ASUS,"ASUS FX705DT 17.3"" Customized Gaming Laptop | AMD Ryzen 7 3750H Processor | 16GB RAM 512GB SSD 1TB HDD | GeForce GTX 1650 4GB GDDR5 | RGB Backlit Keyboard | Windows 10 Black",,1054.09,0.0,https://www.newegg.com/p/1TS-001A-01U43?Item=9SIAJZDAZ84361,//c1.neweggimages.com/ProductImageCompressAll300/AJZD_1_202001281913377908.jpg
29,1TS-001A-01TZ7,Computer Systems,Laptops / Notebooks,4,ASUS,"ASUS FX705DT 17.3"" Customized Gaming Laptop | AMD Ryzen 7 3750H Processor | 8GB RAM 2TB HDD | GeForce GTX 1650 4GB GDDR5 | RGB Backlit Keyboard | Windows 10 Black",,950.07,0.0,https://www.newegg.com/p/1TS-001A-01TZ7?Item=9SIAJZDAZ84253,//c1.neweggimages.com/ProductImageCompressAll300/AJZD_1_202001281913377908.jpg
30,1TS-001A-01U56,Computer Systems,Laptops / Notebooks,4,ASUS,"ASUS FX705DT 17.3"" Customized Gaming Laptop | AMD Ryzen 7 3750H Processor | 24GB RAM 256GB SSD 500GB HDD | GeForce GTX 1650 4GB GDDR5 | RGB Backlit Keyboard | Windows 10 Black",,1074.90,0.0,https://www.newegg.com/p/1TS-001A-01U56?Item=9SIAJZDAZ84375,//c1.neweggimages.com/ProductImageCompressAll300/AJZD_1_202001281913377908.jpg
31,1TS-001A-01U55,Computer Systems,Laptops / Notebooks,4,ASUS,"ASUS FX705DT 17.3"" Customized Gaming Laptop | AMD Ryzen 7 3750H Processor | 16GB RAM 1024GB SSD 500GB HDD | GeForce GTX 1650 4GB GDDR5 | RGB Backlit Keyboard | Windows 10 Black",,1123.44,0.0,https://www.newegg.com/p/1TS-001A-01U55?Item=9SIAJZDAZ84374,//c1.neweggimages.com/ProductImageCompressAll300/AJZD_1_202001281913377908.jpg
32,1TS-001A-01U17,Computer Systems,Laptops / Notebooks,4,ASUS,"ASUS FX705DT 17.3"" Customized Gaming Laptop | AMD Ryzen 7 3750H Processor | 8GB RAM 256GB SSD | GeForce GTX 1650 4GB GDDR5 | RGB Backlit Keyboard | Windows 10 Black",,929.26,0.0,https://www.newegg.com/p/1TS-001A-01U17?Item=9SIAJZDAZ84273,//c1.neweggimages.com/ProductImageCompressAll300/AJZD_1_202001281913377908.jpg
33,1TS-001A-01U31,Computer Systems,Laptops / Notebooks,4,ASUS,"ASUS FX705DT 17.3"" Customized Gaming Laptop | AMD Ryzen 7 3750H Processor | 12GB RAM 1024GB SSD | GeForce GTX 1650 4GB GDDR5 | RGB Backlit Keyboard | Windows 10 Black",,1074.90,0.0,https://www.newegg.com/p/1TS-001A-01U31?Item=9SIAJZDAZ84287,//c1.neweggimages.com/ProductImageCompressAll300/AJZD_1_202001281913377908.jpg
34,1TS-001A-01TZ4,Computer Systems,Laptops / Notebooks,4,ASUS,"ASUS FX705DT 17.3"" Customized Gaming Laptop | AMD Ryzen 7 3750H Processor | 12GB RAM 128GB SSD 2TB HDD | GeForce GTX 1650 4GB GDDR5 | RGB Backlit Keyboard | Windows 10 Black",,1005.55,0.0,https://www.newegg.com/p/1TS-001A-01TZ4?Item=9SIAJZDAZ84250,//c1.neweggimages.com/ProductImageCompressAll300/AJZD_1_202001281913377908.jpg
35,1TS-001A-01U41,Computer Systems,Laptops / Notebooks,4,ASUS,"ASUS FX705DT 17.3"" Customized Gaming Laptop | AMD Ryzen 7 3750H Processor | 16GB RAM 256GB SSD 2TB HDD | GeForce GTX 1650 4GB GDDR5 | RGB Backlit Keyboard | Windows 10 Black",,1054.09,0.0,https://www.newegg.com/p/1TS-001A-01U41?Item=9SIAJZDAZ84297,//c1.neweggimages.com/ProductImageCompressAll300/AJZD_1_202001281913377908.jpg
