,item_number,general_category,product_category,page_number,brand,model_specifications,current_promotions,price,shipping,product_links,image_link
0,N82E16834847842,Computer Systems,Laptops / Notebooks,8,Lenovo,"Lenovo Laptop IdeaPad L340 81LY000RUS AMD Ryzen 7 2nd Gen 3700U (2.30 GHz) 8 GB Memory 1 TB HDD AMD Radeon RX Vega 10 17.3"" Windows 10 Home 64-bit",,669.99,2.99,https://www.newegg.com/platinum-grey-lenovo-ideapad-l340-81ly000rus-mainstream/p/N82E16834847842?Item=N82E16834847842,//c1.neweggimages.com/NeweggImage/ProductImageCompressAll300/34-847-842-V09.jpg
1,1TS-000E-0FAK6,Computer Systems,Laptops / Notebooks,8,Lenovo,"Lenovo IdeaPad 330s Notebook, 15.6"" HD Display, AMD Ryzen 5 2500U Upto 3.6GHz, 8GB RAM, 512GB NVMe SSD + 1TB HDD, Vega 8, HDMI, Card Reader, Wi-Fi, Bluetooth, Windows 10 Home","Due to holiday observance, orders placed between 4/7 – 4/19 will experience shipping delays",829.99,0.0,https://www.newegg.com/natural-silver-lenovo-ideapad-330s/p/1TS-000E-0FAK6?Item=9SIAEYAAHS7416,//c1.neweggimages.com/ProductImageCompressAll300/AEYA_1_201911071713866516.jpg
2,1TS-000A-04P55,Computer Systems,Laptops / Notebooks,8,DELL,"Dell Inspiron 5575 15.6"" FHD Notebook, AMD Quad-Core Ryzen 7 2700U Upto 3.8GHz, 16GB RAM, 1TB SSD, Radeon Vega 10, HDMI, Card Reader, LAN, Wi-Fi, Bluetooth, Windows 10 Home","Due to holiday observance, orders placed between 4/7 – 4/19 will experience shipping delays",1117.99,0.0,https://www.newegg.com/silver-dell-inspiron-5575-creating-designing/p/1TS-000A-04P55?Item=9SIAEYA96W1998,//c1.neweggimages.com/ProductImageCompressAll300/AA0S_1_201905231432136847.jpg
3,1TS-000A-04P38,Computer Systems,Laptops / Notebooks,8,DELL,"Dell Inspiron 5575 15.6"" FHD Notebook, AMD Quad-Core Ryzen 7 2700U Upto 3.8GHz, 8GB RAM, 256GB NVMe SSD + 1TB HDD, Radeon Vega 10, HDMI, Card Reader, LAN, Wi-Fi, Bluetooth, Windows 10 Pro","Due to holiday observance, orders placed between 4/7 – 4/19 will experience shipping delays",1000.99,0.0,https://www.newegg.com/silver-dell-inspiron-5575-creating-designing/p/1TS-000A-04P38?Item=9SIAA0S96V9408,//c1.neweggimages.com/ProductImageCompressAll300/AA0S_1_201905231282217582.jpg
4,1TS-000E-0FAF1,Computer Systems,Laptops / Notebooks,8,Lenovo,"Lenovo IdeaPad 330s Notebook, 15.6"" HD Display, AMD Ryzen 5 2500U Upto 3.6GHz, 12GB RAM, 128GB NVMe SSD, Vega 8, HDMI, Card Reader, Wi-Fi, Bluetooth, Windows 10 Pro","Due to holiday observance, orders placed between 4/7 – 4/19 will experience shipping delays",792.99,0.0,https://www.newegg.com/natural-silver-lenovo-ideapad-330s/p/1TS-000E-0FAF1?Item=9SIAA0SAHS7322,//c1.neweggimages.com/ProductImageCompressAll300/AA0S_1_201911071378669970.jpg
5,1TS-000A-04P56,Computer Systems,Laptops / Notebooks,8,DELL,"Dell Inspiron 5575 15.6"" FHD Notebook, AMD Quad-Core Ryzen 7 2700U Upto 3.8GHz, 16GB RAM, 256GB SSD, Radeon Vega 10, HDMI, Card Reader, LAN, Wi-Fi, Bluetooth, Windows 10 Home","Due to holiday observance, orders placed between 4/7 – 4/19 will experience shipping delays",948.99,0.0,https://www.newegg.com/silver-dell-inspiron-5575-creating-designing/p/1TS-000A-04P56?Item=9SIAEYA96W2000,//c1.neweggimages.com/ProductImageCompressAll300/AA0S_1_201905231432136847.jpg
6,1TS-000D-076W7,Computer Systems,Laptops / Notebooks,8,HP,"HP Pavilion 15 Notebook, 15.6"" FHD Display, AMD Ryzen 5 3550H Upto 3.7GHz, 32GB RAM, 512GB NVMe SSD, NVIDIA GeForce GTX 1050, HDMI, Card Reader, Wi-Fi, Bluetooth, Windows 10 Pro","Due to holiday observance, orders placed between 4/7 – 4/19 will experience shipping delays",929.99,0.0,https://www.newegg.com/black-hp-pavilion-15/p/1TS-000D-076W7?Item=9SIAA0SAM70548,//c1.neweggimages.com/ProductImageCompressAll300/AA0SS191126g5xvH.jpg
7,1TS-000D-076Y8,Computer Systems,Laptops / Notebooks,8,HP,"HP Pavilion 15 Notebook, 15.6"" FHD Display, AMD Ryzen 5 3550H Upto 3.7GHz, 16GB RAM, 512GB NVMe SSD + 1TB HDD, NVIDIA GeForce GTX 1050, HDMI, Card Reader, Wi-Fi, Bluetooth, Windows 10 Home","Due to holiday observance, orders placed between 4/7 – 4/19 will experience shipping delays",869.99,0.0,https://www.newegg.com/black-hp-pavilion-15/p/1TS-000D-076Y8?Item=9SIAEYAAM70615,//c1.neweggimages.com/ProductImageCompressAll300/AEYAS1911275wYrf.jpg
8,1TS-000D-076Z7,Computer Systems,Laptops / Notebooks,8,HP,"HP Pavilion 15 Notebook, 15.6"" FHD Display, AMD Ryzen 5 3550H Upto 3.7GHz, 8GB RAM, 256GB NVMe SSD + 1TB HDD, NVIDIA GeForce GTX 1050, HDMI, Card Reader, Wi-Fi, Bluetooth, Windows 10 Home","Due to holiday observance, orders placed between 4/7 – 4/19 will experience shipping delays",799.99,0.0,https://www.newegg.com/black-hp-pavilion-15/p/1TS-000D-076Z7?Item=9SIAEYAAM70624,//c1.neweggimages.com/ProductImageCompressAll300/AEYAS191127qUbhw.jpg
9,1TS-000A-04P58,Computer Systems,Laptops / Notebooks,8,DELL,"Dell Inspiron 5575 15.6"" FHD Notebook, AMD Quad-Core Ryzen 7 2700U Upto 3.8GHz, 16GB RAM, 2TB SSD, Radeon Vega 10, HDMI, Card Reader, LAN, Wi-Fi, Bluetooth, Windows 10 Home","Due to holiday observance, orders placed between 4/7 – 4/19 will experience shipping delays",1345.49,0.0,https://www.newegg.com/silver-dell-inspiron-5575-creating-designing/p/1TS-000A-04P58?Item=9SIAEYA96W2002,//c1.neweggimages.com/ProductImageCompressAll300/AA0S_1_201905231432136847.jpg
10,1TS-000D-04M70,Computer Systems,Laptops / Notebooks,8,HP,"HP ENVY x360 - 15z Home and Business Laptop (AMD Ryzen 5 3500U 4-Core, 32GB RAM, 2TB  SATA SSD, 15.6"" Touch  Full HD (1920x1080), AMD Vega 8, Active Pen, Fingerprint, Wifi, Bluetooth, Win 10 Home)",,1978.80,0.0,https://www.newegg.com/p/1TS-000D-04M70?Item=9SIA7AB9EE9787,//c1.neweggimages.com/ProductImageCompressAll300/V0F3_1_20190612637570189.jpg
11,1TS-000A-04P16,Computer Systems,Laptops / Notebooks,8,DELL,"Dell Inspiron 5575 15.6"" FHD Notebook, AMD Quad-Core Ryzen 7 2700U Upto 3.8GHz, 16GB RAM, 128GB NVMe SSD + 1TB HDD, Radeon Vega 10, HDMI, Card Reader, LAN, Wi-Fi, Bluetooth, Windows 10 Pro","Due to holiday observance, orders placed between 4/7 – 4/19 will experience shipping delays",1033.49,0.0,https://www.newegg.com/silver-dell-inspiron-5575-creating-designing/p/1TS-000A-04P16?Item=9SIAA0S96V9381,//c1.neweggimages.com/ProductImageCompressAll300/AA0S_1_201905231282217582.jpg
12,1TS-000D-077U8,Computer Systems,Laptops / Notebooks,8,HP,"HP Pavilion 15 Notebook, 15.6"" FHD Display, AMD Ryzen 5 3550H Upto 3.7GHz, 16GB RAM, 256GB NVMe SSD + 1TB HDD, NVIDIA GeForce GTX 1050, HDMI, Card Reader, Wi-Fi, Bluetooth, Windows 10 Pro","Due to holiday observance, orders placed between 4/7 – 4/19 will experience shipping delays",999.99,0.0,https://www.newegg.com/black-hp-pavilion-15/p/1TS-000D-077U8?Item=9SIAA0SAM95763,//c1.neweggimages.com/ProductImageCompressAll300/AA0SS191127q1Wvm.jpg
13,1TS-000A-04P29,Computer Systems,Laptops / Notebooks,8,DELL,"Dell Inspiron 5575 15.6"" FHD Notebook, AMD Quad-Core Ryzen 7 2700U Upto 3.8GHz, 32GB RAM, 256GB SSD, Radeon Vega 10, HDMI, Card Reader, LAN, Wi-Fi, Bluetooth, Windows 10 Pro","Due to holiday observance, orders placed between 4/7 – 4/19 will experience shipping delays",1091.99,0.0,https://www.newegg.com/silver-dell-inspiron-5575-creating-designing/p/1TS-000A-04P29?Item=9SIAA0S96V9397,//c1.neweggimages.com/ProductImageCompressAll300/AA0S_1_201905231282217582.jpg
14,1TS-000D-07XX3,Computer Systems,Laptops / Notebooks,8,HP,"HP 15 Notebook, 15.6"" HD Touch Display, AMD Ryzen 7 3700U Upto 4.0GHz, 8GB RAM, 256GB NVMe SSD, Vega 10, HDMI, Card Reader, Wi-Fi, Bluetooth, Windows 10 Home","Due to holiday observance, orders placed between 4/7 – 4/19 will experience shipping delays",899.99,0.0,https://www.newegg.com/silver-hp-15/p/1TS-000D-07XX3?Item=9SIAEYAAT66029,//c1.neweggimages.com/ProductImageCompressAll300/AEYA_1_201912231812649638.jpg
15,1TS-000A-04P59,Computer Systems,Laptops / Notebooks,8,DELL,"Dell Inspiron 5575 15.6"" FHD Notebook, AMD Quad-Core Ryzen 7 2700U Upto 3.8GHz, 16GB RAM, 512GB SSD, Radeon Vega 10, HDMI, Card Reader, LAN, Wi-Fi, Bluetooth, Windows 10 Home","Due to holiday observance, orders placed between 4/7 – 4/19 will experience shipping delays",1000.99,0.0,https://www.newegg.com/silver-dell-inspiron-5575-creating-designing/p/1TS-000A-04P59?Item=9SIAEYA96W2004,//c1.neweggimages.com/ProductImageCompressAll300/AA0S_1_201905231432136847.jpg
16,1TS-000E-0FAJ6,Computer Systems,Laptops / Notebooks,8,Lenovo,"Lenovo IdeaPad 330s Notebook, 15.6"" HD Display, AMD Ryzen 5 2500U Upto 3.6GHz, 20GB RAM, 128GB NVMe SSD + 1TB HDD, Vega 8, HDMI, Card Reader, Wi-Fi, Bluetooth, Windows 10 Home","Due to holiday observance, orders placed between 4/7 – 4/19 will experience shipping delays",857.99,0.0,https://www.newegg.com/natural-silver-lenovo-ideapad-330s/p/1TS-000E-0FAJ6?Item=9SIAEYAAHS7406,//c1.neweggimages.com/ProductImageCompressAll300/V1VV_1_20191107706120999.jpg
17,1TS-000D-076V3,Computer Systems,Laptops / Notebooks,8,HP,"HP Pavilion 15 Notebook, 15.6"" FHD Display, AMD Ryzen 5 3550H Upto 3.7GHz, 16GB RAM, 128GB NVMe SSD + 1TB HDD, NVIDIA GeForce GTX 1050, HDMI, Card Reader, Wi-Fi, Bluetooth, Windows 10 Pro","Due to holiday observance, orders placed between 4/7 – 4/19 will experience shipping delays",839.99,0.0,https://www.newegg.com/black-hp-pavilion-15/p/1TS-000D-076V3?Item=9SIAA0SAM70534,//c1.neweggimages.com/ProductImageCompressAll300/AA0SS191126HfPsQ.jpg
18,1TS-000D-076W5,Computer Systems,Laptops / Notebooks,8,HP,"HP Pavilion 15 Notebook, 15.6"" FHD Display, AMD Ryzen 5 3550H Upto 3.7GHz, 32GB RAM, 1TB NVMe SSD + 1TB HDD, NVIDIA GeForce GTX 1050, HDMI, Card Reader, Wi-Fi, Bluetooth, Windows 10 Pro","Due to holiday observance, orders placed between 4/7 – 4/19 will experience shipping delays",1019.99,0.0,https://www.newegg.com/black-hp-pavilion-15/p/1TS-000D-076W5?Item=9SIAA0SAM70546,//c1.neweggimages.com/ProductImageCompressAll300/AA0SS1911264GcYk.jpg
19,1TS-000D-07XW3,Computer Systems,Laptops / Notebooks,8,HP,"HP 15 Notebook, 15.6"" HD Touch Display, AMD Ryzen 7 3700U Upto 4.0GHz, 12GB RAM, 128GB NVMe SSD, Vega 10, HDMI, Card Reader, Wi-Fi, Bluetooth, Windows 10 Home","Due to holiday observance, orders placed between 4/7 – 4/19 will experience shipping delays",649.00,0.0,https://www.newegg.com/silver-hp-15/p/1TS-000D-07XW3?Item=9SIAEYAAT66018,//c1.neweggimages.com/ProductImageCompressAll300/AEYA_1_201912231379421918.jpg
20,1TS-000A-04P31,Computer Systems,Laptops / Notebooks,8,DELL,"Dell Inspiron 5575 15.6"" FHD Notebook, AMD Quad-Core Ryzen 7 2700U Upto 3.8GHz, 32GB RAM, 512GB NVMe SSD + 1TB HDD, Radeon Vega 10, HDMI, Card Reader, LAN, Wi-Fi, Bluetooth, Windows 10 Pro","Due to holiday observance, orders placed between 4/7 – 4/19 will experience shipping delays",1247.99,0.0,https://www.newegg.com/silver-dell-inspiron-5575-creating-designing/p/1TS-000A-04P31?Item=9SIAA0S96V9399,//c1.neweggimages.com/ProductImageCompressAll300/AA0S_1_201905231282217582.jpg
21,1TS-000A-04P57,Computer Systems,Laptops / Notebooks,8,DELL,"Dell Inspiron 5575 15.6"" FHD Notebook, AMD Quad-Core Ryzen 7 2700U Upto 3.8GHz, 16GB RAM, 256GB NVMe SSD + 1TB HDD, Radeon Vega 10, HDMI, Card Reader, LAN, Wi-Fi, Bluetooth, Windows 10 Home","Due to holiday observance, orders placed between 4/7 – 4/19 will experience shipping delays",1033.49,0.0,https://www.newegg.com/silver-dell-inspiron-5575-creating-designing/p/1TS-000A-04P57?Item=9SIAEYA96W2001,//c1.neweggimages.com/ProductImageCompressAll300/AA0S_1_201905231432136847.jpg
22,1TS-000D-076V8,Computer Systems,Laptops / Notebooks,8,HP,"HP Pavilion 15 Notebook, 15.6"" FHD Display, AMD Ryzen 5 3550H Upto 3.7GHz, 8GB RAM, 256GB NVMe SSD + 1TB HDD, NVIDIA GeForce GTX 1050, HDMI, Card Reader, Wi-Fi, Bluetooth, Windows 10 Pro","Due to holiday observance, orders placed between 4/7 – 4/19 will experience shipping delays",819.99,0.0,https://www.newegg.com/black-hp-pavilion-15/p/1TS-000D-076V8?Item=9SIAA0SAM70539,//c1.neweggimages.com/ProductImageCompressAll300/AA0SS19112676y97.jpg
23,1TS-000E-0FAH8,Computer Systems,Laptops / Notebooks,8,Lenovo,"Lenovo IdeaPad 330s Notebook, 15.6"" HD Display, AMD Ryzen 5 2500U Upto 3.6GHz, 20GB RAM, 2TB NVMe SSD + 1TB HDD, Vega 8, HDMI, Card Reader, Wi-Fi, Bluetooth, Windows 10 Home","Due to holiday observance, orders placed between 4/7 – 4/19 will experience shipping delays",1143.99,0.0,https://www.newegg.com/natural-silver-lenovo-ideapad-330s/p/1TS-000E-0FAH8?Item=9SIAEYAAHS7397,//c1.neweggimages.com/ProductImageCompressAll300/V1VV_1_201911071991279624.jpg
24,1TS-001A-00UZ1,Computer Systems,Laptops / Notebooks,8,ASUS,"ASUS TUF705 Gaming and Entertainment Laptop (AMD Ryzen 7 3750H 4-Core, 64GB RAM, 512GB PCIe SSD, 17.3"" Full HD (1920x1080), NVIDIA GTX 1660 Ti, Win 10 Pro) with ROG CASE , GT300 Mouse , GM50 Mouse pad",,2387.99,0.0,https://www.newegg.com/p/1TS-001A-00UZ1?Item=9SIA7AB9VN6490,//c1.neweggimages.com/ProductImageCompressAll300/A7AB_1_201908161622343265.jpg
25,1TS-001A-00UY9,Computer Systems,Laptops / Notebooks,8,ASUS,"ASUS TUF705 Gaming and Entertainment Laptop (AMD Ryzen 7 3750H 4-Core, 32GB RAM, 2TB PCIe SSD, 17.3"" Full HD (1920x1080), NVIDIA GTX 1660 Ti, Win 10 Pro) with ROG CASE , GT300 Mouse , GM50 Mouse pad",,2747.99,0.0,https://www.newegg.com/p/1TS-001A-00UY9?Item=9SIA7AB9VN6488,//c1.neweggimages.com/ProductImageCompressAll300/A7AB_1_201908161622343265.jpg
26,1TS-001A-00UZ3,Computer Systems,Laptops / Notebooks,8,ASUS,"ASUS TUF705 Gaming and Entertainment Laptop (AMD Ryzen 7 3750H 4-Core, 64GB RAM, 1TB PCIe SSD, 17.3"" Full HD (1920x1080), NVIDIA GTX 1660 Ti, Win 10 Pro) with ROG CASE , GT300 Mouse , GM50 Mouse pad",,2747.99,0.0,https://www.newegg.com/p/1TS-001A-00UZ3?Item=9SIA7AB9VN6492,//c1.neweggimages.com/ProductImageCompressAll300/A7AB_1_201908161622343265.jpg
27,1TS-001A-00UZ0,Computer Systems,Laptops / Notebooks,8,ASUS,"ASUS TUF705 Gaming and Entertainment Laptop (AMD Ryzen 7 3750H 4-Core, 32GB RAM, 512GB PCIe SSD, 17.3"" Full HD (1920x1080), NVIDIA GTX 1660 Ti, Win 10 Pro) with ROG CASE , GT300 Mouse , GM50 Mouse pad",,2147.99,0.0,https://www.newegg.com/p/1TS-001A-00UZ0?Item=9SIA7AB9VN6489,//c1.neweggimages.com/ProductImageCompressAll300/A7AB_1_201908161622343265.jpg
28,1TS-001A-00UZ7,Computer Systems,Laptops / Notebooks,8,ASUS,"ASUS TUF705 Gaming and Entertainment Laptop (AMD Ryzen 7 3750H 4-Core, 64GB RAM, 2TB PCIe SSD, 17.3"" Full HD (1920x1080), NVIDIA GTX 1660 Ti, Win 10 Pro) with ROG CASE , GT300 Mouse , GM50 Mouse pad",,2987.99,0.0,https://www.newegg.com/p/1TS-001A-00UZ7?Item=9SIA7AB9VN6496,//c1.neweggimages.com/ProductImageCompressAll300/A7AB_1_201908161622343265.jpg
29,1TS-001A-00UZ5,Computer Systems,Laptops / Notebooks,8,ASUS,"ASUS TUF705 Gaming and Entertainment Laptop (AMD Ryzen 7 3750H 4-Core, 32GB RAM, 1TB PCIe SSD, 17.3"" Full HD (1920x1080), NVIDIA GTX 1660 Ti, Win 10 Pro) with ROG CASE , GT300 Mouse , GM50 Mouse pad",,2507.99,0.0,https://www.newegg.com/p/1TS-001A-00UZ5?Item=9SIA7AB9VN6494,//c1.neweggimages.com/ProductImageCompressAll300/A7AB_1_201908161622343265.jpg
30,1TS-001A-00UY7,Computer Systems,Laptops / Notebooks,8,ASUS,"ASUS TUF705 Gaming and Entertainment Laptop (AMD Ryzen 7 3750H 4-Core, 16GB RAM, 512GB SSD, 17.3"" Full HD (1920x1080), NVIDIA GTX 1660 Ti, Win 10 Home) with ROG CASE , GT300 Mouse , GM50 Mouse pad",,1667.99,0.0,https://www.newegg.com/p/1TS-001A-00UY7?Item=9SIA7AB9VN6474,//c1.neweggimages.com/ProductImageCompressAll300/A7AB_1_201908161622343265.jpg
31,1TS-001A-00UY8,Computer Systems,Laptops / Notebooks,8,ASUS,"ASUS TUF705 Gaming and Entertainment Laptop (AMD Ryzen 7 3750H 4-Core, 64GB RAM, 1TB PCIe SSD, 17.3"" Full HD (1920x1080), NVIDIA GTX 1660 Ti, Win 10 Home) with ROG CASE , GT300 Mouse , GM50 Mouse pad",,2567.99,0.0,https://www.newegg.com/p/1TS-001A-00UY8?Item=9SIA7AB9VN6487,//c1.neweggimages.com/ProductImageCompressAll300/A7AB_1_201908161622343265.jpg
32,1TS-001A-00UZ8,Computer Systems,Laptops / Notebooks,8,ASUS,"ASUS TUF705 Gaming and Entertainment Laptop (AMD Ryzen 7 3750H 4-Core, 16GB RAM, 512GB PCIe SSD + 1TB  HDD , 17.3"" Full HD (1920x1080), ) with ROG CASE , GT300 Mouse , GM50 Mouse pad",,1979.99,0.0,https://www.newegg.com/p/1TS-001A-00UZ8?Item=9SIA7AB9VN6497,//c1.neweggimages.com/ProductImageCompressAll300/A7AB_1_201908161622343265.jpg
33,1TS-001A-00UZ2,Computer Systems,Laptops / Notebooks,8,ASUS,"ASUS TUF705 Gaming and Entertainment Laptop (AMD Ryzen 7 3750H 4-Core, 64GB RAM, 2TB PCIe SSD, 17.3"" Full HD (1920x1080), NVIDIA GTX 1660 Ti, Win 10 Home) with ROG CASE , GT300 Mouse , GM50 Mouse pad",Free Expedited Shipping,2807.99,0.0,https://www.newegg.com/p/1TS-001A-00UZ2?Item=9SIA7AB9VN6491,//c1.neweggimages.com/ProductImageCompressAll300/A7AB_1_201908161622343265.jpg
34,1TS-001A-00UZ6,Computer Systems,Laptops / Notebooks,8,ASUS,"ASUS TUF705 Gaming and Entertainment Laptop (AMD Ryzen 7 3750H 4-Core, 16GB RAM, 512GB PCIe SSD + 2TB  HDD , 17.3"" Full HD (1920x1080), ) with ROG CASE , GT300 Mouse , GM50 Mouse pad",Free Expedited Shipping,2027.99,0.0,https://www.newegg.com/p/1TS-001A-00UZ6?Item=9SIA7AB9VN6495,//c1.neweggimages.com/ProductImageCompressAll300/A7AB_1_201908161622343265.jpg
35,1TS-001A-00UZ4,Computer Systems,Laptops / Notebooks,8,ASUS,"ASUS TUF705 Gaming and Entertainment Laptop (AMD Ryzen 7 3750H 4-Core, 64GB RAM, 512GB PCIe SSD, 17.3"" Full HD (1920x1080), NVIDIA GTX 1660 Ti, ) with ROG CASE , GT300 Mouse , GM50 Mouse pad",Free Expedited Shipping,2207.99,0.0,https://www.newegg.com/p/1TS-001A-00UZ4?Item=9SIA7AB9VN6493,//c1.neweggimages.com/ProductImageCompressAll300/A7AB_1_201908161622343265.jpg
