,item_number,general_category,product_category,page_number,brand,model_specifications,current_promotions,price,shipping,product_links,image_link
0,1TS-000D-09929,Computer Systems,Laptops / Notebooks,2,HP,"HP ProBook 445R G6 Notebook, 14"" FHD Display, AMD Ryzen 5 3500U Upto 3.7GHz, 16GB RAM, 256GB NVMe SSD, Vega 8, HDMI, DisplayPort via USB-C, Card Reader, Wi-Fi, Bluetooth, Windows 10 Pro","Due to holiday observance, orders placed between 4/7 – 4/19 will experience shipping delays",899.99,0.0,https://www.newegg.com/silver-hp-probook-445r-g6/p/1TS-000D-09929?Item=9SIAA0SB1C3494,//c1.neweggimages.com/ProductImageCompressAll300/AA0S_1_20200218199887400.jpg
1,1TS-000D-045N6,Computer Systems,Laptops / Notebooks,2,HP,"HP ProBook 645 G4 Notebook, 14"" HD, AMD Quad-Core Ryzen 7 2700U Upto 3.8GHz, 16GB RAM, 256GB SSD, Radeon RX Vega 10, VGA, HDMI, Card Reader, Backlit Keyboard, Wi-Fi, BT, Windows 10 Pro","Due to holiday observance, orders placed between 4/7 – 4/19 will experience shipping delays",999.99,0.0,https://www.newegg.com/natural-silver-hp-probook-645-g4-standard/p/1TS-000D-045N6?Item=9SIAA0S98M0151,//c1.neweggimages.com/ProductImageCompressAll300/V1DS_1_20190516926373216.jpg
2,1TS-000E-0GZK9,Computer Systems,Laptops / Notebooks,2,Lenovo,"Lenovo Ideapad 330s 15.6"" Customized Business Laptop | AMD Ryzen 5 2500U Quad-Core | 8GB RAM 256GB SSD | Full HD IPS | Radeon Vega 8 Graphics | Only 3.96lb | Windows 10 Home Grey",,565.72,0.0,https://www.newegg.com/p/1TS-000E-0GZK9?Item=9SIAJZDAWC4611,//c1.neweggimages.com/ProductImageCompressAll300/AJZD_1_20200113941713989.jpg
3,1TS-000D-08804,Computer Systems,Laptops / Notebooks,2,HP,"HP 15-EF0875MS Home and Business Laptop (AMD Ryzen 7 3700U 4-Core, 16GB RAM, 2TB PCIe SSD, 15.6"" Touch  HD (1366x768), AMD Radeon RX Vega 10, Wifi, Bluetooth, Webcam, 2xUSB 3.1, 1xHDMI, Win 10 Home)",,1438.80,0.0,https://www.newegg.com/p/1TS-000D-08804?Item=9SIA7ABB093618,//c1.neweggimages.com/ProductImageCompressAll300/V0F3_1_202001171143574657.jpg
4,1TS-000A-09MK9,Computer Systems,Laptops / Notebooks,2,DELL,"Dell Inspiron i5575 Home and Business Laptop (AMD Ryzen 5 PRO 2500U 4-Core, 32GB RAM, 256GB PCIe SSD + 2TB  HDD, 15.6"" Full HD (1920x1080), AMD Vega 8, Wifi, Bluetooth, Webcam, 2xUSB 3.0, Win 10 Pro)",,1438.80,0.0,https://www.newegg.com/p/1TS-000A-09MK9?Item=9SIA7ABB2R9813,//c1.neweggimages.com/ProductImageCompressAll300/V0F3_1_202002121878683368.jpg
5,1TS-001A-024D9,Computer Systems,Laptops / Notebooks,2,ASUS,"ASUS TUF Gaming FX505D 15.6"" Quad Core AMD Ryzen 7 up to 4.0GHz, 32GB DDR4, 1TB NVME SSD, Nvidia GeForce GTX 1650 4GB, HDMI, Wi-Fi, Bluetooth, USB 3.1, Windows 10 Pro (Black) Laptop",,1209.99,0.0,https://www.newegg.com/black-asus-tuf-fx505dt-wb72/p/1TS-001A-024D9?Item=9SIA65EB6C8451,//c1.neweggimages.com/ProductImageCompressAll300/A65E_1_20200311335006281.jpg
6,N82E16834736099,Computer Systems,Laptops / Notebooks,2,Microsoft,"Microsoft Surface Laptop 3 - 15"" Touch-Screen - AMD Ryzen 7 Microsoft Surface Edition - 16 GB Memory - 512 GB Solid State Drive - Matte Black","Due to holiday observance, orders placed between 4/7 – 4/19 will experience shipping delays",2099.00,0.0,https://www.newegg.com/matte-black-microsoft-surface-laptop-3-vfl-00022-mainstream/p/N82E16834736099?Item=9SIA4P0AFY7458,//c1.neweggimages.com/ProductImageCompressAll300/34-736-099-V01.jpg
7,1TS-000D-077T9,Computer Systems,Laptops / Notebooks,2,HP,"HP Pavilion 15 Notebook, 15.6"" FHD Display, AMD Ryzen 5 3550H Upto 3.7GHz, 16GB RAM, 512GB NVMe SSD, NVIDIA GeForce GTX 1050, HDMI, Card Reader, Wi-Fi, Bluetooth, Windows 10 Pro","Due to holiday observance, orders placed between 4/7 – 4/19 will experience shipping delays",1129.99,0.0,https://www.newegg.com/black-hp-pavilion-15/p/1TS-000D-077T9?Item=9SIAA0SAM95753,//c1.neweggimages.com/ProductImageCompressAll300/AA0SS191127VQGoV.jpg
8,1TS-000A-09MB5,Computer Systems,Laptops / Notebooks,2,DELL,"Dell Inspiron i5575 Home and Business Laptop (AMD Ryzen 5 PRO 2500U 4-Core, 64GB RAM, 4TB  SATA SSD, 15.6"" Full HD (1920x1080), AMD Vega 8, Wifi, Bluetooth, Webcam, 2xUSB 3.0, 1xHDMI, Win 10 Home)",,2278.80,0.0,https://www.newegg.com/p/1TS-000A-09MB5?Item=9SIA7ABB2R9682,//c1.neweggimages.com/ProductImageCompressAll300/V0F3_1_202002121878683368.jpg
9,1TS-000A-03PH8,Computer Systems,Laptops / Notebooks,2,DELL,"Dell Inspiron 15 Full HD Touchscreen Premium Home and Business Laptop (AMD Ryzen 5 2500U Quad-Core, 8GB RAM, 1TB HDD, 15.6"" Full HD 1920x1080 Touch, AMD Radeon Vega 8, Win 10 Home)",,539.98,0.0,https://www.newegg.com/p/1TS-000A-03PH8?Item=9SIA9JJA177722,//c1.neweggimages.com/NeweggImage/ProductImageCompressAll300/A7AB_1_201810252044272454.jpg
10,1TS-000D-076Z8,Computer Systems,Laptops / Notebooks,2,HP,"HP Pavilion 15 Notebook, 15.6"" FHD Display, AMD Ryzen 5 3550H Upto 3.7GHz, 16GB RAM, 256GB NVMe SSD, NVIDIA GeForce GTX 1050, HDMI, Card Reader, Wi-Fi, Bluetooth, Windows 10 Home","Due to holiday observance, orders placed between 4/7 – 4/19 will experience shipping delays",809.99,0.0,https://www.newegg.com/black-hp-pavilion-15/p/1TS-000D-076Z8?Item=9SIAEYAAM70625,//c1.neweggimages.com/ProductImageCompressAll300/AEYAS191127I14fw.jpg
11,1TS-000D-076Y6,Computer Systems,Laptops / Notebooks,2,HP,"HP Pavilion 15 Notebook, 15.6"" FHD Display, AMD Ryzen 5 3550H Upto 3.7GHz, 8GB RAM, 128GB NVMe SSD, NVIDIA GeForce GTX 1050, HDMI, Card Reader, Wi-Fi, Bluetooth, Windows 10 Home","Due to holiday observance, orders placed between 4/7 – 4/19 will experience shipping delays",749.99,0.0,https://www.newegg.com/black-hp-pavilion-15/p/1TS-000D-076Y6?Item=9SIAEYAAM70613,//c1.neweggimages.com/ProductImageCompressAll300/AEYAS191127Hw32u.jpg
12,1TS-000E-0FAG5,Computer Systems,Laptops / Notebooks,2,Lenovo,"Lenovo IdeaPad 330s Notebook, 15.6"" HD Display, AMD Ryzen 5 2500U Upto 3.6GHz, 12GB RAM, 256GB NVMe SSD, Vega 8, HDMI, Card Reader, Wi-Fi, Bluetooth, Windows 10 Pro","Due to holiday observance, orders placed between 4/7 – 4/19 will experience shipping delays",818.99,0.0,https://www.newegg.com/natural-silver-lenovo-ideapad-330s/p/1TS-000E-0FAG5?Item=9SIAA0SAHS7336,//c1.neweggimages.com/ProductImageCompressAll300/AA0S_1_20191107992176839.jpg
13,1TS-000E-0FAE8,Computer Systems,Laptops / Notebooks,2,Lenovo,"Lenovo IdeaPad 330s Notebook, 15.6"" HD Display, AMD Ryzen 5 2500U Upto 3.6GHz, 12GB RAM, 512GB NVMe SSD + 1TB HDD, Vega 8, HDMI, Card Reader, Wi-Fi, Bluetooth, Windows 10 Pro","Due to holiday observance, orders placed between 4/7 – 4/19 will experience shipping delays",896.99,0.0,https://www.newegg.com/natural-silver-lenovo-ideapad-330s/p/1TS-000E-0FAE8?Item=9SIAA0SAHS7319,//c1.neweggimages.com/ProductImageCompressAll300/AA0S_1_20191107580381009.jpg
14,1TS-000D-07XV6,Computer Systems,Laptops / Notebooks,2,HP,"HP 15 Notebook, 15.6"" HD Touch Display, AMD Ryzen 7 3700U Upto 4.0GHz, 32GB RAM, 512GB NVMe SSD, Vega 10, HDMI, Card Reader, Wi-Fi, Bluetooth, Windows 10 Pro","Due to holiday observance, orders placed between 4/7 – 4/19 will experience shipping delays",1329.99,0.0,https://www.newegg.com/silver-hp-15/p/1TS-000D-07XV6?Item=9SIAA0SAT65886,//c1.neweggimages.com/ProductImageCompressAll300/AA0S_1_201912231732273128.jpg
15,1TS-000D-076Z1,Computer Systems,Laptops / Notebooks,2,HP,"HP Pavilion 15 Notebook, 15.6"" FHD Display, AMD Ryzen 5 3550H Upto 3.7GHz, 16GB RAM, 1TB NVMe SSD, NVIDIA GeForce GTX 1050, HDMI, Card Reader, Wi-Fi, Bluetooth, Windows 10 Home","Due to holiday observance, orders placed between 4/7 – 4/19 will experience shipping delays",899.99,0.0,https://www.newegg.com/black-hp-pavilion-15/p/1TS-000D-076Z1?Item=9SIAEYAAM70618,//c1.neweggimages.com/ProductImageCompressAll300/AEYAS191127R3Cgt.jpg
16,1TS-000D-076Y2,Computer Systems,Laptops / Notebooks,2,HP,"HP Pavilion 15 Notebook, 15.6"" FHD Display, AMD Ryzen 5 3550H Upto 3.7GHz, 16GB RAM, 128GB NVMe SSD + 1TB HDD, NVIDIA GeForce GTX 1050, HDMI, Card Reader, Wi-Fi, Bluetooth, Windows 10 Home","Due to holiday observance, orders placed between 4/7 – 4/19 will experience shipping delays",819.99,0.0,https://www.newegg.com/black-hp-pavilion-15/p/1TS-000D-076Y2?Item=9SIAEYAAM70608,//c1.neweggimages.com/ProductImageCompressAll300/AEYAS191127roc0V.jpg
17,1TS-000D-07XW6,Computer Systems,Laptops / Notebooks,2,HP,"HP 15 Notebook, 15.6"" HD Touch Display, AMD Ryzen 7 3700U Upto 4.0GHz, 16GB RAM, 1TB NVMe SSD, Vega 10, HDMI, Card Reader, Wi-Fi, Bluetooth, Windows 10 Home","Due to holiday observance, orders placed between 4/7 – 4/19 will experience shipping delays",899.00,0.0,https://www.newegg.com/silver-hp-15/p/1TS-000D-07XW6?Item=9SIAEYAAT66021,//c1.neweggimages.com/ProductImageCompressAll300/AEYA_1_201912231716970152.jpg
18,1TS-000E-0FAK7,Computer Systems,Laptops / Notebooks,2,Lenovo,"Lenovo IdeaPad 330s Notebook, 15.6"" HD Display, AMD Ryzen 5 2500U Upto 3.6GHz, 8GB RAM, 128GB NVMe SSD + 1TB HDD, Vega 8, HDMI, Card Reader, Wi-Fi, Bluetooth, Windows 10 Home","Due to holiday observance, orders placed between 4/7 – 4/19 will experience shipping delays",629.99,0.0,https://www.newegg.com/natural-silver-lenovo-ideapad-330s/p/1TS-000E-0FAK7?Item=9SIAEYAAHS7417,//c1.neweggimages.com/ProductImageCompressAll300/AEYA_1_20191107742107042.jpg
19,1TS-000E-0FAK9,Computer Systems,Laptops / Notebooks,2,Lenovo,"Lenovo IdeaPad 330s Notebook, 15.6"" HD Display, AMD Ryzen 5 2500U Upto 3.6GHz, 20GB RAM, 256GB NVMe SSD + 1TB HDD, Vega 8, HDMI, Card Reader, Wi-Fi, Bluetooth, Windows 10 Home","Due to holiday observance, orders placed between 4/7 – 4/19 will experience shipping delays",883.99,0.0,https://www.newegg.com/natural-silver-lenovo-ideapad-330s/p/1TS-000E-0FAK9?Item=9SIAEYAAHS7419,//c1.neweggimages.com/ProductImageCompressAll300/AEYA_1_201911072032389291.jpg
20,1TS-000D-076W9,Computer Systems,Laptops / Notebooks,2,HP,"HP Pavilion 15 Notebook, 15.6"" FHD Display, AMD Ryzen 5 3550H Upto 3.7GHz, 16GB RAM, 256GB NVMe SSD, NVIDIA GeForce GTX 1050, HDMI, Card Reader, Wi-Fi, Bluetooth, Windows 10 Pro","Due to holiday observance, orders placed between 4/7 – 4/19 will experience shipping delays",829.99,0.0,https://www.newegg.com/black-hp-pavilion-15/p/1TS-000D-076W9?Item=9SIAA0SAM70551,//c1.neweggimages.com/ProductImageCompressAll300/AA0SS191126WOtvw.jpg
21,1TS-000A-04P24,Computer Systems,Laptops / Notebooks,2,DELL,"Dell Inspiron 5575 15.6"" FHD Notebook, AMD Quad-Core Ryzen 7 2700U Upto 3.8GHz, 16GB RAM, 512GB SSD, Radeon Vega 10, HDMI, Card Reader, LAN, Wi-Fi, Bluetooth, Windows 10 Pro","Due to holiday observance, orders placed between 4/7 – 4/19 will experience shipping delays",1033.49,0.0,https://www.newegg.com/silver-dell-inspiron-5575-creating-designing/p/1TS-000A-04P24?Item=9SIAA0S96V9391,//c1.neweggimages.com/ProductImageCompressAll300/AA0S_1_201905231282217582.jpg
22,1TS-000D-07XU9,Computer Systems,Laptops / Notebooks,2,HP,"HP 15 Notebook, 15.6"" HD Touch Display, AMD Ryzen 7 3700U Upto 4.0GHz, 12GB RAM, 256GB NVMe SSD, Vega 10, HDMI, Card Reader, Wi-Fi, Bluetooth, Windows 10 Home (9LK80UA)","Due to holiday observance, orders placed between 4/7 – 4/19 will experience shipping delays",649.00,0.0,https://www.newegg.com/silver-hp-15/p/1TS-000D-07XU9?Item=9SIAA0SAT65879,//c1.neweggimages.com/ProductImageCompressAll300/AA0S_1_20191223414925342.jpg
23,1TS-000E-0FAH3,Computer Systems,Laptops / Notebooks,2,Lenovo,"Lenovo IdeaPad 330s Notebook, 15.6"" HD Display, AMD Ryzen 5 2500U Upto 3.6GHz, 8GB RAM, 512GB NVMe SSD, Vega 8, HDMI, Card Reader, Wi-Fi, Bluetooth, Windows 10 Pro","Due to holiday observance, orders placed between 4/7 – 4/19 will experience shipping delays",829.99,0.0,https://www.newegg.com/natural-silver-lenovo-ideapad-330s/p/1TS-000E-0FAH3?Item=9SIAA0SAHS7344,//c1.neweggimages.com/ProductImageCompressAll300/AA0S_1_20191107170805030.jpg
24,1TS-000D-07XW1,Computer Systems,Laptops / Notebooks,2,HP,"HP 15 Notebook, 15.6"" HD Touch Display, AMD Ryzen 7 3700U Upto 4.0GHz, 16GB RAM, 128GB NVMe SSD, Vega 10, HDMI, Card Reader, Wi-Fi, Bluetooth, Windows 10 Home","Due to holiday observance, orders placed between 4/7 – 4/19 will experience shipping delays",699.00,0.0,https://www.newegg.com/silver-hp-15/p/1TS-000D-07XW1?Item=9SIAEYAAT66016,//c1.neweggimages.com/ProductImageCompressAll300/AEYA_1_20191223596576058.jpg
25,1TS-000A-04P28,Computer Systems,Laptops / Notebooks,2,DELL,"Dell Inspiron 5575 15.6"" FHD Notebook, AMD Quad-Core Ryzen 7 2700U Upto 3.8GHz, 32GB RAM, 256GB NVMe SSD + 1TB HDD, Radeon Vega 10, HDMI, Card Reader, LAN, Wi-Fi, Bluetooth, Windows 10 Pro","Due to holiday observance, orders placed between 4/7 – 4/19 will experience shipping delays",1176.49,0.0,https://www.newegg.com/silver-dell-inspiron-5575-creating-designing/p/1TS-000A-04P28?Item=9SIAA0S96V9396,//c1.neweggimages.com/ProductImageCompressAll300/AA0S_1_201905231282217582.jpg
26,1TS-000D-07XV3,Computer Systems,Laptops / Notebooks,2,HP,"HP 15 Notebook, 15.6"" HD Touch Display, AMD Ryzen 7 3700U Upto 4.0GHz, 32GB RAM, 2TB NVMe SSD, Vega 10, HDMI, Card Reader, Wi-Fi, Bluetooth, Windows 10 Pro","Due to holiday observance, orders placed between 4/7 – 4/19 will experience shipping delays",1629.99,0.0,https://www.newegg.com/silver-hp-15/p/1TS-000D-07XV3?Item=9SIAA0SAT65883,//c1.neweggimages.com/ProductImageCompressAll300/AA0S_1_201912231476544210.jpg
27,1TS-000E-0FAK3,Computer Systems,Laptops / Notebooks,2,Lenovo,"Lenovo IdeaPad 330s Notebook, 15.6"" HD Display, AMD Ryzen 5 2500U Upto 3.6GHz, 20GB RAM, 512GB NVMe SSD, Vega 8, HDMI, Card Reader, Wi-Fi, Bluetooth, Windows 10 Home","Due to holiday observance, orders placed between 4/7 – 4/19 will experience shipping delays",883.99,0.0,https://www.newegg.com/natural-silver-lenovo-ideapad-330s/p/1TS-000E-0FAK3?Item=9SIAEYAAHS7413,//c1.neweggimages.com/ProductImageCompressAll300/AEYA_1_201911071844171711.jpg
28,1TS-000E-0FAG2,Computer Systems,Laptops / Notebooks,2,Lenovo,"Lenovo IdeaPad 330s Notebook, 15.6"" HD Display, AMD Ryzen 5 2500U Upto 3.6GHz, 12GB RAM, 256GB NVMe SSD + 1TB HDD, Vega 8, HDMI, Card Reader, Wi-Fi, Bluetooth, Windows 10 Pro","Due to holiday observance, orders placed between 4/7 – 4/19 will experience shipping delays",857.99,0.0,https://www.newegg.com/natural-silver-lenovo-ideapad-330s/p/1TS-000E-0FAG2?Item=9SIAA0SAHS7333,//c1.neweggimages.com/ProductImageCompressAll300/AA0S_1_201911071253958263.jpg
29,1TS-000E-0FAM0,Computer Systems,Laptops / Notebooks,2,Lenovo,"Lenovo IdeaPad 330s Notebook, 15.6"" HD Display, AMD Ryzen 5 2500U Upto 3.6GHz, 8GB RAM, 512GB NVMe SSD, Vega 8, HDMI, Card Reader, Wi-Fi, Bluetooth, Windows 10 Home","Due to holiday observance, orders placed between 4/7 – 4/19 will experience shipping delays",829.99,0.0,https://www.newegg.com/natural-silver-lenovo-ideapad-330s/p/1TS-000E-0FAM0?Item=9SIAEYAAHS7420,//c1.neweggimages.com/ProductImageCompressAll300/AEYA_1_201911071568683187.jpg
30,1TS-000E-0FAF7,Computer Systems,Laptops / Notebooks,2,Lenovo,"Lenovo IdeaPad 330s Notebook, 15.6"" HD Display, AMD Ryzen 5 2500U Upto 3.6GHz, 20GB RAM, 512GB NVMe SSD + 1TB HDD, Vega 8, HDMI, Card Reader, Wi-Fi, Bluetooth, Windows 10 Pro","Due to holiday observance, orders placed between 4/7 – 4/19 will experience shipping delays",948.99,0.0,https://www.newegg.com/natural-silver-lenovo-ideapad-330s/p/1TS-000E-0FAF7?Item=9SIAA0SAHS7328,//c1.neweggimages.com/ProductImageCompressAll300/AA0S_1_20191107893644022.jpg
31,1TS-000E-0FAG1,Computer Systems,Laptops / Notebooks,2,Lenovo,"Lenovo IdeaPad 330s Notebook, 15.6"" HD Display, AMD Ryzen 5 2500U Upto 3.6GHz, 20GB RAM, 512GB NVMe SSD, Vega 8, HDMI, Card Reader, Wi-Fi, Bluetooth, Windows 10 Pro","Due to holiday observance, orders placed between 4/7 – 4/19 will experience shipping delays",909.99,0.0,https://www.newegg.com/natural-silver-lenovo-ideapad-330s/p/1TS-000E-0FAG1?Item=9SIAA0SAHS7332,//c1.neweggimages.com/ProductImageCompressAll300/AA0S_1_201911071544346678.jpg
32,1TS-000D-089C3,Computer Systems,Laptops / Notebooks,2,HP,"HP 17 Notebook, 17.3"" HD+ Display, AMD Ryzen 7 3700U Upto 4.0GHz, 32GB RAM, 2TB NVMe SSD + 1TB HDD, Vega 10, DVDRW, HDMI, Card Reader, Wi-Fi, Bluetooth, Windows 10 Pro","Due to holiday observance, orders placed between 4/7 – 4/19 will experience shipping delays",1629.99,0.0,https://www.newegg.com/black-textured-hp-17/p/1TS-000D-089C3?Item=9SIAA0SB011082,//c1.neweggimages.com/ProductImageCompressAll300/AA0S_1_202002041494216161.jpg
33,1TS-000D-096P2,Computer Systems,Laptops / Notebooks,2,HP,"HP Pavilion 15 Powerful Horizon Blue Laptop with 15.6"" Full HD Display (1920 x 1080), AMD Ryzen 5 3500U, 8GB SDRAM, 1TB HDD + 128GB SSD, AMD Radeon Vega 8 Graphics, Windows 10 Home",,649.99,0.0,https://www.newegg.com/p/1TS-000D-096P2?Item=9SIA9JAB0A2374,//c1.neweggimages.com/NeweggImage/ProductImageCompressAll300/A9JAS200206iP3Hp.jpg
34,1TS-000E-0GZK5,Computer Systems,Laptops / Notebooks,2,Lenovo,"Lenovo Ideapad 330s 15.6"" Customized Business Laptop | AMD Ryzen 5 2500U Quad-Core | 8GB RAM 128GB SSD | Full HD IPS | Radeon Vega 8 Graphics | Only 3.96lb | Windows 10 Home Grey",,540.77,0.0,https://www.newegg.com/p/1TS-000E-0GZK5?Item=9SIAJZDAWC4607,//c1.neweggimages.com/ProductImageCompressAll300/AJZD_1_20200113941713989.jpg
35,1TS-000D-089C8,Computer Systems,Laptops / Notebooks,2,HP,"HP 17 Notebook, 17.3"" HD+ Display, AMD Ryzen 7 3700U Upto 4.0GHz, 16GB RAM, 512GB SSD, Vega 10, DVDRW, HDMI, Card Reader, Wi-Fi, Bluetooth, Windows 10 Pro","Due to holiday observance, orders placed between 4/7 – 4/19 will experience shipping delays",1129.99,0.0,https://www.newegg.com/black-textured-hp-17/p/1TS-000D-089C8?Item=9SIAA0SB011087,//c1.neweggimages.com/ProductImageCompressAll300/AA0S_1_20200204334659806.jpg
