,item_number,general_category,product_category,page_number,brand,model_specifications,current_promotions,price,shipping,product_links,image_link
0,1TS-000X-00VT0,Computer Systems,Laptops / Notebooks,1,Acer America,"Acer Aspire 3 15.6"" - AMD Ryzen 7 2700U Quad-core (4 Core) 2.20 GHz - 8 GB DDR4 SDRAM - 256 GB SSD - Windows 10 Home 64-bit - 1920 x 1080 - A315-41-R14K - NX.GY9AA.014 - Obsidian Black",,604.99,0.0,https://www.newegg.com/obsidian-black-acer-aspire-3-a315-41-r14k-mainstream/p/1TS-000X-00VT0?Item=9SIA8X5APC5581,//c1.neweggimages.com/NeweggImage/ProductImageCompressAll300/1TS-000X-00VT0-V13.jpg
1,2WC-0001-00233,Computer Systems,Laptops / Notebooks,1,HP,"HP Laptop ProBook 645 G4 (4LB42UT#ABA) AMD Ryzen 7 1st Gen 2700U (2.20 GHz) 8 GB Memory 256 GB PCIe NVMe SSD AMD Radeon RX Vega 10 14.0"" Windows 10 Pro 64-Bit",,799.00,0.0,https://www.newegg.com/hp-probook-645-g4-mainstream/p/2WC-0001-00233?Item=2WC-0001-00233,//c1.neweggimages.com/NeweggImage/ProductImageCompressAll300/V112_1_20190327543337532.jpg
2,1TS-000D-07XX0,Computer Systems,Laptops / Notebooks,1,HP,"HP 15 Notebook, 15.6"" HD Touch Display, AMD Ryzen 7 3700U Upto 4.0GHz, 16GB RAM, 256GB NVMe SSD, Vega 10, HDMI, Card Reader, Wi-Fi, Bluetooth, Windows 10 Home","Due to holiday observance, orders placed between 4/7 – 4/19 will experience shipping delays",649.99,0.0,https://www.newegg.com/silver-hp-15/p/1TS-000D-07XX0?Item=9SIAEYAAT66026,//c1.neweggimages.com/ProductImageCompressAll300/V1VV_1_201912231887637038.jpg
3,1TS-000E-0DDH7,Computer Systems,Laptops / Notebooks,1,Lenovo,"Lenovo Laptop ThinkPad E495 20NE0001US AMD Ryzen 7 2nd Gen 3700U (2.30 GHz) 8 GB Memory 256 GB SSD AMD Radeon RX Vega 10 14.0"" Windows 10 Pro 64-bit",,764.00,0.0,https://www.newegg.com/black-lenovo-thinkpad-e495-20ne0001us-mainstream/p/1TS-000E-0DDH7?Item=9SIACVBA1A2639,//c1.neweggimages.com/ProductImageCompressAll300/A6ZP_1_20190821935971236.jpg
4,1TS-000D-07XU8,Computer Systems,Laptops / Notebooks,1,HP,"HP 15 Notebook, 15.6"" HD Touch Display, AMD Ryzen 7 3700U Upto 4.0GHz, 8GB RAM, 256GB NVMe SSD, Vega 10, HDMI, Card Reader, Wi-Fi, Bluetooth, Windows 10 Pro","Due to holiday observance, orders placed between 4/7 – 4/19 will experience shipping delays",599.00,0.0,https://www.newegg.com/silver-hp-15/p/1TS-000D-07XU8?Item=9SIAA0SAT65878,//c1.neweggimages.com/ProductImageCompressAll300/AA0S_1_201912231321062456.jpg
5,1TS-000D-04DR1,Computer Systems,Laptops / Notebooks,1,HP,"HP ENVY x360 - 15z Home and Business Laptop (AMD Ryzen 7 3700U 4-Core, 16GB RAM, 256GB  PCIe SSD, 15.6"" Touch  Full HD (1920x1080), AMD Vega 10, Fingerprint, Wifi, Bluetooth, Webcam, Win 10 Pro)",,1318.80,0.0,https://www.newegg.com/p/1TS-000D-04DR1?Item=9SIA7AB9CW6208,//c1.neweggimages.com/ProductImageCompressAll300/V0F3_1_20190612637570189.jpg
6,1TS-000D-04DV0,Computer Systems,Laptops / Notebooks,1,HP,"HP ENVY x360 - 15z Home and Business Laptop (AMD Ryzen 7 3700U 4-Core, 32GB RAM, 256GB  SATA SSD, 15.6"" Touch  Full HD (1920x1080), AMD Vega 10, Fingerprint, Wifi, Bluetooth, Webcam, Win 10 Home)",,1558.80,0.0,https://www.newegg.com/p/1TS-000D-04DV0?Item=9SIA7AB9CW6247,//c1.neweggimages.com/ProductImageCompressAll300/V0F3_1_20190612637570189.jpg
7,1TS-000D-07XV4,Computer Systems,Laptops / Notebooks,1,HP,"HP 15 Notebook, 15.6"" HD Touch Display, AMD Ryzen 7 3700U Upto 4.0GHz, 12GB RAM, 256GB NVMe SSD, Vega 10, HDMI, Card Reader, Wi-Fi, Bluetooth, Windows 10 Pro","Due to holiday observance, orders placed between 4/7 – 4/19 will experience shipping delays",699.00,0.0,https://www.newegg.com/silver-hp-15/p/1TS-000D-07XV4?Item=9SIAA0SAT65884,//c1.neweggimages.com/ProductImageCompressAll300/AA0S_1_20191223382086982.jpg
8,1TS-000E-0FAE7,Computer Systems,Laptops / Notebooks,1,Lenovo,"Lenovo IdeaPad 330s Notebook, 15.6"" HD Display, AMD Ryzen 5 2500U Upto 3.6GHz, 20GB RAM, 256GB NVMe SSD, Vega 8, HDMI, Card Reader, Wi-Fi, Bluetooth, Windows 10 Pro","Due to holiday observance, orders placed between 4/7 – 4/19 will experience shipping delays",870.99,0.0,https://www.newegg.com/natural-silver-lenovo-ideapad-330s/p/1TS-000E-0FAE7?Item=9SIAA0SAHS7318,//c1.neweggimages.com/ProductImageCompressAll300/AA0S_1_201911071509759320.jpg
9,1TS-000E-0FAG3,Computer Systems,Laptops / Notebooks,1,Lenovo,"Lenovo IdeaPad 330s Notebook, 15.6"" HD Display, AMD Ryzen 5 2500U Upto 3.6GHz, 8GB RAM, 256GB NVMe SSD, Vega 8, HDMI, Card Reader, Wi-Fi, Bluetooth, Windows 10 Pro","Due to holiday observance, orders placed between 4/7 – 4/19 will experience shipping delays",699.99,0.0,https://www.newegg.com/natural-silver-lenovo-ideapad-330s/p/1TS-000E-0FAG3?Item=9SIAA0SAHS7334,//c1.neweggimages.com/ProductImageCompressAll300/AA0S_1_201911072103934440.jpg
10,1TS-000D-045N6,Computer Systems,Laptops / Notebooks,1,HP,"HP ProBook 645 G4 Notebook, 14"" HD, AMD Quad-Core Ryzen 7 2700U Upto 3.8GHz, 16GB RAM, 256GB SSD, Radeon RX Vega 10, VGA, HDMI, Card Reader, Backlit Keyboard, Wi-Fi, BT, Windows 10 Pro","Due to holiday observance, orders placed between 4/7 – 4/19 will experience shipping delays",999.99,0.0,https://www.newegg.com/natural-silver-hp-probook-645-g4-standard/p/1TS-000D-045N6?Item=9SIAA0S98M0151,//c1.neweggimages.com/ProductImageCompressAll300/V1DS_1_20190516926373216.jpg
11,1TS-000D-09929,Computer Systems,Laptops / Notebooks,1,HP,"HP ProBook 445R G6 Notebook, 14"" FHD Display, AMD Ryzen 5 3500U Upto 3.7GHz, 16GB RAM, 256GB NVMe SSD, Vega 8, HDMI, DisplayPort via USB-C, Card Reader, Wi-Fi, Bluetooth, Windows 10 Pro","Due to holiday observance, orders placed between 4/7 – 4/19 will experience shipping delays",899.99,0.0,https://www.newegg.com/silver-hp-probook-445r-g6/p/1TS-000D-09929?Item=9SIAA0SB1C3494,//c1.neweggimages.com/ProductImageCompressAll300/AA0S_1_20200218199887400.jpg
12,1TS-000A-09MK9,Computer Systems,Laptops / Notebooks,1,DELL,"Dell Inspiron i5575 Home and Business Laptop (AMD Ryzen 5 PRO 2500U 4-Core, 32GB RAM, 256GB PCIe SSD + 2TB  HDD, 15.6"" Full HD (1920x1080), AMD Vega 8, Wifi, Bluetooth, Webcam, 2xUSB 3.0, Win 10 Pro)",,1438.80,0.0,https://www.newegg.com/p/1TS-000A-09MK9?Item=9SIA7ABB2R9813,//c1.neweggimages.com/ProductImageCompressAll300/V0F3_1_202002121878683368.jpg
13,1TS-000D-08805,Computer Systems,Laptops / Notebooks,1,HP,"HP 15-EF0875MS Home and Business Laptop (AMD Ryzen 7 3700U 4-Core, 32GB RAM, 256GB PCIe SSD, 15.6"" Touch  HD (1366x768), AMD Radeon RX Vega 10, Wifi, Bluetooth, Webcam, 2xUSB 3.1, 1xHDMI, Win 10 Pro)",,1258.80,0.0,https://www.newegg.com/p/1TS-000D-08805?Item=9SIA7ABB093619,//c1.neweggimages.com/ProductImageCompressAll300/V0F3_1_202001171143574657.jpg
14,1TS-000E-0GZK9,Computer Systems,Laptops / Notebooks,1,Lenovo,"Lenovo Ideapad 330s 15.6"" Customized Business Laptop | AMD Ryzen 5 2500U Quad-Core | 8GB RAM 256GB SSD | Full HD IPS | Radeon Vega 8 Graphics | Only 3.96lb | Windows 10 Home Grey",,565.72,0.0,https://www.newegg.com/p/1TS-000E-0GZK9?Item=9SIAJZDAWC4611,//c1.neweggimages.com/ProductImageCompressAll300/AJZD_1_20200113941713989.jpg
15,1TS-000D-076Z8,Computer Systems,Laptops / Notebooks,1,HP,"HP Pavilion 15 Notebook, 15.6"" FHD Display, AMD Ryzen 5 3550H Upto 3.7GHz, 16GB RAM, 256GB NVMe SSD, NVIDIA GeForce GTX 1050, HDMI, Card Reader, Wi-Fi, Bluetooth, Windows 10 Home","Due to holiday observance, orders placed between 4/7 – 4/19 will experience shipping delays",809.99,0.0,https://www.newegg.com/black-hp-pavilion-15/p/1TS-000D-076Z8?Item=9SIAEYAAM70625,//c1.neweggimages.com/ProductImageCompressAll300/AEYAS191127I14fw.jpg
16,1TS-000D-076W9,Computer Systems,Laptops / Notebooks,1,HP,"HP Pavilion 15 Notebook, 15.6"" FHD Display, AMD Ryzen 5 3550H Upto 3.7GHz, 16GB RAM, 256GB NVMe SSD, NVIDIA GeForce GTX 1050, HDMI, Card Reader, Wi-Fi, Bluetooth, Windows 10 Pro",OUT OF STOCK,829.99,0.0,https://www.newegg.com/black-hp-pavilion-15/p/1TS-000D-076W9?Item=9SIAA0SAM70551,//c1.neweggimages.com/ProductImageCompressAll300/AA0SS191126WOtvw.jpg
17,1TS-000A-04P28,Computer Systems,Laptops / Notebooks,1,DELL,"Dell Inspiron 5575 15.6"" FHD Notebook, AMD Quad-Core Ryzen 7 2700U Upto 3.8GHz, 32GB RAM, 256GB NVMe SSD + 1TB HDD, Radeon Vega 10, HDMI, Card Reader, LAN, Wi-Fi, Bluetooth, Windows 10 Pro","Due to holiday observance, orders placed between 4/7 – 4/19 will experience shipping delays",1176.49,0.0,https://www.newegg.com/silver-dell-inspiron-5575-creating-designing/p/1TS-000A-04P28?Item=9SIAA0S96V9396,//c1.neweggimages.com/ProductImageCompressAll300/AA0S_1_201905231282217582.jpg
18,1TS-000E-0FAG5,Computer Systems,Laptops / Notebooks,1,Lenovo,"Lenovo IdeaPad 330s Notebook, 15.6"" HD Display, AMD Ryzen 5 2500U Upto 3.6GHz, 12GB RAM, 256GB NVMe SSD, Vega 8, HDMI, Card Reader, Wi-Fi, Bluetooth, Windows 10 Pro","Due to holiday observance, orders placed between 4/7 – 4/19 will experience shipping delays",818.99,0.0,https://www.newegg.com/natural-silver-lenovo-ideapad-330s/p/1TS-000E-0FAG5?Item=9SIAA0SAHS7336,//c1.neweggimages.com/ProductImageCompressAll300/AA0S_1_20191107992176839.jpg
19,1TS-000E-0FAK9,Computer Systems,Laptops / Notebooks,1,Lenovo,"Lenovo IdeaPad 330s Notebook, 15.6"" HD Display, AMD Ryzen 5 2500U Upto 3.6GHz, 20GB RAM, 256GB NVMe SSD + 1TB HDD, Vega 8, HDMI, Card Reader, Wi-Fi, Bluetooth, Windows 10 Home","Due to holiday observance, orders placed between 4/7 – 4/19 will experience shipping delays",883.99,0.0,https://www.newegg.com/natural-silver-lenovo-ideapad-330s/p/1TS-000E-0FAK9?Item=9SIAEYAAHS7419,//c1.neweggimages.com/ProductImageCompressAll300/AEYA_1_201911072032389291.jpg
20,1TS-000E-0FAG2,Computer Systems,Laptops / Notebooks,1,Lenovo,"Lenovo IdeaPad 330s Notebook, 15.6"" HD Display, AMD Ryzen 5 2500U Upto 3.6GHz, 12GB RAM, 256GB NVMe SSD + 1TB HDD, Vega 8, HDMI, Card Reader, Wi-Fi, Bluetooth, Windows 10 Pro","Due to holiday observance, orders placed between 4/7 – 4/19 will experience shipping delays",857.99,0.0,https://www.newegg.com/natural-silver-lenovo-ideapad-330s/p/1TS-000E-0FAG2?Item=9SIAA0SAHS7333,//c1.neweggimages.com/ProductImageCompressAll300/AA0S_1_201911071253958263.jpg
21,1TS-000D-07XU9,Computer Systems,Laptops / Notebooks,1,HP,"HP 15 Notebook, 15.6"" HD Touch Display, AMD Ryzen 7 3700U Upto 4.0GHz, 12GB RAM, 256GB NVMe SSD, Vega 10, HDMI, Card Reader, Wi-Fi, Bluetooth, Windows 10 Home (9LK80UA)","Due to holiday observance, orders placed between 4/7 – 4/19 will experience shipping delays",649.00,0.0,https://www.newegg.com/silver-hp-15/p/1TS-000D-07XU9?Item=9SIAA0SAT65879,//c1.neweggimages.com/ProductImageCompressAll300/AA0S_1_20191223414925342.jpg
22,1TS-000E-0GZW7,Computer Systems,Laptops / Notebooks,1,Lenovo,"Lenovo Ideapad 330s 15.6"" Customized Business Laptop | AMD Ryzen 5 2500U Quad-Core | 4GB RAM 256GB SSD 2TB HDD | Full HD IPS | Radeon Vega 8 Graphics | Only 3.96lb | Windows 10 Home Grey",,615.64,0.0,https://www.newegg.com/p/1TS-000E-0GZW7?Item=9SIAJZDAWC4706,//c1.neweggimages.com/ProductImageCompressAll300/AJZD_1_20200113941713989.jpg
23,1TS-000D-089D4,Computer Systems,Laptops / Notebooks,1,HP,"HP 17 Notebook, 17.3"" HD+ Display, AMD Ryzen 7 3700U Upto 4.0GHz, 16GB RAM, 256GB NVMe SSD + 1TB HDD, Vega 10, DVDRW, HDMI, Card Reader, Wi-Fi, Bluetooth, Windows 10 Pro","Due to holiday observance, orders placed between 4/7 – 4/19 will experience shipping delays",999.99,0.0,https://www.newegg.com/black-textured-hp-17/p/1TS-000D-089D4?Item=9SIAA0SB011093,//c1.neweggimages.com/ProductImageCompressAll300/AA0S_1_202002041724796145.jpg
24,1TS-001A-01U54,Computer Systems,Laptops / Notebooks,1,ASUS,"ASUS FX705DT 17.3"" Customized Gaming Laptop | AMD Ryzen 7 3750H Processor | 24GB RAM 256GB SSD | GeForce GTX 1650 4GB GDDR5 | RGB Backlit Keyboard | Windows 10 Black",,1054.09,0.0,https://www.newegg.com/p/1TS-001A-01U54?Item=9SIAJZDAZ84373,//c1.neweggimages.com/ProductImageCompressAll300/AJZD_1_202001281913377908.jpg
25,1TS-001A-01U32,Computer Systems,Laptops / Notebooks,1,ASUS,"ASUS FX705DT 17.3"" Customized Gaming Laptop | AMD Ryzen 7 3750H Processor | 16GB RAM 256GB SSD 500GB HDD | GeForce GTX 1650 4GB GDDR5 | RGB Backlit Keyboard | Windows 10 Black",,1005.55,0.0,https://www.newegg.com/p/1TS-001A-01U32?Item=9SIAJZDAZ84288,//c1.neweggimages.com/ProductImageCompressAll300/AJZD_1_202001281913377908.jpg
26,1TS-001A-01U25,Computer Systems,Laptops / Notebooks,1,ASUS,"ASUS FX705DT 17.3"" Customized Gaming Laptop | AMD Ryzen 7 3750H Processor | 8GB RAM 256GB SSD 1TB HDD | GeForce GTX 1650 4GB GDDR5 | RGB Backlit Keyboard | Windows 10 Black",,970.87,0.0,https://www.newegg.com/p/1TS-001A-01U25?Item=9SIAJZDAZ84281,//c1.neweggimages.com/ProductImageCompressAll300/AJZD_1_202001281913377908.jpg
27,1TS-001A-01U11,Computer Systems,Laptops / Notebooks,1,ASUS,"ASUS FX705DT 17.3"" Customized Gaming Laptop | AMD Ryzen 7 3750H Processor | 12GB RAM 256GB SSD 2TB HDD | GeForce GTX 1650 4GB GDDR5 | RGB Backlit Keyboard | Windows 10 Black",,1026.35,0.0,https://www.newegg.com/p/1TS-001A-01U11?Item=9SIAJZDAZ84267,//c1.neweggimages.com/ProductImageCompressAll300/AJZD_1_202001281913377908.jpg
28,1TS-001A-01U60,Computer Systems,Laptops / Notebooks,1,ASUS,"ASUS FX705DT 17.3"" Customized Gaming Laptop | AMD Ryzen 7 3750H Processor | 24GB RAM 256GB SSD 1TB HDD | GeForce GTX 1650 4GB GDDR5 | RGB Backlit Keyboard | Windows 10 Black",,1095.70,0.0,https://www.newegg.com/p/1TS-001A-01U60?Item=9SIAJZDAZ84379,//c1.neweggimages.com/ProductImageCompressAll300/AJZD_1_202001281913377908.jpg
29,1TS-001A-01U36,Computer Systems,Laptops / Notebooks,1,ASUS,"ASUS FX705DT 17.3"" Customized Gaming Laptop | AMD Ryzen 7 3750H Processor | 16GB RAM 256GB SSD 1TB HDD | GeForce GTX 1650 4GB GDDR5 | RGB Backlit Keyboard | Windows 10 Black",,1026.35,0.0,https://www.newegg.com/p/1TS-001A-01U36?Item=9SIAJZDAZ84292,//c1.neweggimages.com/ProductImageCompressAll300/AJZD_1_202001281913377908.jpg
30,1TS-001A-01TZ8,Computer Systems,Laptops / Notebooks,1,ASUS,"ASUS FX705DT 17.3"" Customized Gaming Laptop | AMD Ryzen 7 3750H Processor | 12GB RAM 256GB SSD | GeForce GTX 1650 4GB GDDR5 | RGB Backlit Keyboard | Windows 10 Black",,957.00,0.0,https://www.newegg.com/p/1TS-001A-01TZ8?Item=9SIAJZDAZ84254,//c1.neweggimages.com/ProductImageCompressAll300/AJZD_1_202001281913377908.jpg
31,1TS-001A-01U06,Computer Systems,Laptops / Notebooks,1,ASUS,"ASUS FX705DT 17.3"" Customized Gaming Laptop | AMD Ryzen 7 3750H Processor | 12GB RAM 256GB SSD 1TB HDD | GeForce GTX 1650 4GB GDDR5 | RGB Backlit Keyboard | Windows 10 Black",,998.61,0.0,https://www.newegg.com/p/1TS-001A-01U06?Item=9SIAJZDAZ84262,//c1.neweggimages.com/ProductImageCompressAll300/AJZD_1_202001281913377908.jpg
32,1TS-001A-01U85,Computer Systems,Laptops / Notebooks,1,ASUS,"ASUS FX705DT 17.3"" Customized Gaming Laptop | AMD Ryzen 7 3750H Processor | 32GB RAM 256GB SSD | GeForce GTX 1650 4GB GDDR5 | RGB Backlit Keyboard | Windows 10 Black",,1123.44,0.0,https://www.newegg.com/p/1TS-001A-01U85?Item=9SIAJZDAZ84404,//c1.neweggimages.com/ProductImageCompressAll300/AJZD_1_202001281913377908.jpg
33,1TS-001A-01U63,Computer Systems,Laptops / Notebooks,1,ASUS,"ASUS FX705DT 17.3"" Customized Gaming Laptop | AMD Ryzen 7 3750H Processor | 24GB RAM 256GB SSD 2TB HDD | GeForce GTX 1650 4GB GDDR5 | RGB Backlit Keyboard | Windows 10 Black",,1123.44,0.0,https://www.newegg.com/p/1TS-001A-01U63?Item=9SIAJZDAZ84382,//c1.neweggimages.com/ProductImageCompressAll300/AJZD_1_202001281913377908.jpg
34,1TS-001A-01U53,Computer Systems,Laptops / Notebooks,1,ASUS,"ASUS FX705DT 17.3"" Customized Gaming Laptop | AMD Ryzen 7 3750H Processor | 32GB RAM 256GB SSD 2TB HDD | GeForce GTX 1650 4GB GDDR5 | RGB Backlit Keyboard | Windows 10 Black",,1192.79,0.0,https://www.newegg.com/p/1TS-001A-01U53?Item=9SIAJZDAZ84371,//c1.neweggimages.com/ProductImageCompressAll300/AJZD_1_202001281913377908.jpg
35,1TS-001A-01U56,Computer Systems,Laptops / Notebooks,1,ASUS,"ASUS FX705DT 17.3"" Customized Gaming Laptop | AMD Ryzen 7 3750H Processor | 24GB RAM 256GB SSD 500GB HDD | GeForce GTX 1650 4GB GDDR5 | RGB Backlit Keyboard | Windows 10 Black",,1074.90,0.0,https://www.newegg.com/p/1TS-001A-01U56?Item=9SIAJZDAZ84375,//c1.neweggimages.com/ProductImageCompressAll300/AJZD_1_202001281913377908.jpg
