,item_number,general_category,product_category,page_number,brand,model_specifications,current_promotions,price,shipping,product_links,image_link
0,1TS-001A-00UY7,Computer Systems,Laptops / Notebooks,9,ASUS,"ASUS TUF705 Gaming and Entertainment Laptop (AMD Ryzen 7 3750H 4-Core, 16GB RAM, 512GB SSD, 17.3"" Full HD (1920x1080), NVIDIA GTX 1660 Ti, Win 10 Home) with ROG CASE , GT300 Mouse , GM50 Mouse pad",,1667.99,0.0,https://www.newegg.com/p/1TS-001A-00UY7?Item=9SIA7AB9VN6474,//c1.neweggimages.com/ProductImageCompressAll300/A7AB_1_201908161622343265.jpg
1,1TS-001A-00UY8,Computer Systems,Laptops / Notebooks,9,ASUS,"ASUS TUF705 Gaming and Entertainment Laptop (AMD Ryzen 7 3750H 4-Core, 64GB RAM, 1TB PCIe SSD, 17.3"" Full HD (1920x1080), NVIDIA GTX 1660 Ti, Win 10 Home) with ROG CASE , GT300 Mouse , GM50 Mouse pad",,2567.99,0.0,https://www.newegg.com/p/1TS-001A-00UY8?Item=9SIA7AB9VN6487,//c1.neweggimages.com/ProductImageCompressAll300/A7AB_1_201908161622343265.jpg
2,1TS-001A-00UZ8,Computer Systems,Laptops / Notebooks,9,ASUS,"ASUS TUF705 Gaming and Entertainment Laptop (AMD Ryzen 7 3750H 4-Core, 16GB RAM, 512GB PCIe SSD + 1TB  HDD , 17.3"" Full HD (1920x1080), ) with ROG CASE , GT300 Mouse , GM50 Mouse pad",,1979.99,0.0,https://www.newegg.com/p/1TS-001A-00UZ8?Item=9SIA7AB9VN6497,//c1.neweggimages.com/ProductImageCompressAll300/A7AB_1_201908161622343265.jpg
3,1TS-001A-00UZ2,Computer Systems,Laptops / Notebooks,9,ASUS,"ASUS TUF705 Gaming and Entertainment Laptop (AMD Ryzen 7 3750H 4-Core, 64GB RAM, 2TB PCIe SSD, 17.3"" Full HD (1920x1080), NVIDIA GTX 1660 Ti, Win 10 Home) with ROG CASE , GT300 Mouse , GM50 Mouse pad",Free Expedited Shipping,2807.99,0.0,https://www.newegg.com/p/1TS-001A-00UZ2?Item=9SIA7AB9VN6491,//c1.neweggimages.com/ProductImageCompressAll300/A7AB_1_201908161622343265.jpg
4,1TS-001A-00UZ6,Computer Systems,Laptops / Notebooks,9,ASUS,"ASUS TUF705 Gaming and Entertainment Laptop (AMD Ryzen 7 3750H 4-Core, 16GB RAM, 512GB PCIe SSD + 2TB  HDD , 17.3"" Full HD (1920x1080), ) with ROG CASE , GT300 Mouse , GM50 Mouse pad",Free Expedited Shipping,2027.99,0.0,https://www.newegg.com/p/1TS-001A-00UZ6?Item=9SIA7AB9VN6495,//c1.neweggimages.com/ProductImageCompressAll300/A7AB_1_201908161622343265.jpg
5,1TS-001A-00UZ4,Computer Systems,Laptops / Notebooks,9,ASUS,"ASUS TUF705 Gaming and Entertainment Laptop (AMD Ryzen 7 3750H 4-Core, 64GB RAM, 512GB PCIe SSD, 17.3"" Full HD (1920x1080), NVIDIA GTX 1660 Ti, ) with ROG CASE , GT300 Mouse , GM50 Mouse pad",Free Expedited Shipping,2207.99,0.0,https://www.newegg.com/p/1TS-001A-00UZ4?Item=9SIA7AB9VN6493,//c1.neweggimages.com/ProductImageCompressAll300/A7AB_1_201908161622343265.jpg
6,1TS-000D-076X1,Computer Systems,Laptops / Notebooks,9,HP,"HP Pavilion 15 Notebook, 15.6"" FHD Display, AMD Ryzen 5 3550H Upto 3.7GHz, 8GB RAM, 128GB NVMe SSD + 1TB HDD, NVIDIA GeForce GTX 1050, HDMI, Card Reader, Wi-Fi, Bluetooth, Windows 10 Pro","Due to holiday observance, orders placed between 4/7 – 4/19 will experience shipping delays",799.99,0.0,https://www.newegg.com/black-hp-pavilion-15/p/1TS-000D-076X1?Item=9SIAA0SAM70556,//c1.neweggimages.com/ProductImageCompressAll300/AA0SS191126eW92z.jpg
7,1TS-000D-07703,Computer Systems,Laptops / Notebooks,9,HP,"HP Pavilion 15 Notebook, 15.6"" FHD Display, AMD Ryzen 5 3550H Upto 3.7GHz, 32GB RAM, 512GB NVMe SSD, NVIDIA GeForce GTX 1050, HDMI, Card Reader, Wi-Fi, Bluetooth, Windows 10 Home","Due to holiday observance, orders placed between 4/7 – 4/19 will experience shipping delays",909.99,0.0,https://www.newegg.com/black-hp-pavilion-15/p/1TS-000D-07703?Item=9SIAEYAAM70630,//c1.neweggimages.com/ProductImageCompressAll300/AEYAS191127BbKm9.jpg
8,1TS-000E-0FAK0,Computer Systems,Laptops / Notebooks,9,Lenovo,"Lenovo IdeaPad 330s Notebook, 15.6"" HD Display, AMD Ryzen 5 2500U Upto 3.6GHz, 12GB RAM, 256GB NVMe SSD + 1TB HDD, Vega 8, HDMI, Card Reader, Wi-Fi, Bluetooth, Windows 10 Home","Due to holiday observance, orders placed between 4/7 – 4/19 will experience shipping delays",831.99,0.0,https://www.newegg.com/natural-silver-lenovo-ideapad-330s/p/1TS-000E-0FAK0?Item=9SIAEYAAHS7410,//c1.neweggimages.com/ProductImageCompressAll300/AEYA_1_20191107631751504.jpg
9,1TS-000D-077U5,Computer Systems,Laptops / Notebooks,9,HP,"HP Pavilion 15 Notebook, 15.6"" FHD Display, AMD Ryzen 5 3550H Upto 3.7GHz, 32GB RAM, 512GB NVMe SSD, NVIDIA GeForce GTX 1050, HDMI, Card Reader, Wi-Fi, Bluetooth, Windows 10 Pro","Due to holiday observance, orders placed between 4/7 – 4/19 will experience shipping delays",1579.99,0.0,https://www.newegg.com/black-hp-pavilion-15/p/1TS-000D-077U5?Item=9SIAA0SAM95760,//c1.neweggimages.com/ProductImageCompressAll300/AA0SS191127LyQMT.jpg
10,1TS-000A-04P20,Computer Systems,Laptops / Notebooks,9,DELL,"Dell Inspiron 5575 15.6"" FHD Notebook, AMD Quad-Core Ryzen 7 2700U Upto 3.8GHz, 16GB RAM, 256GB NVMe SSD + 1TB HDD, Radeon Vega 10, HDMI, Card Reader, LAN, Wi-Fi, Bluetooth, Windows 10 Pro","Due to holiday observance, orders placed between 4/7 – 4/19 will experience shipping delays",1059.49,0.0,https://www.newegg.com/silver-dell-inspiron-5575-creating-designing/p/1TS-000A-04P20?Item=9SIAA0S96V9386,//c1.neweggimages.com/ProductImageCompressAll300/AA0S_1_201905231282217582.jpg
11,1TS-000A-04P19,Computer Systems,Laptops / Notebooks,9,DELL,"Dell Inspiron 5575 15.6"" FHD Notebook, AMD Quad-Core Ryzen 7 2700U Upto 3.8GHz, 16GB RAM, 1TB SSD, Radeon Vega 10, HDMI, Card Reader, LAN, Wi-Fi, Bluetooth, Windows 10 Pro","Due to holiday observance, orders placed between 4/7 – 4/19 will experience shipping delays",1143.99,0.0,https://www.newegg.com/silver-dell-inspiron-5575-creating-designing/p/1TS-000A-04P19?Item=9SIAA0S96V9385,//c1.neweggimages.com/ProductImageCompressAll300/AA0S_1_201905231282217582.jpg
12,1TS-000E-0FAF8,Computer Systems,Laptops / Notebooks,9,Lenovo,"Lenovo IdeaPad 330s Notebook, 15.6"" HD Display, AMD Ryzen 5 2500U Upto 3.6GHz, 8GB RAM, 256GB NVMe SSD, Vega 8, HDMI, Card Reader, Wi-Fi, Bluetooth, Windows 10 Home (81FB00HKUS)","Due to holiday observance, orders placed between 4/7 – 4/19 will experience shipping delays",699.99,0.0,https://www.newegg.com/natural-silver-lenovo-ideapad-330s/p/1TS-000E-0FAF8?Item=9SIAA0SAHS7329,//c1.neweggimages.com/ProductImageCompressAll300/AA0S_1_20191107751927527.jpg
13,1TS-000D-076Y3,Computer Systems,Laptops / Notebooks,9,HP,"HP Pavilion 15 Notebook, 15.6"" FHD Display, AMD Ryzen 5 3550H Upto 3.7GHz, 8GB RAM, 128GB NVMe SSD + 1TB HDD, NVIDIA GeForce GTX 1050, HDMI, Card Reader, Wi-Fi, Bluetooth, Windows 10 Home","Due to holiday observance, orders placed between 4/7 – 4/19 will experience shipping delays",779.99,0.0,https://www.newegg.com/black-hp-pavilion-15/p/1TS-000D-076Y3?Item=9SIAEYAAM70610,//c1.neweggimages.com/ProductImageCompressAll300/AEYAS1911271LDaF.jpg
14,1TS-000D-077U4,Computer Systems,Laptops / Notebooks,9,HP,"HP Pavilion 15 Notebook, 15.6"" FHD Display, AMD Ryzen 5 3550H Upto 3.7GHz, 16GB RAM, 1TB NVMe SSD, NVIDIA GeForce GTX 1050, HDMI, Card Reader, Wi-Fi, Bluetooth, Windows 10 Pro","Due to holiday observance, orders placed between 4/7 – 4/19 will experience shipping delays",1229.99,0.0,https://www.newegg.com/black-hp-pavilion-15/p/1TS-000D-077U4?Item=9SIAA0SAM95759,//c1.neweggimages.com/ProductImageCompressAll300/AA0SS191127HxB1t.jpg
15,1TS-000A-04P65,Computer Systems,Laptops / Notebooks,9,DELL,"Dell Inspiron 5575 15.6"" FHD Notebook, AMD Quad-Core Ryzen 7 2700U Upto 3.8GHz, 32GB RAM, 256GB NVMe SSD + 1TB HDD, Radeon Vega 10, HDMI, Card Reader, LAN, Wi-Fi, Bluetooth, Windows 10 Home","Due to holiday observance, orders placed between 4/7 – 4/19 will experience shipping delays",1143.99,0.0,https://www.newegg.com/silver-dell-inspiron-5575-creating-designing/p/1TS-000A-04P65?Item=9SIAEYA96W2011,//c1.neweggimages.com/ProductImageCompressAll300/AA0S_1_201905231432136847.jpg
16,1TS-000D-07XW5,Computer Systems,Laptops / Notebooks,9,HP,"HP 15 Notebook, 15.6"" HD Touch Display, AMD Ryzen 7 3700U Upto 4.0GHz, 12GB RAM, 1TB NVMe SSD, Vega 10, HDMI, Card Reader, Wi-Fi, Bluetooth, Windows 10 Home","Due to holiday observance, orders placed between 4/7 – 4/19 will experience shipping delays",889.99,0.0,https://www.newegg.com/silver-hp-15/p/1TS-000D-07XW5?Item=9SIAEYAAT66020,//c1.neweggimages.com/ProductImageCompressAll300/AEYA_1_20191223528394030.jpg
17,1TS-000A-04P59,Computer Systems,Laptops / Notebooks,9,DELL,"Dell Inspiron 5575 15.6"" FHD Notebook, AMD Quad-Core Ryzen 7 2700U Upto 3.8GHz, 16GB RAM, 512GB SSD, Radeon Vega 10, HDMI, Card Reader, LAN, Wi-Fi, Bluetooth, Windows 10 Home","Due to holiday observance, orders placed between 4/7 – 4/19 will experience shipping delays",1000.99,0.0,https://www.newegg.com/silver-dell-inspiron-5575-creating-designing/p/1TS-000A-04P59?Item=9SIAEYA96W2004,//c1.neweggimages.com/ProductImageCompressAll300/AA0S_1_201905231432136847.jpg
18,1TS-000E-0FAJ6,Computer Systems,Laptops / Notebooks,9,Lenovo,"Lenovo IdeaPad 330s Notebook, 15.6"" HD Display, AMD Ryzen 5 2500U Upto 3.6GHz, 20GB RAM, 128GB NVMe SSD + 1TB HDD, Vega 8, HDMI, Card Reader, Wi-Fi, Bluetooth, Windows 10 Home","Due to holiday observance, orders placed between 4/7 – 4/19 will experience shipping delays",857.99,0.0,https://www.newegg.com/natural-silver-lenovo-ideapad-330s/p/1TS-000E-0FAJ6?Item=9SIAEYAAHS7406,//c1.neweggimages.com/ProductImageCompressAll300/V1VV_1_20191107706120999.jpg
19,1TS-000A-04P67,Computer Systems,Laptops / Notebooks,9,DELL,"Dell Inspiron 5575 15.6"" FHD Notebook, AMD Quad-Core Ryzen 7 2700U Upto 3.8GHz, 32GB RAM, 512GB SSD, Radeon Vega 10, HDMI, Card Reader, LAN, Wi-Fi, Bluetooth, Windows 10 Home","Due to holiday observance, orders placed between 4/7 – 4/19 will experience shipping delays",1117.99,0.0,https://www.newegg.com/silver-dell-inspiron-5575-creating-designing/p/1TS-000A-04P67?Item=9SIAEYA96W2013,//c1.neweggimages.com/ProductImageCompressAll300/AA0S_1_201905231432136847.jpg
20,1TS-000D-077V6,Computer Systems,Laptops / Notebooks,9,HP,"HP Pavilion 15 Notebook, 15.6"" FHD Display, AMD Ryzen 5 3550H Upto 3.7GHz, 32GB RAM, 256GB NVMe SSD + 1TB HDD, NVIDIA GeForce GTX 1050, HDMI, Card Reader, Wi-Fi, Bluetooth, Windows 10 Pro","Due to holiday observance, orders placed between 4/7 – 4/19 will experience shipping delays",1449.99,0.0,https://www.newegg.com/black-hp-pavilion-15/p/1TS-000D-077V6?Item=9SIAA0SAM95771,//c1.neweggimages.com/ProductImageCompressAll300/AA0SS191127rr1Vc.jpg
21,1TS-000A-04P42,Computer Systems,Laptops / Notebooks,9,DELL,"Dell Inspiron 5575 15.6"" FHD Notebook, AMD Quad-Core Ryzen 7 2700U Upto 3.8GHz, 8GB RAM, 512GB SSD, Radeon Vega 10, HDMI, Card Reader, LAN, Wi-Fi, Bluetooth, Windows 10 Pro","Due to holiday observance, orders placed between 4/7 – 4/19 will experience shipping delays",903.49,0.0,https://www.newegg.com/silver-dell-inspiron-5575-creating-designing/p/1TS-000A-04P42?Item=9SIAA0S96V9422,//c1.neweggimages.com/ProductImageCompressAll300/AA0S_1_201905231282217582.jpg
22,1TS-000D-07XX1,Computer Systems,Laptops / Notebooks,9,HP,"HP 15 Notebook, 15.6"" HD Touch Display, AMD Ryzen 7 3700U Upto 4.0GHz, 32GB RAM, 256GB NVMe SSD, Vega 10, HDMI, Card Reader, Wi-Fi, Bluetooth, Windows 10 Home","Due to holiday observance, orders placed between 4/7 – 4/19 will experience shipping delays",1199.99,0.0,https://www.newegg.com/silver-hp-15/p/1TS-000D-07XX1?Item=9SIAEYAAT66027,//c1.neweggimages.com/ProductImageCompressAll300/V1VV_1_201912231143122306.jpg
23,1TS-000D-07XX4,Computer Systems,Laptops / Notebooks,9,HP,"HP 15 Notebook, 15.6"" HD Touch Display, AMD Ryzen 7 3700U Upto 4.0GHz, 32GB RAM, 2TB NVMe SSD, Vega 10, HDMI, Card Reader, Wi-Fi, Bluetooth, Windows 10 Home","Due to holiday observance, orders placed between 4/7 – 4/19 will experience shipping delays",1629.99,0.0,https://www.newegg.com/silver-hp-15/p/1TS-000D-07XX4?Item=9SIAEYAAT66030,//c1.neweggimages.com/ProductImageCompressAll300/AEYA_1_20191223440596222.jpg
24,1TS-000A-04P53,Computer Systems,Laptops / Notebooks,9,DELL,"Dell Inspiron 5575 15.6"" FHD Notebook, AMD Quad-Core Ryzen 7 2700U Upto 3.8GHz, 16GB RAM, 128GB NVMe SSD + 1TB HDD, Radeon Vega 10, HDMI, Card Reader, LAN, Wi-Fi, Bluetooth, Windows 10 Home","Due to holiday observance, orders placed between 4/7 – 4/19 will experience shipping delays",1000.99,0.0,https://www.newegg.com/silver-dell-inspiron-5575-creating-designing/p/1TS-000A-04P53?Item=9SIAEYA96W1995,//c1.neweggimages.com/ProductImageCompressAll300/AA0S_1_201905231432136847.jpg
25,1TS-000A-04P18,Computer Systems,Laptops / Notebooks,9,DELL,"Dell Inspiron 5575 15.6"" FHD Notebook, AMD Quad-Core Ryzen 7 2700U Upto 3.8GHz, 16GB RAM, 1TB NVMe SSD + 1TB HDD, Radeon Vega 10, HDMI, Card Reader, LAN, Wi-Fi, Bluetooth, Windows 10 Pro","Due to holiday observance, orders placed between 4/7 – 4/19 will experience shipping delays",1260.99,0.0,https://www.newegg.com/silver-dell-inspiron-5575-creating-designing/p/1TS-000A-04P18?Item=9SIAA0S96V9383,//c1.neweggimages.com/ProductImageCompressAll300/AA0S_1_201905231282217582.jpg
26,1TS-000E-0FAJ1,Computer Systems,Laptops / Notebooks,9,Lenovo,"Lenovo IdeaPad 330s Notebook, 15.6"" HD Display, AMD Ryzen 5 2500U Upto 3.6GHz, 8GB RAM, 1TB NVMe SSD, Vega 8, HDMI, Card Reader, Wi-Fi, Bluetooth, Windows 10 Home","Due to holiday observance, orders placed between 4/7 – 4/19 will experience shipping delays",929.99,0.0,https://www.newegg.com/natural-silver-lenovo-ideapad-330s/p/1TS-000E-0FAJ1?Item=9SIAEYAAHS7400,//c1.neweggimages.com/ProductImageCompressAll300/AEYA_1_201911071346964129.jpg
27,1TS-000E-0FAG4,Computer Systems,Laptops / Notebooks,9,Lenovo,"Lenovo IdeaPad 330s Notebook, 15.6"" HD Display, AMD Ryzen 5 2500U Upto 3.6GHz, 20GB RAM, 1TB NVMe SSD, Vega 8, HDMI, Card Reader, Wi-Fi, Bluetooth, Windows 10 Pro","Due to holiday observance, orders placed between 4/7 – 4/19 will experience shipping delays",987.99,0.0,https://www.newegg.com/natural-silver-lenovo-ideapad-330s/p/1TS-000E-0FAG4?Item=9SIAA0SAHS7335,//c1.neweggimages.com/ProductImageCompressAll300/AA0S_1_20191107921322702.jpg
28,1TS-000D-04M64,Computer Systems,Laptops / Notebooks,9,HP,"HP ENVY x360 - 15z Home and Business Laptop (AMD Ryzen 5 3500U 4-Core, 32GB RAM, 512GB  PCIe SSD, 15.6"" Touch  Full HD (1920x1080), AMD Vega 8, Active Pen, Fingerprint, Wifi, Bluetooth, Win 10 Home)",,1378.80,0.0,https://www.newegg.com/p/1TS-000D-04M64?Item=9SIA7AB9EE9783,//c1.neweggimages.com/ProductImageCompressAll300/V0F3_1_20190612637570189.jpg
29,1TS-000E-0FAE9,Computer Systems,Laptops / Notebooks,9,Lenovo,"Lenovo IdeaPad 330s Notebook, 15.6"" HD Display, AMD Ryzen 5 2500U Upto 3.6GHz, 8GB RAM, 1TB NVMe SSD, Vega 8, HDMI, Card Reader, Wi-Fi, Bluetooth, Windows 10 Pro","Due to holiday observance, orders placed between 4/7 – 4/19 will experience shipping delays",929.99,0.0,https://www.newegg.com/natural-silver-lenovo-ideapad-330s/p/1TS-000E-0FAE9?Item=9SIAA0SAHS7320,//c1.neweggimages.com/ProductImageCompressAll300/AA0S_1_201911071540738903.jpg
30,1TS-000D-077U1,Computer Systems,Laptops / Notebooks,9,HP,"HP Pavilion 15 Notebook, 15.6"" FHD Display, AMD Ryzen 5 3550H Upto 3.7GHz, 32GB RAM, 512GB NVMe SSD + 1TB HDD, NVIDIA GeForce GTX 1050, HDMI, Card Reader, Wi-Fi, Bluetooth, Windows 10 Pro","Due to holiday observance, orders placed between 4/7 – 4/19 will experience shipping delays",1579.99,0.0,https://www.newegg.com/black-hp-pavilion-15/p/1TS-000D-077U1?Item=9SIAA0SAM95756,//c1.neweggimages.com/ProductImageCompressAll300/AA0SS191127aLPs4.jpg
31,1TS-000E-0FAH9,Computer Systems,Laptops / Notebooks,9,Lenovo,"Lenovo IdeaPad 330s Notebook, 15.6"" HD Display, AMD Ryzen 5 2500U Upto 3.6GHz, 12GB RAM, 512GB NVMe SSD + 1TB HDD, Vega 8, HDMI, Card Reader, Wi-Fi, Bluetooth, Windows 10 Home","Due to holiday observance, orders placed between 4/7 – 4/19 will experience shipping delays",870.99,0.0,https://www.newegg.com/natural-silver-lenovo-ideapad-330s/p/1TS-000E-0FAH9?Item=9SIAEYAAHS7398,//c1.neweggimages.com/ProductImageCompressAll300/AEYA_1_20191107837208640.jpg
32,1TS-000A-04P23,Computer Systems,Laptops / Notebooks,9,DELL,"Dell Inspiron 5575 15.6"" FHD Notebook, AMD Quad-Core Ryzen 7 2700U Upto 3.8GHz, 16GB RAM, 512GB NVMe SSD + 1TB HDD, Radeon Vega 10, HDMI, Card Reader, LAN, Wi-Fi, Bluetooth, Windows 10 Pro","Due to holiday observance, orders placed between 4/7 – 4/19 will experience shipping delays",1130.99,0.0,https://www.newegg.com/silver-dell-inspiron-5575-creating-designing/p/1TS-000A-04P23?Item=9SIAA0S96V9390,//c1.neweggimages.com/ProductImageCompressAll300/AA0S_1_201905231282217582.jpg
33,1TS-000D-071G7,Computer Systems,Laptops / Notebooks,9,HP,"HP 15.6"" Gaming Laptop",,799.99,0.0,https://www.newegg.com/black-hp-pavilion-gaming-laptop-15-gaming-entertainment/p/1TS-000D-071G7?Item=9SIAKZ3AS75005,//c1.neweggimages.com/NeweggImage/ProductImageCompressAll300/A9JJ_132182514063612366gox1Wx7Jk4.jpg
34,1TS-000D-052P0,Computer Systems,Laptops / Notebooks,9,HP,"HP EliteBook 755 G5 Home and Business Laptop (AMD Ryzen 5 PRO 2500U 4-Core, 64GB RAM, 1TB m.2 SATA SSD, 15.6"" Full HD (1920x1080), AMD Radeon Vega, Fingerprint, Wifi, Bluetooth, Webcam, Win 10 Pro)",,2158.80,0.0,https://www.newegg.com/p/1TS-000D-052P0?Item=9SIA7AB9J18206,//c1.neweggimages.com/ProductImageCompressAll300/A7AB_1_202004081743919372.jpg
35,1TS-000D-06XS3,Computer Systems,Laptops / Notebooks,9,HP,"HP 15.6"" HD Touchscreen Laptop, AMD Ryzen 7 3700U Processor, 8GB Memory, 512GB SSD Storage, Backlit Keyboard, 2 Year Warranty Care Pack with Accidental Damage Protection, Windows 10 Home",,799.99,0.0,https://www.newegg.com/natural-silver-hp-15-db1973cl/p/1TS-000D-06XS3?Item=9SIAADFAJ02142,//c1.neweggimages.com/NeweggImage/ProductImageCompressAll300/V0U8_132178202493009411UgSmM16IlU.jpg
