,item_number,general_category,product_category,page_number,brand,model_specifications,current_promotions,price,shipping,product_links,image_link
0,1TS-000D-089C8,Computer Systems,Laptops / Notebooks,3,HP,"HP 17 Notebook, 17.3"" HD+ Display, AMD Ryzen 7 3700U Upto 4.0GHz, 16GB RAM, 512GB SSD, Vega 10, DVDRW, HDMI, Card Reader, Wi-Fi, Bluetooth, Windows 10 Pro","Due to holiday observance, orders placed between 4/7 – 4/19 will experience shipping delays",1129.99,0.0,https://www.newegg.com/black-textured-hp-17/p/1TS-000D-089C8?Item=9SIAA0SB011087,//c1.neweggimages.com/ProductImageCompressAll300/AA0S_1_20200204334659806.jpg
1,1TS-000D-096P2,Computer Systems,Laptops / Notebooks,3,HP,"HP Pavilion 15 Powerful Horizon Blue Laptop with 15.6"" Full HD Display (1920 x 1080), AMD Ryzen 5 3500U, 8GB SDRAM, 1TB HDD + 128GB SSD, AMD Radeon Vega 8 Graphics, Windows 10 Home",,649.99,0.0,https://www.newegg.com/p/1TS-000D-096P2?Item=9SIA9JAB0A2374,//c1.neweggimages.com/NeweggImage/ProductImageCompressAll300/A9JAS200206iP3Hp.jpg
2,1TS-001A-01U39,Computer Systems,Laptops / Notebooks,3,ASUS,"ASUS FX705DT 17.3"" Customized Gaming Laptop | AMD Ryzen 7 3750H Processor | 12GB RAM 128GB SSD 1TB HDD | GeForce GTX 1650 4GB GDDR5 | RGB Backlit Keyboard | Windows 10 Black",,977.81,0.0,https://www.newegg.com/p/1TS-001A-01U39?Item=9SIAJZDAZ84295,//c1.neweggimages.com/ProductImageCompressAll300/AJZD_1_202001281913377908.jpg
3,1TS-001A-01U67,Computer Systems,Laptops / Notebooks,3,ASUS,"ASUS FX705DT 17.3"" Customized Gaming Laptop | AMD Ryzen 7 3750H Processor | 24GB RAM 512GB SSD | GeForce GTX 1650 4GB GDDR5 | RGB Backlit Keyboard | Windows 10 Black",,1081.83,0.0,https://www.newegg.com/p/1TS-001A-01U67?Item=9SIAJZDAZ84386,//c1.neweggimages.com/ProductImageCompressAll300/AJZD_1_202001281913377908.jpg
4,1TS-001A-01U07,Computer Systems,Laptops / Notebooks,3,ASUS,"ASUS FX705DT 17.3"" Customized Gaming Laptop | AMD Ryzen 7 3750H Processor | 8GB RAM 1024GB SSD 500GB HDD | GeForce GTX 1650 4GB GDDR5 | RGB Backlit Keyboard | Windows 10 Black",,1067.96,0.0,https://www.newegg.com/p/1TS-001A-01U07?Item=9SIAJZDAZ84263,//c1.neweggimages.com/ProductImageCompressAll300/AJZD_1_202001281913377908.jpg
5,1TS-001A-01TZ5,Computer Systems,Laptops / Notebooks,3,ASUS,"ASUS FX705DT 17.3"" Customized Gaming Laptop | AMD Ryzen 7 3750H Processor | 8GB RAM 512GB SSD 1TB HDD | GeForce GTX 1650 4GB GDDR5 | RGB Backlit Keyboard | Windows 10 Black",,998.61,0.0,https://www.newegg.com/p/1TS-001A-01TZ5?Item=9SIAJZDAZ84251,//c1.neweggimages.com/ProductImageCompressAll300/AJZD_1_202001281913377908.jpg
6,1TS-001A-01U54,Computer Systems,Laptops / Notebooks,3,ASUS,"ASUS FX705DT 17.3"" Customized Gaming Laptop | AMD Ryzen 7 3750H Processor | 24GB RAM 256GB SSD | GeForce GTX 1650 4GB GDDR5 | RGB Backlit Keyboard | Windows 10 Black",,1054.09,0.0,https://www.newegg.com/p/1TS-001A-01U54?Item=9SIAJZDAZ84373,//c1.neweggimages.com/ProductImageCompressAll300/AJZD_1_202001281913377908.jpg
7,1TS-001A-01U33,Computer Systems,Laptops / Notebooks,3,ASUS,"ASUS FX705DT 17.3"" Customized Gaming Laptop | AMD Ryzen 7 3750H Processor | 8GB RAM 512GB SSD | GeForce GTX 1650 4GB GDDR5 | RGB Backlit Keyboard | Windows 10 Black",,957.00,0.0,https://www.newegg.com/p/1TS-001A-01U33?Item=9SIAJZDAZ84289,//c1.neweggimages.com/ProductImageCompressAll300/AJZD_1_202001281913377908.jpg
8,1TS-001A-01TN7,Computer Systems,Laptops / Notebooks,3,ASUS,"ASUS FX705DT 17.3"" Customized Gaming Laptop | AMD Ryzen 7 3750H Processor | 8GB RAM 500GB HDD | GeForce GTX 1650 4GB GDDR5 | RGB Backlit Keyboard | Windows 10 Black",,901.53,0.0,https://www.newegg.com/p/1TS-001A-01TN7?Item=9SIAJZDAZ84020,//c1.neweggimages.com/ProductImageCompressAll300/AJZD_1_202001281913377908.jpg
9,1TS-001A-01TZ9,Computer Systems,Laptops / Notebooks,3,ASUS,"ASUS FX705DT 17.3"" Customized Gaming Laptop | AMD Ryzen 7 3750H Processor | 8GB RAM 512GB SSD 2TB HDD | GeForce GTX 1650 4GB GDDR5 | RGB Backlit Keyboard | Windows 10 Black",,1026.35,0.0,https://www.newegg.com/p/1TS-001A-01TZ9?Item=9SIAJZDAZ84255,//c1.neweggimages.com/ProductImageCompressAll300/AJZD_1_202001281913377908.jpg
10,1TS-001A-01U52,Computer Systems,Laptops / Notebooks,3,ASUS,"ASUS FX705DT 17.3"" Customized Gaming Laptop | AMD Ryzen 7 3750H Processor | 24GB RAM 1024GB SSD 2TB HDD | GeForce GTX 1650 4GB GDDR5 | RGB Backlit Keyboard | Windows 10 Black",,1241.33,0.0,https://www.newegg.com/p/1TS-001A-01U52?Item=9SIAJZDAZ84372,//c1.neweggimages.com/ProductImageCompressAll300/AJZD_1_202001281913377908.jpg
11,1TS-001A-01U22,Computer Systems,Laptops / Notebooks,3,ASUS,"ASUS FX705DT 17.3"" Customized Gaming Laptop | AMD Ryzen 7 3750H Processor | 12GB RAM 1TB HDD | GeForce GTX 1650 4GB GDDR5 | RGB Backlit Keyboard | Windows 10 Black",,950.07,0.0,https://www.newegg.com/p/1TS-001A-01U22?Item=9SIAJZDAZ84278,//c1.neweggimages.com/ProductImageCompressAll300/AJZD_1_202001281913377908.jpg
12,1TS-001A-01TZ3,Computer Systems,Laptops / Notebooks,3,ASUS,"ASUS FX705DT 17.3"" Customized Gaming Laptop | AMD Ryzen 7 3750H Processor | 12GB RAM 1024GB SSD 2TB HDD | GeForce GTX 1650 4GB GDDR5 | RGB Backlit Keyboard | Windows 10 Black",,1144.24,0.0,https://www.newegg.com/p/1TS-001A-01TZ3?Item=9SIAJZDAZ84249,//c1.neweggimages.com/ProductImageCompressAll300/AJZD_1_202001281913377908.jpg
13,1TS-001A-01U27,Computer Systems,Laptops / Notebooks,3,ASUS,"ASUS FX705DT 17.3"" Customized Gaming Laptop | AMD Ryzen 7 3750H Processor | 12GB RAM 512GB SSD 2TB HDD | GeForce GTX 1650 4GB GDDR5 | RGB Backlit Keyboard | Windows 10 Black",,1054.09,0.0,https://www.newegg.com/p/1TS-001A-01U27?Item=9SIAJZDAZ84283,//c1.neweggimages.com/ProductImageCompressAll300/AJZD_1_202001281913377908.jpg
14,1TS-001A-01U71,Computer Systems,Laptops / Notebooks,3,ASUS,"ASUS FX705DT 17.3"" Customized Gaming Laptop | AMD Ryzen 7 3750H Processor | 24GB RAM 128GB SSD 500GB HDD | GeForce GTX 1650 4GB GDDR5 | RGB Backlit Keyboard | Windows 10 Black",,1054.09,0.0,https://www.newegg.com/p/1TS-001A-01U71?Item=9SIAJZDAZ84390,//c1.neweggimages.com/ProductImageCompressAll300/AJZD_1_202001281913377908.jpg
15,1TS-001A-01U09,Computer Systems,Laptops / Notebooks,3,ASUS,"ASUS FX705DT 17.3"" Customized Gaming Laptop | AMD Ryzen 7 3750H Processor | 8GB RAM 128GB SSD 1TB HDD | GeForce GTX 1650 4GB GDDR5 | RGB Backlit Keyboard | Windows 10 Black",,950.07,0.0,https://www.newegg.com/p/1TS-001A-01U09?Item=9SIAJZDAZ84265,//c1.neweggimages.com/ProductImageCompressAll300/AJZD_1_202001281913377908.jpg
16,1TS-001A-01U76,Computer Systems,Laptops / Notebooks,3,ASUS,"ASUS FX705DT 17.3"" Customized Gaming Laptop | AMD Ryzen 7 3750H Processor | 32GB RAM 1024GB SSD | GeForce GTX 1650 4GB GDDR5 | RGB Backlit Keyboard | Windows 10 Black",,1241.33,0.0,https://www.newegg.com/p/1TS-001A-01U76?Item=9SIAJZDAZ84395,//c1.neweggimages.com/ProductImageCompressAll300/AJZD_1_202001281913377908.jpg
17,1TS-001A-01U57,Computer Systems,Laptops / Notebooks,3,ASUS,"ASUS FX705DT 17.3"" Customized Gaming Laptop | AMD Ryzen 7 3750H Processor | 32GB RAM 512GB SSD | GeForce GTX 1650 4GB GDDR5 | RGB Backlit Keyboard | Windows 10 Black",,1151.18,0.0,https://www.newegg.com/p/1TS-001A-01U57?Item=9SIAJZDAZ84376,//c1.neweggimages.com/ProductImageCompressAll300/AJZD_1_202001281913377908.jpg
18,1TS-001A-01U20,Computer Systems,Laptops / Notebooks,3,ASUS,"ASUS FX705DT 17.3"" Customized Gaming Laptop | AMD Ryzen 7 3750H Processor | 16GB RAM 1TB HDD | GeForce GTX 1650 4GB GDDR5 | RGB Backlit Keyboard | Windows 10 Black",,977.81,0.0,https://www.newegg.com/p/1TS-001A-01U20?Item=9SIAJZDAZ84276,//c1.neweggimages.com/ProductImageCompressAll300/AJZD_1_202001281913377908.jpg
19,1TS-001A-01U23,Computer Systems,Laptops / Notebooks,3,ASUS,"ASUS FX705DT 17.3"" Customized Gaming Laptop | AMD Ryzen 7 3750H Processor | 12GB RAM 512GB SSD 1TB HDD | GeForce GTX 1650 4GB GDDR5 | RGB Backlit Keyboard | Windows 10 Black",,1026.35,0.0,https://www.newegg.com/p/1TS-001A-01U23?Item=9SIAJZDAZ84279,//c1.neweggimages.com/ProductImageCompressAll300/AJZD_1_202001281913377908.jpg
20,1TS-001A-01U64,Computer Systems,Laptops / Notebooks,3,ASUS,"ASUS FX705DT 17.3"" Customized Gaming Laptop | AMD Ryzen 7 3750H Processor | 16GB RAM 1024GB SSD 2TB HDD | GeForce GTX 1650 4GB GDDR5 | RGB Backlit Keyboard | Windows 10 Black",,1171.98,0.0,https://www.newegg.com/p/1TS-001A-01U64?Item=9SIAJZDAZ84383,//c1.neweggimages.com/ProductImageCompressAll300/AJZD_1_202001281913377908.jpg
21,1TS-001A-01U74,Computer Systems,Laptops / Notebooks,3,ASUS,"ASUS FX705DT 17.3"" Customized Gaming Laptop | AMD Ryzen 7 3750H Processor | 24GB RAM 512GB SSD 1TB HDD | GeForce GTX 1650 4GB GDDR5 | RGB Backlit Keyboard | Windows 10 Black",,1123.44,0.0,https://www.newegg.com/p/1TS-001A-01U74?Item=9SIAJZDAZ84393,//c1.neweggimages.com/ProductImageCompressAll300/AJZD_1_202001281913377908.jpg
22,1TS-001A-01U83,Computer Systems,Laptops / Notebooks,3,ASUS,"ASUS FX705DT 17.3"" Customized Gaming Laptop | AMD Ryzen 7 3750H Processor | 24GB RAM 500GB HDD | GeForce GTX 1650 4GB GDDR5 | RGB Backlit Keyboard | Windows 10 Black",,1026.35,0.0,https://www.newegg.com/p/1TS-001A-01U83?Item=9SIAJZDAZ84402,//c1.neweggimages.com/ProductImageCompressAll300/AJZD_1_202001281913377908.jpg
23,1TS-001A-01U75,Computer Systems,Laptops / Notebooks,3,ASUS,"ASUS FX705DT 17.3"" Customized Gaming Laptop | AMD Ryzen 7 3750H Processor | 24GB RAM 128GB SSD 1TB HDD | GeForce GTX 1650 4GB GDDR5 | RGB Backlit Keyboard | Windows 10 Black",,1074.90,0.0,https://www.newegg.com/p/1TS-001A-01U75?Item=9SIAJZDAZ84394,//c1.neweggimages.com/ProductImageCompressAll300/AJZD_1_202001281913377908.jpg
24,1TS-001A-01TZ6,Computer Systems,Laptops / Notebooks,3,ASUS,"ASUS FX705DT 17.3"" Customized Gaming Laptop | AMD Ryzen 7 3750H Processor | 8GB RAM 1TB HDD | GeForce GTX 1650 4GB GDDR5 | RGB Backlit Keyboard | Windows 10 Black",,922.33,0.0,https://www.newegg.com/p/1TS-001A-01TZ6?Item=9SIAJZDAZ84252,//c1.neweggimages.com/ProductImageCompressAll300/AJZD_1_202001281913377908.jpg
25,1TS-001A-01U32,Computer Systems,Laptops / Notebooks,3,ASUS,"ASUS FX705DT 17.3"" Customized Gaming Laptop | AMD Ryzen 7 3750H Processor | 16GB RAM 256GB SSD 500GB HDD | GeForce GTX 1650 4GB GDDR5 | RGB Backlit Keyboard | Windows 10 Black",,1005.55,0.0,https://www.newegg.com/p/1TS-001A-01U32?Item=9SIAJZDAZ84288,//c1.neweggimages.com/ProductImageCompressAll300/AJZD_1_202001281913377908.jpg
26,1TS-001A-01U05,Computer Systems,Laptops / Notebooks,3,ASUS,"ASUS FX705DT 17.3"" Customized Gaming Laptop | AMD Ryzen 7 3750H Processor | 8GB RAM 128GB SSD 500GB HDD | GeForce GTX 1650 4GB GDDR5 | RGB Backlit Keyboard | Windows 10 Black",,929.26,0.0,https://www.newegg.com/p/1TS-001A-01U05?Item=9SIAJZDAZ84261,//c1.neweggimages.com/ProductImageCompressAll300/AJZD_1_202001281913377908.jpg
27,1TS-001A-01U14,Computer Systems,Laptops / Notebooks,3,ASUS,"ASUS FX705DT 17.3"" Customized Gaming Laptop | AMD Ryzen 7 3750H Processor | 8GB RAM 1024GB SSD 2TB HDD | GeForce GTX 1650 4GB GDDR5 | RGB Backlit Keyboard | Windows 10 Black",,1116.50,0.0,https://www.newegg.com/p/1TS-001A-01U14?Item=9SIAJZDAZ84270,//c1.neweggimages.com/ProductImageCompressAll300/AJZD_1_202001281913377908.jpg
28,1TS-001A-01U25,Computer Systems,Laptops / Notebooks,3,ASUS,"ASUS FX705DT 17.3"" Customized Gaming Laptop | AMD Ryzen 7 3750H Processor | 8GB RAM 256GB SSD 1TB HDD | GeForce GTX 1650 4GB GDDR5 | RGB Backlit Keyboard | Windows 10 Black",,970.87,0.0,https://www.newegg.com/p/1TS-001A-01U25?Item=9SIAJZDAZ84281,//c1.neweggimages.com/ProductImageCompressAll300/AJZD_1_202001281913377908.jpg
29,1TS-001A-01U47,Computer Systems,Laptops / Notebooks,3,ASUS,"ASUS FX705DT 17.3"" Customized Gaming Laptop | AMD Ryzen 7 3750H Processor | 24GB RAM 2TB HDD | GeForce GTX 1650 4GB GDDR5 | RGB Backlit Keyboard | Windows 10 Black",,1074.90,0.0,https://www.newegg.com/p/1TS-001A-01U47?Item=9SIAJZDAZ84366,//c1.neweggimages.com/ProductImageCompressAll300/AJZD_1_202001281913377908.jpg
30,1TS-001A-01U12,Computer Systems,Laptops / Notebooks,3,ASUS,"ASUS FX705DT 17.3"" Customized Gaming Laptop | AMD Ryzen 7 3750H Processor | 16GB RAM 128GB SSD 2TB HDD | GeForce GTX 1650 4GB GDDR5 | RGB Backlit Keyboard | Windows 10 Black",,1033.29,0.0,https://www.newegg.com/p/1TS-001A-01U12?Item=9SIAJZDAZ84268,//c1.neweggimages.com/ProductImageCompressAll300/AJZD_1_202001281913377908.jpg
31,1TS-001A-01U37,Computer Systems,Laptops / Notebooks,3,ASUS,"ASUS FX705DT 17.3"" Customized Gaming Laptop | AMD Ryzen 7 3750H Processor | 8GB RAM 512GB SSD 500GB HDD | GeForce GTX 1650 4GB GDDR5 | RGB Backlit Keyboard | Windows 10 Black",,977.81,0.0,https://www.newegg.com/p/1TS-001A-01U37?Item=9SIAJZDAZ84293,//c1.neweggimages.com/ProductImageCompressAll300/AJZD_1_202001281913377908.jpg
32,1TS-001A-01U24,Computer Systems,Laptops / Notebooks,3,ASUS,"ASUS FX705DT 17.3"" Customized Gaming Laptop | AMD Ryzen 7 3750H Processor | 16GB RAM 2TB HDD | GeForce GTX 1650 4GB GDDR5 | RGB Backlit Keyboard | Windows 10 Black",,1005.55,0.0,https://www.newegg.com/p/1TS-001A-01U24?Item=9SIAJZDAZ84280,//c1.neweggimages.com/ProductImageCompressAll300/AJZD_1_202001281913377908.jpg
33,1TS-001A-01U48,Computer Systems,Laptops / Notebooks,3,ASUS,"ASUS FX705DT 17.3"" Customized Gaming Laptop | AMD Ryzen 7 3750H Processor | 16GB RAM 512GB SSD 2TB HDD | GeForce GTX 1650 4GB GDDR5 | RGB Backlit Keyboard | Windows 10 Black",,1081.83,0.0,https://www.newegg.com/p/1TS-001A-01U48?Item=9SIAJZDAZ84367,//c1.neweggimages.com/ProductImageCompressAll300/AJZD_1_202001281913377908.jpg
34,1TS-001A-01U11,Computer Systems,Laptops / Notebooks,3,ASUS,"ASUS FX705DT 17.3"" Customized Gaming Laptop | AMD Ryzen 7 3750H Processor | 12GB RAM 256GB SSD 2TB HDD | GeForce GTX 1650 4GB GDDR5 | RGB Backlit Keyboard | Windows 10 Black",,1026.35,0.0,https://www.newegg.com/p/1TS-001A-01U11?Item=9SIAJZDAZ84267,//c1.neweggimages.com/ProductImageCompressAll300/AJZD_1_202001281913377908.jpg
35,1TS-001A-01U65,Computer Systems,Laptops / Notebooks,3,ASUS,"ASUS FX705DT 17.3"" Customized Gaming Laptop | AMD Ryzen 7 3750H Processor | 32GB RAM 128GB SSD 1TB HDD | GeForce GTX 1650 4GB GDDR5 | RGB Backlit Keyboard | Windows 10 Black",,1144.24,0.0,https://www.newegg.com/p/1TS-001A-01U65?Item=9SIAJZDAZ84384,//c1.neweggimages.com/ProductImageCompressAll300/AJZD_1_202001281913377908.jpg
