,item_number,general_category,product_category,page_number,brand,model_specifications,current_promotions,price,shipping,product_links,image_link
0,1TS-001A-00J56,Computer Systems,Laptops / Notebooks,11,ASUS,"ASUS TUF TUF705DU-PB74 Gaming and Entertainment Laptop (AMD Ryzen 7 3750H 4-Core, 16GB RAM, 512GB  PCIe SSD + 1TB  HDD , 17.3"" Full HD (1920x1080), NVIDIA GTX 1660 Ti, Wifi, Bluetooth, Win 10 Pro)",Free Expedited Shipping,1871.99,0.0,https://www.newegg.com/p/1TS-001A-00J56?Item=9SIA7AB9B78416,//c1.neweggimages.com/ProductImageCompressAll300/V0F3_1_201905191798296115.jpg
1,1TS-001A-00J83,Computer Systems,Laptops / Notebooks,11,ASUS,"ASUS TUF TUF705DU-PB74 Gaming and Entertainment Laptop (AMD Ryzen 7 3750H 4-Core, 16GB RAM, 1TB  PCIe SSD + 1TB  HDD , 17.3"" Full HD (1920x1080), NVIDIA GTX 1660 Ti, Wifi, Bluetooth, Win 10 Home)",Free Expedited Shipping,2051.99,0.0,https://www.newegg.com/p/1TS-001A-00J83?Item=9SIA7AB9B78443,//c1.neweggimages.com/ProductImageCompressAll300/V0F3_1_201905191798296115.jpg
2,1TS-001A-00J66,Computer Systems,Laptops / Notebooks,11,ASUS,"ASUS TUF TUF705DU-PB74 Gaming and Entertainment Laptop (AMD Ryzen 7 3750H 4-Core, 32GB RAM, 2TB  PCIe SSD + 1TB  HDD , 17.3"" Full HD (1920x1080), NVIDIA GTX 1660 Ti, Wifi, Bluetooth, Win 10 Pro)",Free Expedited Shipping,2262.49,0.0,https://www.newegg.com/p/1TS-001A-00J66?Item=9SIA7AB9B78426,//c1.neweggimages.com/ProductImageCompressAll300/V0F3_1_201905191798296115.jpg
3,1TS-001A-00J72,Computer Systems,Laptops / Notebooks,11,ASUS,"ASUS TUF TUF705DU-PB74 Gaming and Entertainment Laptop (AMD Ryzen 7 3750H 4-Core, 64GB RAM, 2TB  PCIe SSD + 1TB  HDD , 17.3"" Full HD (1920x1080), NVIDIA GTX 1660 Ti, Wifi, Bluetooth, Win 10 Pro)",Free Expedited Shipping,2462.49,0.0,https://www.newegg.com/p/1TS-001A-00J72?Item=9SIA7AB9B78432,//c1.neweggimages.com/ProductImageCompressAll300/V0F3_1_201905191798296115.jpg
4,1TS-001A-00J70,Computer Systems,Laptops / Notebooks,11,ASUS,"ASUS TUF TUF705DU-PB74 Gaming and Entertainment Laptop (AMD Ryzen 7 3750H 4-Core, 64GB RAM, 1TB  PCIe SSD + 1TB  HDD , 17.3"" Full HD (1920x1080), NVIDIA GTX 1660 Ti, Wifi, Bluetooth, Win 10 Pro)",Free Expedited Shipping,2711.99,0.0,https://www.newegg.com/p/1TS-001A-00J70?Item=9SIA7AB9B78430,//c1.neweggimages.com/ProductImageCompressAll300/V0F3_1_201905191798296115.jpg
5,1TS-001A-00J49,Computer Systems,Laptops / Notebooks,11,ASUS,"ASUS TUF TUF705DU-PB74 Gaming and Entertainment Laptop (AMD Ryzen 7 3750H 4-Core, 32GB RAM, 2TB  PCIe SSD, 17.3"" Full HD (1920x1080), NVIDIA GTX 1660 Ti, Wifi, Bluetooth, Webcam, Win 10 Pro)",Free Expedited Shipping,2639.99,0.0,https://www.newegg.com/p/1TS-001A-00J49?Item=9SIA7AB9B78409,//c1.neweggimages.com/ProductImageCompressAll300/V0F3_1_201905191798296115.jpg
6,1TS-001A-00J55,Computer Systems,Laptops / Notebooks,11,ASUS,"ASUS TUF TUF705DU-PB74 Gaming and Entertainment Laptop (AMD Ryzen 7 3750H 4-Core, 64GB RAM, 2TB  PCIe SSD, 17.3"" Full HD (1920x1080), NVIDIA GTX 1660 Ti, Wifi, Bluetooth, Webcam, Win 10 Pro)",Free Expedited Shipping,2879.99,0.0,https://www.newegg.com/p/1TS-001A-00J55?Item=9SIA7AB9B78415,//c1.neweggimages.com/ProductImageCompressAll300/V0F3_1_201905191798296115.jpg
7,1TS-001A-00J78,Computer Systems,Laptops / Notebooks,11,ASUS,"ASUS TUF TUF705DU-PB74 Gaming and Entertainment Laptop (AMD Ryzen 7 3750H 4-Core, 64GB RAM, 2TB  PCIe SSD + 1TB  HDD , 17.3"" Full HD (1920x1080), NVIDIA GTX 1660 Ti, Wifi, Bluetooth, Win 10 Home)",Free Expedited Shipping,2312.49,0.0,https://www.newegg.com/p/1TS-001A-00J78?Item=9SIA7AB9B78438,//c1.neweggimages.com/ProductImageCompressAll300/V0F3_1_201905191798296115.jpg
8,1TS-001A-00J88,Computer Systems,Laptops / Notebooks,11,ASUS,"ASUS TUF TUF705DU-PB74 Gaming and Entertainment Laptop (AMD Ryzen 7 3750H 4-Core, 32GB RAM, 512GB  PCIe SSD, 17.3"" Full HD (1920x1080), NVIDIA GTX 1660 Ti, Wifi, Bluetooth, Webcam, Win 10 Home)",Free Expedited Shipping,1859.99,0.0,https://www.newegg.com/p/1TS-001A-00J88?Item=9SIA7AB9B78448,//c1.neweggimages.com/ProductImageCompressAll300/V0F3_1_201905191798296115.jpg
9,1TS-001A-00J96,Computer Systems,Laptops / Notebooks,11,ASUS,"ASUS TUF TUF705DU-PB74 Gaming and Entertainment Laptop (AMD Ryzen 7 3750H 4-Core, 32GB RAM, 2TB  PCIe SSD + 2TB  HDD , 17.3"" Full HD (1920x1080), NVIDIA GTX 1660 Ti, Wifi, Bluetooth, Win 10 Home)",Free Expedited Shipping,2152.49,0.0,https://www.newegg.com/p/1TS-001A-00J96?Item=9SIA7AB9B78457,//c1.neweggimages.com/ProductImageCompressAll300/V0F3_1_201905191798296115.jpg
10,1TS-001A-00J89,Computer Systems,Laptops / Notebooks,11,ASUS,"ASUS TUF TUF705DU-PB74 Gaming and Entertainment Laptop (AMD Ryzen 7 3750H 4-Core, 32GB RAM, 512GB  PCIe SSD + 1TB  HDD , 17.3"" Full HD (1920x1080), NVIDIA GTX 1660 Ti, Wifi, Bluetooth, Win 10 Home)",Free Expedited Shipping,1931.99,0.0,https://www.newegg.com/p/1TS-001A-00J89?Item=9SIA7AB9B78449,//c1.neweggimages.com/ProductImageCompressAll300/V0F3_1_201905191798296115.jpg
11,1TS-001A-00J69,Computer Systems,Laptops / Notebooks,11,ASUS,"ASUS TUF TUF705DU-PB74 Gaming and Entertainment Laptop (AMD Ryzen 7 3750H 4-Core, 64GB RAM, 512GB  PCIe SSD + 2TB  HDD , 17.3"" Full HD (1920x1080), NVIDIA GTX 1660 Ti, Wifi, Bluetooth, Win 10 Pro)",Free Expedited Shipping,2002.49,0.0,https://www.newegg.com/p/1TS-001A-00J69?Item=9SIA7AB9B78429,//c1.neweggimages.com/ProductImageCompressAll300/V0F3_1_201905191798296115.jpg
12,1TS-001A-00J68,Computer Systems,Laptops / Notebooks,11,ASUS,"ASUS TUF TUF705DU-PB74 Gaming and Entertainment Laptop (AMD Ryzen 7 3750H 4-Core, 64GB RAM, 512GB  PCIe SSD + 1TB  HDD , 17.3"" Full HD (1920x1080), NVIDIA GTX 1660 Ti, Wifi, Bluetooth, Win 10 Pro)",Free Expedited Shipping,2351.99,0.0,https://www.newegg.com/p/1TS-001A-00J68?Item=9SIA7AB9B78428,//c1.neweggimages.com/ProductImageCompressAll300/V0F3_1_201905191798296115.jpg
13,1TS-001A-00J90,Computer Systems,Laptops / Notebooks,11,ASUS,"ASUS TUF TUF705DU-PB74 Gaming and Entertainment Laptop (AMD Ryzen 7 3750H 4-Core, 32GB RAM, 512GB  PCIe SSD + 2TB  HDD , 17.3"" Full HD (1920x1080), NVIDIA GTX 1660 Ti, Wifi, Bluetooth, Win 10 Home)",Free Expedited Shipping,1652.49,0.0,https://www.newegg.com/p/1TS-001A-00J90?Item=9SIA7AB9B78450,//c1.neweggimages.com/ProductImageCompressAll300/V0F3_1_201905191798296115.jpg
14,1TS-001A-00J57,Computer Systems,Laptops / Notebooks,11,ASUS,"ASUS TUF TUF705DU-PB74 Gaming and Entertainment Laptop (AMD Ryzen 7 3750H 4-Core, 16GB RAM, 512GB  PCIe SSD + 2TB  HDD , 17.3"" Full HD (1920x1080), NVIDIA GTX 1660 Ti, Wifi, Bluetooth, Win 10 Pro)",Free Expedited Shipping,1602.49,0.0,https://www.newegg.com/p/1TS-001A-00J57?Item=9SIA7AB9B78417,//c1.neweggimages.com/ProductImageCompressAll300/V0F3_1_201905191798296115.jpg
15,1TS-001A-00J52,Computer Systems,Laptops / Notebooks,11,ASUS,"ASUS TUF TUF705DU-PB74 Gaming and Entertainment Laptop (AMD Ryzen 7 3750H 4-Core, 64GB RAM, 2TB  PCIe SSD, 17.3"" Full HD (1920x1080), NVIDIA GTX 1660 Ti, Wifi, Bluetooth, Webcam, Win 10 Home)",Free Expedited Shipping,2699.99,0.0,https://www.newegg.com/p/1TS-001A-00J52?Item=9SIA7AB9B78412,//c1.neweggimages.com/ProductImageCompressAll300/V0F3_1_201905191798296115.jpg
16,1TS-000D-03R63,Computer Systems,Laptops / Notebooks,11,HP,"HP ENVY 2-IN-1 15.6"" TOUCH-SCREEN LAPTOP 15M-CP0011DX- AMD RYZEN 5 - 8GB MEMORY - AMD RADEON RX VEGA 8 - 128GB SOLID STATE DRIVE","Limited time offer, ends 04/30",649.99,0.0,https://www.newegg.com/p/1TS-000D-03R63?Item=9SIAGHS9325399,//c1.neweggimages.com/NeweggImage/ProductImageCompressAll300/AGHS_131981525847849759YNWqe2kOqp.jpg
17,1TS-0016-00NN5,Computer Systems,Laptops / Notebooks,11,MSI,"MSI ALPHA 15 A3DD-003 Gaming and Business Laptop (AMD Ryzen 7 3750H 4-Core, 32GB RAM, 2TB PCIe SSD, 15.6"" Full HD (1920x1080), AMD Radeon RX5500M, Wifi, Bluetooth, Webcam, 3xUSB 3.2, Win 10 Home)",,2218.80,0.0,https://www.newegg.com/p/1TS-0016-00NN5?Item=9SIA7ABAGD8945,//c1.neweggimages.com/ProductImageCompressAll300/A7AB_1_20191104190185842.jpg
18,1TS-0016-00NM4,Computer Systems,Laptops / Notebooks,11,MSI,"MSI ALPHA 15 A3DD-003 Gaming and Business Laptop (AMD Ryzen 7 3750H 4-Core, 16GB RAM, 512GB PCIe SSD + 1TB  HDD, 15.6"" Full HD (1920x1080), AMD Radeon RX5500M, Wifi, Bluetooth, Webcam, Win 10 Pro)",,1630.80,0.0,https://www.newegg.com/p/1TS-0016-00NM4?Item=9SIA7ABAGD8934,//c1.neweggimages.com/ProductImageCompressAll300/A7AB_1_20191104190185842.jpg
19,1TS-0016-00NP9,Computer Systems,Laptops / Notebooks,11,MSI,"MSI ALPHA 15 A3DD-003 Gaming and Business Laptop (AMD Ryzen 7 3750H 4-Core, 16GB RAM, 512GB PCIe SSD + 1TB  HDD, 15.6"" Full HD (1920x1080), AMD Radeon RX5500M, Wifi, Bluetooth, Webcam, Win 10 Home)",,1450.80,0.0,https://www.newegg.com/p/1TS-0016-00NP9?Item=9SIA7ABAGD8959,//c1.neweggimages.com/ProductImageCompressAll300/A7AB_1_20191104190185842.jpg
20,1TS-0016-00NM7,Computer Systems,Laptops / Notebooks,11,MSI,"MSI ALPHA 15 A3DD-003 Gaming and Business Laptop (AMD Ryzen 7 3750H 4-Core, 64GB RAM, 512GB PCIe SSD + 2TB  HDD, 15.6"" Full HD (1920x1080), AMD Radeon RX5500M, Wifi, Bluetooth, Webcam, Win 10 Pro)",,2158.80,0.0,https://www.newegg.com/p/1TS-0016-00NM7?Item=9SIA7ABAGD8937,//c1.neweggimages.com/ProductImageCompressAll300/A7AB_1_20191104190185842.jpg
21,1TS-0016-00NS1,Computer Systems,Laptops / Notebooks,11,MSI,"MSI ALPHA 15 A3DD-003 Gaming and Business Laptop (AMD Ryzen 7 3750H 4-Core, 64GB RAM, 1TB PCIe SSD + 2TB  HDD, 15.6"" Full HD (1920x1080), AMD Radeon RX5500M, Wifi, Bluetooth, Webcam, Win 10 Home)",,2338.80,0.0,https://www.newegg.com/p/1TS-0016-00NS1?Item=9SIA7ABAGD8971,//c1.neweggimages.com/ProductImageCompressAll300/A7AB_1_20191104190185842.jpg
22,1TS-0016-00NP7,Computer Systems,Laptops / Notebooks,11,MSI,"MSI ALPHA 15 A3DD-003 Gaming and Business Laptop (AMD Ryzen 7 3750H 4-Core, 64GB RAM, 512GB PCIe SSD + 1TB  HDD, 15.6"" Full HD (1920x1080), AMD Radeon RX5500M, Wifi, Bluetooth, Webcam, Win 10 Home)",,1930.80,0.0,https://www.newegg.com/p/1TS-0016-00NP7?Item=9SIA7ABAGD8957,//c1.neweggimages.com/ProductImageCompressAll300/A7AB_1_20191104190185842.jpg
23,1TS-0016-00NS3,Computer Systems,Laptops / Notebooks,11,MSI,"MSI ALPHA 15 A3DD-003 Gaming and Business Laptop (AMD Ryzen 7 3750H 4-Core, 32GB RAM, 2TB PCIe SSD + 1TB  HDD, 15.6"" Full HD (1920x1080), AMD Radeon RX5500M, Wifi, Bluetooth, Webcam, Win 10 Home)",,2290.80,0.0,https://www.newegg.com/p/1TS-0016-00NS3?Item=9SIA7ABAGD8973,//c1.neweggimages.com/ProductImageCompressAll300/A7AB_1_20191104190185842.jpg
24,1TS-0016-00NN4,Computer Systems,Laptops / Notebooks,11,MSI,"MSI ALPHA 15 A3DD-003 Gaming and Business Laptop (AMD Ryzen 7 3750H 4-Core, 16GB RAM, 1TB PCIe SSD + 2TB  HDD, 15.6"" Full HD (1920x1080), AMD Radeon RX5500M, Wifi, Bluetooth, Webcam, Win 10 Pro)",,2038.80,0.0,https://www.newegg.com/p/1TS-0016-00NN4?Item=9SIA7ABAGD8944,//c1.neweggimages.com/ProductImageCompressAll300/A7AB_1_20191104190185842.jpg
25,1TS-0016-00NM6,Computer Systems,Laptops / Notebooks,11,MSI,"MSI ALPHA 15 A3DD-003 Gaming and Business Laptop (AMD Ryzen 7 3750H 4-Core, 32GB RAM, 512GB PCIe SSD + 2TB  HDD, 15.6"" Full HD (1920x1080), AMD Radeon RX5500M, Wifi, Bluetooth, Webcam, Win 10 Pro)",,1918.80,0.0,https://www.newegg.com/p/1TS-0016-00NM6?Item=9SIA7ABAGD8936,//c1.neweggimages.com/ProductImageCompressAll300/A7AB_1_20191104190185842.jpg
26,1TS-0016-00NN0,Computer Systems,Laptops / Notebooks,11,MSI,"MSI ALPHA 15 A3DD-003 Gaming and Business Laptop (AMD Ryzen 7 3750H 4-Core, 32GB RAM, 1TB PCIe SSD + 1TB  HDD, 15.6"" Full HD (1920x1080), AMD Radeon RX5500M, Wifi, Bluetooth, Webcam, Win 10 Pro)",,2230.80,0.0,https://www.newegg.com/p/1TS-0016-00NN0?Item=9SIA7ABAGD8940,//c1.neweggimages.com/ProductImageCompressAll300/A7AB_1_20191104190185842.jpg
27,1TS-0016-00NM3,Computer Systems,Laptops / Notebooks,11,MSI,"MSI ALPHA 15 A3DD-003 Gaming and Business Laptop (AMD Ryzen 7 3750H 4-Core, 64GB RAM, 512GB PCIe SSD + 1TB  HDD, 15.6"" Full HD (1920x1080), AMD Radeon RX5500M, Wifi, Bluetooth, Webcam, Win 10 Pro)",,2110.80,0.0,https://www.newegg.com/p/1TS-0016-00NM3?Item=9SIA7ABAGD8933,//c1.neweggimages.com/ProductImageCompressAll300/A7AB_1_20191104190185842.jpg
28,1TS-0016-00NP2,Computer Systems,Laptops / Notebooks,11,MSI,"MSI ALPHA 15 A3DD-003 Gaming and Business Laptop (AMD Ryzen 7 3750H 4-Core, 64GB RAM, 2TB PCIe SSD, 15.6"" Full HD (1920x1080), AMD Radeon RX5500M, Wifi, Bluetooth, Webcam, 3xUSB 3.2, Win 10 Home)",,2458.80,0.0,https://www.newegg.com/p/1TS-0016-00NP2?Item=9SIA7ABAGD8952,//c1.neweggimages.com/ProductImageCompressAll300/A7AB_1_20191104190185842.jpg
29,1TS-0016-00NN1,Computer Systems,Laptops / Notebooks,11,MSI,"MSI ALPHA 15 A3DD-003 Gaming and Business Laptop (AMD Ryzen 7 3750H 4-Core, 16GB RAM, 1TB PCIe SSD + 1TB  HDD, 15.6"" Full HD (1920x1080), AMD Radeon RX5500M, Wifi, Bluetooth, Webcam, Win 10 Pro)",,1990.80,0.0,https://www.newegg.com/p/1TS-0016-00NN1?Item=9SIA7ABAGD8941,//c1.neweggimages.com/ProductImageCompressAll300/A7AB_1_20191104190185842.jpg
30,1TS-0016-00NP0,Computer Systems,Laptops / Notebooks,11,MSI,"MSI ALPHA 15 A3DD-003 Gaming and Business Laptop (AMD Ryzen 7 3750H 4-Core, 64GB RAM, 2TB PCIe SSD + 1TB  HDD, 15.6"" Full HD (1920x1080), AMD Radeon RX5500M, Wifi, Bluetooth, Webcam, Win 10 Pro)",,2710.80,0.0,https://www.newegg.com/p/1TS-0016-00NP0?Item=9SIA7ABAGD8950,//c1.neweggimages.com/ProductImageCompressAll300/A7AB_1_20191104190185842.jpg
31,1TS-0016-00NS5,Computer Systems,Laptops / Notebooks,11,MSI,"MSI ALPHA 15 A3DD-003 Gaming and Business Laptop (AMD Ryzen 7 3750H 4-Core, 64GB RAM, 2TB PCIe SSD + 1TB  HDD, 15.6"" Full HD (1920x1080), AMD Radeon RX5500M, Wifi, Bluetooth, Webcam, Win 10 Home)",,2530.80,0.0,https://www.newegg.com/p/1TS-0016-00NS5?Item=9SIA7ABAGD8975,//c1.neweggimages.com/ProductImageCompressAll300/A7AB_1_20191104190185842.jpg
32,1TS-0016-00NS0,Computer Systems,Laptops / Notebooks,11,MSI,"MSI ALPHA 15 A3DD-003 Gaming and Business Laptop (AMD Ryzen 7 3750H 4-Core, 16GB RAM, 1TB PCIe SSD + 2TB  HDD, 15.6"" Full HD (1920x1080), AMD Radeon RX5500M, Wifi, Bluetooth, Webcam, Win 10 Home)",,1858.80,0.0,https://www.newegg.com/p/1TS-0016-00NS0?Item=9SIA7ABAGD8970,//c1.neweggimages.com/ProductImageCompressAll300/A7AB_1_20191104190185842.jpg
33,1TS-0016-00NP4,Computer Systems,Laptops / Notebooks,11,MSI,"MSI ALPHA 15 A3DD-003 Gaming and Business Laptop (AMD Ryzen 7 3750H 4-Core, 32GB RAM, 2TB PCIe SSD + 2TB  HDD, 15.6"" Full HD (1920x1080), AMD Radeon RX5500M, Wifi, Bluetooth, Webcam, Win 10 Pro)",,2518.80,0.0,https://www.newegg.com/p/1TS-0016-00NP4?Item=9SIA7ABAGD8954,//c1.neweggimages.com/ProductImageCompressAll300/A7AB_1_20191104190185842.jpg
34,1TS-0016-00NS9,Computer Systems,Laptops / Notebooks,11,MSI,"MSI ALPHA 15 A3DD-003 Gaming and Business Laptop (AMD Ryzen 7 3750H 4-Core, 64GB RAM, 2TB PCIe SSD + 2TB  HDD, 15.6"" Full HD (1920x1080), AMD Radeon RX5500M, Wifi, Bluetooth, Webcam, Win 10 Home)",,2578.80,0.0,https://www.newegg.com/p/1TS-0016-00NS9?Item=9SIA7ABAGD8979,//c1.neweggimages.com/ProductImageCompressAll300/A7AB_1_20191104190185842.jpg
35,1TS-0016-00NS8,Computer Systems,Laptops / Notebooks,11,MSI,"MSI ALPHA 15 A3DD-003 Gaming and Business Laptop (AMD Ryzen 7 3750H 4-Core, 32GB RAM, 2TB PCIe SSD + 2TB  HDD, 15.6"" Full HD (1920x1080), AMD Radeon RX5500M, Wifi, Bluetooth, Webcam, Win 10 Home)",,2338.80,0.0,https://www.newegg.com/p/1TS-0016-00NS8?Item=9SIA7ABAGD8978,//c1.neweggimages.com/ProductImageCompressAll300/A7AB_1_20191104190185842.jpg
