,item_number,general_category,product_category,page_number,brand,model_specifications,current_promotions,price,shipping,product_links,image_link
0,N82E16834844475,Computer Systems,Laptops / Notebooks,7,DELL,"Dell Latitude 5000 5400 14"" Notebook - 1920 x 1080 - Core i7 i7-8665U - 8 GB RAM - 256 GB SSD",,1636.96,18.50,https://www.newegg.com/dell-latitude-5400/p/N82E16834844475?Item=9SIAMG8ANM8087,//c1.neweggimages.com/ProductImageCompressAll300/A24G_1_201905182120709475.jpg
1,1TS-002F-00338,Computer Systems,Laptops / Notebooks,7,GIGABYTE,"GIGABYTE Aorus 5 Notebook, 15.6"" FHD Display, Intel Core i7-9750H Upto 4.5GHz, 8GB RAM, 256GB NVMe SSD, NVIDIA GeForce GTX 1650, HDMI, Card Reader, Wi-Fi, Bluetooth, Windows 10 Home",Free Expedited Shipping,1209.99,0.0,https://www.newegg.com/charcoal-gray-gigabyte-aorus-5/p/1TS-002F-00338?Item=9SIAEYAAFY8904,//c1.neweggimages.com/ProductImageCompressAll300/V1VV_1_20191030232156603.jpg
2,1TS-002J-000C1,Computer Systems,Laptops / Notebooks,7,LG,"LG gram 15.6"" IPS Full HD Touchscreen Notebook Computer, Intel Core i7-8565U 1.80GHz, 16GB RAM, 256GB SSD, Windows 10 Home, Dark Silver",,1646.99,0.0,https://www.newegg.com/p/1TS-002J-000C1?Item=9SIA4P09A81658,//c1.neweggimages.com/NeweggImage/ProductImageCompressAll300/A4P0_1320352653390813769H27df284f.jpg
3,,Computer Systems,Laptops / Notebooks,7,Lenovo,"Lenovo Legion Y7000P Notebook, 15.6"" FHD Display, Intel Core i7-8750H Upto 4.1GHz, 8GB RAM, 256GB NVMe SSD, NVIDIA GeForce GTX 1060, HDMI, Mini DisplayPort, Wi-Fi, Bluetooth, Windows 10 Pro",Free Expedited Shipping,1735.49,0.0,https://www.newegg.com/steel-gray-lenovo-legion-y7000p/p/1TS-000E-0FD56?Item=9SIAA0SAKB3862,//c1.neweggimages.com/ProductImageCompressAll300/AA0S_1_201911181805341837.jpg
4,1TS-000A-038G1,Computer Systems,Laptops / Notebooks,7,DELL,"Dell G Series 15.6"" IPS Full HD Laptop, Intel 6-Core i7-8750H Upto 4.10GHz, 16GB DDR4, 128GB SSD, NVIDIA GeForce GTX 1060 Max Q 6GB, Thunderbolt 3, HDMI, Card Reader, Windows 10 Home",Free Expedited Shipping,1229.98,0.0,https://www.newegg.com/black-dell-g-series-7588-gaming-entertainment/p/1TS-000A-038G1?Item=9SIAEYA7YU2419,//c1.neweggimages.com/NeweggImage/ProductImageCompressAll300/AA0S_1_201904031317845281.jpg
5,1TS-000E-0DF15,Computer Systems,Laptops / Notebooks,7,Lenovo,"Lenovo Legion Y530 Gaming Laptop, 15.6"" FHD Display, Intel 6-Core i7-8750H Upto 4.1GHz, 16GB RAM, 128GB NVMe SSD + 1TB HDD, GTX 1050Ti 4GB, HDMI, MiniDP, Backlit Keys, Wi-Fi, Bluetooth, Windows 10 Pro",Free Expedited Shipping,1129.99,0.0,https://www.newegg.com/black-lenovo-legion-y530/p/1TS-000E-0DF15?Item=9SIAA0S97C2643,//c1.neweggimages.com/ProductImageCompressAll300/AA0S_1_20190507322613500.jpg
6,1TS-000A-06H37,Computer Systems,Laptops / Notebooks,7,DELL,"Dell G7 Notebook, 15.6"" FHD Display, Intel Core i7-8750H Upto 4.1GHz, 8GB RAM, 128GB SSD + 1TB HDD, NVIDIA GeForce GTX 1060, HDMI, Thunderbolt, Card Reader, Wi-Fi, Bluetooth, Windows 10 Pro",Free Expedited Shipping,1079.99,0.0,https://www.newegg.com/black-dell-g7/p/1TS-000A-06H37?Item=9SIAA0SAD54158,//c1.neweggimages.com/ProductImageCompressAll300/AA0S_1_201910111240652179.jpg
7,,Computer Systems,Laptops / Notebooks,7,Lenovo,"Lenovo Legion Y7000P Notebook, 15.6"" FHD Display, Intel Core i7-8750H Upto 4.1GHz, 8GB RAM, 256GB NVMe SSD + 1TB HDD, NVIDIA GeForce GTX 1060, HDMI, Mini DisplayPort, Wi-Fi, Bluetooth, Windows 10 Pro",Free Expedited Shipping,1774.49,0.0,https://www.newegg.com/steel-gray-lenovo-legion-y7000p/p/1TS-000E-0FD51?Item=9SIAA0SAKB3857,//c1.neweggimages.com/ProductImageCompressAll300/AA0S_1_201911182120486444.jpg
8,,Computer Systems,Laptops / Notebooks,7,Lenovo,"Lenovo Legion Y7000P Notebook, 15.6"" FHD Display, Intel Core i7-8750H Upto 4.1GHz, 8GB RAM, 256GB NVMe SSD + 1TB HDD, NVIDIA GeForce GTX 1060, HDMI, Mini DisplayPort, Wi-Fi, Bluetooth, Windows 10 Home",Free Expedited Shipping,1748.49,0.0,https://www.newegg.com/steel-gray-lenovo-legion-y7000p/p/1TS-000E-0FD72?Item=9SIAEYAAKB4161,//c1.neweggimages.com/ProductImageCompressAll300/AEYA_1_20191118169381229.jpg
9,,Computer Systems,Laptops / Notebooks,7,Lenovo,"Lenovo Legion Y7000P Notebook, 15.6"" FHD Display, Intel Core i7-8750H Upto 4.1GHz, 8GB RAM, 128GB NVMe SSD, NVIDIA GeForce GTX 1060, HDMI, Mini DisplayPort, Wi-Fi, Bluetooth, Windows 10 Pro",Free Expedited Shipping,1702.99,0.0,https://www.newegg.com/steel-gray-lenovo-legion-y7000p/p/1TS-000E-0FD38?Item=9SIAA0SAKB3845,//c1.neweggimages.com/ProductImageCompressAll300/AA0S_1_201911182097966328.jpg
10,1TS-000A-03V50,Computer Systems,Laptops / Notebooks,7,DELL,"Dell Alienware 15 R4 15.6"" IPS FHD Gaming Notebook, Intel 6-Core i7-8750H Upto 4.1GHz, 8GB DDR4, 256GB NVMe SSD, NVIDIA GeForce GTX 1060 6GB, ThunderBolt, Mini DisplayPort, Windows 10 Home",Free Expedited Shipping,1239.99,0.0,https://www.newegg.com/silver-dell-alienware-15-r4-gaming-notebook/p/1TS-000A-03V50?Item=9SIAA0S8H36790,//c1.neweggimages.com/ProductImageCompressAll300/AA0S_1_20181203621188024.jpg
11,1TS-000A-06H45,Computer Systems,Laptops / Notebooks,7,DELL,"Dell G7 Notebook, 15.6"" FHD Display, Intel Core i7-8750H Upto 4.1GHz, 16GB RAM, 128GB SSD + 1TB HDD, NVIDIA GeForce GTX 1060, HDMI, Thunderbolt, Card Reader, Wi-Fi, Bluetooth, Windows 10 Home",Free Expedited Shipping,1099.99,0.0,https://www.newegg.com/black-dell-g7/p/1TS-000A-06H45?Item=9SIAEYAAD56717,//c1.neweggimages.com/ProductImageCompressAll300/AEYA_1_201910112085246420.jpg
12,1TS-000E-08537,Computer Systems,Laptops / Notebooks,7,Lenovo,"Lenovo Yoga 910 2-in-1 14"" FHD IPS Touch-Screen Ultrabook, Intel Core i7-7500U, 8GB DDR4 RAM, 256GB SSD, HDMI, Bluetooth, 802.11ac, Fingerprint Reader, Backlit Keyboard, No DVD -Windows10",,1093.42,0.0,https://www.newegg.com/p/1TS-000E-08537?Item=9SIA17P7JU4817,//c1.neweggimages.com/NeweggImage/ProductImageCompressAll300/V0SF_131643283048163469atdKr4NT9d.jpg
13,1TS-000E-0DZ46,Computer Systems,Laptops / Notebooks,7,Lenovo,"Lenovo S145-15IWL Home and Business Laptop (Intel i7-8565U 4-Core, 20GB RAM, 256GB  SATA SSD, 15.6"" Full HD (1920x1080), Intel UHD 620, Wifi, Bluetooth, Webcam, 2xUSB 3.0, 1xHDMI, Win 10 Home)",,1209.99,0.0,https://www.newegg.com/p/1TS-000E-0DZ46?Item=9SIA8TKAHT6942,//c1.neweggimages.com/NeweggImage/ProductImageCompressAll300/V0F3_1_201907041140460628.jpg
14,1TS-000A-07166,Computer Systems,Laptops / Notebooks,7,DELL,"Alienware 15 R4 Hexa-Core Premium Gaming Laptop, 8th Gen Intel Core i7 Processor, 15.6'' FHD 60Hz IPS Display, 8GB DDR4 256GB PCIe SSD, HDMI WiFi BT 5.0 6G GTX 1060 Thunderbolt Backlit KB Win 10",,1099.00,0.0,https://www.newegg.com/p/1TS-000A-07166?Item=9SIADRFAM96929,//c1.neweggimages.com/ProductImageCompressAll300/ADRF_1_201911211029648062.jpg
15,1TS-002F-00319,Computer Systems,Laptops / Notebooks,7,GIGABYTE,"GIGABYTE Aorus 5 Notebook, 15.6"" FHD Display, Intel Core i7-9750H Upto 4.5GHz, 8GB RAM, 128GB NVMe SSD, NVIDIA GeForce GTX 1650, HDMI, Card Reader, Wi-Fi, Bluetooth, Windows 10 Home",Free Expedited Shipping,1189.99,0.0,https://www.newegg.com/charcoal-gray-gigabyte-aorus-5/p/1TS-002F-00319?Item=9SIAEYAAFY8885,//c1.neweggimages.com/ProductImageCompressAll300/AEYA_1_20191030949904780.jpg
16,1TS-000E-0F1Z9,Computer Systems,Laptops / Notebooks,7,Lenovo,"Lenovo ThinkPad E490 Notebook, 14"" FHD Display, Intel Core i7-8565U Upto 4.6GHz, 8GB RAM, 128GB NVMe SSD + 1TB HDD, HDMI, Card Reader, Wi-Fi, Bluetooth, Windows 10 Pro",Free Expedited Shipping,1199.99,0.0,https://www.newegg.com/black-lenovo-thinkpad-e490/p/1TS-000E-0F1Z9?Item=9SIAA0SAC78957,//c1.neweggimages.com/ProductImageCompressAll300/AA0S_1_20191004747888028.jpg
17,1TS-000A-03V45,Computer Systems,Laptops / Notebooks,7,DELL,"Dell Alienware 15 R4 15.6"" IPS FHD Gaming Notebook, Intel 6-Core i7-8750H Upto 4.1GHz, 8GB DDR4, 256GB NVMe SSD + 1TB HDD, NVIDIA GeForce GTX 1060 6GB, ThunderBolt, Mini DisplayPort, Windows 10 Home",Free Expedited Shipping,1539.99,0.0,https://www.newegg.com/silver-dell-alienware-15-r4-gaming-notebook/p/1TS-000A-03V45?Item=9SIAEYA8H36785,//c1.neweggimages.com/ProductImageCompressAll300/AEYA_1_201812031618970943.jpg
18,1TS-000D-067U6,Computer Systems,Laptops / Notebooks,7,HP,"HP ENVY x360 Home and Business Laptop (Intel i7-8565U 4-Core, 8GB RAM, 256GB  SATA SSD, 15.6"" Touch  4K UHD (3840x2160), NVIDIA GeForce MX150, Fingerprint, Wifi, Bluetooth, Webcam, Win 10 Pro)",,1678.80,0.0,https://www.newegg.com/p/1TS-000D-067U6?Item=9SIA7ABA2S2499,//c1.neweggimages.com/ProductImageCompressAll300/V0F3_1_2019091327061973.jpg
19,1TS-000A-045S8,Computer Systems,Laptops / Notebooks,7,DELL,"Alienware 15 R3 Gaming Notebook, 15.6"" IPS FHD, Intel Quad-Core i7-7700HQ Upto 3.8GHz, 32GB RAM, 256GB SSD, GeForce GTX 1070 8GB, HDMI, MiniDP, Wi-Fi, Bluetooth, Windows 10 Home",Free Expedited Shipping,1621.62,0.0,https://www.newegg.com/silver-alienware-15-r3-gaming-notebook/p/1TS-000A-045S8?Item=9SIAEYA8U33496,//c1.neweggimages.com/ProductImageCompressAll300/AEYA_1_20190226903101215.jpg
20,1TS-000A-045T2,Computer Systems,Laptops / Notebooks,7,DELL,"Alienware 15 R3 Gaming Notebook, 15.6"" IPS FHD, Intel Quad-Core i7-7700HQ Upto 3.8GHz, 8GB RAM, 128GB SSD + 1TB HDD, GeForce GTX 1070 8GB, HDMI, MiniDP, Wi-Fi, Bluetooth, Windows 10 Home",Free Expedited Shipping,1553.04,0.0,https://www.newegg.com/silver-alienware-15-r3-gaming-notebook/p/1TS-000A-045T2?Item=9SIAEYA8U33505,//c1.neweggimages.com/ProductImageCompressAll300/AEYA_1_201902262075009161.jpg
21,1TS-000A-045P5,Computer Systems,Laptops / Notebooks,7,DELL,"Alienware 15 R3 Gaming Notebook, 15.6"" IPS FHD, Intel Quad-Core i7-7700HQ Upto 3.8GHz, 32GB RAM, 128GB SSD + 1TB HDD, GeForce GTX 1070 8GB, HDMI, MiniDP, Wi-Fi, Bluetooth, Windows 10 Pro",Free Expedited Shipping,1643.76,0.0,https://www.newegg.com/silver-alienware-15-r3-gaming-notebook/p/1TS-000A-045P5?Item=9SIAA0S8U32193,//c1.neweggimages.com/ProductImageCompressAll300/A9YN_1_201902261236913719.jpg
22,1TS-000A-045S0,Computer Systems,Laptops / Notebooks,7,DELL,"Alienware 15 R3 Gaming Notebook, 15.6"" IPS FHD, Intel Quad-Core i7-7700HQ Upto 3.8GHz, 16GB RAM, 256GB SSD + 1TB HDD, GeForce GTX 1070 8GB, HDMI, MiniDP, Wi-Fi, Bluetooth, Windows 10 Home",Free Expedited Shipping,1593.00,0.0,https://www.newegg.com/silver-alienware-15-r3-gaming-notebook/p/1TS-000A-045S0?Item=9SIAEYA8U33476,//c1.neweggimages.com/ProductImageCompressAll300/AEYA_1_201902261905930644.jpg
23,1TS-000A-045N8,Computer Systems,Laptops / Notebooks,7,DELL,"Alienware 15 R3 Gaming Notebook, 15.6"" IPS FHD, Intel Quad-Core i7-7700HQ Upto 3.8GHz, 16GB RAM, 128GB SSD + 1TB HDD, GeForce GTX 1070 8GB, HDMI, MiniDP, Wi-Fi, Bluetooth, Windows 10 Pro",Free Expedited Shipping,1589.76,0.0,https://www.newegg.com/silver-alienware-15-r3-gaming-notebook/p/1TS-000A-045N8?Item=9SIAA0S8U32179,//c1.neweggimages.com/ProductImageCompressAll300/AA0S_1_201902261245332976.jpg
24,1TS-000A-045R5,Computer Systems,Laptops / Notebooks,7,DELL,"Alienware 15 R3 Gaming Notebook, 15.6"" IPS FHD, Intel Quad-Core i7-7700HQ Upto 3.8GHz, 8GB RAM, 256GB SSD, GeForce GTX 1070 8GB, HDMI, MiniDP, Wi-Fi, Bluetooth, Windows 10 Pro",Free Expedited Shipping,1543.86,0.0,https://www.newegg.com/silver-alienware-15-r3-gaming-notebook/p/1TS-000A-045R5?Item=9SIAA0S8U32214,//c1.neweggimages.com/ProductImageCompressAll300/AH3P_1_20190226188505568.jpg
25,1TS-000D-067W1,Computer Systems,Laptops / Notebooks,7,HP,"HP ENVY x360 Home and Business Laptop (Intel i7-8565U 4-Core, 8GB RAM, 256GB PCIe SSD, 15.6"" Touch  4K UHD (3840x2160), NVIDIA GeForce MX150, Fingerprint, Wifi, Bluetooth, Webcam, Win 10 Pro)",,1738.80,0.0,https://www.newegg.com/p/1TS-000D-067W1?Item=9SIA7ABA2S2516,//c1.neweggimages.com/ProductImageCompressAll300/V0F3_1_2019091327061973.jpg
26,1TS-000X-01EN4,Computer Systems,Laptops / Notebooks,7,Acer America,Acer Predator Helios 300 Customized Gaming Laptop | Intel Hexa Core i7-8750H | 12GB RAM 128GB SSD | Full HD IPS Display | NVIDIA GTX 1060 6GB GDDR5 | AeroBlade 3D Fan Cooling | Windows 10 Black,,1245.38,0.0,https://www.newegg.com/p/1TS-000X-01EN4?Item=9SIAJZDAG27170,//c1.neweggimages.com/ProductImageCompressAll300/AHBU_1_20190719523360128.jpg
27,1TS-000A-045P0,Computer Systems,Laptops / Notebooks,7,DELL,"Alienware 15 R3 Gaming Notebook, 15.6"" IPS FHD, Intel Quad-Core i7-7700HQ Upto 3.8GHz, 16GB RAM, 256GB SSD + 1TB HDD, GeForce GTX 1070 8GB, HDMI, MiniDP, Wi-Fi, Bluetooth, Windows 10 Pro",Free Expedited Shipping,1599.48,0.0,https://www.newegg.com/silver-alienware-15-r3-gaming-notebook/p/1TS-000A-045P0?Item=9SIAA0S8U32185,//c1.neweggimages.com/ProductImageCompressAll300/AF4V_1_20190226744415700.jpg
28,1TS-000X-01EM1,Computer Systems,Laptops / Notebooks,7,Acer America,Acer Predator Helios 300 Customized Gaming Laptop | Intel Hexa Core i7-8750H | 8GB RAM 128GB SSD | Full HD IPS Display | NVIDIA GTX 1060 6GB GDDR5 | AeroBlade 3D Fan Cooling | Windows 10 Black,,1220.72,0.0,https://www.newegg.com/p/1TS-000X-01EM1?Item=9SIAJZDAG27157,//c1.neweggimages.com/ProductImageCompressAll300/AHBU_1_20190719523360128.jpg
29,1TS-000E-0CR43,Computer Systems,Laptops / Notebooks,7,Lenovo,"Lenovo  2-in-1 15.6"" 4K UHD IPS Touch-Screen Ultrabook/ Intel Core i7-7700HQ/16GB RAM/256GB SSD/ NVIDIA GeForce GTX 1050/Thunderbolt/ Fingerprint Reader/ Backlit Keyboard /Win10 Home",,1099.99,0.0,https://www.newegg.com/p/1TS-000E-0CR43?Item=9SIAEYJ8R12967,//c1.neweggimages.com/NeweggImage/ProductImageCompressAll300/AEYJ_131921706543590320nxbX7mAXch.jpg
30,1TS-000E-0C2W0,Computer Systems,Laptops / Notebooks,7,Lenovo,"Lenovo 14"" LCD Touchscreen ThinkPad X1 Carbon 6th Gen Ultrabook 1920 x 1080 Intel Core i7 8th Gen 8550U Quad core1.80GHz 8GB LPDDR3 256GB SSD Windows 10 Pro 64-bit",,1233.99,0.0,https://www.newegg.com/p/1TS-000E-0C2W0?Item=9SIAFJ8A162570,//c1.neweggimages.com/ProductImageCompressAll300/A1K6_131885079121136075phJhBYo9qT.jpg
31,1TS-000A-045R2,Computer Systems,Laptops / Notebooks,7,DELL,"Alienware 15 R3 Gaming Notebook, 15.6"" IPS FHD, Intel Quad-Core i7-7700HQ Upto 3.8GHz, 8GB RAM, 128GB SSD + 1TB HDD, GeForce GTX 1070 8GB, HDMI, MiniDP, Wi-Fi, Bluetooth, Windows 10 Pro",Free Expedited Shipping,1559.52,0.0,https://www.newegg.com/silver-alienware-15-r3-gaming-notebook/p/1TS-000A-045R2?Item=9SIAA0S8U32207,//c1.neweggimages.com/ProductImageCompressAll300/AA0S_1_201902261698329572.jpg
32,1TS-000A-045T5,Computer Systems,Laptops / Notebooks,7,DELL,"Alienware 15 R3 Gaming Notebook, 15.6"" IPS FHD, Intel Quad-Core i7-7700HQ Upto 3.8GHz, 8GB RAM, 256GB SSD, GeForce GTX 1070 8GB, HDMI, MiniDP, Wi-Fi, Bluetooth, Windows 10 Home",Free Expedited Shipping,1537.38,0.0,https://www.newegg.com/silver-alienware-15-r3-gaming-notebook/p/1TS-000A-045T5?Item=9SIAEYA8U33513,//c1.neweggimages.com/ProductImageCompressAll300/AEYA_1_20190226314916244.jpg
33,1TS-000A-045P1,Computer Systems,Laptops / Notebooks,7,DELL,"Alienware 15 R3 Gaming Notebook, 15.6"" IPS FHD, Intel Quad-Core i7-7700HQ Upto 3.8GHz, 16GB RAM, 256GB SSD, GeForce GTX 1070 8GB, HDMI, MiniDP, Wi-Fi, Bluetooth, Windows 10 Pro",Free Expedited Shipping,1574.10,0.0,https://www.newegg.com/silver-alienware-15-r3-gaming-notebook/p/1TS-000A-045P1?Item=9SIAA0S8U32186,//c1.neweggimages.com/ProductImageCompressAll300/AA0S_1_201902261219681479.jpg
34,1TS-000D-04KX6,Computer Systems,Laptops / Notebooks,7,HP,"HP OMEN 15t Gaming and Entertainment Laptop (Intel i7-9750H 6-Core, 16GB RAM, 256GB  PCIe SSD + 1TB  HDD , 15.6"" Full HD (1920x1080), NVIDIA GTX 1660 Ti, Wifi, Bluetooth, Webcam, Win 10 Home)",,1918.80,0.0,https://www.newegg.com/p/1TS-000D-04KX6?Item=9SIA7AB9EE9712,//c1.neweggimages.com/ProductImageCompressAll300/V0F3_1_201906211419103389.jpg
35,1TS-000A-045S1,Computer Systems,Laptops / Notebooks,7,DELL,"Alienware 15 R3 Gaming Notebook, 15.6"" IPS FHD, Intel Quad-Core i7-7700HQ Upto 3.8GHz, 16GB RAM, 256GB SSD, GeForce GTX 1070 8GB, HDMI, MiniDP, Wi-Fi, Bluetooth, Windows 10 Home",Free Expedited Shipping,1567.62,0.0,https://www.newegg.com/silver-alienware-15-r3-gaming-notebook/p/1TS-000A-045S1?Item=9SIAEYA8U33477,//c1.neweggimages.com/ProductImageCompressAll300/AEYA_1_201902261678432284.jpg
