,item_number,general_category,product_category,page_number,brand,model_specifications,current_promotions,price,shipping,product_links,image_link
0,1TS-000E-0FNM0,Computer Systems,Laptops / Notebooks,1,Lenovo,"Lenovo ThinkPad E15 20RD002YUS 15.6"" Notebook - 1920 x 1080 - Core i7 i7-10510U - 8 GB RAM - 256 GB SSD - Silver - Windows 10 Pro 64-bit - Intel UHD Graphics - In-plane Switching (IPS) Technology",,1049.28,0.0,https://www.newegg.com/p/1TS-000E-0FNM0?Item=9SIA24GASN6705,//c1.neweggimages.com/ProductImageCompressAll300/A24G_1_20191218983586745.jpg
1,1TS-000D-037B2,Computer Systems,Laptops / Notebooks,1,HP,"HP Laptop ProBook 450 G6 5YH15UT#ABA Intel Core i7 8th Gen 8565U (1.80 GHz) 16 GB Memory 256 GB SSD NVIDIA GeForce MX130 15.6"" Windows 10 Pro 64-bit",,1099.99,0.0,https://www.newegg.com/natural-silver-hp-probook-450-g6-mainstream/p/1TS-000D-037B2?Item=1TS-000D-037B2,//c1.neweggimages.com/NeweggImage/ProductImageCompressAll300/1TS-000D-037B2-S07.jpg
2,N82E16834847844,Computer Systems,Laptops / Notebooks,1,Lenovo,"Lenovo Laptop IdeaPad S940 81R00004US Intel Core i7 8th Gen 8565U (1.80 GHz) 8 GB LPDDR3 Memory 256 GB PCIe SSD Intel UHD Graphics 620 14.0"" Windows 10 Home 64-bit",,1546.34,0.0,https://www.newegg.com/iron-grey-lenovo-ideapad-s940-81r00004us-mainstream/p/N82E16834847844?Item=9SIA6ZP99M2863,//c1.neweggimages.com/ProductImageCompressAll300/34-847-844-V12.jpg
3,1TS-000D-04H29,Computer Systems,Laptops / Notebooks,1,HP,"HP EliteBook 840 G6 14"" Notebook - 1920 x 1080 - Core i7 i7-8565U - 8 GB RAM - 256 GB SSD",,1543.99,10.99,https://www.newegg.com/p/1TS-000D-04H29?Item=9SIAD6H9V55770,//c1.neweggimages.com/ProductImageCompressAll300/AF0Y_1_201907191459995793.jpg
4,1TS-000E-0F2K3,Computer Systems,Laptops / Notebooks,1,Lenovo,"Lenovo ThinkPad P53s Home and Business Laptop (Intel i7-8565U 4-Core, 8GB RAM, 256GB m.2 SATA SSD, 15.6"" Full HD (1920x1080), NVIDIA Quadro P520, Fingerprint, Wifi, Bluetooth, Webcam, Win 10 Pro)",,1549.99,0.0,https://www.newegg.com/p/1TS-000E-0F2K3?Item=9SIA8TKB8V0376,//c1.neweggimages.com/NeweggImage/ProductImageCompressAll300/V0F3_1_20191008977374025.jpg
5,1TS-001A-01308,Computer Systems,Laptops / Notebooks,1,ASUS,"ASUS VivoBook X512FA Notebook, 15.6"" FHD Display, Intel Core i7-8565U Upto 4.6GHz, 20GB RAM, 256GB NVMe SSD, HDMI, Card Reader, Wi-Fi, Bluetooth, Windows 10 Pro",Free Expedited Shipping,1029.99,0.0,https://www.newegg.com/silver-asus-vivobook-x512fa/p/1TS-001A-01308?Item=9SIAA0SAKD7248,//c1.neweggimages.com/ProductImageCompressAll300/AA0S_1_20191119446282982.jpg
6,1TS-000D-06W71,Computer Systems,Laptops / Notebooks,1,HP,"2019 HP Elitebook 840 G5 14"" 4K UHD (3840x2160) Business Laptop (Intel Quad-Core i5-8250U, 8GB DDR4 RAM, 256GB PCIe NVMe M.2 SSD) Backlit, Fingerprint, Thunderbolt, B&O Audio, NFC, Windows 10 Pro",,1249.99,0.0,https://www.newegg.com/p/1TS-000D-06W71?Item=9SIADG3AHC5595,//c1.neweggimages.com/NeweggImage/ProductImageCompressAll300/ADG3_132176679447057279o0OlXNaXmw.jpg
7,1TS-000A-05NV7,Computer Systems,Laptops / Notebooks,1,DELL,"Dell Vostro 15 (5581) Business Laptop (Intel i7-8565U 4-Core, 32GB RAM, 256GB PCIe SSD + 2TB  HDD, 15.6"" Full HD (1920x1080), NVIDIA GeForce MX130, Wifi, Bluetooth, Webcam, 2xUSB 3.1, Win 10 Pro)",,1558.80,0.0,https://www.newegg.com/p/1TS-000A-05NV7?Item=9SIA7AB9J13330,//c1.neweggimages.com/ProductImageCompressAll300/V0F3_1_20190714982549942.jpg
8,1TS-000E-099C8,Computer Systems,Laptops / Notebooks,1,Lenovo,"2018 Lenovo ThinkPad X1 Carbon Touch (6th Gen) - Windows 10 Pro - Intel Quad Core i7-8550U, 256GB NVMe-PCIe SSD, 8GB RAM, 14"" FHD IPS (1920x1080) Touchscreen, Fingerprint Reader, Black",,1699.99,0.0,https://www.newegg.com/p/1TS-000E-099C8?Item=9SIA8TK7WE2068,//c1.neweggimages.com/NeweggImage/ProductImageCompressAll300/A8TK_1_201806121971492725.jpg
9,1TS-001A-01T36,Computer Systems,Laptops / Notebooks,1,ASUS,"ASUS VivoBook 15 X512FA Gaming and Entertainment Laptop (Intel i7-8565U 4-Core, 12GB RAM, 256GB PCIe SSD, 15.6"" Full HD (1920x1080), Intel UHD 620, Wifi, Bluetooth, Webcam, 1xUSB 3.0, Win 10 Pro)",,1018.80,0.0,https://www.newegg.com/p/1TS-001A-01T36?Item=9SIA7ABB094892,//c1.neweggimages.com/ProductImageCompressAll300/V0F3_1_202001231759746601.jpg
10,1TS-001A-01T42,Computer Systems,Laptops / Notebooks,1,ASUS,"ASUS VivoBook 15 X512FA Gaming and Entertainment Laptop (Intel i7-8565U 4-Core, 20GB RAM, 256GB PCIe SSD, 15.6"" Full HD (1920x1080), Intel UHD 620, Wifi, Bluetooth, Webcam, 1xUSB 3.0, Win 10 Pro)",Free Expedited Shipping,1138.80,0.0,https://www.newegg.com/p/1TS-001A-01T42?Item=9SIA7ABB094898,//c1.neweggimages.com/ProductImageCompressAll300/V0F3_1_202001231759746601.jpg
11,N82E16834100997,Computer Systems,Laptops / Notebooks,1,Apple,"Used - Like New: Apple Laptop MacBook Pro With Touch Bar MPTR2LL/A Intel Core i7 7th Gen 7700HQ (2.80 GHz) 16 GB Memory 256 GB SSD AMD Radeon Pro 555 15.4"" Mac OS X v10.12 Sierra",,null / out of stock,0.0,https://www.newegg.com/space-gray-apple-macbook-pro-with-touch-bar-mptr2ll-a-mainstream/p/N82E16834100997?Item=9SIA8HF8C57280,//c1.neweggimages.com/NeweggImage/ProductImageCompressAll300/34-100-997-S03.jpg
12,1TS-000D-05SC8,Computer Systems,Laptops / Notebooks,1,HP,"HP Spectre x360 Home and Entertainment Laptop (Intel i7-9750H 6-Core, 16GB RAM, 256GB SSD, 15.6"" Touch  4K UHD (3840x2160), NVIDIA GTX 1650 [Max-Q], Active Pen, Fingerprint, Wifi, Win 10 Pro)",Free Expedited Shipping,1918.80,0.0,https://www.newegg.com/p/1TS-000D-05SC8?Item=9SIA7AB9Z78483,//c1.neweggimages.com/ProductImageCompressAll300/V0F3_1_201910102062219578.jpg
13,,Computer Systems,Laptops / Notebooks,1,DELL,"New 2019 Dell XPS 15 7590 15'' 4K IPS  Touch  i7-9750H GTX 1650 4GB, Platinum Silver  (256GB SSD|16GB RAM|Win 10 PRO)",,1955.20,0.0,https://www.newegg.com/black-silver-dell-7590s-i7-16gb-256gb-4kt-ips-wp/p/1TS-000A-05WZ1?Item=9SIACVB9Y48360,//c1.neweggimages.com/ProductImageCompressAll300/V0Y4_1_201908091400506161.jpg
14,1TS-000E-098K7,Computer Systems,Laptops / Notebooks,1,Lenovo,"2018 Lenovo ThinkPad X1 Carbon (6th Gen) - Windows 10 Pro - Intel Quad Core i7-8550U, 256GB NVMe-PCIe SSD, 16GB RAM, 14"" FHD IPS (1920x1080) Display, Fingerprint Reader, Black",,1599.99,0.0,https://www.newegg.com/p/1TS-000E-098K7?Item=9SIA8TK7W88348,//c1.neweggimages.com/NeweggImage/ProductImageCompressAll300/A8TK_1_201806121971492725.jpg
15,1TS-000X-00PT6,Computer Systems,Laptops / Notebooks,1,Acer America,"Acer Predator Helios 300 Gaming Laptop, Intel Core i7-7700HQ, GeForce GTX 1060 6GB, 15.6"" Full HD, 16GB DDR4, 256GB SSD, G3-571-77QK, Black Notebook PC Computer",,1139.99,0.0,https://www.newegg.com/black-acer-predator-helios-300-gaming-entertainment/p/1TS-000X-00PT6?Item=9SIAEYJ6EY1812,//c1.neweggimages.com/NeweggImage/ProductImageCompressAll300/A8X5_131398593809362973xxCaKvhhee.jpg
16,1TS-000D-06797,Computer Systems,Laptops / Notebooks,1,HP,"HP ProBook 440 G6 Notebook, 14"" FHD Display, Intel Core i7-8565U Upto 4.6GHz, 8GB RAM, 128GB NVMe SSD, HDMI, Card Reader, Wi-Fi, Bluetooth, Windows 10 Pro",Free Expedited Shipping,1199.99,0.0,https://www.newegg.com/silver-hp-probook-440-g6/p/1TS-000D-06797?Item=9SIAA0SA6V6312,//c1.neweggimages.com/ProductImageCompressAll300/AA0S_1_201909181714529886.jpg
17,1TS-000E-0F2H4,Computer Systems,Laptops / Notebooks,1,Lenovo,"Lenovo ThinkPad P53s Home and Business Laptop (Intel i7-8565U 4-Core, 24GB RAM, 256GB PCIe SSD, 15.6"" Full HD (1920x1080), NVIDIA Quadro P520, Fingerprint, Wifi, Bluetooth, Webcam, Win 10 Pro)",,1609.99,0.0,https://www.newegg.com/p/1TS-000E-0F2H4?Item=9SIA8TKB8V0171,//c1.neweggimages.com/NeweggImage/ProductImageCompressAll300/V0F3_1_20191008977374025.jpg
18,1TS-000E-0F2G4,Computer Systems,Laptops / Notebooks,1,Lenovo,"Lenovo ThinkPad E490 Home and Business Laptop (Intel i7-8565U 4-Core, 64GB RAM, 120GB  SATA SSD, 14"" Full HD (1920x1080), Intel UHD 620, Fingerprint, Wifi, Bluetooth, Webcam, 2xUSB 3.0, Win 10 Pro)",,1678.80,0.0,https://www.newegg.com/p/1TS-000E-0F2G4?Item=9SIA7ABA6C2369,//c1.neweggimages.com/ProductImageCompressAll300/A7AB_1_201910081334023016.jpg
19,1TS-001A-00Z14,Computer Systems,Laptops / Notebooks,1,ASUS,"2019 ASUS ROG G531GT 15.6"" Customized Gaming Laptop | Hexa Core Intel i7-9750H Mobile Processor | 16GB RAM 256GB SSD |GeForce GTX 1650 4GB GDDR5 | RGB Backlit Keyboard | Windows 10 Black",,1145.14,0.0,https://www.newegg.com/p/1TS-001A-00Z14?Item=9SIAJZDAEN3360,//c1.neweggimages.com/ProductImageCompressAll300/AJZD_1_201910211890777557.jpg
20,1TS-000A-03S59,Computer Systems,Laptops / Notebooks,1,DELL,"Dell Inspiron 15.6"" Touchscreen Laptop,  8GB DDR4 SDRAM, 256GB SSD, Intel HD Graphics 620, Windows 10 Home",,1589.97,0.0,https://www.newegg.com/p/1TS-000A-03S59?Item=9SIA6R4B2R9068,//c1.neweggimages.com/NeweggImage/ProductImageCompressAll300/A9JA_1318624381406665615CKy8Io2o2.jpg
21,1TS-000X-01XE0,Computer Systems,Laptops / Notebooks,1,Acer America,"Acer Aspire 15.6"" FHD Customized Laptop | Intel Quad Core i7-8565U |  16GB RAM 256GB SSD 2TB HDD  | NVIDIA GeForce MX250 2GB | Backlit Keyboard | Windows 10 Black",,1005.71,0.0,https://www.newegg.com/p/1TS-000X-01XE0?Item=9SIAJZDB0B3942,//c1.neweggimages.com/ProductImageCompressAll300/AEYJ_1_20191121296434811.jpg
22,1TS-000E-0J2C2,Computer Systems,Laptops / Notebooks,1,Lenovo,"Lenovo Flex 15 Home and Business Laptop (Intel i7-10510U 4-Core, 32GB RAM, 256GB PCIe SSD + 1TB  HDD, 15.6"" Touch  Full HD (1920x1080), NVIDIA MX230, Fingerprint, Wifi, Bluetooth, Webcam, Win 10 Pro)",OUT OF STOCK,1519.00,0.0,https://www.newegg.com/p/1TS-000E-0J2C2?Item=9SIA7ABB998903,//c1.neweggimages.com/ProductImageCompressAll300/V2X1D200328235IA.jpg
23,1XV-0001-00VJ9,Computer Systems,Laptops / Notebooks,1,Lenovo,"Lenovo Yoga C930 14"" Glass, 13.9"" FHD, UHD Graphics 620, i7-8550U Processor, 12 GB DDR4 2400MHz (Onboard) RAM, 256 GB SSD PCIe-NVME M.2, Win 10 Home 64",,1099.99,0.0,https://www.newegg.com/grey-lenovo-81eq000mus/p/1XV-0001-00VJ9?Item=9SIAEYJB4F3239,//c1.neweggimages.com/NeweggImage/ProductImageCompressAll300/AHRC_1_201912181169273001.jpg
24,1XV-000A-00CK1,Computer Systems,Laptops / Notebooks,1,DELL,Dell XPS 15 Laptop  i7-8750H- GTX 1050Ti- 256GB SSD- 16GB RAM,,1849.55,0.0,https://www.newegg.com/silver-dell-dncwxb1656s/p/1XV-000A-00CK1?Item=9SIADDT8290385,//c1.neweggimages.com/NeweggImage/ProductImageCompressAll300/ADYY_131794509459475236Lz3GCTM5l9.jpg
25,1TS-000E-0DF19,Computer Systems,Laptops / Notebooks,1,Lenovo,"Lenovo Legion Y530 Gaming Laptop, 15.6"" FHD Display, Intel 6-Core i7-8750H Upto 4.1GHz, 16GB RAM, 256GB NVMe SSD + 1TB HDD, GTX 1050Ti 4GB, HDMI, MiniDP, Backlit Keys, Wi-Fi, Bluetooth, Windows 10 Pro",Free Expedited Shipping,1199.99,0.0,https://www.newegg.com/black-lenovo-legion-y530/p/1TS-000E-0DF19?Item=9SIAA0S97C2649,//c1.neweggimages.com/ProductImageCompressAll300/AA0S_1_201905071461915116.jpg
26,1TS-000A-06H33,Computer Systems,Laptops / Notebooks,1,DELL,"Dell G7 Notebook, 15.6"" FHD Display, Intel Core i7-8750H Upto 4.1GHz, 16GB RAM, 256GB SSD, NVIDIA GeForce GTX 1060, HDMI, Thunderbolt, Card Reader, Wi-Fi, Bluetooth, Windows 10 Pro",Free Expedited Shipping,1109.99,0.0,https://www.newegg.com/black-dell-g7/p/1TS-000A-06H33?Item=9SIAA0SAD54147,//c1.neweggimages.com/ProductImageCompressAll300/AA0S_1_20191011953281009.jpg
27,1TS-000E-0DDN7,Computer Systems,Laptops / Notebooks,1,Lenovo,"Lenovo ThinkPad Edge E590 Home and Business Laptop (Intel i7-8565U 4-Core, 32GB RAM, 256GB  PCIe SSD + 1TB  HDD, 15.6"" Full HD (1920x1080), Intel UHD 620, Fingerprint, Wifi, Bluetooth, Win 10 Pro)",Free Expedited Shipping,1702.80,0.0,https://www.newegg.com/p/1TS-000E-0DDN7?Item=9SIA7AB98X8986,//c1.neweggimages.com/ProductImageCompressAll300/V0F3_1_20190504303493741.jpg
28,1TS-000D-05DX2,Computer Systems,Laptops / Notebooks,1,HP,"2019 HP Pavilion 15.6"" FHD IPS Touchscreen Home & Business Laptop, Intel Quad Core i7-8550U upto 4.0GHz, 16GB RAM, 128GB SSD Boot + 2TB HDD, Backlit Keyboard, USB-C, B&O Play, Windows 10, Blue",,1034.99,0.0,https://www.newegg.com/blue-hp-pavilion-mainstream/p/1TS-000D-05DX2?Item=9SIAKYF9VT9222,//c1.neweggimages.com/ProductImageCompressAll300/AK1E_1_201907281502907835.jpg
29,1TS-000D-086B5,Computer Systems,Laptops / Notebooks,1,HP,"HP Pavilion 15-cs3065cl Home and Business Laptop (Intel i7-1065G7 4-Core, 32GB RAM, 128GB m.2 SATA SSD + 500GB  HDD, 15.6"" Touch  Full HD (1920x1080), Intel Iris Plus Graphics, Wifi, Win 10 Home)",,1189.00,0.0,https://www.newegg.com/p/1TS-000D-086B5?Item=9SIA7ABB041480,//c1.neweggimages.com/ProductImageCompressAll300/A7AB_1_20200121198733521.jpg
30,1TS-000D-09CZ5,Computer Systems,Laptops / Notebooks,1,HP,"Flagship 2020 HP Pavilion 15 Touchscreen Laptop, 15.6"" FHD IPS Micro-Edge Display, 10th Gen Intel 4-Core i7-1065G7 32GB RAM 256GB SSD with 1TB HDD, B&O Webcam Type-C Win 10",,1235.00,0.0,https://www.newegg.com/p/1TS-000D-09CZ5?Item=9SIAMRPB6C8137,//c1.neweggimages.com/NeweggImage/ProductImageCompressAll300/AMRPS200311qLJVT.jpg
31,1TS-000E-0J2M2,Computer Systems,Laptops / Notebooks,1,Lenovo,"Lenovo Flex 15 Home and Business Laptop (Intel i7-10510U 4-Core, 32GB RAM, 256GB m.2 SATA SSD + 1TB  HDD, 15.6"" Touch  Full HD (1920x1080), NVIDIA MX230, Fingerprint, Wifi, Bluetooth, Win 10 Pro)",OUT OF STOCK,1519.00,0.0,https://www.newegg.com/p/1TS-000E-0J2M2?Item=9SIA7ABB998986,//c1.neweggimages.com/ProductImageCompressAll300/V2X1D200328235IA.jpg
32,1TS-000E-0J0Y3,Computer Systems,Laptops / Notebooks,1,Lenovo,"Lenovo ThinkPad T470 2020 Flagship Laptop, 14"" FHD IPS Touchscreen, Intel Core i7-6500U 2.5GHz, 32GB DDR4 256GB SSD, Thunderbolt Fingerprint Backlit KB WiFi HDMI Win 10 Pro",,1139.00,0.0,https://www.newegg.com/black-lenovo-thinkpad-t470-everyday-value/p/1TS-000E-0J0Y3?Item=9SIAMRPB774472,//c1.neweggimages.com/NeweggImage/ProductImageCompressAll300/AMRPS200318YlOm9.jpg
33,1TS-001A-01X00,Computer Systems,Laptops / Notebooks,1,ASUS,"2019 ASUS ROG Strix G 15.6"" Customized Gaming Laptop | Hexa Core Intel i7-9750H Mobile Processor | 12GB RAM 256GB SSD 2TB HDD | GeForce GTX 1650 4GB GDDR5 | RGB Backlit Keyboard | Windows 10 Black",,1061.95,0.0,https://www.newegg.com/p/1TS-001A-01X00?Item=9SIAJZDB023455,//c1.neweggimages.com/ProductImageCompressAll300/AJZD_1_20200204715673546.jpg
34,1TS-001A-01X55,Computer Systems,Laptops / Notebooks,1,ASUS,"2019 ASUS ROG Strix G 15.6"" Customized Gaming Laptop | Hexa Core Intel i7-9750H Mobile Processor | 32GB RAM 256GB SSD 2TB HDD | GeForce GTX 1650 4GB GDDR5 | RGB Backlit Keyboard | Windows 10 Black",,1213.65,0.0,https://www.newegg.com/p/1TS-001A-01X55?Item=9SIAJZDB023510,//c1.neweggimages.com/ProductImageCompressAll300/AJZD_1_20200204715673546.jpg
35,1TS-001A-01X13,Computer Systems,Laptops / Notebooks,1,ASUS,"2019 ASUS ROG Strix G 15.6"" Customized Gaming Laptop | Hexa Core Intel i7-9750H Mobile Processor | 8GB RAM 256GB SSD 1TB HDD | GeForce GTX 1650 4GB GDDR5 | RGB Backlit Keyboard | Windows 10 Black",,1011.38,0.0,https://www.newegg.com/p/1TS-001A-01X13?Item=9SIAJZDB023468,//c1.neweggimages.com/ProductImageCompressAll300/AJZD_1_20200204715673546.jpg
