,item_number,general_category,product_category,page_number,brand,model_specifications,current_promotions,price,shipping,product_links,image_link
0,1TS-000D-067U3,Computer Systems,Laptops / Notebooks,4,HP,"HP ENVY x360 Home and Business Laptop (Intel i7-8565U 4-Core, 16GB RAM, 16GB Intel Optane + 256GB  SATA SSD, 15.6"" Touch  4K UHD (3840x2160), NVIDIA GeForce MX150, Fingerprint, Wifi, Win 10 Pro)",Free Expedited Shipping,1846.80,0.0,https://www.newegg.com/p/1TS-000D-067U3?Item=9SIA7ABA2S2496,//c1.neweggimages.com/ProductImageCompressAll300/V0F3_1_2019091327061973.jpg
1,1TS-000D-07J20,Computer Systems,Laptops / Notebooks,4,HP,"HP Pavilion 15.6"" Touchscreen Laptop - 10th Gen Intel Core i7-1065G7 - 4GB GeForce MX250 - 1080p - Windows 10 Professional Notebook Touch Screen 16GB Memory 1TB + 256GB SSD 15-cs3075cl",,1099.95,0.0,https://www.newegg.com/silver-hp-pavilion-15-cs3075cl/p/1TS-000D-07J20?Item=9SIAADFB907988,//c1.neweggimages.com/NeweggImage/ProductImageCompressAll300/A8X5S1912131KBdt.jpg
2,1TS-001A-00Z07,Computer Systems,Laptops / Notebooks,4,ASUS,"2019 ASUS ROG G531GT 15.6"" Customized Gaming Laptop | Hexa Core Intel i7-9750H Mobile Processor | 32GB RAM 256GB SSD |GeForce GTX 1650 4GB GDDR5 | RGB Backlit Keyboard | Windows 10 Black",,1129.00,0.0,https://www.newegg.com/p/1TS-001A-00Z07?Item=9SIA7ABB5P1761,//c1.neweggimages.com/NeweggImage/ProductImageCompressAll300/AJZD_1_201910211890777557.jpg
3,1TS-000D-05T85,Computer Systems,Laptops / Notebooks,4,HP,"HP 15-dw0035cl Home Office Laptop Silver (Intel i7-8565U 4-Core, 64GB RAM, 256GB PCIe SSD, 15.6"" Touch  HD (1366x768), Intel UHD 620, Wifi, Bluetooth, Webcam, 2xUSB 3.1, 1xHDMI, SD Card, Win 10 Pro)",,1678.80,0.0,https://www.newegg.com/p/1TS-000D-05T85?Item=9SIA7AB9Z79453,//c1.neweggimages.com/ProductImageCompressAll300/V0F3_1_201909021189467840.jpg
4,1TS-000A-05NS3,Computer Systems,Laptops / Notebooks,4,DELL,"Dell Vostro 15 (5581) Business Laptop (Intel i7-8565U 4-Core, 32GB RAM, 256GB  SATA SSD, 15.6"" Full HD (1920x1080), NVIDIA GeForce MX130, Wifi, Bluetooth, Webcam, 2xUSB 3.1, 1xHDMI, Win 10 Pro)",,1558.80,0.0,https://www.newegg.com/p/1TS-000A-05NS3?Item=9SIA7AB9J13296,//c1.neweggimages.com/ProductImageCompressAll300/V0F3_1_20190714982549942.jpg
5,1TS-000E-0CM77,Computer Systems,Laptops / Notebooks,4,Lenovo,"Lenovo Business 330S Laptop - Windows 10 Pro - Intel i7-8550U, 8GB RAM, 256GB SSD, 15.6"" HD 1366x768 Display, Fast Charging",,1099.99,0.0,https://www.newegg.com/blue-lenovo-330s/p/1TS-000E-0CM77?Item=9SIA8TK8MM1303,//c1.neweggimages.com/ProductImageCompressAll300/A8TK_1_20190111426895666.jpg
6,1TS-000D-05E70,Computer Systems,Laptops / Notebooks,4,HP,"2019 HP Pavilion 15.6"" FHD IPS Touchscreen Business Laptop, Intel Quad Core i7-8550U upto 4.0GHz, 16GB RAM, 128GB SSD Boot + 1TB HDD, Backlit Keyboard, WiFi, HDMI, USB-C, Windows 10, Gold",,1003.99,0.0,https://www.newegg.com/gold-hp-pavilion-mainstream/p/1TS-000D-05E70?Item=9SIAKYF9VU4494,//c1.neweggimages.com/ProductImageCompressAll300/AK1E_1_201907281825676211.jpg
7,1TS-000D-05E51,Computer Systems,Laptops / Notebooks,4,HP,"2019 HP Pavilion 15.6"" FHD IPS Touchscreen Business Laptop, Intel Quad Core i7-8550U upto 4.0GHz, 12GB RAM, 256GB SSD Boot + 1TB HDD, Backlit Keyboard, WiFi, HDMI, USB-C, Windows 10, Gold",,1002.99,0.0,https://www.newegg.com/gold-hp-pavilion-mainstream/p/1TS-000D-05E51?Item=9SIAKYF9VU4471,//c1.neweggimages.com/ProductImageCompressAll300/AK1E_1_201907281825676211.jpg
8,1TS-000D-05E72,Computer Systems,Laptops / Notebooks,4,HP,"2019 HP Pavilion 15.6"" FHD IPS Touchscreen Business Laptop, Intel Quad Core i7-8550U upto 4.0GHz, 24GB RAM, 128GB SSD Boot + 1TB HDD, Backlit Keyboard, WiFi, HDMI, USB-C, Windows 10, Gold",,1061.99,0.0,https://www.newegg.com/gold-hp-pavilion-mainstream/p/1TS-000D-05E72?Item=9SIAKYF9VU4530,//c1.neweggimages.com/ProductImageCompressAll300/AK1E_1_201907281825676211.jpg
9,1TS-000E-0DTG9,Computer Systems,Laptops / Notebooks,4,Lenovo,"Lenovo Yoga 730 2-in-1 15.6"" FHD IPS Touchscreen Customized Laptop Intel Core i7-8550U 16GB RAM 256GB SSD Backlit Keyboard Fingerprint Reader Upto 9 Hours Mixed Usage Windows 10 Iron Gray",,1091.30,0.0,https://www.newegg.com/p/1TS-000E-0DTG9?Item=9SIAJZD9CE7328,//c1.neweggimages.com/ProductImageCompressAll300/AJZD_1_201904071285560225.jpg
10,1TS-000D-034V7,Computer Systems,Laptops / Notebooks,4,HP,"HP Spectre x360 15t 4K UHD Convertible 2-in-1 Laptop (Intel 8th Gen i7-8705G, 32GB RAM, 256GB PCIe SSD, 15.6"" Touch UHD 3840x2160, Radeon RX Vega M, Win10 Pro) Two Year Warranty and Accidential Damage",,1949.00,0.0,https://www.newegg.com/p/1TS-000D-034V7?Item=9SIA7AB8HG3303,//c1.neweggimages.com/ProductImageCompressAll300/A7AB_1_20181201112318571.jpg
11,1TS-000E-06SD7,Computer Systems,Laptops / Notebooks,4,Lenovo,"Lenovo X1 Carbon (5th Gen) 14 inch QHD Preimum Ultrabook Laptop PC Intel i7 Processor, 16GB RAM, 128GB SSD, 14.0"" WQHD (2560x1440) Display, vPro, Figerprint, WiFi, Bluetooth, Thunderbolt 3, Win 10 Pro",,1759.99,0.0,https://www.newegg.com/p/1TS-000E-06SD7?Item=9SIA8TKAF86054,//c1.neweggimages.com/NeweggImage/ProductImageCompressAll300/A7AB_1_201708161478064656.jpg
12,1TS-000X-01TD2,Computer Systems,Laptops / Notebooks,4,Acer America,"Acer Nitro 7 15.6"" Customized Gaming Laptop | 15.6"" FHD IPS Display | Intel Hexa Core i7-9750H | 32GB RAM 128GB SSD 1TB HDD | GeForce GTX 1650 4GB GDDR5 | Backlit Keyboard | Windows 10 Black",,1194.33,0.0,https://www.newegg.com/p/1TS-000X-01TD2?Item=9SIAJZDAZB0076,//c1.neweggimages.com/ProductImageCompressAll300/AJZD_1_202001291051814696.jpg
13,1TS-000X-01TS9,Computer Systems,Laptops / Notebooks,4,Acer America,"Acer Aspire 5 Notebook, 14"" FHD Display, Intel Core i7-8565U Upto 4.6GHz, 20GB RAM, 256GB NVMe SSD, HDMI, Wi-Fi, Bluetooth, Windows 10 Home",Free Expedited Shipping,1179.99,0.0,https://www.newegg.com/dark-gray-acer-aspire-5/p/1TS-000X-01TS9?Item=9SIAEYAAZC1595,//c1.neweggimages.com/ProductImageCompressAll300/AEYA_1_202001301262275661.jpg
14,1TS-000X-01TN7,Computer Systems,Laptops / Notebooks,4,Acer America,"Acer Aspire 5 Notebook, 14"" FHD Display, Intel Core i7-8565U Upto 4.6GHz, 20GB RAM, 256GB NVMe SSD + 1TB HDD, HDMI, Wi-Fi, Bluetooth, Windows 10 Pro",Free Expedited Shipping,1179.99,0.0,https://www.newegg.com/dark-gray-acer-aspire-5/p/1TS-000X-01TN7?Item=9SIAA0SAZC1474,//c1.neweggimages.com/ProductImageCompressAll300/AA0S_1_202001301897231037.jpg
15,1TS-000D-09FT7,Computer Systems,Laptops / Notebooks,4,HP,"HP Pavilion 15.6"" IPS FHD Premium Customized Laptop 10th Gen Intel Quad Core i7-1065G7 32GB RAM 128GB SSD Microedge Touchscreen Backlit Keyboard Upto 8 Hours Mixed Usage Windows 10 Silver",,1054.09,0.0,https://www.newegg.com/p/1TS-000D-09FT7?Item=9SIAJZDB899987,//c1.neweggimages.com/ProductImageCompressAll300/AJZD_1_202004021741127560.jpg
16,1TS-000E-0J0U5,Computer Systems,Laptops / Notebooks,4,Lenovo,"Lenovo ThinkPad X1 Carbon Notebook, 14"" FHD Display, Intel Core i7-8650U Upto 4.2GHz, 16GB RAM, 256GB NVMe SSD, HDMI, Thunderbolt, Wi-Fi, Bluetooth, Windows 10 Pro",Free Expedited Shipping,1569.99,0.0,https://www.newegg.com/black-lenovo-thinkpad-x1-carbon/p/1TS-000E-0J0U5?Item=9SIAA0SB6M7384,//c1.neweggimages.com/ProductImageCompressAll300/AA0S_1_202003171044534424.jpg
17,1TS-000E-0J0D4,Computer Systems,Laptops / Notebooks,4,Lenovo,"Lenovo Legion Y540 15.6"" Customized Gaming Laptop | Hexa Core Intel i7-9750H Mobile Processor | 16GB RAM 128GB SSD 2TB HDD |GeForce GTX 1650 4GB GDDR5 | Backlit Keyboard | Windows 10 Black",,1182.05,0.0,https://www.newegg.com/p/1TS-000E-0J0D4?Item=9SIAJZDB6K7126,//c1.neweggimages.com/ProductImageCompressAll300/AJZD_1_20200316596143060.jpg
18,1TS-000E-0J0P1,Computer Systems,Laptops / Notebooks,4,Lenovo,"Lenovo ThinkPad T480s Notebook, 14"" FHD Display, Intel Core i7-8650U Upto 4.2GHz, 24GB RAM, 256GB NVMe SSD, HDMI, Thunderbolt, Card Reader, Wi-Fi, Bluetooth, Windows 10 Pro",Free Expedited Shipping,1229.99,0.0,https://www.newegg.com/black-lenovo-thinkpad-t480s/p/1TS-000E-0J0P1?Item=9SIAA0SB6M5948,//c1.neweggimages.com/ProductImageCompressAll300/AA0S_1_202003171173490520.jpg
19,1TS-001A-01WP9,Computer Systems,Laptops / Notebooks,4,ASUS,"2019 ASUS ROG Strix G 15.6"" Customized Gaming Laptop | Hexa Core Intel i7-9750H Mobile Processor | 16GB RAM 256GB SSD | GeForce GTX 1650 4GB GDDR5 | RGB Backlit Keyboard | Windows 10 Black",,1024.02,0.0,https://www.newegg.com/p/1TS-001A-01WP9?Item=9SIAJZDB023363,//c1.neweggimages.com/ProductImageCompressAll300/AJZD_1_20200204715673546.jpg
20,1TS-000A-08NY4,Computer Systems,Laptops / Notebooks,4,DELL,"Dell Inspiron i3583 i7 Home and Business Laptop (Intel i7-8565U 4-Core, 16GB RAM, 256GB PCIe SSD + 500GB  HDD, 15.6"" HD (1366x768), Intel UHD 620, Wifi, Bluetooth, Webcam, 2xUSB 3.1, Win 10 Pro)",,1089.00,0.0,https://www.newegg.com/p/1TS-000A-08NY4?Item=9SIA7ABB1G5704,//c1.neweggimages.com/ProductImageCompressAll300/V0F3_1_20200201294478374.jpg
21,1TS-000D-09JD7,Computer Systems,Laptops / Notebooks,4,HP,"HP ProBook 650 G4 Notebook, 15.6"" FHD Display, Intel Core i7-8550U Upto 4.0GHz, 16GB RAM, 256GB NVMe SSD, DVDRW, HDMI, VGA, DisplayPort via USB-C, Wi-Fi, Bluetooth, Windows 10 Pro",Free Expedited Shipping,1139.99,0.0,https://www.newegg.com/silver-hp-probook-650-g4/p/1TS-000D-09JD7?Item=9SIAA0SB8F1104,//c1.neweggimages.com/ProductImageCompressAll300/AA0S_1_20200408829794534.jpg
22,1TS-000A-0A288,Computer Systems,Laptops / Notebooks,4,DELL,"2020 Latest Premium Dell Inspiron 15 5000 5593 Business Laptop, 15.6"" FHD 1080p Touchscreen, 10th Gen Intel Core i7-10510U Your Choice Of RAM & SSD, MaxxAudio Pro Backlit Keyboard Win 10 Home",,1079.00,0.0,https://www.newegg.com/silver-dell-inspiron-5593-everyday-value/p/1TS-000A-0A288?Item=9SIAMRPB8M7642,//c1.neweggimages.com/ProductImageCompressAll300/AMRPS200408N0Yt3.jpg
23,1TS-000E-0HZ62,Computer Systems,Laptops / Notebooks,4,Lenovo,"Lenovo ThinkPad T480s Notebook, 14"" FHD Display, Intel Core i7-8550U Upto 4.0GHz, 24GB RAM, 256GB NVMe SSD, HDMI, Thunderbolt, Card Reader, Wi-Fi, Bluetooth, Windows 10 Pro",Free Expedited Shipping,1749.99,0.0,https://www.newegg.com/black-lenovo-thinkpad-t480s/p/1TS-000E-0HZ62?Item=9SIAA0SB6B2199,//c1.neweggimages.com/ProductImageCompressAll300/V0N6_1_20200310357174015.jpg
24,1TS-000X-01TE4,Computer Systems,Laptops / Notebooks,4,Acer America,"Acer Nitro 7 15.6"" Customized Gaming Laptop | 15.6"" FHD IPS Display | Intel Hexa Core i7-9750H | 16GB RAM 128GB SSD | GeForce GTX 1650 4GB GDDR5 | Backlit Keyboard | Windows 10 Black",,1018.89,0.0,https://www.newegg.com/p/1TS-000X-01TE4?Item=9SIAJZDAZB0092,//c1.neweggimages.com/ProductImageCompressAll300/AJZD_1_202001291051814696.jpg
25,1TS-000D-09EV2,Computer Systems,Laptops / Notebooks,4,HP,"2020 HP Probook 440 G6 14"" FHD Full HD (1920x1080) Business Laptop (Intel Quad-Core i7-8565U, 16GB DDR4 RAM, 256GB PCIe NVMe M.2 SSD) Backlit, Type-C, RJ-45, HDMI, Windows 10 Pro 64-bit",,1099.99,0.0,https://www.newegg.com/p/1TS-000D-09EV2?Item=9SIADG3B983243,//c1.neweggimages.com/NeweggImage/ProductImageCompressAll300/ADG3S200327dCRT7.jpg
26,1TS-000A-0A2C2,Computer Systems,Laptops / Notebooks,4,DELL,"2020 Premium Dell Inspiron 15 3593 Business Laptop, 15.6"" FHD 1080p Widescreen, 10th Gen Intel Core i7-1065G7 16GB RAM 256GB SSD + 1TB HDD, MaxxAudio Pro Audio, Webcam Windows 10 Home",,1039.00,0.0,https://www.newegg.com/silver-dell-inspiron-15-3593-everyday-value/p/1TS-000A-0A2C2?Item=9SIAMRPB8P7481,//c1.neweggimages.com/ProductImageCompressAll300/AMRP_1_202004101920354203.jpg
27,N82E16834944395,Computer Systems,Laptops / Notebooks,4,DELL,"Dell Latitude 5000 5591 15.6"" LCD Notebook - Intel Core i7 (8th Gen) i7-8850H Hexa-core (6 Core) 2.60 GHz - 8 GB DDR4 SDRAM - 256 GB SSD - Windows 10 Pro 64-bit (English/French/Spanish) - 1920 x 1080",,1906.97,18.50,https://www.newegg.com/p/N82E16834944395?Item=9SIAMG8ANM7951,//c1.neweggimages.com/ProductImageCompressAll300/A24G_1_20180719259721536.jpg
28,1TS-000D-015K8,Computer Systems,Laptops / Notebooks,4,HP,HP Laptop EliteBook 1040 G3 (V2W21UT#ABA) Intel Core i7 6th Gen 6600U (2.60 GHz) 8 GB Memory 256 GB SSD Intel HD Graphics 520 14.0” Windows 7 Professional 64-Bit (downgrade from Windows 10 Pro),,1764.99,0.0,https://www.newegg.com/hp-elitebook-1040-g3-mainstream/p/1TS-000D-015K8?Item=9SIA19PBB44011,//c1.neweggimages.com/ProductImageCompressAll300/V06W_1_201708282012970935.jpg
29,1TS-000A-05PE3,Computer Systems,Laptops / Notebooks,4,DELL,"Dell  G3 Notebook, 15.6"" FHD Display, Intel Core i7-8750H Upto 4.1GHz, 8GB RAM, 128GB NVMe SSD + 1TB HDD, NVIDIA GeForce GTX 1050 Ti, HDMI, Card Reader, Wi-Fi, Bluetooth, Windows 10 Pro",Free Expedited Shipping,1229.00,0.0,https://www.newegg.com/black-dell-g3/p/1TS-000A-05PE3?Item=9SIAA0S9MZ9226,//c1.neweggimages.com/ProductImageCompressAll300/AA0S_1_2019071673681222.jpg
30,1TS-000A-05PF6,Computer Systems,Laptops / Notebooks,4,DELL,"Dell  G3 Notebook, 15.6"" FHD Display, Intel Core i7-8750H Upto 4.1GHz, 16GB RAM, 128GB NVMe SSD + 1TB HDD, NVIDIA GeForce GTX 1050 Ti, HDMI, Card Reader, Wi-Fi, Bluetooth, Windows 10 Home",Free Expedited Shipping,1249.00,0.0,https://www.newegg.com/black-dell-g3/p/1TS-000A-05PF6?Item=9SIAEYA9MZ9429,//c1.neweggimages.com/ProductImageCompressAll300/AEYA_1_201907161188240964.jpg
31,1TS-000A-05PD6,Computer Systems,Laptops / Notebooks,4,DELL,"Dell  G3 Notebook, 15.6"" FHD Display, Intel Core i7-8750H Upto 4.1GHz, 8GB RAM, 256GB NVMe SSD + 1TB HDD, NVIDIA GeForce GTX 1050 Ti, HDMI, Card Reader, Wi-Fi, Bluetooth, Windows 10 Pro",Free Expedited Shipping,1249.00,0.0,https://www.newegg.com/black-dell-g3/p/1TS-000A-05PD6?Item=9SIAA0S9MZ9211,//c1.neweggimages.com/ProductImageCompressAll300/AA0S_1_201907161825531905.jpg
32,1TS-000A-05PH7,Computer Systems,Laptops / Notebooks,4,DELL,"Dell  G3 Notebook, 15.6"" FHD Display, Intel Core i7-8750H Upto 4.1GHz, 8GB RAM, 256GB NVMe SSD + 1TB HDD, NVIDIA GeForce GTX 1050 Ti, HDMI, Card Reader, Wi-Fi, Bluetooth, Windows 10 Home",Free Expedited Shipping,1229.00,0.0,https://www.newegg.com/black-dell-g3/p/1TS-000A-05PH7?Item=9SIAEYA9MZ9450,//c1.neweggimages.com/ProductImageCompressAll300/AEYA_1_201907161988007390.jpg
33,1TS-000A-05PG1,Computer Systems,Laptops / Notebooks,4,DELL,"Dell  G3 Notebook, 15.6"" FHD Display, Intel Core i7-8750H Upto 4.1GHz, 8GB RAM, 128GB NVMe SSD + 1TB HDD, NVIDIA GeForce GTX 1050 Ti, HDMI, Card Reader, Wi-Fi, Bluetooth, Windows 10 Home",Free Expedited Shipping,1209.00,0.0,https://www.newegg.com/black-dell-g3/p/1TS-000A-05PG1?Item=9SIAEYA9MZ9434,//c1.neweggimages.com/ProductImageCompressAll300/AEYA_1_201907161435632115.jpg
34,1TS-000A-05PH3,Computer Systems,Laptops / Notebooks,4,DELL,"Dell  G3 Notebook, 15.6"" FHD Display, Intel Core i7-8750H Upto 4.1GHz, 8GB RAM, 256GB SSD, NVIDIA GeForce GTX 1050 Ti, HDMI, Card Reader, Wi-Fi, Bluetooth, Windows 10 Home",Free Expedited Shipping,1169.00,0.0,https://www.newegg.com/black-dell-g3/p/1TS-000A-05PH3?Item=9SIAEYA9MZ9446,//c1.neweggimages.com/ProductImageCompressAll300/AEYA_1_201907161650578619.jpg
35,1TS-000A-05PE9,Computer Systems,Laptops / Notebooks,4,DELL,"Dell  G3 Notebook, 15.6"" FHD Display, Intel Core i7-8750H Upto 4.1GHz, 8GB RAM, 128GB SSD, NVIDIA GeForce GTX 1050 Ti, HDMI, Card Reader, Wi-Fi, Bluetooth, Windows 10 Pro",Free Expedited Shipping,1169.00,0.0,https://www.newegg.com/black-dell-g3/p/1TS-000A-05PE9?Item=9SIAA0S9MZ9237,//c1.neweggimages.com/ProductImageCompressAll300/AA0S_1_201907161505793781.jpg
