,item_number,general_category,product_category,page_number,brand,model_specifications,current_promotions,price,shipping,product_links,image_link
0,1TS-000E-0D940,Computer Systems,Laptops / Notebooks,3,Lenovo,"Lenovo ThinkPad E490 20N8001AUS 14"" Notebook - 1920 x 1080 - Core i7 i7-8565U - 8 GB RAM - 256 GB SSD - Black",,1219.99,12.99,https://www.newegg.com/black-lenovo-thinkpad-e490/p/1TS-000E-0D940?Item=9SIAD6H9V55119,//c1.neweggimages.com/ProductImageCompressAll300/AG2J_1_20190622631777623.jpg
1,2WC-000J-00AB0,Computer Systems,Laptops / Notebooks,3,Lenovo,"Lenovo Laptop ThinkPad E14 20RA0050US Intel Core i7 10th Gen 10510U (1.80 GHz) 8 GB Memory 256 GB SSD Intel UHD Graphics 14.0"" Windows 10 Pro 64-bit",,1066.99,0.0,https://www.newegg.com/black-lenovo-thinkpad-e14-20ra0050us/p/2WC-000J-00AB0?Item=2WC-000J-00AB0,//c1.neweggimages.com/NeweggImage/ProductImageCompressAll300/A6ZP_1_20200121717838179.jpg
2,1TS-000A-06Y85,Computer Systems,Laptops / Notebooks,3,DELL,"Dell Inspiron 3000 Notebook, 15.6"" HD Display, Intel Core i7-8565U Upto 4.6GHz, 32GB RAM, 128GB NVMe SSD + 1TB HDD, HDMI, Card Reader, Wi-Fi, Bluetooth, Windows 10 Pro",Free Expedited Shipping,1129.99,0.0,https://www.newegg.com/black-textured-dell-inspiron-3000/p/1TS-000A-06Y85?Item=9SIAA0SAKC3249,//c1.neweggimages.com/ProductImageCompressAll300/AA0S_1_2019111871615233.jpg
3,1TS-000E-0DDN4,Computer Systems,Laptops / Notebooks,3,Lenovo,"Lenovo ThinkPad Edge E590 Home and Business Laptop (Intel i7-8565U 4-Core, 32GB RAM, 256GB  SATA SSD + 2TB  HDD, 15.6"" Full HD (1920x1080), Intel UHD 620, Fingerprint, Wifi, Bluetooth, Win 10 Pro)",,1738.80,0.0,https://www.newegg.com/p/1TS-000E-0DDN4?Item=9SIA7AB98X8988,//c1.neweggimages.com/ProductImageCompressAll300/V0F3_1_201905011279206855.jpg
4,1TS-000A-06H16,Computer Systems,Laptops / Notebooks,3,DELL,"Dell G7 Notebook, 15.6"" FHD Display, Intel Core i7-8750H Upto 4.1GHz, 16GB RAM, 128GB SSD + 1TB HDD, NVIDIA GeForce GTX 1060, HDMI, Thunderbolt, Card Reader, Wi-Fi, Bluetooth, Windows 10 Pro",Free Expedited Shipping,1119.99,0.0,https://www.newegg.com/black-dell-g7/p/1TS-000A-06H16?Item=9SIAA0SAD54090,//c1.neweggimages.com/ProductImageCompressAll300/AA0S_1_201910111429151862.jpg
5,1TS-000A-06H58,Computer Systems,Laptops / Notebooks,3,DELL,"Dell G7 Notebook, 15.6"" FHD Display, Intel Core i7-8750H Upto 4.1GHz, 16GB RAM, 256GB SSD + 1TB HDD, NVIDIA GeForce GTX 1060, HDMI, Thunderbolt, Card Reader, Wi-Fi, Bluetooth, Windows 10 Home",Free Expedited Shipping,1119.99,0.0,https://www.newegg.com/black-dell-g7/p/1TS-000A-06H58?Item=9SIAEYAAD56754,//c1.neweggimages.com/ProductImageCompressAll300/AEYA_1_20191011771350843.jpg
6,1TS-000X-01ET4,Computer Systems,Laptops / Notebooks,3,Acer America,Acer Predator Helios 300 Customized Gaming Laptop | Intel Hexa Core i7-8750H | 12GB RAM 128GB SSD | Full HD IPS Display | NVIDIA GTX 1060 6GB GDDR5 | AeroBlade 3D Fan Cooling | Windows 10 Black,,1245.38,0.0,https://www.newegg.com/p/1TS-000X-01ET4?Item=9SIAJZDAG27269,//c1.neweggimages.com/ProductImageCompressAll300/AHBU_1_20190719523360128.jpg
7,1TS-001A-00Z20,Computer Systems,Laptops / Notebooks,3,ASUS,"2019 ASUS ROG G531GT 15.6"" Customized Gaming Laptop | Hexa Core Intel i7-9750H Mobile Processor | 8GB RAM 256GB SSD |GeForce GTX 1650 4GB GDDR5 | RGB Backlit Keyboard | Windows 10 Black",,1091.88,0.0,https://www.newegg.com/p/1TS-001A-00Z20?Item=9SIAJZDAEN3367,//c1.neweggimages.com/ProductImageCompressAll300/AJZD_1_201910211890777557.jpg
8,1TS-001A-00Z30,Computer Systems,Laptops / Notebooks,3,ASUS,"2019 ASUS ROG G531GT 15.6"" Customized Gaming Laptop | Hexa Core Intel i7-9750H Mobile Processor | 12GB RAM 128GB SSD |GeForce GTX 1650 4GB GDDR5 | RGB Backlit Keyboard | Windows 10 Black",,1098.54,0.0,https://www.newegg.com/p/1TS-001A-00Z30?Item=9SIAJZDAEN3377,//c1.neweggimages.com/ProductImageCompressAll300/AJZD_1_201910211890777557.jpg
9,1TS-001A-00Z32,Computer Systems,Laptops / Notebooks,3,ASUS,"2019 ASUS ROG G531GT 15.6"" Customized Gaming Laptop | Hexa Core Intel i7-9750H Mobile Processor | 24GB RAM 128GB SSD |GeForce GTX 1650 4GB GDDR5 | RGB Backlit Keyboard | Windows 10 Black",,1191.74,0.0,https://www.newegg.com/p/1TS-001A-00Z32?Item=9SIAJZDAEN3379,//c1.neweggimages.com/ProductImageCompressAll300/AJZD_1_201910211890777557.jpg
10,1TS-001A-00Z18,Computer Systems,Laptops / Notebooks,3,ASUS,"2019 ASUS ROG G531GT 15.6"" Customized Gaming Laptop | Hexa Core Intel i7-9750H Mobile Processor | 24GB RAM 256GB SSD |GeForce GTX 1650 4GB GDDR5 | RGB Backlit Keyboard | Windows 10 Black",,1211.72,0.0,https://www.newegg.com/p/1TS-001A-00Z18?Item=9SIAJZDAEN3365,//c1.neweggimages.com/ProductImageCompressAll300/AJZD_1_201910211890777557.jpg
11,1TS-001A-00Z33,Computer Systems,Laptops / Notebooks,3,ASUS,"2019 ASUS ROG G531GT 15.6"" Customized Gaming Laptop | Hexa Core Intel i7-9750H Mobile Processor | 16GB RAM 128GB SSD |GeForce GTX 1650 4GB GDDR5 | RGB Backlit Keyboard | Windows 10 Black",,1125.17,0.0,https://www.newegg.com/p/1TS-001A-00Z33?Item=9SIAJZDAEN3380,//c1.neweggimages.com/ProductImageCompressAll300/AJZD_1_201910211890777557.jpg
12,1TS-001A-00Z19,Computer Systems,Laptops / Notebooks,3,ASUS,"2019 ASUS ROG G531GT 15.6"" Customized Gaming Laptop | Hexa Core Intel i7-9750H Mobile Processor | 12GB RAM 256GB SSD |GeForce GTX 1650 4GB GDDR5 | RGB Backlit Keyboard | Windows 10 Black",,1118.51,0.0,https://www.newegg.com/p/1TS-001A-00Z19?Item=9SIAJZDAEN3366,//c1.neweggimages.com/ProductImageCompressAll300/AJZD_1_201910211890777557.jpg
13,1TS-001A-00Z00,Computer Systems,Laptops / Notebooks,3,ASUS,"2019 ASUS ROG G531GT 15.6"" Customized Gaming Laptop | Hexa Core Intel i7-9750H Mobile Processor | 8GB RAM 128GB SSD |GeForce GTX 1650 4GB GDDR5 | RGB Backlit Keyboard | Windows 10 Black",,1071.90,0.0,https://www.newegg.com/p/1TS-001A-00Z00?Item=9SIAJZDAEN3346,//c1.neweggimages.com/ProductImageCompressAll300/AJZD_1_201910211890777557.jpg
14,1TS-001A-00Z21,Computer Systems,Laptops / Notebooks,3,ASUS,"2019 ASUS ROG G531GT 15.6"" Customized Gaming Laptop | Hexa Core Intel i7-9750H Mobile Processor | 16GB RAM 256GB SSD |GeForce GTX 1650 4GB GDDR5 | RGB Backlit Keyboard | Windows 10 Black",,1145.14,0.0,https://www.newegg.com/p/1TS-001A-00Z21?Item=9SIAJZDAEN3368,//c1.neweggimages.com/ProductImageCompressAll300/AJZD_1_201910211890777557.jpg
15,1TS-000D-05689,Computer Systems,Laptops / Notebooks,3,HP,"2019 HP Pavilion 15.6"" FHD IPS Touchscreen Home & Business Laptop, Intel Quad Core i7-8550U upto 4.0GHz, 32GB RAM, 256GB SSD Boot + 1TB HDD, Backlit Keyboard, HDMI, USB-C, Windows 10, Gold",,1152.99,0.0,https://www.newegg.com/gold-hp-pavilion-mainstream/p/1TS-000D-05689?Item=9SIAKYF9VU4626,//c1.neweggimages.com/ProductImageCompressAll300/AK1E_1_201907281825676211.jpg
16,1TS-000A-09UT3,Computer Systems,Laptops / Notebooks,3,DELL,"Dell Inspiron Home and Business Laptop (Intel i7-10510U 4-Core, 32GB RAM, 256GB m.2 SATA SSD + 2TB  HDD, 15.6"" Touch  Full HD (1920x1080), Intel UHD Graphics, Wifi, Bluetooth, Webcam, Win 10 Home)",,1558.80,0.0,https://www.newegg.com/p/1TS-000A-09UT3?Item=9SIA7ABB4H4398,//c1.neweggimages.com/ProductImageCompressAll300/V0F3_1_202002261561246642.jpg
17,1TS-000X-01XK1,Computer Systems,Laptops / Notebooks,3,Acer America,"Acer Aspire 15.6"" FHD Customized Laptop | Intel Quad Core i7-8565U |  16GB RAM 256GB SSD 2TB HDD  | NVIDIA GeForce MX250 2GB | Backlit Keyboard | Windows 10 Black",,1005.71,0.0,https://www.newegg.com/p/1TS-000X-01XK1?Item=9SIAJZDB0B3993,//c1.neweggimages.com/ProductImageCompressAll300/AEYJ_1_20191121296434811.jpg
18,1TS-000D-08736,Computer Systems,Laptops / Notebooks,3,HP,"HP Pavilion 15-cs3065cl Home and Business Laptop (Intel i7-1065G7 4-Core, 64GB RAM, 128GB PCIe SSD + 1TB  HDD, 15.6"" Touch  Full HD (1920x1080), Intel Iris Plus Graphics, Wifi, Bluetooth, Win 10 Pro)",,1798.80,0.0,https://www.newegg.com/p/1TS-000D-08736?Item=9SIA7ABB041675,//c1.neweggimages.com/ProductImageCompressAll300/A7AB_1_20200121198733521.jpg
19,N82E16834315488,Computer Systems,Laptops / Notebooks,3,Acer America,"Acer TravelMate P6 TMP658-MG-749P-US Ultrabook Intel Core i7 6500U (2.50 GHz) 8 GB Memory 256 GB SSD 15.6"" 1920 x 1080 NVIDIA GeForce 940M Windows 7 Professional 64-Bit (Downgrade from Windows 10 Pro)",,1188.55,0.0,https://www.newegg.com/acer-travelmate-p6-tmp658-mg-749p-us-mainstream/p/N82E16834315488?Item=9SIAKACB2X9864,//c1.neweggimages.com/ProductImageCompressAll300/34-315-488-05.jpg
20,1TS-000A-03248,Computer Systems,Laptops / Notebooks,3,DELL,"Dell G Series 15.6"" IPS Full HD Laptop, Intel 6-Core i7-8750H Upto 4.10GHz, 32GB DDR4, 256GB SSD Plus 1TB HDD, NVIDIA GeForce GTX 1060 Max Q 6GB, Thunderbolt 3, HDMI, Card Reader, Windows 10 Pro",Free Expedited Shipping,1529.99,0.0,https://www.newegg.com/black-dell-g-series-7588-gaming-entertainment/p/1TS-000A-03248?Item=9SIAA0S7EF6506,//c1.neweggimages.com/NeweggImage/ProductImageCompressAll300/AA0S_1_201904031317845281.jpg
21,1TS-000A-06YA4,Computer Systems,Laptops / Notebooks,3,DELL,"Dell Inspiron 3000 Notebook, 15.6"" HD Display, Intel Core i7-8565U Upto 4.6GHz, 32GB RAM, 256GB NVMe SSD + 1TB HDD, HDMI, Card Reader, Wi-Fi, Bluetooth, Windows 10 Home",Free Expedited Shipping,1199.99,0.0,https://www.newegg.com/black-textured-dell-inspiron-3000/p/1TS-000A-06YA4?Item=9SIAEYAAKC3354,//c1.neweggimages.com/ProductImageCompressAll300/AEYA_1_20191118173296899.jpg
22,1TS-000D-03795,Computer Systems,Laptops / Notebooks,3,HP,"HP 5VC21UT ProBook 440 G6 14"" Laptop i7-8565U 8GB 256GB SSD W10P",,1032.43,0.0,https://www.newegg.com/p/1TS-000D-03795?Item=9SIA6ZP8KM4408,//c1.neweggimages.com/ProductImageCompressAll300/ABES_1_20190103629528007.jpg
23,1TS-000A-05Y98,Computer Systems,Laptops / Notebooks,3,DELL,"Dell Precision 7000 7540 15.6"" Mobile Workstation - 1920 x 1080 - Core i7 i7-9850H - 8 GB RAM - 256 GB SSD",,1899.99,2.99,https://www.newegg.com/p/1TS-000A-05Y98?Item=1TS-000A-05Y98,//c1.neweggimages.com/NeweggImage/ProductImageCompressAll300/A98Y_1_20190819381850432.jpg
24,1TS-000D-04TR1,Computer Systems,Laptops / Notebooks,3,HP,"HP 7KK02UT EliteBook 850 G6 15.6"" FHD Laptop i7-8665U 8GB 256GB SSD W10P",,1794.44,0.0,https://www.newegg.com/p/1TS-000D-04TR1?Item=9SIAFJ89HN9730,//c1.neweggimages.com/ProductImageCompressAll300/A24G_1_20190628705057654.jpg
25,1TS-001A-01326,Computer Systems,Laptops / Notebooks,3,ASUS,"ASUS VivoBook X512FA Notebook, 15.6"" FHD Display, Intel Core i7-8565U Upto 4.6GHz, 20GB RAM, 256GB NVMe SSD, HDMI, Card Reader, Wi-Fi, Bluetooth, Windows 10 Home",Free Expedited Shipping,1029.99,0.0,https://www.newegg.com/silver-asus-vivobook-x512fa/p/1TS-001A-01326?Item=9SIAEYAAKD7289,//c1.neweggimages.com/ProductImageCompressAll300/AEYA_1_201911191647012800.jpg
26,,Computer Systems,Laptops / Notebooks,3,Lenovo,"Lenovo Legion Y7000P Notebook, 15.6"" FHD Display, Intel Core i7-8750H Upto 4.1GHz, 16GB RAM, 256GB NVMe SSD, NVIDIA GeForce GTX 1060, HDMI, Mini DisplayPort, Wi-Fi, Bluetooth, Windows 10 Pro",Free Expedited Shipping,1787.49,0.0,https://www.newegg.com/steel-gray-lenovo-legion-y7000p/p/1TS-000E-0FD58?Item=9SIAA0SAKB3864,//c1.neweggimages.com/ProductImageCompressAll300/AA0S_1_201911181028248551.jpg
27,1TS-000D-06SB9,Computer Systems,Laptops / Notebooks,3,HP,"HP 15 Notebook, 15.6"" HD Touch Display, Intel Core i7-8565U Upto 4.6GHz, 32GB RAM, 256GB NVMe SSD, HDMI, Card Reader, Wi-Fi, Bluetooth, Windows 10 Home",Free Expedited Shipping,1049.99,0.0,https://www.newegg.com/silver-hp-15/p/1TS-000D-06SB9?Item=9SIAEYAAFV4567,//c1.neweggimages.com/ProductImageCompressAll300/V1VV_1_201910281463724905.jpg
28,1TS-000A-06H21,Computer Systems,Laptops / Notebooks,3,DELL,"Dell G7 Notebook, 15.6"" FHD Display, Intel Core i7-8750H Upto 4.1GHz, 8GB RAM, 256GB SSD + 1TB HDD, NVIDIA GeForce GTX 1060, HDMI, Thunderbolt, Card Reader, Wi-Fi, Bluetooth, Windows 10 Pro",Free Expedited Shipping,1099.99,0.0,https://www.newegg.com/black-dell-g7/p/1TS-000A-06H21?Item=9SIAA0SAD54112,//c1.neweggimages.com/ProductImageCompressAll300/AA0S_1_20191011660027751.jpg
29,1TS-000A-06H29,Computer Systems,Laptops / Notebooks,3,DELL,"Dell G7 Notebook, 15.6"" FHD Display, Intel Core i7-8750H Upto 4.1GHz, 16GB RAM, 256GB SSD + 1TB HDD, NVIDIA GeForce GTX 1060, HDMI, Thunderbolt, Card Reader, Wi-Fi, Bluetooth, Windows 10 Pro",Free Expedited Shipping,1139.99,0.0,https://www.newegg.com/black-dell-g7/p/1TS-000A-06H29?Item=9SIAA0SAD54138,//c1.neweggimages.com/ProductImageCompressAll300/AA0S_1_20191011111732183.jpg
30,1TS-000E-0F2E1,Computer Systems,Laptops / Notebooks,3,Lenovo,"Lenovo ThinkPad P53s Home and Business Laptop (Intel i7-8565U 4-Core, 16GB RAM, 256GB m.2 SATA SSD, 15.6"" Full HD (1920x1080), NVIDIA Quadro P520, Fingerprint, Wifi, Bluetooth, Webcam, Win 10 Pro)",,1678.80,0.0,https://www.newegg.com/p/1TS-000E-0F2E1?Item=9SIA7ABA6C2088,//c1.neweggimages.com/ProductImageCompressAll300/V0F3_1_20191008977374025.jpg
31,1TS-000E-0DF28,Computer Systems,Laptops / Notebooks,3,Lenovo,"Lenovo Legion Y530 Gaming Laptop, 15.6"" FHD Display, Intel 6-Core i7-8750H Upto 4.1GHz, 32GB RAM, 256GB NVMe SSD + 1TB HDD, GTX 1050Ti 4GB, HDMI, MiniDP, Backlit Keys, Wi-Fi, Bluetooth, Windows 10 Pro",Free Expedited Shipping,1649.99,0.0,https://www.newegg.com/black-lenovo-legion-y530/p/1TS-000E-0DF28?Item=9SIAA0S97C2662,//c1.neweggimages.com/ProductImageCompressAll300/A35U_1_20190507445558850.jpg
32,1TS-000X-00YV6,Computer Systems,Laptops / Notebooks,3,Acer America,"Acer Aspire 7  15.6"" FHD IPS GTX 1050 Ti i7-8750H 32 GB Memory 256 GB SSD + 1TB HDD Windows 10 Home Gaming Laptop",,1149.00,0.0,https://www.newegg.com/p/1TS-000X-00YV6?Item=9SIADRF9008558,//c1.neweggimages.com/NeweggImage/ProductImageCompressAll300/ADRF_131983680891379464t3uEy6PAQG.jpg
33,1TS-000D-067S4,Computer Systems,Laptops / Notebooks,3,HP,"HP ENVY x360 Home and Business Laptop (Intel i7-8565U 4-Core, 16GB RAM, 256GB  SATA SSD, 15.6"" Touch  4K UHD (3840x2160), NVIDIA GeForce MX150, Fingerprint, Wifi, Bluetooth, Webcam, Win 10 Pro)",,1798.80,0.0,https://www.newegg.com/p/1TS-000D-067S4?Item=9SIA7ABA2S2477,//c1.neweggimages.com/ProductImageCompressAll300/V0F3_1_2019091327061973.jpg
34,1TS-000D-03YY9,Computer Systems,Laptops / Notebooks,3,HP,"HP Spectre x360 - 15 Home and Business Laptop (i7-8565U 4-Core, 32GB RAM, 256GB  PCIe SSD, 15.6"" Touch  4K UHD (3840x2160), NVIDIA GeForce MX150, Fingerprint, Wifi, Bluetooth, Webcam, Win 10 Home)",,1699.00,0.0,https://www.newegg.com/p/1TS-000D-03YY9?Item=9SIA7AB97S6674,//c1.neweggimages.com/ProductImageCompressAll300/V0F3_1_20190424803252414.jpg
35,1TS-000D-067U3,Computer Systems,Laptops / Notebooks,3,HP,"HP ENVY x360 Home and Business Laptop (Intel i7-8565U 4-Core, 16GB RAM, 16GB Intel Optane + 256GB  SATA SSD, 15.6"" Touch  4K UHD (3840x2160), NVIDIA GeForce MX150, Fingerprint, Wifi, Win 10 Pro)",Free Expedited Shipping,1846.80,0.0,https://www.newegg.com/p/1TS-000D-067U3?Item=9SIA7ABA2S2496,//c1.neweggimages.com/ProductImageCompressAll300/V0F3_1_2019091327061973.jpg
