,item_number,general_category,product_category,page_number,brand,model_specifications,current_promotions,price,shipping,product_links,image_link
0,1TS-000E-0F201,Computer Systems,Laptops / Notebooks,6,Lenovo,"Lenovo ThinkPad E490 Notebook, 14"" FHD Display, Intel Core i7-8565U Upto 4.6GHz, 8GB RAM, 128GB NVMe SSD, HDMI, Card Reader, Wi-Fi, Bluetooth, Windows 10 Pro",Free Expedited Shipping,1199.99,0.0,https://www.newegg.com/black-lenovo-thinkpad-e490/p/1TS-000E-0F201?Item=9SIAA0SAC78959,//c1.neweggimages.com/ProductImageCompressAll300/AA0S_1_201910041806950698.jpg
1,1TS-000A-06H63,Computer Systems,Laptops / Notebooks,6,DELL,"Dell G7 Notebook, 15.6"" FHD Display, Intel Core i7-8750H Upto 4.1GHz, 8GB RAM, 128GB SSD + 1TB HDD, NVIDIA GeForce GTX 1060, HDMI, Thunderbolt, Card Reader, Wi-Fi, Bluetooth, Windows 10 Home",Free Expedited Shipping,1059.99,0.0,https://www.newegg.com/black-dell-g7/p/1TS-000A-06H63?Item=9SIAEYAAD56766,//c1.neweggimages.com/ProductImageCompressAll300/AEYA_1_201910111112348650.jpg
2,1TS-002F-002X9,Computer Systems,Laptops / Notebooks,6,GIGABYTE,"GIGABYTE Aorus 5 Notebook, 15.6"" FHD Display, Intel Core i7-9750H Upto 4.5GHz, 8GB RAM, 128GB NVMe SSD + 1TB HDD, NVIDIA GeForce GTX 1650, HDMI, Card Reader, Wi-Fi, Bluetooth, Windows 10 Pro",Free Expedited Shipping,1239.99,0.0,https://www.newegg.com/charcoal-gray-gigabyte-aorus-5/p/1TS-002F-002X9?Item=9SIAA0SAFY8700,//c1.neweggimages.com/ProductImageCompressAll300/AA0S_1_20191030932371019.jpg
3,1TS-002F-00338,Computer Systems,Laptops / Notebooks,6,GIGABYTE,"GIGABYTE Aorus 5 Notebook, 15.6"" FHD Display, Intel Core i7-9750H Upto 4.5GHz, 8GB RAM, 256GB NVMe SSD, NVIDIA GeForce GTX 1650, HDMI, Card Reader, Wi-Fi, Bluetooth, Windows 10 Home",Free Expedited Shipping,1209.99,0.0,https://www.newegg.com/charcoal-gray-gigabyte-aorus-5/p/1TS-002F-00338?Item=9SIAEYAAFY8904,//c1.neweggimages.com/ProductImageCompressAll300/V1VV_1_20191030232156603.jpg
4,1TS-000D-06485,Computer Systems,Laptops / Notebooks,6,HP,"HP OMEN 15t Gaming and Entertainment Laptop (Intel i7-9750H 6-Core, 8GB RAM, 256GB PCIe SSD, 15.6"" Full HD (1920x1080), NVIDIA GTX 1660 Ti, Wifi, Win 10 Home) with 2YR Ext Warranty+Damage Protection",,1954.80,0.0,https://www.newegg.com/p/1TS-000D-06485?Item=9SIA7ABA2C5127,//c1.neweggimages.com/ProductImageCompressAll300/V0F3_1_201909161677989956.jpg
5,1TS-002F-002Y3,Computer Systems,Laptops / Notebooks,6,GIGABYTE,"GIGABYTE Aorus 5 Notebook, 15.6"" FHD Display, Intel Core i7-9750H Upto 4.5GHz, 8GB RAM, 128GB NVMe SSD, NVIDIA GeForce GTX 1650, HDMI, Card Reader, Wi-Fi, Bluetooth, Windows 10 Pro",Free Expedited Shipping,1209.99,0.0,https://www.newegg.com/charcoal-gray-gigabyte-aorus-5/p/1TS-002F-002Y3?Item=9SIAA0SAFY8704,//c1.neweggimages.com/ProductImageCompressAll300/AA0S_1_20191030450168296.jpg
6,N82E16834844475,Computer Systems,Laptops / Notebooks,6,DELL,"Dell Latitude 5000 5400 14"" Notebook - 1920 x 1080 - Core i7 i7-8665U - 8 GB RAM - 256 GB SSD",,1636.96,18.50,https://www.newegg.com/dell-latitude-5400/p/N82E16834844475?Item=9SIAMG8ANM8087,//c1.neweggimages.com/ProductImageCompressAll300/A24G_1_201905182120709475.jpg
7,1TS-000E-0DZB2,Computer Systems,Laptops / Notebooks,6,Lenovo,"Lenovo S145-15IWL Home and Business Laptop (Intel i7-8565U 4-Core, 20GB RAM, 256GB PCIe SSD, 15.6"" Full HD (1920x1080), Intel UHD 620, Wifi, Bluetooth, Webcam, 2xUSB 3.0, 1xHDMI, SD Card, Win 10 Home)",,1209.99,0.0,https://www.newegg.com/p/1TS-000E-0DZB2?Item=9SIA8TKAHZ1972,//c1.neweggimages.com/NeweggImage/ProductImageCompressAll300/V0F3_1_201907041140460628.jpg
8,1TS-000A-06H25,Computer Systems,Laptops / Notebooks,6,DELL,"Dell G7 Notebook, 15.6"" FHD Display, Intel Core i7-8750H Upto 4.1GHz, 8GB RAM, 256GB SSD, NVIDIA GeForce GTX 1060, HDMI, Thunderbolt, Card Reader, Wi-Fi, Bluetooth, Windows 10 Home (I7588-7385BLK)",Free Expedited Shipping,1049.99,0.0,https://www.newegg.com/black-dell-g7/p/1TS-000A-06H25?Item=9SIAA0SAD54124,//c1.neweggimages.com/ProductImageCompressAll300/AA0S_1_201910111238228402.jpg
9,,Computer Systems,Laptops / Notebooks,6,Lenovo,"Lenovo Legion Y7000P Notebook, 15.6"" FHD Display, Intel Core i7-8750H Upto 4.1GHz, 16GB RAM, 256GB NVMe SSD, NVIDIA GeForce GTX 1060, HDMI, Mini DisplayPort, Wi-Fi, Bluetooth, Windows 10 Home",Free Expedited Shipping,1761.49,0.0,https://www.newegg.com/steel-gray-lenovo-legion-y7000p/p/1TS-000E-0FD83?Item=9SIAEYAAKB4172,//c1.neweggimages.com/ProductImageCompressAll300/AEYA_1_20191118450838751.jpg
10,1TS-000D-06SC2,Computer Systems,Laptops / Notebooks,6,HP,"HP 15 Notebook, 15.6"" HD Touch Display, Intel Core i7-8565U Upto 4.6GHz, 32GB RAM, 128GB NVMe SSD, HDMI, Card Reader, Wi-Fi, Bluetooth, Windows 10 Home",Free Expedited Shipping,1079.99,0.0,https://www.newegg.com/silver-hp-15/p/1TS-000D-06SC2?Item=9SIAEYAAFV4569,//c1.neweggimages.com/ProductImageCompressAll300/V1VV_1_20191028599899766.jpg
11,1TS-000A-038G3,Computer Systems,Laptops / Notebooks,6,DELL,"Dell G Series 15.6"" IPS Full HD Laptop, Intel 6-Core i7-8750H Upto 4.10GHz, 8GB DDR4, 128GB SSD, NVIDIA GeForce GTX 1060 Max Q 6GB, Thunderbolt 3, HDMI, Card Reader, Windows 10 Home",Free Expedited Shipping,1129.98,0.0,https://www.newegg.com/black-dell-g-series-7588-gaming-entertainment/p/1TS-000A-038G3?Item=9SIAEYA7YU2426,//c1.neweggimages.com/NeweggImage/ProductImageCompressAll300/AA0S_1_201904031317845281.jpg
12,1TS-000E-0DF65,Computer Systems,Laptops / Notebooks,6,Lenovo,"Lenovo Legion Y530 Gaming Laptop, 15.6"" FHD Display, Intel 6-Core i7-8750H Upto 4.1GHz, 8GB RAM, 128GB NVMe SSD + 1TB HDD, GTX 1050Ti 4GB, HDMI, MiniDP, Backlit Keys, Wi-Fi, Bluetooth, Windows 10 Home",Free Expedited Shipping,1029.99,0.0,https://www.newegg.com/black-lenovo-legion-y530/p/1TS-000E-0DF65?Item=9SIAEYA97C3247,//c1.neweggimages.com/ProductImageCompressAll300/AEYA_1_20190507453913195.jpg
13,1TS-000A-03242,Computer Systems,Laptops / Notebooks,6,DELL,"Dell G Series 15.6"" IPS Full HD Laptop, Intel 6-Core i7-8750H Upto 4.10GHz, 32GB DDR4, 256GB SSD Plus 1TB HDD, NVIDIA GeForce GTX 1060 Max Q 6GB, Thunderbolt 3, HDMI, Card Reader, Windows 10 Home",Free Expedited Shipping,1679.98,0.0,https://www.newegg.com/black-dell-g-series-7588-gaming-entertainment/p/1TS-000A-03242?Item=9SIAEYA7EF6444,//c1.neweggimages.com/NeweggImage/ProductImageCompressAll300/AA0S_1_201904031317845281.jpg
14,1TS-000A-038F2,Computer Systems,Laptops / Notebooks,6,DELL,"Dell G Series 15.6"" IPS Full HD Laptop, Intel 6-Core i7-8750H Upto 4.10GHz, 16GB DDR4, 240GB SSD, NVIDIA GeForce GTX 1060 Max Q 6GB, Thunderbolt 3, HDMI, Card Reader, Windows 10 Home",Free Expedited Shipping,1249.98,0.0,https://www.newegg.com/black-dell-g-series-7588-gaming-entertainment/p/1TS-000A-038F2?Item=9SIAEYA7YU2383,//c1.neweggimages.com/NeweggImage/ProductImageCompressAll300/AA0S_1_201904031317845281.jpg
15,1TS-000A-06H62,Computer Systems,Laptops / Notebooks,6,DELL,"Dell G7 Notebook, 15.6"" FHD Display, Intel Core i7-8750H Upto 4.1GHz, 16GB RAM, 256GB SSD, NVIDIA GeForce GTX 1060, HDMI, Thunderbolt, Card Reader, Wi-Fi, Bluetooth, Windows 10 Home",Free Expedited Shipping,1089.99,0.0,https://www.newegg.com/black-dell-g7/p/1TS-000A-06H62?Item=9SIAEYAAD56765,//c1.neweggimages.com/ProductImageCompressAll300/AEYA_1_201910111606790770.jpg
16,1TS-000A-038F5,Computer Systems,Laptops / Notebooks,6,DELL,"Dell G Series 15.6"" IPS Full HD Laptop, Intel 6-Core i7-8750H Upto 4.10GHz, 8GB DDR4, 240GB SSD, NVIDIA GeForce GTX 1060 Max Q 6GB, Thunderbolt 3, HDMI, Card Reader, Windows 10 Home",Free Expedited Shipping,1149.98,0.0,https://www.newegg.com/black-dell-g-series-7588-gaming-entertainment/p/1TS-000A-038F5?Item=9SIAEYA7YU2397,//c1.neweggimages.com/NeweggImage/ProductImageCompressAll300/AA0S_1_201904031317845281.jpg
17,1TS-002F-00314,Computer Systems,Laptops / Notebooks,6,GIGABYTE,"GIGABYTE Aorus 5 Notebook, 15.6"" FHD Display, Intel Core i7-9750H Upto 4.5GHz, 8GB RAM, 128GB NVMe SSD + 1TB HDD, NVIDIA GeForce GTX 1650, HDMI, Card Reader, Wi-Fi, Bluetooth, Windows 10 Home",Free Expedited Shipping,1219.99,0.0,https://www.newegg.com/charcoal-gray-gigabyte-aorus-5/p/1TS-002F-00314?Item=9SIAEYAAFY8880,//c1.neweggimages.com/ProductImageCompressAll300/AEYA_1_201910301526723613.jpg
18,1TS-000A-06H45,Computer Systems,Laptops / Notebooks,6,DELL,"Dell G7 Notebook, 15.6"" FHD Display, Intel Core i7-8750H Upto 4.1GHz, 16GB RAM, 128GB SSD + 1TB HDD, NVIDIA GeForce GTX 1060, HDMI, Thunderbolt, Card Reader, Wi-Fi, Bluetooth, Windows 10 Home",Free Expedited Shipping,1099.99,0.0,https://www.newegg.com/black-dell-g7/p/1TS-000A-06H45?Item=9SIAEYAAD56717,//c1.neweggimages.com/ProductImageCompressAll300/AEYA_1_201910112085246420.jpg
19,1TS-000E-08537,Computer Systems,Laptops / Notebooks,6,Lenovo,"Lenovo Yoga 910 2-in-1 14"" FHD IPS Touch-Screen Ultrabook, Intel Core i7-7500U, 8GB DDR4 RAM, 256GB SSD, HDMI, Bluetooth, 802.11ac, Fingerprint Reader, Backlit Keyboard, No DVD -Windows10",,1093.42,0.0,https://www.newegg.com/p/1TS-000E-08537?Item=9SIA17P7JU4817,//c1.neweggimages.com/NeweggImage/ProductImageCompressAll300/V0SF_131643283048163469atdKr4NT9d.jpg
20,1TS-000A-06Y96,Computer Systems,Laptops / Notebooks,6,DELL,"Dell Inspiron 3000 Notebook, 15.6"" HD Display, Intel Core i7-8565U Upto 4.6GHz, 32GB RAM, 256GB NVMe SSD + 1TB HDD, HDMI, Card Reader, Wi-Fi, Bluetooth, Windows 10 Pro",Free Expedited Shipping,1199.99,0.0,https://www.newegg.com/black-textured-dell-inspiron-3000/p/1TS-000A-06Y96?Item=9SIAA0SAKC3260,//c1.neweggimages.com/ProductImageCompressAll300/AA0S_1_201911181898973026.jpg
21,1TS-000A-038D4,Computer Systems,Laptops / Notebooks,6,DELL,"Dell G7 Series 15.6"" IPS Full HD Laptop, Intel 6-Core i7-8750H Upto 4.10GHz, 8GB DDR4, 256GB SSD, NVIDIA GeForce GTX 1060 Max Q 6GB, Thunderbolt 3, HDMI, Card Reader, Windows 10 Pro",Free Expedited Shipping,1219.99,0.0,https://www.newegg.com/black-dell-g-series-7588-gaming-amp-entertainment/p/1TS-000A-038D4?Item=9SIAA0S7YU2234,//c1.neweggimages.com/NeweggImage/ProductImageCompressAll300/AA0S_1_201904031317845281.jpg
22,,Computer Systems,Laptops / Notebooks,6,Lenovo,"Lenovo Legion Y7000P Notebook, 15.6"" FHD Display, Intel Core i7-8750H Upto 4.1GHz, 8GB RAM, 128GB NVMe SSD + 1TB HDD, NVIDIA GeForce GTX 1060, HDMI, Mini DisplayPort, Wi-Fi, Bluetooth, Windows 10 Pro",Free Expedited Shipping,1748.49,0.0,https://www.newegg.com/steel-gray-lenovo-legion-y7000p/p/1TS-000E-0FD65?Item=9SIAA0SAKB3871,//c1.neweggimages.com/ProductImageCompressAll300/AA0S_1_201911181130329449.jpg
23,1TS-000D-05N76,Computer Systems,Laptops / Notebooks,6,HP,"HP OMEN 15t Gaming and Entertainment Laptop (Intel i7-9750H 6-Core, 8GB RAM, 256GB m.2 SATA SSD + 1TB  HDD , 15.6"" Full HD (1920x1080), NVIDIA GTX 1660 Ti, ) with HP Z5000 Mouse , ME2 Backpack",OUT OF STOCK,1894.80,0.0,https://www.newegg.com/p/1TS-000D-05N76?Item=9SIA7AB9YM8181,//c1.neweggimages.com/ProductImageCompressAll300/V0F3_1_20190829551240668.jpg
24,,Computer Systems,Laptops / Notebooks,6,Lenovo,"Lenovo Legion Y7000P Notebook, 15.6"" FHD Display, Intel Core i7-8750H Upto 4.1GHz, 8GB RAM, 128GB NVMe SSD + 1TB HDD, NVIDIA GeForce GTX 1060, HDMI, Mini DisplayPort, Wi-Fi, Bluetooth, Windows 10 Home",Free Expedited Shipping,1715.99,0.0,https://www.newegg.com/steel-gray-lenovo-legion-y7000p/p/1TS-000E-0FD84?Item=9SIAEYAAKB4173,//c1.neweggimages.com/ProductImageCompressAll300/AEYA_1_201911181450283697.jpg
25,1TS-000D-06SA4,Computer Systems,Laptops / Notebooks,6,HP,"HP 15 Notebook, 15.6"" HD Touch Display, Intel Core i7-8565U Upto 4.6GHz, 32GB RAM, 128GB NVMe SSD, HDMI, Card Reader, Wi-Fi, Bluetooth, Windows 10 Pro",Free Expedited Shipping,1099.99,0.0,https://www.newegg.com/silver-hp-15/p/1TS-000D-06SA4?Item=9SIAA0SAFT5676,//c1.neweggimages.com/ProductImageCompressAll300/AA0S_1_20191028729831556.jpg
26,1TS-000D-05N43,Computer Systems,Laptops / Notebooks,6,HP,"HP OMEN 15t Gaming and Entertainment Laptop (Intel i7-9750H 6-Core, 8GB RAM, 256GB PCIe SSD + 1TB  HDD , 15.6"" Full HD (1920x1080), NVIDIA GTX 1660 Ti, Win 10 Home) with HP Z5000 Mouse , ME2 Backpack",,1894.80,0.0,https://www.newegg.com/p/1TS-000D-05N43?Item=9SIA7AB9YM8156,//c1.neweggimages.com/ProductImageCompressAll300/V0F3_1_20190829551240668.jpg
27,,Computer Systems,Laptops / Notebooks,6,Lenovo,"Lenovo Legion Y7000P Notebook, 15.6"" FHD Display, Intel Core i7-8750H Upto 4.1GHz, 16GB RAM, 256GB NVMe SSD +1TB HDD, NVIDIA GeForce GTX 1060, HDMI, Mini DisplayPort, Wi-Fi, Bluetooth, Windows 10 Home",Free Expedited Shipping,1806.99,0.0,https://www.newegg.com/steel-gray-lenovo-legion-y7000p/p/1TS-000E-0FD79?Item=9SIAEYAAKB4168,//c1.neweggimages.com/ProductImageCompressAll300/AEYA_1_20191118553512748.jpg
28,1TS-000A-06H37,Computer Systems,Laptops / Notebooks,6,DELL,"Dell G7 Notebook, 15.6"" FHD Display, Intel Core i7-8750H Upto 4.1GHz, 8GB RAM, 128GB SSD + 1TB HDD, NVIDIA GeForce GTX 1060, HDMI, Thunderbolt, Card Reader, Wi-Fi, Bluetooth, Windows 10 Pro",Free Expedited Shipping,1079.99,0.0,https://www.newegg.com/black-dell-g7/p/1TS-000A-06H37?Item=9SIAA0SAD54158,//c1.neweggimages.com/ProductImageCompressAll300/AA0S_1_201910111240652179.jpg
29,1TS-000E-0DF15,Computer Systems,Laptops / Notebooks,6,Lenovo,"Lenovo Legion Y530 Gaming Laptop, 15.6"" FHD Display, Intel 6-Core i7-8750H Upto 4.1GHz, 16GB RAM, 128GB NVMe SSD + 1TB HDD, GTX 1050Ti 4GB, HDMI, MiniDP, Backlit Keys, Wi-Fi, Bluetooth, Windows 10 Pro",Free Expedited Shipping,1129.99,0.0,https://www.newegg.com/black-lenovo-legion-y530/p/1TS-000E-0DF15?Item=9SIAA0S97C2643,//c1.neweggimages.com/ProductImageCompressAll300/AA0S_1_20190507322613500.jpg
30,1TS-000A-038G1,Computer Systems,Laptops / Notebooks,6,DELL,"Dell G Series 15.6"" IPS Full HD Laptop, Intel 6-Core i7-8750H Upto 4.10GHz, 16GB DDR4, 128GB SSD, NVIDIA GeForce GTX 1060 Max Q 6GB, Thunderbolt 3, HDMI, Card Reader, Windows 10 Home",Free Expedited Shipping,1229.98,0.0,https://www.newegg.com/black-dell-g-series-7588-gaming-entertainment/p/1TS-000A-038G1?Item=9SIAEYA7YU2419,//c1.neweggimages.com/NeweggImage/ProductImageCompressAll300/AA0S_1_201904031317845281.jpg
31,,Computer Systems,Laptops / Notebooks,6,Lenovo,"Lenovo Legion Y7000P Notebook, 15.6"" FHD Display, Intel Core i7-8750H Upto 4.1GHz, 8GB RAM, 256GB NVMe SSD, NVIDIA GeForce GTX 1060, HDMI, Mini DisplayPort, Wi-Fi, Bluetooth, Windows 10 Pro",Free Expedited Shipping,1735.49,0.0,https://www.newegg.com/steel-gray-lenovo-legion-y7000p/p/1TS-000E-0FD56?Item=9SIAA0SAKB3862,//c1.neweggimages.com/ProductImageCompressAll300/AA0S_1_201911181805341837.jpg
32,1TS-000A-06H53,Computer Systems,Laptops / Notebooks,6,DELL,"Dell G7 Notebook, 15.6"" FHD Display, Intel Core i7-8750H Upto 4.1GHz, 8GB RAM, 256GB SSD + 1TB HDD, NVIDIA GeForce GTX 1060, HDMI, Thunderbolt, Card Reader, Wi-Fi, Bluetooth, Windows 10 Home",Free Expedited Shipping,1079.99,0.0,https://www.newegg.com/black-dell-g7/p/1TS-000A-06H53?Item=9SIAEYAAD56741,//c1.neweggimages.com/ProductImageCompressAll300/AEYA_1_20191011790739300.jpg
33,1TS-000E-0DF25,Computer Systems,Laptops / Notebooks,6,Lenovo,"Lenovo Legion Y530 Gaming Laptop, 15.6"" FHD Display, Intel 6-Core i7-8750H Upto 4.1GHz, 32GB RAM, 128GB NVMe SSD + 1TB HDD, GTX 1050Ti 4GB, HDMI, MiniDP, Backlit Keys, Wi-Fi, Bluetooth, Windows 10 Pro",Free Expedited Shipping,1579.99,0.0,https://www.newegg.com/black-lenovo-legion-y530/p/1TS-000E-0DF25?Item=9SIAA0S97C2658,//c1.neweggimages.com/ProductImageCompressAll300/AA0S_1_20190507342230020.jpg
34,1TS-000A-07166,Computer Systems,Laptops / Notebooks,6,DELL,"Alienware 15 R4 Hexa-Core Premium Gaming Laptop, 8th Gen Intel Core i7 Processor, 15.6'' FHD 60Hz IPS Display, 8GB DDR4 256GB PCIe SSD, HDMI WiFi BT 5.0 6G GTX 1060 Thunderbolt Backlit KB Win 10",,1099.00,0.0,https://www.newegg.com/p/1TS-000A-07166?Item=9SIADRFAM96929,//c1.neweggimages.com/ProductImageCompressAll300/ADRF_1_201911211029648062.jpg
35,1TS-000E-0DZ97,Computer Systems,Laptops / Notebooks,6,Lenovo,"Lenovo S145-15IWL Home and Business Laptop (Intel i7-8565U 4-Core, 12GB RAM, 256GB m.2 SATA SSD + 1TB  HDD, 15.6"" Full HD (1920x1080), Intel UHD 620, Wifi, Bluetooth, Webcam, 2xUSB 3.0, Win 10 Pro)",,1209.99,0.0,https://www.newegg.com/p/1TS-000E-0DZ97?Item=9SIA8TKAHT7491,//c1.neweggimages.com/NeweggImage/ProductImageCompressAll300/V0F3_1_201907041140460628.jpg
