,item_number,general_category,product_category,page_number,brand,model_specifications,current_promotions,price,shipping,product_links,image_link
0,1TS-000A-045S7,Computer Systems,Laptops / Notebooks,8,DELL,"Alienware 15 R3 Gaming Notebook, 15.6"" IPS FHD, Intel Quad-Core i7-7700HQ Upto 3.8GHz, 32GB RAM, 256GB SSD + 1TB HDD, GeForce GTX 1070 8GB, HDMI, MiniDP, Wi-Fi, Bluetooth, Windows 10 Home",Free Expedited Shipping,1647.00,0.0,https://www.newegg.com/silver-alienware-15-r3-gaming-notebook/p/1TS-000A-045S7?Item=9SIAEYA8U33494,//c1.neweggimages.com/ProductImageCompressAll300/AEYA_1_201902261117426942.jpg
1,1TS-000D-067W1,Computer Systems,Laptops / Notebooks,8,HP,"HP ENVY x360 Home and Business Laptop (Intel i7-8565U 4-Core, 8GB RAM, 256GB PCIe SSD, 15.6"" Touch  4K UHD (3840x2160), NVIDIA GeForce MX150, Fingerprint, Wifi, Bluetooth, Webcam, Win 10 Pro)",,1738.80,0.0,https://www.newegg.com/p/1TS-000D-067W1?Item=9SIA7ABA2S2516,//c1.neweggimages.com/ProductImageCompressAll300/V0F3_1_2019091327061973.jpg
2,1TS-000A-045T5,Computer Systems,Laptops / Notebooks,8,DELL,"Alienware 15 R3 Gaming Notebook, 15.6"" IPS FHD, Intel Quad-Core i7-7700HQ Upto 3.8GHz, 8GB RAM, 256GB SSD, GeForce GTX 1070 8GB, HDMI, MiniDP, Wi-Fi, Bluetooth, Windows 10 Home",Free Expedited Shipping,1537.38,0.0,https://www.newegg.com/silver-alienware-15-r3-gaming-notebook/p/1TS-000A-045T5?Item=9SIAEYA8U33513,//c1.neweggimages.com/ProductImageCompressAll300/AEYA_1_20190226314916244.jpg
3,1TS-000A-045P1,Computer Systems,Laptops / Notebooks,8,DELL,"Alienware 15 R3 Gaming Notebook, 15.6"" IPS FHD, Intel Quad-Core i7-7700HQ Upto 3.8GHz, 16GB RAM, 256GB SSD, GeForce GTX 1070 8GB, HDMI, MiniDP, Wi-Fi, Bluetooth, Windows 10 Pro",Free Expedited Shipping,1574.10,0.0,https://www.newegg.com/silver-alienware-15-r3-gaming-notebook/p/1TS-000A-045P1?Item=9SIAA0S8U32186,//c1.neweggimages.com/ProductImageCompressAll300/AA0S_1_201902261219681479.jpg
4,1TS-000D-06526,Computer Systems,Laptops / Notebooks,8,HP,"HP 15-dw0035cl Home Office Laptop (Intel i7-8565U 4-Core, 64GB RAM, 256GB PCIe SSD, 15.6"" Touch  HD (1366x768), Intel UHD 620, Wifi, Bluetooth, Win 10 Pro) with 2YR Ext Warranty+Damage Protection",,1834.80,0.0,https://www.newegg.com/p/1TS-000D-06526?Item=9SIA7ABA2N0312,//c1.neweggimages.com/ProductImageCompressAll300/V0F3_1_201909181065508147.jpg
5,1TS-000A-045R2,Computer Systems,Laptops / Notebooks,8,DELL,"Alienware 15 R3 Gaming Notebook, 15.6"" IPS FHD, Intel Quad-Core i7-7700HQ Upto 3.8GHz, 8GB RAM, 128GB SSD + 1TB HDD, GeForce GTX 1070 8GB, HDMI, MiniDP, Wi-Fi, Bluetooth, Windows 10 Pro",Free Expedited Shipping,1559.52,0.0,https://www.newegg.com/silver-alienware-15-r3-gaming-notebook/p/1TS-000A-045R2?Item=9SIAA0S8U32207,//c1.neweggimages.com/ProductImageCompressAll300/AA0S_1_201902261698329572.jpg
6,1TS-000X-01EN2,Computer Systems,Laptops / Notebooks,8,Acer America,Acer Predator Helios 300 Customized Gaming Laptop | Intel Hexa Core i7-8750H | 8GB RAM 256GB SSD | Full HD IPS Display | NVIDIA GTX 1060 6GB GDDR5 | AeroBlade 3D Fan Cooling | Windows 10 Black,,1239.21,0.0,https://www.newegg.com/p/1TS-000X-01EN2?Item=9SIAJZDAG27168,//c1.neweggimages.com/ProductImageCompressAll300/AHBU_1_20190719523360128.jpg
7,1TS-000A-045T4,Computer Systems,Laptops / Notebooks,8,DELL,"Alienware 15 R3 Gaming Notebook, 15.6"" IPS FHD, Intel Quad-Core i7-7700HQ Upto 3.8GHz, 8GB RAM, 256GB SSD + 1TB HDD, GeForce GTX 1070 8GB, HDMI, MiniDP, Wi-Fi, Bluetooth, Windows 10 Home",Free Expedited Shipping,1562.76,0.0,https://www.newegg.com/silver-alienware-15-r3-gaming-notebook/p/1TS-000A-045T4?Item=9SIAEYA8U33512,//c1.neweggimages.com/ProductImageCompressAll300/AEYA_1_20190226782348527.jpg
8,1TS-000A-045T2,Computer Systems,Laptops / Notebooks,8,DELL,"Alienware 15 R3 Gaming Notebook, 15.6"" IPS FHD, Intel Quad-Core i7-7700HQ Upto 3.8GHz, 8GB RAM, 128GB SSD + 1TB HDD, GeForce GTX 1070 8GB, HDMI, MiniDP, Wi-Fi, Bluetooth, Windows 10 Home",Free Expedited Shipping,1553.04,0.0,https://www.newegg.com/silver-alienware-15-r3-gaming-notebook/p/1TS-000A-045T2?Item=9SIAEYA8U33505,//c1.neweggimages.com/ProductImageCompressAll300/AEYA_1_201902262075009161.jpg
9,1TS-000X-01EW1,Computer Systems,Laptops / Notebooks,8,Acer America,Acer Predator Helios 300 Customized Gaming Laptop | Intel Hexa Core i7-8750H | 8GB RAM 128GB SSD 500GB HDD | Full HD IPS Display | NVIDIA GTX 1060 6GB GDDR5 | AeroBlade 3D Fan | Windows 10 Black,,1239.21,0.0,https://www.newegg.com/p/1TS-000X-01EW1?Item=9SIAJZDAG27462,//c1.neweggimages.com/ProductImageCompressAll300/AHBU_1_20190719523360128.jpg
10,1TS-000A-045S5,Computer Systems,Laptops / Notebooks,8,DELL,"Alienware 15 R3 Gaming Notebook, 15.6"" IPS FHD, Intel Quad-Core i7-7700HQ Upto 3.8GHz, 32GB RAM, 128GB SSD + 1TB HDD, GeForce GTX 1070 8GB, HDMI, MiniDP, Wi-Fi, Bluetooth, Windows 10 Home",Free Expedited Shipping,1637.28,0.0,https://www.newegg.com/silver-alienware-15-r3-gaming-notebook/p/1TS-000A-045S5?Item=9SIAEYA8U33487,//c1.neweggimages.com/ProductImageCompressAll300/AEYA_1_20190226348260759.jpg
11,1TS-001A-00Z15,Computer Systems,Laptops / Notebooks,8,ASUS,"2019 ASUS ROG G531GT 15.6"" Customized Gaming Laptop | Hexa Core Intel i7-9750H Mobile Processor | 12GB RAM 128GB SSD |GeForce GTX 1650 4GB GDDR5 | RGB Backlit Keyboard | Windows 10 Black",,1098.54,0.0,https://www.newegg.com/p/1TS-001A-00Z15?Item=9SIAJZDAEN3361,//c1.neweggimages.com/ProductImageCompressAll300/AJZD_1_201910211890777557.jpg
12,1TS-001A-00Z13,Computer Systems,Laptops / Notebooks,8,ASUS,"2019 ASUS ROG G531GT 15.6"" Customized Gaming Laptop | Hexa Core Intel i7-9750H Mobile Processor | 24GB RAM 256GB SSD |GeForce GTX 1650 4GB GDDR5 | RGB Backlit Keyboard | Windows 10 Black",,1211.72,0.0,https://www.newegg.com/p/1TS-001A-00Z13?Item=9SIAJZDAEN3359,//c1.neweggimages.com/ProductImageCompressAll300/AJZD_1_201910211890777557.jpg
13,N82E16834850843,Computer Systems,Laptops / Notebooks,8,Lenovo,"Lenovo French Laptop ThinkPad T480 (20L5000UCA) Intel Core i7 8th Gen 8550U (1.80 GHz) 8 GB Memory 256 GB SSD Intel UHD Graphics 620 14.0"" Windows 10 Pro 64-Bit",,1612.99,10.99,https://www.newegg.com/lenovo-thinkpad-t480-mainstream/p/N82E16834850843?Item=9SIAD6H71A2917,//c1.neweggimages.com/NeweggImage/ProductImageCompressAll300/34-850-843-S01.jpg
14,1TS-001A-00Z01,Computer Systems,Laptops / Notebooks,8,ASUS,"2019 ASUS ROG G531GT 15.6"" Customized Gaming Laptop | Hexa Core Intel i7-9750H Mobile Processor | 12GB RAM 256GB SSD |GeForce GTX 1650 4GB GDDR5 | RGB Backlit Keyboard | Windows 10 Black",,1118.51,0.0,https://www.newegg.com/p/1TS-001A-00Z01?Item=9SIAJZDAEN3347,//c1.neweggimages.com/ProductImageCompressAll300/AJZD_1_201910211890777557.jpg
15,1TS-001A-00Z08,Computer Systems,Laptops / Notebooks,8,ASUS,"2019 ASUS ROG G531GT 15.6"" Customized Gaming Laptop | Hexa Core Intel i7-9750H Mobile Processor | 24GB RAM 128GB SSD |GeForce GTX 1650 4GB GDDR5 | RGB Backlit Keyboard | Windows 10 Black",,1191.74,0.0,https://www.newegg.com/p/1TS-001A-00Z08?Item=9SIAJZDAEN3354,//c1.neweggimages.com/ProductImageCompressAll300/AJZD_1_201910211890777557.jpg
16,1TS-001A-00Z05,Computer Systems,Laptops / Notebooks,8,ASUS,"2019 ASUS ROG G531GT 15.6"" Customized Gaming Laptop | Hexa Core Intel i7-9750H Mobile Processor | 8GB RAM 256GB SSD |GeForce GTX 1650 4GB GDDR5 | RGB Backlit Keyboard | Windows 10 Black",,1091.88,0.0,https://www.newegg.com/p/1TS-001A-00Z05?Item=9SIAJZDAEN3351,//c1.neweggimages.com/ProductImageCompressAll300/AJZD_1_201910211890777557.jpg
17,1TS-001A-00Z10,Computer Systems,Laptops / Notebooks,8,ASUS,"2019 ASUS ROG G531GT 15.6"" Customized Gaming Laptop | Hexa Core Intel i7-9750H Mobile Processor | 16GB RAM 128GB SSD |GeForce GTX 1650 4GB GDDR5 | RGB Backlit Keyboard | Windows 10 Black",,1125.17,0.0,https://www.newegg.com/p/1TS-001A-00Z10?Item=9SIAJZDAEN3356,//c1.neweggimages.com/ProductImageCompressAll300/AJZD_1_201910211890777557.jpg
18,1TS-000A-028N7,Computer Systems,Laptops / Notebooks,8,DELL,"Dell XPS 15 9560 15.6"" Laptop i7-7700HQ 7th Gen 8 GB RAM 256 GB PCIe SSD FHD NVIDIA GeForce GTX 1050 FingerPrnt",,1679.99,0.0,https://www.newegg.com/p/1TS-000A-028N7?Item=9SIADDT68F0347,//c1.neweggimages.com/NeweggImage/ProductImageCompressAll300/ACYB_131492131552446108Ew7IRJhYSF.jpg
19,1TS-000E-0FSS3,Computer Systems,Laptops / Notebooks,8,Lenovo,"Lenovo ThinkPad T570 Windows 7 Pro - i7-6600U, 16GB RAM, 128GB SSD, 15.6"" IPS FHD (1920x1080) Matte Display, Fingerprint Reader, Black Color",,1704.99,0.0,https://www.newegg.com/p/1TS-000E-0FSS3?Item=9SIA8TKASX0803,//c1.neweggimages.com/ProductImageCompressAll300/A8TK_1_201801051728744162.jpg
20,1TS-000E-0D3F4,Computer Systems,Laptops / Notebooks,8,Lenovo,"Lenovo Business 330S Laptop- Linux Mint Cinnamon, Intel i7-8550U, 8GB RAM, 256GB PCIe NVMe SSD + 2TB SSD, 14"" FHD IPS (1920x1080) Display, Fast Charging",,1649.99,0.0,https://www.newegg.com/gray-lenovo-330s/p/1TS-000E-0D3F4?Item=9SIA8TK8UH5853,//c1.neweggimages.com/ProductImageCompressAll300/A8TK_1_20190304562021573.jpg
21,1TS-000E-07FX1,Computer Systems,Laptops / Notebooks,8,Lenovo,"2017 Lenovo ThinkPad X1 Carbon 4G LTE (5th Gen) - Windows 7 Pro - Intel Core i7-7600U, 128GB SSD, 8GB RAM, 14"" WQHD IPS (2560x1440) Display, Fingerprint Reader, (Classic Black)",,1759.99,0.0,https://www.newegg.com/p/1TS-000E-07FX1?Item=9SIA8TK6M31606,//c1.neweggimages.com/NeweggImage/ProductImageCompressAll300/A8TK_1_20170915238001060.jpg
22,1TS-000E-06VV0,Computer Systems,Laptops / Notebooks,8,Lenovo,"2017 Lenovo ThinkPad X1 Carbon (5th Gen) - Windows 10 Pro - Intel Core i7-7600U, 256GB NVMe-PCIe SSD, 8GB RAM, 14"" WQHD IPS (2560x1440) Display, Fingerprint Reader, (Classic Black)",,1539.99,0.0,https://www.newegg.com/p/1TS-000E-06VV0?Item=9SIA8TK6DE9805,//c1.neweggimages.com/NeweggImage/ProductImageCompressAll300/A8TK_1_20170915238001060.jpg
23,1TS-000E-07F40,Computer Systems,Laptops / Notebooks,8,Lenovo,"2017 Lenovo ThinkPad X1 Carbon 4G LTE (5th Gen) - Windows 10 Pro - Intel Core i7-7600U, 180GB SSD, 16GB RAM, 14"" WQHD IPS (2560x1440) Display, Fingerprint Reader, (Classic Black)",,1957.99,0.0,https://www.newegg.com/p/1TS-000E-07F40?Item=9SIA8TK6M31135,//c1.neweggimages.com/NeweggImage/ProductImageCompressAll300/A8TK_1_20170915238001060.jpg
24,1TS-000E-0CMV8,Computer Systems,Laptops / Notebooks,8,Lenovo,"Lenovo Business 330S Laptop- Linux Mint 19 (Cinnamon), Intel i7-8550U, 20GB RAM, 256GB PCIe NVMe SSD + 2TB HDD, 15.6"" HD 1366x768 Display, Fast Charging",,1506.99,0.0,https://www.newegg.com/blue-lenovo-330s/p/1TS-000E-0CMV8?Item=9SIA8TK8MM1783,//c1.neweggimages.com/ProductImageCompressAll300/A8TK_1_20190111426895666.jpg
25,1TS-000E-09BD6,Computer Systems,Laptops / Notebooks,8,Lenovo,"2018 Lenovo ThinkPad T480s Windows 10 Pro Laptop - Intel Core i7-8650U, 24GB RAM, 180GB SSD, 14"" IPS FHD (1920x1080) Matte Display, Fingerprint Reader,  Black Color",,1814.99,0.0,https://www.newegg.com/p/1TS-000E-09BD6?Item=9SIA8TK7ZM6781,//c1.neweggimages.com/NeweggImage/ProductImageCompressAll300/V0E4_1_20190130807883272.jpg
26,1TS-000E-07FD2,Computer Systems,Laptops / Notebooks,8,Lenovo,"2017 Lenovo ThinkPad X1 Carbon 4G LTE (5th Gen) - Windows 7 Pro - Intel Core i7-7500U, 128GB SSD, 16GB RAM, 14"" FHD IPS (1920x1080) Display, Fingerprint Reader, (Classic Black)",,1704.99,0.0,https://www.newegg.com/p/1TS-000E-07FD2?Item=9SIA8TK6M31437,//c1.neweggimages.com/NeweggImage/ProductImageCompressAll300/A8TK_1_20170915238001060.jpg
27,1TS-000E-0A321,Computer Systems,Laptops / Notebooks,8,Lenovo,"2018 Lenovo ThinkPad T480s Windows 10 Pro Laptop - i7-8550U, 8GB RAM, 256GB SSD, 14"" IPS WQHD (2560x1440) Matte Display, Fingerprint Reader, Smart Card Reader, 4G LTE WWAN,  Black",,1759.99,0.0,https://www.newegg.com/p/1TS-000E-0A321?Item=9SIA8TK8A12346,//c1.neweggimages.com/NeweggImage/ProductImageCompressAll300/A8TK_1_20180727843708741.jpg
28,1TS-000E-06U85,Computer Systems,Laptops / Notebooks,8,Lenovo,"Lenovo ThinkPad T470s Windows 7 Pro Laptop - Intel Core i7-7600U, 12GB RAM, 128GB SSD, 14"" IPS WQHD (2560x1440) Matte Display, Fingerprint Reader, Smart Card Reader, Silver Color",,1539.99,0.0,https://www.newegg.com/p/1TS-000E-06U85?Item=9SIA8TK6CV2695,//c1.neweggimages.com/NeweggImage/ProductImageCompressAll300/A8TK_1_201709071888383141.jpg
29,1TS-000E-0FSJ6,Computer Systems,Laptops / Notebooks,8,Lenovo,"Lenovo ThinkPad Touch T570 Windows 10 Pro - i7-7600U, 8GB RAM, 256GB PCIe NVMe SSD, 15.6"" IPS FHD (1920x1080) Matte Touchscreen, Fingerprint Reader, Black Color",,1599.99,0.0,https://www.newegg.com/p/1TS-000E-0FSJ6?Item=9SIA8TKASX0693,//c1.neweggimages.com/ProductImageCompressAll300/A8TK_1_201801051728744162.jpg
30,1TS-000E-0D3S1,Computer Systems,Laptops / Notebooks,8,Lenovo,"Lenovo Business 330S Laptop- Windows 10 Home Premium, Intel i7-8550U, 12GB RAM, 256GB PCIe NVMe SSD + 2TB SSD, 14"" FHD IPS (1920x1080) Display, Fast Charging",,1704.99,0.0,https://www.newegg.com/gray-lenovo-330s/p/1TS-000E-0D3S1?Item=9SIA8TK8UH6061,//c1.neweggimages.com/ProductImageCompressAll300/A8TK_1_20190304562021573.jpg
31,1TS-000E-09B93,Computer Systems,Laptops / Notebooks,8,Lenovo,"2018 Lenovo ThinkPad T480s Windows 10 Pro Laptop - Intel Core i7-8650U, 12GB RAM, 256GB PCIe NVMe SSD, 14"" IPS FHD 1920x1080 Matte Display, Fingerprint Reader, 4G LTE WWAN, Black",,1814.99,0.0,https://www.newegg.com/p/1TS-000E-09B93?Item=9SIA8TK7ZM6738,//c1.neweggimages.com/NeweggImage/ProductImageCompressAll300/V0E4_1_20190130807883272.jpg
32,1TS-000E-09BN8,Computer Systems,Laptops / Notebooks,8,Lenovo,"2018 Lenovo ThinkPad T480s Windows 10 Pro Laptop - Intel Core i7-8650U, 24GB RAM, 128GB SSD, 14"" IPS FHD (1920x1080) Matte Display, Fingerprint Reader,  Black Color",,1814.99,0.0,https://www.newegg.com/p/1TS-000E-09BN8?Item=9SIA8TK7ZM6863,//c1.neweggimages.com/NeweggImage/ProductImageCompressAll300/V0E4_1_20190130807883272.jpg
33,1TS-000D-05E63,Computer Systems,Laptops / Notebooks,8,HP,"2019 HP Pavilion 15.6"" FHD IPS Touchscreen Business Laptop, Intel Quad Core i7-8550U upto 4.0GHz, 12GB RAM, 128GB SSD Boot + 2TB HDD, Backlit Keyboard, WiFi, HDMI, USB-C, Windows 10, Gold",,1005.99,0.0,https://www.newegg.com/gold-hp-pavilion-mainstream/p/1TS-000D-05E63?Item=9SIAKYF9VU4483,//c1.neweggimages.com/ProductImageCompressAll300/AK1E_1_201907281825676211.jpg
34,1TS-000E-0A0R0,Computer Systems,Laptops / Notebooks,8,Lenovo,"2018 Lenovo ThinkPad T480s Windows 10 Pro Laptop -  i7-8650U, 12GB RAM, 256GB SSD, 14"" IPS FHD (1920x1080) Touch Display w/ NVIDIA MX150 Graphics, Smart Card Reader, Black",,1759.99,0.0,https://www.newegg.com/p/1TS-000E-0A0R0?Item=9SIA8TK8A11592,//c1.neweggimages.com/NeweggImage/ProductImageCompressAll300/A8TK_1_20180727843708741.jpg
35,1TS-000E-0CMK2,Computer Systems,Laptops / Notebooks,8,Lenovo,"Lenovo Business 330S Laptop - Linux Mint 19 (Cinnamon) - Intel i7-8550U, 12GB RAM, 256GB SSD, 15.6"" HD 1366x768 Display, Fast Charging",,1209.99,0.0,https://www.newegg.com/blue-lenovo-330s/p/1TS-000E-0CMK2?Item=9SIA8TK8MM1646,//c1.neweggimages.com/ProductImageCompressAll300/A8TK_1_20190111426895666.jpg
