,item_number,general_category,product_category,page_number,brand,model_specifications,current_promotions,price,shipping,product_links,image_link
0,1TS-000A-05PE9,Computer Systems,Laptops / Notebooks,5,DELL,"Dell  G3 Notebook, 15.6"" FHD Display, Intel Core i7-8750H Upto 4.1GHz, 8GB RAM, 128GB SSD, NVIDIA GeForce GTX 1050 Ti, HDMI, Card Reader, Wi-Fi, Bluetooth, Windows 10 Pro",Free Expedited Shipping,1169.00,0.0,https://www.newegg.com/black-dell-g3/p/1TS-000A-05PE9?Item=9SIAA0S9MZ9237,//c1.neweggimages.com/ProductImageCompressAll300/AA0S_1_201907161505793781.jpg
1,1TS-000A-05PG6,Computer Systems,Laptops / Notebooks,5,DELL,"Dell  G3 Notebook, 15.6"" FHD Display, Intel Core i7-8750H Upto 4.1GHz, 16GB RAM, 256GB SSD, NVIDIA GeForce GTX 1050 Ti, HDMI, Card Reader, Wi-Fi, Bluetooth, Windows 10 Home",Free Expedited Shipping,1209.00,0.0,https://www.newegg.com/black-dell-g3/p/1TS-000A-05PG6?Item=9SIAEYA9MZ9439,//c1.neweggimages.com/ProductImageCompressAll300/AEYA_1_201907161371561797.jpg
2,1TS-000A-05PD8,Computer Systems,Laptops / Notebooks,5,DELL,"Dell  G3 Notebook, 15.6"" FHD Display, Intel Core i7-8750H Upto 4.1GHz, 8GB RAM, 256GB SSD, NVIDIA GeForce GTX 1050 Ti, HDMI, Card Reader, Wi-Fi, Bluetooth, Windows 10 Pro",Free Expedited Shipping,1189.00,0.0,https://www.newegg.com/black-dell-g3/p/1TS-000A-05PD8?Item=9SIAA0S9MZ9217,//c1.neweggimages.com/ProductImageCompressAll300/A6ZP_1_20190716162096952.jpg
3,1TS-000A-03MG6,Computer Systems,Laptops / Notebooks,5,DELL,"Dell XPS 15 Intel Core i7-8750H 8 GB Memory 256 GB PCIe SSD NVIDIA GeForce GTX 1050 Ti Windows 10 Home 64-Bit 15.6"" IPS Laptop",,1679.99,0.0,https://www.newegg.com/silver-dell-xps-15-9570/p/1TS-000A-03MG6?Item=9SIADDT8D93687,//c1.neweggimages.com/NeweggImage/ProductImageCompressAll300/ADYY_1318611313763208306DQ7sIV1MH.jpg
4,1TS-000A-038E1,Computer Systems,Laptops / Notebooks,5,DELL,"Dell G7 Series 15.6"" IPS Full HD Laptop, Intel 6-Core i7-8750H Upto 4.10GHz, 8GB DDR4, 128GB SSD, NVIDIA GeForce GTX 1060 Max Q 6GB, Thunderbolt 3, HDMI, Card Reader, Windows 10 Pro",Free Expedited Shipping,1179.99,0.0,https://www.newegg.com/black-dell-g-series-7588-gaming-amp-entertainment/p/1TS-000A-038E1?Item=9SIAA0S7YU2253,//c1.neweggimages.com/NeweggImage/ProductImageCompressAll300/AA0S_1_201904031317845281.jpg
5,N82E16834235180,Computer Systems,Laptops / Notebooks,5,ASUS,"ASUS VivoBook Slim and Portable Laptop, 15.6"" FHD, Intel Core i7-8565U CPU, 8 GB DDR4, 256 GB SSD + 1 TB HDD, NanoEdge, NVIDIA GeForce MX150, Gun Metal Grey, Windows 10, S530FN-BH73",,1894.00,0.0,https://www.newegg.com/gun-metal-asus-vivobook-s530fn-bh73-mainstream/p/N82E16834235180?Item=9SIAKVHB3T5613,//c1.neweggimages.com/ProductImageCompressAll300/34-235-180-V01.jpg
6,N82E16834234838,Computer Systems,Laptops / Notebooks,5,ASUS,"ASUS VivoBook S510UN-EH76 15.6"" Full HD Thin and Portable Laptop, Intel Core i7-8550U 1.8 GHz Processor, NVIDIA GeForce MX150 2 GB, 8 GB DDR4 RAM, 256 GB M.2 SSD + 1 TB HDD, Windows 10 Home Signature",,1150.00,0.0,https://www.newegg.com/gold-asus-vivobook-s510un-eh76-mainstream/p/N82E16834234838?Item=9SIA8X57143577,//c1.neweggimages.com/NeweggImage/ProductImageCompressAll300/34-234-838-V21.jpg
7,N82E16834234873,Computer Systems,Laptops / Notebooks,5,ASUS,"ASUS VivoBook S510UA-DS71 Ultra Thin and Portable Laptop, Intel Core i7-8550U Processor, 8 GB DDR4 RAM, 128 GB SSD + 1 TB HDD, 15.6"" FHD WideView Display, ASUS NanoEdge Bezel, Metal Cover, S510UA-DS71",,1052.99,11.99,https://www.newegg.com/asus-vivobook-s-s510ua-ds71-mainstream/p/N82E16834234873?Item=9SIAD6H6SH8133,//c1.neweggimages.com/NeweggImage/ProductImageCompressAll300/34-234-873-V01.jpg
8,N82E16834132005,Computer Systems,Laptops / Notebooks,5,SAMSUNG,"SAMSUNG Laptop NP900X5L-K02US Intel Core i7 6th Gen 6500U (2.50 GHz) 8 GB Memory 256 GB SSD Intel HD Graphics 15.0"" Windows 10 Home",,1241.00,0.0,https://www.newegg.com/iron-silver-samsung-np900x5l-k02us-mainstream/p/N82E16834132005?Item=9SIAKVHAGB2972,//c1.neweggimages.com/ProductImageCompressAll300/34-132-005-13.jpg
9,1TS-0016-004K4,Computer Systems,Laptops / Notebooks,5,MSI,"MSI GL62M 7REX-1896US 15.6"" Full HD Thin and Light Gaming Laptop Computer Quad Core i7-7700HQ, GeForce GTX 1050Ti 4G Graphics, 8GB DRAM, 128GB SSD + 1TB Hard Drive, Steelseries Red Backlit Keyboard",,1649.95,0.0,https://www.newegg.com/p/1TS-0016-004K4?Item=9SIA17P6Y00808,//c1.neweggimages.com/NeweggImage/ProductImageCompressAll300/A8X5_131524592976813356CvWMg1110W.jpg
10,N82E16834849660,Computer Systems,Laptops / Notebooks,5,DELL,"DELL Laptop Latitude 7490 (R5VYY) Intel Core i7 8th Gen 8650U (1.90 GHz) 16 GB Memory 256 GB SSD Intel HD Graphics 620 14.1"" Windows 10 Pro 64-bit English, French, Spanish",,1849.00,0.0,https://www.newegg.com/dell-latitude-7490-office-products/p/N82E16834849660?Item=9SIAD0X7KC3244,//c1.neweggimages.com/NeweggImage/ProductImageCompressAll300/34-849-660-V01.jpg
11,1TS-000D-026K8,Computer Systems,Laptops / Notebooks,5,HP,"HP ZBook 14u G4 14"" Touchscreen LCD Intel Core  i7 7th Gen i7-7500U Dual-core 2 Core 2.70GHz 256GB SSD 8GB DDR4 AMD FirePro W4190M with 2GB GDDR5 Windows 10 Pro Color Space Silver Mobile Workstation",,1512.99,0.0,https://www.newegg.com/hp-zbook-14u-g4-mobile-workstation/p/1TS-000D-026K8?Item=9SIA19PAG44816,//c1.neweggimages.com/ProductImageCompressAll300/A1K6_131561844105180278sP50xybMLm.jpg
12,N82E16834850631,Computer Systems,Laptops / Notebooks,5,Lenovo,"Lenovo ThinkPad T480 20L5000UUS 14"" LCD Notebook - Intel Core i7 (8th Gen) i7-8550U Quad-core (4 Core) 1.80 GHz - 8 GB DDR4 SDRAM - 256 GB SSD - Windows 10 Pro 64-bit - 1920 x 1080 - In-plane Switc...",,1987.99,0.0,https://www.newegg.com/p/N82E16834850631?Item=9SIA9UWA6X6732,//c1.neweggimages.com/ProductImageCompressAll300/34-850-631-V08.jpg
13,1TS-000X-010G0,Computer Systems,Laptops / Notebooks,5,Acer America,"Acer Predator Helios 300 Gaming Laptop PC, 15.6"" Full HD 144Hz 3ms IPS Display, Intel i7-9750H, GTX 1660 Ti 6GB, 16GB DDR4, 256GB PCIe NVMe SSD, Backlit Keyboard, PH315-52-78VL Notebook Computer",,1640.99,0.0,https://www.newegg.com/black-acer-predator-helios-300-gaming-entertainment/p/1TS-000X-010G0?Item=9SIA8X59FF2135,//c1.neweggimages.com/NeweggImage/ProductImageCompressAll300/A8X5_132054319668176585BGoTjBnY5x.jpg
14,N82E16834850620,Computer Systems,Laptops / Notebooks,5,Lenovo,"Lenovo ThinkPad T480s 20L70023US 14"" Touchscreen LCD Notebook - Intel Core i7 (8th Gen) i7-8550U Quad-core (4 Core) 1.80 GHz - 8 GB DDR4 SDRAM - 256 GB SSD - Windows 10 Pro 64-bit - 1920 x 1080 - I...",,1815.00,0.0,https://www.newegg.com/p/N82E16834850620?Item=9SIAKVHB3X5285,//c1.neweggimages.com/ProductImageCompressAll300/ACAY_1_20180226681886728.jpg
15,1TS-000D-04H26,Computer Systems,Laptops / Notebooks,5,HP,"HP EliteBook 840 G6 14"" Notebook - 1920 x 1080 - Core i7 i7-8665U - 8 GB RAM - 256 GB SSD",,1686.99,10.99,https://www.newegg.com/p/1TS-000D-04H26?Item=9SIAD6H9V55738,//c1.neweggimages.com/ProductImageCompressAll300/V08D_1_201907081378054939.jpg
16,N82E16834270501,Computer Systems,Laptops / Notebooks,5,HP,"HP Laptop EliteBook 840 G5 (5JR27UT#ABA) Intel Core i7 7th Gen 7500U (2.70 GHz) 8 GB Memory 256 GB SSD Intel HD Graphics 620 14.0"" Windows 10 Pro 64-Bit",,1645.99,10.99,https://www.newegg.com/hp-elitebook-840-g5-mainstream/p/N82E16834270501?Item=9SIAD6H81W0363,//c1.neweggimages.com/NeweggImage/ProductImageCompressAll300/A24G_1_20180922594405164.jpg
17,N82E16834269951,Computer Systems,Laptops / Notebooks,5,HP,"HP Laptop ZBook Studio G5 Intel Core i7 8750H (2.20 GHz) 8 GB Memory 256 GB SSD 15.6"" Windows 10 Pro",,1699.99,0.0,https://www.newegg.com/hp-zbook-studio-g5/p/N82E16834269951?Item=9SIA8TKB811297,//c1.neweggimages.com/NeweggImage/ProductImageCompressAll300/A24G_1_20180913576612436.jpg
18,1TS-000A-03E78,Computer Systems,Laptops / Notebooks,5,DELL,"Dell Gaming Laptop - 15"" FHD, 8th Gen Intel Core i7-8750H CPU, 16GB RAM, 256GB SSD+1TB HDD, NVIDIA GeForce GTX 1050TI, Windows 10 Home, Black - G3579-7989BLK-PUS Notebook PC Computer",,1199.11,0.0,https://www.newegg.com/p/1TS-000A-03E78?Item=9SIADDT8KE3711,//c1.neweggimages.com/NeweggImage/ProductImageCompressAll300/A8X5_1318005962311042772b2Vf7OOwI.jpg
19,1JW-000K-00593,Computer Systems,Laptops / Notebooks,5,Lenovo,"Lenovo Laptop Yoga 81C4000HUS Intel Core i7 8th Gen 8550U (1.80 GHz) 12 GB Memory 256 GB PCIe SSD Intel UHD Graphics 620 14"" Touchscreen Windows 10 Home 64-Bit",,1120.54,0.0,https://www.newegg.com/lenovo-yoga-81c4000hus-office-products/p/1JW-000K-00593?Item=9SIA17P8SA7512,//c1.neweggimages.com/ProductImageCompressAll300/1JW-000K-00593-S14.jpg
20,1TS-000E-09A31,Computer Systems,Laptops / Notebooks,5,Lenovo,"Lenovo Flex 6, 14-Inch IPS Touchscreen, 2-in-1 Laptop (Intel Core i7-8550U 1.8GHz, NVIDIA GeForce MX130 Graphics, 16GB DDR4 RAM, 256GB SSD), 81EM000DUS Tablet Notebook PC Computer",,1096.00,0.0,https://www.newegg.com/black-lenovo-flex-6-everyday-value/p/1TS-000E-09A31?Item=9SIAKVHA2F5522,//c1.neweggimages.com/ProductImageCompressAll300/A8X5_131767765705618230Bc6V0qrWd1.jpg
21,1TS-000E-05P66,Computer Systems,Laptops / Notebooks,5,Lenovo,"LENOVO YOGA 910-13IKB,13.9INCH (FHD) TOUCH ,CORE I7-7500U ,8GB ,256GB ,INTEL HD GRAPHIC",,1891.00,0.0,https://www.newegg.com/silver-lenovo-yoga-80vf002jus-everyday-value/p/1TS-000E-05P66?Item=9SIAKVHA2U8255,//c1.neweggimages.com/ProductImageCompressAll300/1TS-000E-05P66-S07.jpg
22,N82E16834318821,Computer Systems,Laptops / Notebooks,5,Lenovo,"ThinkPad T550 (20CK000DUS) Ultrabook Intel Core i7 5600U (2.60 GHz) 8 GB Memory 256 GB SSD Intel HD Graphics 5500 15.6"" FHD Windows 7 Pro 64-Bit downgrade rights in Windows 8.1 Pro 64-Bit",,1649.99,0.0,https://www.newegg.com/black-thinkpad-t-series-t550-mainstream/p/N82E16834318821?Item=9SIA8TK5RA9786,//c1.neweggimages.com/NeweggImage/ProductImageCompressAll300/34-318-821-08.jpg
23,N82E16834316443,Computer Systems,Laptops / Notebooks,5,Acer America,"Acer Laptop SF714-51T-M9H0 Intel Core i7 7Y75 (1.30 GHz) 8 GB Memory 256 GB SSD 14.0"" Touchscreen Windows 10 Home",,1129.99,0.0,https://www.newegg.com/black-acer-sf714-51t-m9h0/p/N82E16834316443?Item=9SIA8X5AZC1429,//c1.neweggimages.com/NeweggImage/ProductImageCompressAll300/34-316-443-V09.jpg
24,N82E16834844480,Computer Systems,Laptops / Notebooks,5,DELL,"DELL Laptop Latitude 5500 94RVX Intel Core i7 8th Gen 8665U (1.90 GHz) 8 GB Memory 256 GB SSD Intel UHD Graphics 620 15.6"" Windows 10 Pro 64-bit",,1735.62,0.0,https://www.newegg.com/dell-latitude-5500-94rvx-mainstream/p/N82E16834844480?Item=9SIA8H59PU4171,//c1.neweggimages.com/ProductImageCompressAll300/A24G_1_201905181998957435.jpg
25,N82E16834269958,Computer Systems,Laptops / Notebooks,5,HP,"HP Laptop ZBook Studio G5 Intel Core i7 8th Gen 8750H (2.20 GHz) 8 GB Memory 256 GB SSD 15.6"" Windows 10 Pro",,1534.00,0.0,https://www.newegg.com/hp-zbook-studio-g5/p/N82E16834269958?Item=9SIA25V7JU2947,//c1.neweggimages.com/NeweggImage/ProductImageCompressAll300/A24G_1_20180702543183593.jpg
26,1GS-00K9-00004,Computer Systems,Laptops / Notebooks,5,Lenovo,"Lenovo 20H9000TUS Thinkpad T570 20H9 - Core I7 7600U / 2.8 Ghz - Win 10 Pro 64-Bit - 8 Gb Ram - 256 Gb Ssd Tcg Opal Encryption 2, Nvme - 15.6 Inch Ips Touchscreen 1920 X 1080 (Full Hd) - Hd Graphics",,1599.99,0.0,https://www.newegg.com/p/1GS-00K9-00004?Item=9SIA8TKB806220,//c1.neweggimages.com/NeweggImage/ProductImageCompressAll300/A98C_1_20170505579884953.jpg
27,1TS-000A-01MY2,Computer Systems,Laptops / Notebooks,5,DELL,"DELL 14"" I7 7600U 16GB 256GB",,1999.11,0.0,https://www.newegg.com/dell-7000-tfj45/p/1TS-000A-01MY2?Item=9SIADDT6F77152,//c1.neweggimages.com/NeweggImage/ProductImageCompressAll300/AF0Y_1_201804061636132797.jpg
28,N82E16834850788,Computer Systems,Laptops / Notebooks,5,Lenovo,"Lenovo ThinkPad T480s 20L70025US 14"" LCD Notebook - Intel Core i7 (8th Gen) i7-8650U Quad-core (4 Core) 1.90 GHz - 8 GB DDR4 SDRAM - 256 GB SSD - Windows 10 Pro 64-bit (English) - 1920 x 1080 - In-...",,1544.99,20.99,https://www.newegg.com/p/N82E16834850788?Item=9SIAD6H71R8676,//c1.neweggimages.com/NeweggImage/ProductImageCompressAll300/34-850-788-V04.jpg
29,1TS-002F-00305,Computer Systems,Laptops / Notebooks,5,GIGABYTE,"GIGABYTE Aorus 5 Notebook, 15.6"" FHD Display, Intel Core i7-9750H Upto 4.5GHz, 8GB RAM, 256GB NVMe SSD, NVIDIA GeForce GTX 1650, HDMI, Card Reader, Wi-Fi, Bluetooth, Windows 10 Pro",Free Expedited Shipping,1229.99,0.0,https://www.newegg.com/charcoal-gray-gigabyte-aorus-5/p/1TS-002F-00305?Item=9SIAA0SAFY8727,//c1.neweggimages.com/ProductImageCompressAll300/AA0S_1_201910301596810649.jpg
30,,Computer Systems,Laptops / Notebooks,5,Lenovo,"Lenovo Legion Y7000P Notebook, 15.6"" FHD Display, Intel Core i7-8750H Upto 4.1GHz, 8GB RAM, 128GB NVMe SSD, NVIDIA GeForce GTX 1060, HDMI, Mini DisplayPort, Wi-Fi, Bluetooth, Windows 10 Home",Free Expedited Shipping,1676.99,0.0,https://www.newegg.com/steel-gray-lenovo-legion-y7000p/p/1TS-000E-0FD88?Item=9SIAEYAAKB4177,//c1.neweggimages.com/ProductImageCompressAll300/AEYA_1_20191118791585531.jpg
31,1TS-000E-0DF29,Computer Systems,Laptops / Notebooks,5,Lenovo,"Lenovo Legion Y530 Gaming Laptop, 15.6"" FHD Display, Intel 6-Core i7-8750H Upto 4.1GHz, 32GB RAM, 256GB SSD, GTX 1050 Ti 4GB, HDMI, MiniDP, Backlit Keys, Wi-Fi, Bluetooth, Windows 10 Pro",Free Expedited Shipping,1649.99,0.0,https://www.newegg.com/black-lenovo-legion-y530/p/1TS-000E-0DF29?Item=9SIAA0S97C2663,//c1.neweggimages.com/ProductImageCompressAll300/V08D_1_20190507555573695.jpg
32,1TS-000E-0DF69,Computer Systems,Laptops / Notebooks,5,Lenovo,"Lenovo Legion Y530 Gaming Laptop, 15.6"" FHD Display, Intel 6-Core i7-8750H Upto 4.1GHz, 8GB RAM, 256GB NVMe SSD + 1TB HDD, GTX 1050Ti 4GB, HDMI, MiniDP, Backlit Keys, Wi-Fi, Bluetooth, Windows 10 Home",Free Expedited Shipping,1099.99,0.0,https://www.newegg.com/black-lenovo-legion-y530/p/1TS-000E-0DF69?Item=9SIAEYA97C3251,//c1.neweggimages.com/ProductImageCompressAll300/A67Z_1_20190507170315253.jpg
33,1TS-002F-00330,Computer Systems,Laptops / Notebooks,5,GIGABYTE,"GIGABYTE Aorus 5 Notebook, 15.6"" FHD Display, Intel Core i7-9750H Upto 4.5GHz, 16GB RAM, 256GB NVMe SSD, NVIDIA GeForce GTX 1650, HDMI, Card Reader, Wi-Fi, Bluetooth, Windows 10 Home",Free Expedited Shipping,1249.99,0.0,https://www.newegg.com/charcoal-gray-gigabyte-aorus-5/p/1TS-002F-00330?Item=9SIAEYAAFY8896,//c1.neweggimages.com/ProductImageCompressAll300/AEYA_1_201910301593577583.jpg
34,1TS-000A-06YB6,Computer Systems,Laptops / Notebooks,5,DELL,"Dell Inspiron 3000 Notebook, 15.6"" HD Display, Intel Core i7-8565U Upto 4.6GHz, 32GB RAM, 128GB NVMe SSD + 1TB HDD, HDMI, Card Reader, Wi-Fi, Bluetooth, Windows 10 Home",Free Expedited Shipping,1129.99,0.0,https://www.newegg.com/black-textured-dell-inspiron-3000/p/1TS-000A-06YB6?Item=9SIAEYAAKC3366,//c1.neweggimages.com/ProductImageCompressAll300/AEYA_1_20191118572469209.jpg
35,1TS-000A-06H28,Computer Systems,Laptops / Notebooks,5,DELL,"Dell G7 Notebook, 15.6"" FHD Display, Intel Core i7-8750H Upto 4.1GHz, 8GB RAM, 256GB SSD, NVIDIA GeForce GTX 1060, HDMI, Thunderbolt, Card Reader, Wi-Fi, Bluetooth, Windows 10 Pro",Free Expedited Shipping,1069.99,0.0,https://www.newegg.com/black-dell-g7/p/1TS-000A-06H28?Item=9SIAA0SAD54132,//c1.neweggimages.com/ProductImageCompressAll300/AA0S_1_20191011761608629.jpg
