,item_number,general_category,product_category,page_number,brand,model_specifications,current_promotions,price,shipping,product_links,image_link
0,1TS-000E-09BC4,Computer Systems,Laptops / Notebooks,9,Lenovo,"2018 Lenovo ThinkPad T480s Windows 10 Pro Laptop - Intel Core i7-8650U, 24GB RAM, 256GB PCIe NVMe SSD, 14"" IPS FHD 1920x1080 Matte Display, Fingerprint Reader, 4G LTE WWAN, Black",,1924.99,0.0,https://www.newegg.com/p/1TS-000E-09BC4?Item=9SIA8TK7ZM6769,//c1.neweggimages.com/NeweggImage/ProductImageCompressAll300/V0E4_1_20190130807883272.jpg
1,1TS-000E-0FSJ9,Computer Systems,Laptops / Notebooks,9,Lenovo,"Lenovo ThinkPad Touch T570 Windows 10 Pro - i7-7600U, 16GB RAM, 256GB SSD, 15.6"" IPS FHD (1920x1080) Matte Touchscreen, Fingerprint Reader, Black Color",,1814.99,0.0,https://www.newegg.com/p/1TS-000E-0FSJ9?Item=9SIA8TKASX0696,//c1.neweggimages.com/ProductImageCompressAll300/A8TK_1_201801051728744162.jpg
2,1TS-000E-07FA4,Computer Systems,Laptops / Notebooks,9,Lenovo,"2017 Lenovo ThinkPad X1 Carbon 4G LTE (5th Gen) - Windows 7 Pro - Intel Core i7-7500U, 180GB SSD, 16GB RAM, 14"" WQHD IPS (2560x1440) Display, Fingerprint Reader, (Classic Black)",,1847.99,0.0,https://www.newegg.com/p/1TS-000E-07FA4?Item=9SIA8TK6M31409,//c1.neweggimages.com/NeweggImage/ProductImageCompressAll300/A8TK_1_20170915238001060.jpg
3,1TS-000E-0A2U6,Computer Systems,Laptops / Notebooks,9,Lenovo,"2018 Lenovo ThinkPad T480s Windows 10 Pro Laptop - i7-8550U, 8GB RAM, 256GB PCIe NVMe SSD, 14"" IPS WQHD (2560x1440) Matte Display, Fingerprint Reader, Smart Card Reader, 4G LTE WWAN, Black",,1759.99,0.0,https://www.newegg.com/p/1TS-000E-0A2U6?Item=9SIA8TK8A12271,//c1.neweggimages.com/NeweggImage/ProductImageCompressAll300/A8TK_1_20180727843708741.jpg
4,1TS-000E-0A2V2,Computer Systems,Laptops / Notebooks,9,Lenovo,"2018 Lenovo ThinkPad T480s Windows 10 Pro Laptop -  i7-8650U, 16GB RAM, 180GB SSD, 14"" IPS FHD 1920x1080 Touch Display w/ NVIDIA MX150 Graphics, Smart Card Reader, 4G LTE WWAN,  Black",,1924.99,0.0,https://www.newegg.com/p/1TS-000E-0A2V2?Item=9SIA8TK8A12277,//c1.neweggimages.com/NeweggImage/ProductImageCompressAll300/A8TK_1_20180727843708741.jpg
5,1TS-000E-07EV5,Computer Systems,Laptops / Notebooks,9,Lenovo,"2017 Lenovo ThinkPad X1 Carbon 4G LTE (5th Gen) - Windows 10 Pro - Intel Core i7-7500U, 180GB SSD, 16GB RAM, 14"" WQHD IPS (2560x1440) Display, Fingerprint Reader, (Classic Black)",,1847.99,0.0,https://www.newegg.com/p/1TS-000E-07EV5?Item=9SIA8TK6M31048,//c1.neweggimages.com/NeweggImage/ProductImageCompressAll300/A8TK_1_20170915238001060.jpg
6,1TS-000E-09B12,Computer Systems,Laptops / Notebooks,9,Lenovo,"2018 Lenovo ThinkPad T480s Windows 10 Pro Laptop - Intel Core i7-8650U, 16GB RAM, 256GB PCIe NVMe SSD, 14"" IPS FHD (1920x1080) Matte Display, Fingerprint Reader, Black Color",,1759.99,0.0,https://www.newegg.com/p/1TS-000E-09B12?Item=9SIA8TK7ZM6657,//c1.neweggimages.com/NeweggImage/ProductImageCompressAll300/V0E4_1_20190130807883272.jpg
7,1TS-000E-07EJ6,Computer Systems,Laptops / Notebooks,9,Lenovo,"2017 Lenovo ThinkPad X1 Carbon 4G LTE (5th Gen) - Windows 10 Pro - Modern Silver - Intel Core i7-7600U, 256GB NVMe-PCIe SSD, 8GB RAM, 14"" FHD IPS (1920x1080) Display, Fingerprint Reader",,1572.99,0.0,https://www.newegg.com/p/1TS-000E-07EJ6?Item=9SIA8TK6M30959,//c1.neweggimages.com/NeweggImage/ProductImageCompressAll300/A8TK_1_20170915900681419.jpg
8,1TS-000E-0FSV2,Computer Systems,Laptops / Notebooks,9,Lenovo,"Lenovo ThinkPad T570 Windows 10 Pro - i7-6600U, 32GB RAM, 256GB SSD, 15.6"" IPS FHD (1920x1080) Matte Display, Fingerprint Reader, Black Color",,1869.99,0.0,https://www.newegg.com/p/1TS-000E-0FSV2?Item=9SIA8TKASX0832,//c1.neweggimages.com/ProductImageCompressAll300/A8TK_1_201801051728744162.jpg
9,1TS-000D-022N1,Computer Systems,Laptops / Notebooks,9,HP,"HP 15-as120nr 15.6"" Touchscreen Envy Notebook - Intel Core i7-7500U 2 Core 2.70 GHz, 12 GB DDR4 SDRAM, 256 GB SSD, Windows 10 - Silver",,1028.25,0.0,https://www.newegg.com/p/1TS-000D-022N1?Item=9SIA1K66PX5155,//c1.neweggimages.com/NeweggImage/ProductImageCompressAll300/V009_1_201709271054513283.jpg
10,1TS-000E-06YX8,Computer Systems,Laptops / Notebooks,9,Lenovo,"Lenovo ThinkPad P51 Touch+Pen Workstation - Windows 7 Pro - Intel Quad-Core i7-7820HQ, 8GB RAM, 256GB SSD, 15.6"" FHD IPS 1920x1080 Touchscreen, NVIDIA Quadro M1200M 4GB GPU, Smart Card Reader",,1979.99,0.0,https://www.newegg.com/black-lenovo-p51-thinkpad-workstation/p/1TS-000E-06YX8?Item=9SIA8TK6DW4102,//c1.neweggimages.com/NeweggImage/ProductImageCompressAll300/A8TK_1_201709211877739314.jpg
11,1TS-000E-0A2G3,Computer Systems,Laptops / Notebooks,9,Lenovo,"2018 Lenovo ThinkPad T480s Windows 10 Pro Laptop -  i7-8650U, 8GB RAM, 256GB SSD, 14"" IPS FHD 1920x1080 Touch Display w/ NVIDIA MX150 Graphics, Smart Card Reader, 4G LTE WWAN,  Black",,1814.99,0.0,https://www.newegg.com/p/1TS-000E-0A2G3?Item=9SIA8TK8A12168,//c1.neweggimages.com/NeweggImage/ProductImageCompressAll300/A8TK_1_20180727843708741.jpg
12,1TS-000D-05E62,Computer Systems,Laptops / Notebooks,9,HP,"2019 HP Pavilion 15.6"" FHD IPS Touchscreen Business Laptop, Intel Quad Core i7-8550U upto 4.0GHz, 16GB RAM, 256GB SSD Boot + 500GB HDD, Backlit Keyboard, WiFi, HDMI, USB-C, Windows 10, Gold",,1012.99,0.0,https://www.newegg.com/gold-hp-pavilion-mainstream/p/1TS-000D-05E62?Item=9SIAKYF9VU4482,//c1.neweggimages.com/ProductImageCompressAll300/AK1E_1_201907281825676211.jpg
13,1TS-000E-0D384,Computer Systems,Laptops / Notebooks,9,Lenovo,"Lenovo Business 330S Laptop- Windows 10 Pro, Intel i7-8550U, 8GB RAM, 256GB PCIe NVMe SSD + 1TB HDD, 14"" FHD IPS (1920x1080) Display, Fast Charging",,1539.99,0.0,https://www.newegg.com/gray-lenovo-330s/p/1TS-000E-0D384?Item=9SIA8TK8UH5718,//c1.neweggimages.com/ProductImageCompressAll300/A8TK_1_20190304562021573.jpg
14,1TS-000E-0FSS7,Computer Systems,Laptops / Notebooks,9,Lenovo,"Lenovo ThinkPad T570 Windows 10 Pro - i7-6600U, 16GB RAM, 180GB SSD, 15.6"" IPS FHD (1920x1080) Matte Display, Fingerprint Reader, Black Color",,1704.99,0.0,https://www.newegg.com/p/1TS-000E-0FSS7?Item=9SIA8TKASX0807,//c1.neweggimages.com/ProductImageCompressAll300/A8TK_1_201801051728744162.jpg
15,1TS-000E-06VE2,Computer Systems,Laptops / Notebooks,9,Lenovo,"2017 Lenovo ThinkPad X1 Carbon (5th Gen) - Windows 7 Pro - Intel Core i7-7600U, 128GB SSD, 8GB RAM, 14"" WQHD IPS (2560x1440) Display, Fingerprint Reader, (Classic Black)",,1539.99,0.0,https://www.newegg.com/p/1TS-000E-06VE2?Item=9SIA8TK6D86257,//c1.neweggimages.com/NeweggImage/ProductImageCompressAll300/A8TK_1_20170915238001060.jpg
16,1TS-000E-07ZH2,Computer Systems,Laptops / Notebooks,9,Lenovo,"Lenovo ThinkPad T470s Windows 7 Pro LTE 4G Laptop - Intel Core i7-7600U, 12GB RAM, 256GB SSD, 14"" IPS WQHD (2560x1440) Matte Display, Fingerprint Reader, Smart Card Reader, Silver Color",,1704.99,0.0,https://www.newegg.com/p/1TS-000E-07ZH2?Item=9SIA8TK6X36651,//c1.neweggimages.com/NeweggImage/ProductImageCompressAll300/A8TK_1_201709071888383141.jpg
17,1TS-000E-0FST8,Computer Systems,Laptops / Notebooks,9,Lenovo,"Lenovo ThinkPad T570 Windows 10 Pro - i7-6600U, 32GB RAM, 128GB SSD, 15.6"" IPS FHD (1920x1080) Matte Display, Fingerprint Reader, Black Color",,1869.99,0.0,https://www.newegg.com/p/1TS-000E-0FST8?Item=9SIA8TKASX0818,//c1.neweggimages.com/ProductImageCompressAll300/A8TK_1_201801051728744162.jpg
18,1TS-000E-07TK5,Computer Systems,Laptops / Notebooks,9,Lenovo,"Lenovo ThinkPad T470s Windows 10 Pro Laptop - Intel Core i7-7500U, 24GB RAM, 256GB PCIe NVMe SSD, 14"" IPS WQHD (2560x1440) Matte Display, Fingerprint Reader, Smart Card Reader, Black Color",,1759.99,0.0,https://www.newegg.com/p/1TS-000E-07TK5?Item=9SIA8TK6UR1025,//c1.neweggimages.com/NeweggImage/ProductImageCompressAll300/A8TK_1_201709071196388703.jpg
19,1TS-000E-06ZJ0,Computer Systems,Laptops / Notebooks,9,Lenovo,"Lenovo ThinkPad P51 Touch+Pen Workstation - Windows 7 Pro, Intel Quad-Core i7-7700HQ, 8GB RAM, 256GB SSD + 1TB HDD, 15.6"" FHD IPS 1920x1080 Touchscreen, NVIDIA Quadro M1200M 4GB, Smart Card Reader",,1979.99,0.0,https://www.newegg.com/black-lenovo-p51-thinkpad-workstation/p/1TS-000E-06ZJ0?Item=9SIA8TK6DW4304,//c1.neweggimages.com/NeweggImage/ProductImageCompressAll300/A8TK_1_201709211877739314.jpg
20,1TS-000E-06U38,Computer Systems,Laptops / Notebooks,9,Lenovo,"Lenovo ThinkPad T470s Windows 10 Pro Laptop - Intel Core i7-7600U, 20GB RAM, 256GB PCIe NVMe SSD, 14"" IPS WQHD (2560x1440) Matte Display, Fingerprint Reader, Smart Card Reader, Silver Color",,1704.99,0.0,https://www.newegg.com/p/1TS-000E-06U38?Item=9SIA8TK6CV2648,//c1.neweggimages.com/NeweggImage/ProductImageCompressAll300/A8TK_1_201709071888383141.jpg
21,1TS-000E-0FSV5,Computer Systems,Laptops / Notebooks,9,Lenovo,"Lenovo ThinkPad T570 Windows 10 Pro - i7-6600U, 16GB RAM, 256GB PCIe NVMe SSD, 15.6"" IPS FHD (1920x1080) Matte Display, Fingerprint Reader, Black Color",,1704.99,0.0,https://www.newegg.com/p/1TS-000E-0FSV5?Item=9SIA8TKASX0835,//c1.neweggimages.com/ProductImageCompressAll300/A8TK_1_201801051728744162.jpg
22,1TS-000E-06UJ8,Computer Systems,Laptops / Notebooks,9,Lenovo,"Lenovo ThinkPad T470s Windows 7 Pro Laptop - Intel Core i7-7600U, 12GB RAM, 256GB SSD, 14"" IPS WQHD (2560x1440) Matte Display, Fingerprint Reader, Smart Card Reader, Silver Color",,1594.99,0.0,https://www.newegg.com/p/1TS-000E-06UJ8?Item=9SIA8TK6CV2798,//c1.neweggimages.com/NeweggImage/ProductImageCompressAll300/A8TK_1_201709071888383141.jpg
23,1TS-000E-09BP9,Computer Systems,Laptops / Notebooks,9,Lenovo,"2018 Lenovo ThinkPad T480s Windows 10 Pro Laptop - Intel Core i7-8650U, 24GB RAM, 256GB PCIe NVMe SSD, 14"" IPS FHD (1920x1080) Matte Display, Fingerprint Reader, Black Color",,1814.99,0.0,https://www.newegg.com/p/1TS-000E-09BP9?Item=9SIA8TK7ZM6874,//c1.neweggimages.com/NeweggImage/ProductImageCompressAll300/V0E4_1_20190130807883272.jpg
24,1TS-000E-0D400,Computer Systems,Laptops / Notebooks,9,Lenovo,"Lenovo Business 330S Laptop- Windows 10 Pro, Intel i7-8550U, 20GB RAM, 256GB PCIe NVMe SSD + 2TB HDD, 14"" FHD IPS (1920x1080) Display, Fast Charging",,1759.99,0.0,https://www.newegg.com/gray-lenovo-330s/p/1TS-000E-0D400?Item=9SIA8TK8UH6233,//c1.neweggimages.com/ProductImageCompressAll300/A8TK_1_20190304562021573.jpg
25,1TS-000E-0CMD2,Computer Systems,Laptops / Notebooks,9,Lenovo,"Lenovo Business 330S Laptop- Linux Mint 19 (Cinnamon), Intel i7-8550U, 8GB RAM, 256GB PCIe NVMe SSD + 500GB HDD, 15.6"" HD 1366x768 Display, Fast Charging",,1231.99,0.0,https://www.newegg.com/blue-lenovo-330s/p/1TS-000E-0CMD2?Item=9SIA8TK8MM1517,//c1.neweggimages.com/ProductImageCompressAll300/A8TK_1_20190111426895666.jpg
26,1TS-000E-0FSR2,Computer Systems,Laptops / Notebooks,9,Lenovo,"Lenovo ThinkPad T570 Windows 7 Pro - i7-6600U, 8GB RAM, 256GB SSD, 15.6"" IPS FHD (1920x1080) Matte Display, Fingerprint Reader, Black Color",,1649.99,0.0,https://www.newegg.com/p/1TS-000E-0FSR2?Item=9SIA8TKASX0792,//c1.neweggimages.com/ProductImageCompressAll300/A8TK_1_201801051728744162.jpg
27,1TS-000E-09XR5,Computer Systems,Laptops / Notebooks,9,Lenovo,"2018 Lenovo ThinkPad T480s Windows 10 Pro Laptop - i7-8550U, 24GB RAM, 256GB PCIe NVMe SSD, 14"" IPS WQHD (2560x1440) Matte Display, Fingerprint Reader, Smart Card Reader, Black",,1814.99,0.0,https://www.newegg.com/p/1TS-000E-09XR5?Item=9SIA8TK8A10637,//c1.neweggimages.com/NeweggImage/ProductImageCompressAll300/A8TK_1_20180727843708741.jpg
28,1TS-000E-07Z08,Computer Systems,Laptops / Notebooks,9,Lenovo,"Lenovo ThinkPad T470s Windows 10 Pro LTE 4G Laptop - Intel Core i7-7600U, 8GB RAM, 180GB SSD, 14"" IPS WQHD (2560x1440) Matte Display, Fingerprint Reader, Smart Card Reader, Silver Color",,1594.99,0.0,https://www.newegg.com/p/1TS-000E-07Z08?Item=9SIA8TK6X36487,//c1.neweggimages.com/NeweggImage/ProductImageCompressAll300/A8TK_1_201709071888383141.jpg
29,1TS-000E-09BD6,Computer Systems,Laptops / Notebooks,9,Lenovo,"2018 Lenovo ThinkPad T480s Windows 10 Pro Laptop - Intel Core i7-8650U, 24GB RAM, 180GB SSD, 14"" IPS FHD (1920x1080) Matte Display, Fingerprint Reader,  Black Color",,1814.99,0.0,https://www.newegg.com/p/1TS-000E-09BD6?Item=9SIA8TK7ZM6781,//c1.neweggimages.com/NeweggImage/ProductImageCompressAll300/V0E4_1_20190130807883272.jpg
30,1TS-000E-07FD2,Computer Systems,Laptops / Notebooks,9,Lenovo,"2017 Lenovo ThinkPad X1 Carbon 4G LTE (5th Gen) - Windows 7 Pro - Intel Core i7-7500U, 128GB SSD, 16GB RAM, 14"" FHD IPS (1920x1080) Display, Fingerprint Reader, (Classic Black)",,1704.99,0.0,https://www.newegg.com/p/1TS-000E-07FD2?Item=9SIA8TK6M31437,//c1.neweggimages.com/NeweggImage/ProductImageCompressAll300/A8TK_1_20170915238001060.jpg
31,1TS-000E-0A321,Computer Systems,Laptops / Notebooks,9,Lenovo,"2018 Lenovo ThinkPad T480s Windows 10 Pro Laptop - i7-8550U, 8GB RAM, 256GB SSD, 14"" IPS WQHD (2560x1440) Matte Display, Fingerprint Reader, Smart Card Reader, 4G LTE WWAN,  Black",,1759.99,0.0,https://www.newegg.com/p/1TS-000E-0A321?Item=9SIA8TK8A12346,//c1.neweggimages.com/NeweggImage/ProductImageCompressAll300/A8TK_1_20180727843708741.jpg
32,1TS-000E-06U85,Computer Systems,Laptops / Notebooks,9,Lenovo,"Lenovo ThinkPad T470s Windows 7 Pro Laptop - Intel Core i7-7600U, 12GB RAM, 128GB SSD, 14"" IPS WQHD (2560x1440) Matte Display, Fingerprint Reader, Smart Card Reader, Silver Color",,1539.99,0.0,https://www.newegg.com/p/1TS-000E-06U85?Item=9SIA8TK6CV2695,//c1.neweggimages.com/NeweggImage/ProductImageCompressAll300/A8TK_1_201709071888383141.jpg
33,1TS-000E-0FSJ6,Computer Systems,Laptops / Notebooks,9,Lenovo,"Lenovo ThinkPad Touch T570 Windows 10 Pro - i7-7600U, 8GB RAM, 256GB PCIe NVMe SSD, 15.6"" IPS FHD (1920x1080) Matte Touchscreen, Fingerprint Reader, Black Color",,1599.99,0.0,https://www.newegg.com/p/1TS-000E-0FSJ6?Item=9SIA8TKASX0693,//c1.neweggimages.com/ProductImageCompressAll300/A8TK_1_201801051728744162.jpg
34,1TS-000E-0D3S1,Computer Systems,Laptops / Notebooks,9,Lenovo,"Lenovo Business 330S Laptop- Windows 10 Home Premium, Intel i7-8550U, 12GB RAM, 256GB PCIe NVMe SSD + 2TB SSD, 14"" FHD IPS (1920x1080) Display, Fast Charging",,1704.99,0.0,https://www.newegg.com/gray-lenovo-330s/p/1TS-000E-0D3S1?Item=9SIA8TK8UH6061,//c1.neweggimages.com/ProductImageCompressAll300/A8TK_1_20190304562021573.jpg
35,1TS-000E-09B93,Computer Systems,Laptops / Notebooks,9,Lenovo,"2018 Lenovo ThinkPad T480s Windows 10 Pro Laptop - Intel Core i7-8650U, 12GB RAM, 256GB PCIe NVMe SSD, 14"" IPS FHD 1920x1080 Matte Display, Fingerprint Reader, 4G LTE WWAN, Black",,1814.99,0.0,https://www.newegg.com/p/1TS-000E-09B93?Item=9SIA8TK7ZM6738,//c1.neweggimages.com/NeweggImage/ProductImageCompressAll300/V0E4_1_20190130807883272.jpg
